id,name,published,outlet,title,authors,category,market,categoryorder,articleorder,url,description,text,image,error,sentiment,firstEyes,decision,reason,topic,relevance_score,irrelevance_score,category_score,category_margin,category_source,category_scores,market_evidence,input_sha256,duplicate_of
,,2026-09-29 12:07:11+00:00,Annandale Today,U.S. government buys large property on Rt. 50 - Annandale Today,"Annandale Today, www.facebook.com",Vaccines,,,,https://annandaletoday.com/u-s-government-buys-large-property-on-rt-50/,"The federal government has acquired a 43.6-acre complex on Route 50 in Falls Church from GBA Associates for $285 million, the Washington Business Journal reported on Sept. 25.
The property, at 7700 Arlington Blvd., serves as the headquarters of the Defense Health Agency, which provides healthcare to members of the military and their families and operates over 700 hospitals and clinics across the world.
The fee-simple acquisition was handled for the federal government by the Naval Facilities Engineering Systems Command.
The Defense Health Agency has occupied the property since 2011, after signing a 15-year, $370 million lease.
The campus has three office buildings with a total of 686,000 square feet and 2,000 parking spaces.","The federal government has acquired a 43.6-acre complex on Route 50 in Falls Church from GBA Associates for $285 million, the Washington Business Journal reported on Sept. 25.

The property, at 7700 Arlington Blvd., serves as the headquarters of the Defense Health Agency, which provides healthcare to members of the military and their families and operates over 700 hospitals and clinics across the world.

The fee-simple acquisition was handled for the federal government by the Naval Facilities Engineering Systems Command. The National Capital Planning Commission had no problems with the sale when it was previewed at the NCPS’s meeting in July, according to the WBJ.

The complex formerly housed the Raytheon Corp.

The Defense Health Agency has occupied the property since 2011, after signing a 15-year, $370 million lease. It was the largest lease signed in Northern Virginia in 2010, the WBJ reports. The deal was part of the Base Realignment and Closure process that forced the military’s healthcare providers to consolidate from 14 locations across the country.

The campus has three office buildings with a total of 686,000 square feet and 2,000 parking spaces.",https://annandaletoday.com/wp-content/uploads/2026/09/Screenshot-2026-09-28-220006.webp,N,0.0,2026-09-29 09:56:07.593731,review,uncertain_relevance;uncertain_category,Vaccines,0.6657450199127197,0.013979318551719189,0.39059507846832275,0.08934998512268066,zero_shot,"{""Vaccines"": 0.39059507846832275, ""News"": 0.3012450933456421, ""Contracting"": 0.22021642327308655, ""Commentary"": 0.19214238226413727, ""MSO/VSO"": 0.1336197853088379, ""Access to Care"": 0.12219782173633575, ""Pharmacy"": 0.10645907372236252, ""GLP-1"": 0.07847233861684799, ""Congress"": 0.07513435930013657, ""Dental"": 0.07465779036283493, ""Oversight"": 0.05711779743432999, ""T5"": 0.04643155261874199, ""Research"": 0.04578625410795212, ""ABA"": 0.04260769113898277, ""Other"": 0.024725353345274925, ""Open Season"": 0.024584254249930382, ""Shutdown"": 0.0071848430670797825}",not_used_in_historical_tricare_reports,c18c94d4430d0af91d760401a5c49513e1d8cb1f22ee16d1e8ca241ee1452b8a,
,,2026-09-29 11:32:03+00:00,DVIDS,TRICARE authorizes temporary prescription refill waivers for 2 West Virginia counties due to flooding,Not Available,Outbound,,2,1,https://www.dvidshub.net/news/575562/tricare-authorizes-temporary-prescription-refill-waivers-2-west-virginia-counties-due-flooding,"FALLS CHURCH, Virginia – The Defense Health Agency announced that TRICARE beneficiaries in two West Virginia counties may receive emergency prescription refills now through Oct. 4, due to flooding.
To receive an emergency refill of prescription medications, TRICARE beneficiaries should take their prescription bottle to any TRICARE retail network pharmacy.
To find a network pharmacy, beneficiaries may call Express Scripts at 1-877-363-1303, or search the https://militaryrx.express-scripts.com/find-pharmacy.
The Defense Health Agency provides health services to 9.5 million beneficiaries, including uniformed service members, military retirees, and their families.
Defense Health Agency | dha.mil/ Join the Defense Health Agency online community:","FALLS CHURCH, Virginia – The Defense Health Agency announced that TRICARE beneficiaries in two West Virginia counties may receive emergency prescription refills now through Oct. 4, due to flooding.

The counties affected are Boone and Lincoln.

To receive an emergency refill of prescription medications, TRICARE beneficiaries should take their prescription bottle to any TRICARE retail network pharmacy. If the bottle is unavailable or the label is damaged or missing, beneficiaries should contact Express Scripts, Inc., or their retail network pharmacy for assistance.

To find a network pharmacy, beneficiaries may call Express Scripts at 1-877-363-1303, or search the https://militaryrx.express-scripts.com/find-pharmacy.

If possible, visit the pharmacy where the prescription was filled. Prescriptions filled by a retail chain may be filled at another store in that chain. If the clinician who prescribed the medication is available, beneficiaries can ask them to call in a new prescription to any network pharmacy.

As a reminder, TRICARE beneficiaries, other than active duty service members, may receive urgent care from any TRICARE-authorized urgent care center or provider and do not need a referral. This allows beneficiaries to seek nonemergency care for illnesses or injuries if their primary care provider is unavailable because of emergencies. Any TRICARE beneficiary who reasonably believes they have an emergency should always call 911 or, go to the nearest emergency room.

Beneficiaries are advised to visit Express Scripts’ https://militaryrx.express-scripts.com/notices/weather/2026-sep-24/state-emergency-alert-flooding-west-virginia for updates.

The Defense Health Agency provides health services to 9.5 million beneficiaries, including uniformed service members, military retirees, and their families. The DHA operates one of the nation’s largest health plans, the TRICARE Health Plan, and manages a global network of more than 700 military hospitals, clinics, and dental facilities.

Defense Health Agency | dha.mil/ Join the Defense Health Agency online community:",https://d1ldvf68ux039x.cloudfront.net/thumbs/photos/2306/7855365/1000w_q95.jpg,N,0.0,2026-09-29 09:56:17.647877,include,passes_initial_rules,Pharmacy,0.8203718066215515,0.046956345438957214,0.9572184681892395,0.24793267250061035,source_domain_rule,"{""Pharmacy"": 0.9572184681892395, ""News"": 0.7092857956886292, ""Vaccines"": 0.7038867473602295, ""Access to Care"": 0.679679811000824, ""GLP-1"": 0.4249102771282196, ""Contracting"": 0.29729515314102173, ""Commentary"": 0.2829924523830414, ""Research"": 0.27765509486198425, ""Congress"": 0.253171443939209, ""MSO/VSO"": 0.23801548779010773, ""T5"": 0.17156632244586945, ""Oversight"": 0.14400455355644226, ""Other"": 0.12419617176055908, ""Open Season"": 0.09165529161691666, ""ABA"": 0.07930734753608704, ""Shutdown"": 0.05758072808384895, ""Dental"": 0.040811020880937576}",not_used_in_historical_tricare_reports,6d8e74659e76816b6df08f28c79662415ab0aa69943bab90e7daafc722688e9b,
,,2026-09-29 09:21:11+00:00,www.army.mil,"Defense Health Agency-Public Health experts highlight leadership, secure storage, and ...",Not Available,Vaccines,,,,https://www.army.mil/article-amp/295716/defense_health_agency_public_health_experts_highlight_leadership_secure_storage_and_resources_for_suicide_prevention,"Kirsten Anke, a public health nurse with Defense Health Agency-Public Health at Aberdeen Proving Ground, Maryland, said the military continues to use ...",Not Available,,N,0.0,2026-09-29 09:56:25.036368,review,uncertain_relevance;uncertain_category,Vaccines,0.5487169623374939,0.0001488973939558491,0.5417307615280151,0.27264541387557983,zero_shot,"{""Vaccines"": 0.5417307615280151, ""Commentary"": 0.2690853476524353, ""Other"": 0.2111254632472992, ""Research"": 0.21052686870098114, ""Contracting"": 0.07566089183092117, ""Pharmacy"": 0.05802149698138237, ""News"": 0.042681802064180374, ""Access to Care"": 0.03842173144221306, ""Oversight"": 0.03441249951720238, ""GLP-1"": 0.026537586003541946, ""ABA"": 0.023601196706295013, ""T5"": 0.021914083510637283, ""Dental"": 0.01243627443909645, ""MSO/VSO"": 0.011129594407975674, ""Open Season"": 0.006177076604217291, ""Congress"": 0.001847187872044742, ""Shutdown"": 0.0013378587318584323}",not_used_in_historical_tricare_reports,ab739104712ad50b76ba1551e785f1771e6c14627ccc8ae5e19695b1c9de6601,
,,2026-09-29 00:39:29+00:00,www.sec.gov,file: filename1.htm - SEC.gov,Not Available,ABA,,,,https://www.sec.gov/Archives/edgar/data/846475/000155837025009208/filename1.htm,"Recent Events - During the quarter ended March 31, 2025, the Company was notified that Tricare, one of our government payers, was temporarily ...","​

​

​

July 11, 2025

VIA EDGAR

Division of Corporation Finance

Office of Industrial Applications and Services

Securities and Exchange Commission

100 F Street, N.E.

Washington, D.C. 20549

Attn.:

Al Pavot

Terence O’Brien

Juan Grana

Katherine Bagley

Ladies and Gentlemen:

This letter is submitted by Zynex, Inc, a Nevada corporation (the “Company”), in response to comments received from the staff of the Division of Corporation Finance (the “Staff”) of the United States Securities and Exchange Commission in a letter dated July 2, 2025 (the “Comment Letter”) with respect to the Company’s Correspondence filed with the Commission on June 5, 2025.

For ease of reference, the Staff’s comments contained in the Comment Letter are reprinted below in bold, numbered to correspond with the paragraph number assigned in the Comment Letter, and is followed by the corresponding response of the Company.

Correspondence filed June 5, 2025Recent Events, page 7

Response: In response to the Staff’s comment, the Company proposes to revise the disclosure under Recent Events as shown below in the redline.

Recent Events - During the quarter ended March 31, 2025, the Company was notified that Tricare, one of our government payers, was temporarily suspending payments as they review prior claims. The suspension of Tricare payments is based on allegations of misrepresentation of supplies and equipment billed to the Tricare program; misrepresentation of diagnosis to justify a requirement for a TENS unit or lack of physician orders regarding the replenishment of supplies.

We held a meeting with Tricare in April 2025 and believe we presented good evidence to get payments reinstated. In June 2025, the Company was notified by Tricare that the temporary payment suspension will continue while they conduct further review. Tricare historically represented approximately 20-25% of our annual revenue and cash collections from Tricare were $48.8 million and $38.8 million during the years ended December 31, 2024 and 2023, respectively. As directed by Tricare, we continue to support both existing patients and new patients as we receive their prescriptions. We recognized revenue of approximately $2.2 million for the quarter ended March 31, 2025, related to Tricare which equaled the cash received from Tricare during the

period. All other fulfillments and related revenue during the first quarter have been fully reserved and we have no receivables related to Tricare as of March 31, 2025. We maintain a constraint for third-party payer refund requests but do not have a specific constraint related to prior Tricare payments as Tricare has not submitted a refund request.

Due to the temporary payment suspension and lack of clarity on the timing of a resolution, we restructured our staff to align with current revenue. During 2025 we decreased our overall staff by approximately 15%, which primarily affected employees in our corporate departments. This staff reduction along with other expense reductions made during the second half of 2024 and the first quarter of 2025 will result in savings of approximately $35 million annually.

If any additional information is required by the Staff or if you have any questions regarding the foregoing, please contact the undersigned or our counsel, Marcelle Balcombe at Sichenzia Ross Ference Carmel LLP at (212) 930-9700.

Thank you for your time and attention.

​",,N,0.0,2026-09-29 09:56:28.238414,review,uncertain_relevance;uncertain_category,ABA,0.4986089766025543,0.008866684511303902,0.7093266844749451,0.09194707870483398,zero_shot,"{""ABA"": 0.7093266844749451, ""Dental"": 0.6173796057701111, ""Pharmacy"": 0.5845968127250671, ""GLP-1"": 0.23840168118476868, ""T5"": 0.14561060070991516, ""News"": 0.10234815627336502, ""Oversight"": 0.07927257567644119, ""MSO/VSO"": 0.06525122374296188, ""Commentary"": 0.061644408851861954, ""Access to Care"": 0.05718827247619629, ""Contracting"": 0.05110924690961838, ""Shutdown"": 0.03922662138938904, ""Vaccines"": 0.034990597516298294, ""Research"": 0.027231190353631973, ""Other"": 0.011026534251868725, ""Congress"": 0.007519198581576347, ""Open Season"": 0.00562158040702343}",not_used_in_historical_tricare_reports,1e8f0b4da18fb2b0a9e06d16b181d27dd46f252a7d48e909fa7c4c6c358a59d3,
,,2026-09-28 23:04:02+00:00,DVIDS,Munson connects with retirees at Fort Leavenworth Retiree Appreciation Day [Image 2 of 5],Not Available,Outbound,,,,https://www.dvidshub.net/image/9971533/munson-connects-with-retirees-fort-leavenworth-retiree-appreciation-day,"TriWest Field Support Specialist Kathy Styhl provided a brief about TRICARE benefits during Fort Leavenworth Retiree Appreciation Day, on post at the Lewis and Clark Center, Sept. 26.
Munson Army Health Center provided a health fair during RAD that reflected Munson’s continued commitment to helping retirees and their families remain connected to the military health resources and benefits they have earned.","TriWest Field Support Specialist Kathy Styhl provided a brief about TRICARE benefits during Fort Leavenworth Retiree Appreciation Day, on post at the Lewis and Clark Center, Sept. 26. Munson Army Health Center provided a health fair during RAD that reflected Munson’s continued commitment to helping retirees and their families remain connected to the military health resources and benefits they have earned.",https://d1ldvf68ux039x.cloudfront.net/thumbs/photos/2609/9971533/1000w_q95.jpg,N,0.0,2026-09-29 09:56:32.272950,review,uncertain_relevance,Pharmacy,0.3370112478733063,0.003472354030236602,0.8407474160194397,0.10902643203735352,source_domain_rule,"{""Pharmacy"": 0.8407474160194397, ""Vaccines"": 0.7317209839820862, ""Dental"": 0.4188425540924072, ""News"": 0.3111703395843506, ""GLP-1"": 0.3088590204715729, ""ABA"": 0.2800677418708801, ""Open Season"": 0.1581113338470459, ""Commentary"": 0.1535986363887787, ""Contracting"": 0.10014200955629349, ""Research"": 0.08365020155906677, ""Oversight"": 0.0549660287797451, ""Access to Care"": 0.054957423359155655, ""T5"": 0.04350933060050011, ""MSO/VSO"": 0.021578092128038406, ""Congress"": 0.006282998248934746, ""Other"": 0.005956877022981644, ""Shutdown"": 0.0017888586735352874}",not_used_in_historical_tricare_reports,bae77738d09fe06585a4e2e54a774d5ee224f37f82a43ab8a22a4d9f1efa64db,
,,2026-09-29 13:17:42+00:00,"Accounts Receivable Insurance Specialist-Must have experience with VA/Tricare HB/PB billing in Champaign, Illinois | Carle Health",Accounts Receivable Insurance Specialist-Must have experience with VA/Tricare HB/PB billing,Not Available,Pharmacy,,,,https://careers.carlehealth.org/jobs/22615?lang=en-us,"Cookies are used on this site to assist in continually improving the candidate experience and all the interaction data we store of our visitors is anonymous.
Learn more about your rights on our Privacy Policy page.",Cookies are used on this site to assist in continually improving the candidate experience and all the interaction data we store of our visitors is anonymous. Learn more about your rights on our Privacy Policy page.,https://cms.jibecdn.com/prod/carle/assets/OPENGRAPH-IMAGE-en-us-1731693604369.png,N,0.0,2026-09-29 10:56:06.707581,review,uncertain_relevance;uncertain_category,Pharmacy,0.14903755486011505,0.009300561621785164,0.4031635522842407,0.2420182079076767,zero_shot,"{""Pharmacy"": 0.4031635522842407, ""Commentary"": 0.16114534437656403, ""Access to Care"": 0.08852953463792801, ""Open Season"": 0.05206294730305672, ""T5"": 0.04700837284326553, ""MSO/VSO"": 0.040189530700445175, ""Oversight"": 0.037967268377542496, ""GLP-1"": 0.0347617082297802, ""Contracting"": 0.03087274357676506, ""News"": 0.028182638809084892, ""Shutdown"": 0.01941833086311817, ""ABA"": 0.015267759561538696, ""Research"": 0.006445869337767363, ""Congress"": 0.004989221692085266, ""Other"": 0.00458268029615283, ""Dental"": 0.004487629514187574, ""Vaccines"": 0.002781297778710723}",not_used_in_historical_tricare_reports,c08f0699a8e54389279e365bda71a46e87c3ea1eb22a109f99299e8d61828da8,
,,2026-09-29 11:45:49+00:00,www.polskieradio.pl,tricare covered weight loss drugs - Polskie Radio,Not Available,Pharmacy,,,,https://www.polskieradio.pl/health-library/en-BE/tricare-covered-weight-loss-drugs,"Tricare coverage for weight loss medications is not universal and depends on several factors, including the specific drug, the beneficiary's health ...",Not Available,,N,0.0,2026-09-29 10:56:15.567748,review,uncertain_relevance;uncertain_category,Pharmacy,0.30565759539604187,0.0008299024775624275,0.5446252226829529,0.02947080135345459,zero_shot,"{""Pharmacy"": 0.5446252226829529, ""GLP-1"": 0.5151544213294983, ""Commentary"": 0.10730870813131332, ""News"": 0.048699621111154556, ""Open Season"": 0.020517580211162567, ""Research"": 0.0200584065169096, ""MSO/VSO"": 0.016635624691843987, ""Other"": 0.004708037246018648, ""Contracting"": 0.0036823556292802095, ""Access to Care"": 0.00293405051343143, ""Congress"": 0.0024417468812316656, ""Vaccines"": 0.0022717569954693317, ""Oversight"": 0.0022196918725967407, ""T5"": 0.002026230562478304, ""ABA"": 0.001265436876565218, ""Dental"": 0.0008592746453359723, ""Shutdown"": 0.0006913764518685639}",not_used_in_historical_tricare_reports,edf4d87cb74c8a7557e9fc5d9a2b3f82e60699ca98c0feb8ba44737777de6b67,
,,2026-09-29 15:51:24+00:00,www.beckersasc.com,Texas clinic owner convicted in $26M Tricare fraud scheme - Becker's ASC,,ABA,,,,https://www.beckersasc.com/asc-coding-billing-and-collections/texas-clinic-owner-convicted-in-26m-tricare-fraud-scheme/,"A federal jury in Fort Worth convicted Texas licensed professional counselor Kevin Curry in a $26 million healthcare fraud, kickbacks and money ...",Not Available,,Y,0.0,2026-09-29 11:56:13.512970,review,uncertain_relevance;conflicting_relevance_scores,ABA,0.03291972726583481,0.0005100189009681344,0.7959502935409546,0.29294681549072266,zero_shot,"{""ABA"": 0.7959502935409546, ""Pharmacy"": 0.5030034780502319, ""Dental"": 0.3826346695423126, ""Vaccines"": 0.06683331727981567, ""GLP-1"": 0.03290361166000366, ""Oversight"": 0.027510419487953186, ""Open Season"": 0.015580314211547375, ""Contracting"": 0.013600408099591732, ""T5"": 0.013299969956278801, ""MSO/VSO"": 0.013166392222046852, ""Research"": 0.00787286926060915, ""Commentary"": 0.007836490869522095, ""Access to Care"": 0.006317719351500273, ""Other"": 0.006266549229621887, ""Congress"": 0.004017983563244343, ""News"": 0.003057935507968068, ""Shutdown"": 0.0005815107724629343}",not_used_in_historical_tricare_reports,ac1eb49503dcd888226facc392b07281181304aa249467783e85408c46c5b8f3,
,,2026-09-29 14:37:09+00:00,Remote Rocketship,Accounts Receivable Specialist – VA/Tricare HB/PB Billing - Remote Rocketship,Not Available,Commentary,,1,1,https://www.remoterocketship.com/us/company/carle-org/jobs/accounts-receivable-specialist-va-tricare-hb-pb-billing-illinois-remote/,"🔥 1 minute ago 📋 Description • Manage accounts receivable according to compliance, regulatory, billing, and payer guidelines • Collect outstanding receivables through payer portals and phone lines • Validate coverage and resolve charge review edits, claim edits, clearinghouse rejections, and payer rejections • Submit accurate electronic and paper insurance claims • Submit non-complex reconsiderations and appeals • Monitor, research, and resolve unpaid, rejected, denied, and allowance-discrepancy claims • Perform account follow-up and collections • Document collection activities in the billing system • Resolve denied and rejected invoices and prepare payer corrections and appeals • Use clinical applications, payer websites, and other systems to retrieve documentation, eligibility information, billing guidelines, referrals, and authorizations • Apply undistributed payments to open balances • Review and resolve correspondence • Request adjustments and respond to patients, insurers, public agencies, internal departments, and third-party payers • Resolve insurance setup errors and billing edits • Evaluate credit/balance accounts, issue refunds, and initiate payer recoupments • Prepare appeals, adjusted and corrected bills, accounts receivable adjustments, and refunds • Answer department calls through a rotation line and direct callers appropriately • Collaborate with Billing, Coding, Cash Posting, and other departments • Perform other duties as assigned 🎯 Requirements • High School Diploma or GED • Experience with VA/Tricare HB/PB billing • Strong written and oral communication skills • High standard of confidentiality • Ability to handle a large volume of work • Ability to multitask • Ability to manage confidential information in a HIPAA-compliant way • Strong problem-solving and critical thinking skills • Ability to take initiative, accept direction, and seek guidance appropriately 🏖️ Benefits • Comprehensive benefits package • Equal Opportunity Employer • E-Verify participation Apply Now","🔥 1 minute ago

📋 Description

• Manage accounts receivable according to compliance, regulatory, billing, and payer guidelines • Collect outstanding receivables through payer portals and phone lines • Validate coverage and resolve charge review edits, claim edits, clearinghouse rejections, and payer rejections • Submit accurate electronic and paper insurance claims • Submit non-complex reconsiderations and appeals • Monitor, research, and resolve unpaid, rejected, denied, and allowance-discrepancy claims • Perform account follow-up and collections • Document collection activities in the billing system • Resolve denied and rejected invoices and prepare payer corrections and appeals • Use clinical applications, payer websites, and other systems to retrieve documentation, eligibility information, billing guidelines, referrals, and authorizations • Apply undistributed payments to open balances • Review and resolve correspondence • Request adjustments and respond to patients, insurers, public agencies, internal departments, and third-party payers • Resolve insurance setup errors and billing edits • Evaluate credit/balance accounts, issue refunds, and initiate payer recoupments • Prepare appeals, adjusted and corrected bills, accounts receivable adjustments, and refunds • Answer department calls through a rotation line and direct callers appropriately • Collaborate with Billing, Coding, Cash Posting, and other departments • Perform other duties as assigned

🎯 Requirements

• High School Diploma or GED • Experience with VA/Tricare HB/PB billing • Strong written and oral communication skills • High standard of confidentiality • Ability to handle a large volume of work • Ability to multitask • Ability to manage confidential information in a HIPAA-compliant way • Strong problem-solving and critical thinking skills • Ability to take initiative, accept direction, and seek guidance appropriately

🏖️ Benefits

• Comprehensive benefits package • Equal Opportunity Employer • E-Verify participation

Apply Now",https://www.remoterocketship.com/remoterocketship.jpg,N,0.0,2026-09-29 11:56:16.100724,include,passes_initial_rules,Commentary,0.8602967858314514,0.1782381534576416,0.6014543175697327,0.12155196070671082,zero_shot,"{""Commentary"": 0.6014543175697327, ""News"": 0.47990235686302185, ""Pharmacy"": 0.4349512755870819, ""ABA"": 0.41625338792800903, ""Dental"": 0.39252111315727234, ""GLP-1"": 0.3414127230644226, ""Access to Care"": 0.305105060338974, ""T5"": 0.3044329285621643, ""Oversight"": 0.28027254343032837, ""Shutdown"": 0.24475836753845215, ""Vaccines"": 0.24177175760269165, ""MSO/VSO"": 0.23826652765274048, ""Contracting"": 0.14744387567043304, ""Research"": 0.12386617064476013, ""Open Season"": 0.12100385129451752, ""Congress"": 0.11553239077329636, ""Other"": 0.06880687922239304}",not_used_in_historical_tricare_reports,5a22b5420e32382d222224013d94723bf5fe7670a55edde5a4c3ef928b9332e6,
,,2026-09-29 12:40:24+00:00,orangeslices.ai,Tryfacta awarded $32M in DHA tasks supporting military treatment facilities,Not Available,Contracting,,,,https://orangeslices.ai/tryfacta-awarded-32m-in-dha-tasks-supporting-military-treatment-facilities/,"Between September 21–28, Tryfacta, Inc. was awarded five new task orders from the Defense Health Agency, for $31,976,167.04 — supporting military treatment facilities including Columbus Air Force Base (MS), Langley Air Force Base (VA), Dwight D. Eisenhower Army Medical Center (GA), and David Grant USAF Medical Center at Travis AFB (CA).
Wins like this don’t happen because of one person — they happen because of Tryfacta, Inc. proposal team, a business development team, a delivery team, and a compliance team that show up consistently, task order after task order.
Grateful for this team, and for Defense Health Agency‘s continued trust in Tryfacta, Inc. to support our service members and their families.","Between September 21–28, Tryfacta, Inc. was awarded five new task orders from the Defense Health Agency, for $31,976,167.04 — supporting military treatment facilities including Columbus Air Force Base (MS), Langley Air Force Base (VA), Dwight D. Eisenhower Army Medical Center (GA), and David Grant USAF Medical Center at Travis AFB (CA).

Wins like this don’t happen because of one person — they happen because of Tryfacta, Inc. proposal team, a business development team, a delivery team, and a compliance team that show up consistently, task order after task order. Grateful for this team, and for Defense Health Agency‘s continued trust in Tryfacta, Inc. to support our service members and their families.",https://news-cdn.orangeslices.ai/wp-content/uploads/2024/01/22001915/cropped-OS-icon-48x48.png,N,0.0,2026-09-29 11:56:19.257785,review,uncertain_relevance,Contracting,0.6944077014923096,0.007013670634478331,0.8636872172355652,0.3516889214515686,zero_shot,"{""Contracting"": 0.8636872172355652, ""Vaccines"": 0.5119982957839966, ""News"": 0.4596276879310608, ""Pharmacy"": 0.1602562665939331, ""Commentary"": 0.158736914396286, ""Research"": 0.11107826232910156, ""Oversight"": 0.1014779657125473, ""Access to Care"": 0.06022580340504646, ""MSO/VSO"": 0.055480848997831345, ""ABA"": 0.04620660841464996, ""Dental"": 0.03716207295656204, ""GLP-1"": 0.026843814179301262, ""Congress"": 0.02219364233314991, ""T5"": 0.014678768813610077, ""Open Season"": 0.008288589306175709, ""Shutdown"": 0.006728192791342735, ""Other"": 0.006322233937680721}",not_used_in_historical_tricare_reports,a4836476e8702d00882ff7e307525335aed4e0796ed92af0970efb35082d8499,
,,2026-09-29 02:10:01+00:00,www.polskieradio.pl,tricare weight loss drugs Canada Guide · 6.1.5 - Polskie Radio,Not Available,GLP-1,,,,https://www.polskieradio.pl/health-guide/tricare-weight-loss-drugs,"Tricare is the ... This approach helps ensure safe, effective, and affordable use of weight loss medications within the military health system.",Not Available,,N,0.0,2026-09-29 11:56:27.574598,review,uncertain_relevance;uncertain_category,GLP-1,0.20501425862312317,9.152555139735341e-05,0.5786550641059875,0.0889420211315155,zero_shot,"{""GLP-1"": 0.5786550641059875, ""Pharmacy"": 0.48971304297447205, ""Research"": 0.17566753923892975, ""News"": 0.07749851793050766, ""Commentary"": 0.06401948630809784, ""Open Season"": 0.023708481341600418, ""Contracting"": 0.0088339326903224, ""Other"": 0.0033844676800072193, ""MSO/VSO"": 0.002686241874471307, ""Oversight"": 0.0023925136774778366, ""Vaccines"": 0.0023047816939651966, ""T5"": 0.0013672125060111284, ""ABA"": 0.0008876549545675516, ""Congress"": 0.0006607594550587237, ""Access to Care"": 0.0004593878984451294, ""Shutdown"": 0.00036181104951538146, ""Dental"": 0.00013408817176241428}",not_used_in_historical_tricare_reports,43bfcf7fbc75d0e9f3828c88beb0db8a4de2e1b1cd471a6b9897f0fe99527f85,
,,2026-09-29 15:56:18+00:00,www.dailywire.com,"How Bad Is Fraud? 8 Scammers, Including An Illegal Alien, Billed Taxpayers $1 Billion Each",Luke Rosiak,Commentary,,,,https://www.dailywire.com/news/how-bad-is-fraud-8-scammers-including-an-illegal-alien-billed-taxpayers-1-billion-each,"Medicaid and Medicare billing are a world where Russian mobsters can simply submit bills for $10 billion in urinary catheters, and $1 billion will be paid out.
Half of the billion was paid out before he was convicted in May.
The claims were submitted to Medicare, the military’s TRICARE, and CHAMPVA, a program for the family members of disabled veterans.
They bought $1 million in cars, including a Ferrari 488 Spider convertible, along with a $6 million mansion and $10,000 gold cigarette lighter.
The feds paid $200 million, which they laundered through foreign corporations to purchase yachts and luxury real estate.","Who Wants To Be A Billionaire? Just bill Medicaid and Medicare.

Luke Rosiak•Sep 29, 2026

Your browser does not support the audio element.

Bernie Sanders may believe billionaires shouldn’t exist, but the government healthcare programs he wants to expand are so easy to defraud that even unsophisticated criminals are joining the three-comma club.

Medicaid and Medicare billing are a world where Russian mobsters can simply submit bills for $10 billion in urinary catheters, and $1 billion will be paid out. That’s led to the rise of a new phenomenon: the billion-dollar government fraudster, according to a new report on “the new robber barons” from Sen. Joni Ernst (R-Iowa), who chairs the Senate DOGE Caucus.

They include an illegal immigrant who billed Medicare $1.3 billion in six months (he’s still at large), a Filipina nurse who billed $906 million to Medicare and the military’s health plan (she’s free on bail in the United States as she awaits trial), and a Phoenix socialite couple who billed $1.2 billion by performing unneeded treatments on people in hospice (they were wearing $30,000 watches when they were arrested).

Kansas man Brett Blackman posed outside his mansion wearing a gold dollar-sign necklace after billing the government more than $1 billion for orthotic braces and other unnecessary equipment for old people, using foreign call centers and fake doctors’ notes. Half of the billion was paid out before he was convicted in May. Prosecutors said Blackman owned DMERx, an “internet-based platform that generated false and fraudulent doctors’ orders for durable medical equipment (DME) and prescriptions for other items. As part of the scheme, Blackman and his co-conspirators connected pharmacies, DME suppliers, and marketers with telemedicine companies that would accept illegal kickbacks and bribes in exchange for signed doctors’ orders.”

Phoenix socialite Alexandra Gehrke and her husband “DJ Jeffrey” King submitted $1.2 billion in claims for “expensive, medically unnecessary” wound grafts for people in hospice. The claims were submitted to Medicare, the military’s TRICARE, and CHAMPVA, a program for the family members of disabled veterans. They bought $1 million in cars, including a Ferrari 488 Spider convertible, along with a $6 million mansion and $10,000 gold cigarette lighter. They were wearing $30,000 watches when they were arrested at an airport in 2024.

A nurse from the Philippines, Marizel Yukee, did the same, billing up to $1 million per patient for wound treatments for people on their deathbeds. She was charged with billing $906 million to Medicare and TRICARE. She planned a $5 million beach resort in the Philippines and bought an $865,000 Bulgari necklace. Some wounds were allowed to be infected, while in other cases, surgeries were performed on wounds that had already healed. She was indicted in Houston in June and allowed to remain in her home while awaiting trial.

Brian Rowan also allegedly got in on the “wound care” grift, scheming to defraud government healthcare programs of $1.2 billion, often by giving people dying in hospice care unnecessary skin treatments. $614 million was paid out over three years before he was charged in June.

Illegal alien Erekle Gugava submitted at least $1.3 billion in fraudulent claims to Medicare in just five months, and laundered $7 million to the Russian mob before fleeing the country. He billed for nonexistent services by stealing the identities of elderly Americans. The scheme was flagged thanks to people who reported receiving government benefits reports showing equipment and doctors visits that they had never heard of. Gugava is still at large.

Another gang of Russian mobsters absconded with almost $1 billion after submitting more than $10 billion in invoices to Medicare for urinary catheters, using the stolen identities of doctors and senior citizens.

Ibrahim Khaldoon Hilmi led a gang of foreigners who submitted $3.7 billion in fake claims for orthotic braces, glucose monitors, and wound dressings. They successfully obtained $5.7 million, and Hilmi fled to Turkey, where he was arrested.

Herbert Leon Kimble used foreign call centers to pester elderly and disabled Americans into accepting $1.2 billion in “free or low-cost” back, shoulder, wrist, or knee braces that they didn’t need, and which were billed to Medicare. The feds paid $200 million, which they laundered through foreign corporations to purchase yachts and luxury real estate. Kimble was captured in the Philippines in June.

A CNBC story quoted a former Medicare fraudster in Florida saying “It’s just so easy. It’s unbelievable.” It said Medicare spends $901 billion a year and Medicaid spends $734 billion, yet the Department of Health and Human Services Inspector General has only 450 agents looking for fraud. At least $100 billion a year, and probably much more, is stolen, experts said.

Ernst said the inability of government healthcare programs to stop paying scam, fly-by-night companies hundreds of millions of dollars shows how the “Medicare for All” pushed by Democratic Socialists would turn out.

“Washington is literally making these scammers instant billionaires off the backs of the working class. Yet, you never hear socialists ranting about this unfair redistribution of wealth,” she said. “When the socialists demand ‘Medicare for All,’ apparently they really mean it, even if that includes Russian mobsters.”

She said the eye-popping totals highlight the need to pass her Protecting American Taxpayers Act, which would require payments to be made as reimbursements after a service is already completed, bar people convicted of defrauding the government from receiving future assistance, and pay bonuses to government auditors who find fraud.

Create a free account to join the conversation!

Already have an account?

Log in

Got a tip worth investigating?

Your information could be the missing piece to an important story. Submit your tip today and make a difference.

Submit Tip",https://dw-wp-production.imgix.net/2026/09/billions.png?ar=16%3A9&auto=compress&crop=faces&cs=origin&fit=crop&w=1200&h=800&ixlib=react-9.11.0,N,0.0,2026-09-29 12:56:06.180023,review,uncertain_relevance;uncertain_category,Commentary,0.13168278336524963,0.016990140080451965,0.6160181760787964,0.043894171714782715,zero_shot,"{""Commentary"": 0.6160181760787964, ""Pharmacy"": 0.5721240043640137, ""Access to Care"": 0.5003417730331421, ""Vaccines"": 0.4490152895450592, ""Open Season"": 0.28028807044029236, ""GLP-1"": 0.2718477249145508, ""MSO/VSO"": 0.2569407820701599, ""T5"": 0.2477913647890091, ""Contracting"": 0.20101802051067352, ""Oversight"": 0.18070058524608612, ""Congress"": 0.146198570728302, ""Shutdown"": 0.12547966837882996, ""Dental"": 0.11976021528244019, ""News"": 0.11242572218179703, ""ABA"": 0.10671324282884598, ""Other"": 0.03864447399973869, ""Research"": 0.0038659069687128067}",not_used_in_historical_tricare_reports,48f74857c0d209fdfad657bf44d099951455bf40d9d7093a154df99f826dcccc,
,,2026-09-29 15:08:41+00:00,www.healthecareers.com,"Physician (Internal Medicine) at Defense Health Agency – Jobs in San Antonio, Texas",Health eCareers,Vaccines,,,,https://www.healthecareers.com/job/physician-internal-medicine/13638633,"Overview Physician (Internal Medicine) Joint Base San Antonio Time to invest in some new footwear because if you're San Antonio-bound, you'd better show up in boots!
SeaWorld, the San Antonio Zoo, Six Flags Fiesta Texas, and downtown museums are all fun outings for kids and families.
San Antonio has over 300 days of sunshine with some hot summers, mild winters and pleasant spring and fall seasons.
San Antonio is in Bexar County (it's pronounced ""BEAR"") in south central Texas, and is just south of the gorgeous Hill Country.
Responsibilities POSITION DUTIES: Works under the supervision of the Chief, Internal Medicine Service, who discusses policies and objectives.","Overview

Physician (Internal Medicine) Joint Base San Antonio

Time to invest in some new footwear because if you're San Antonio-bound, you'd better show up in boots! The Alamo City is one of the military's most envied postings and is often referred to as ""Military City USA"". Low cost of living, affordable homes, and the lack of state tax on retirement income are a few financial perks to living and retiring in this Texas city. A robust job market that seems partial to government and defense/security contracting ensures employment opportunities for spouses or transitioning service members. San Antonio is the country's seventh fastest growing city yet has somehow managed to retain a ""small town feel."" Quality schools and friendly locals (most with military ties) are additional perks to living in San Antonio.

Some things you should know before you get here: trucks are the norm (the bigger, the better), love for The Spurs (NBA) runs deep, the H-E-B obsession is real (it's a grocery store), rodeos are life, and don't call it ""San Antone""-that's just wrong. The community boasts a vibrant Hispanic population, and enhances everything from the food, to the music, to community events. You don't necessarily need to speak Spanish to get around, but you'd better know how to say barbacoa, tamales, and cascarones.

Name brand shopping (IKEA is the latest arrival of note), restaurants, and all variety of entertainment all add to San Antonio's quality of life. SeaWorld, the San Antonio Zoo, Six Flags Fiesta Texas, and downtown museums are all fun outings for kids and families. Tube or kayak down a river, play or fish in the lakes, or relax by San Antonio's famous downtown River Walk. Museums, art galleries, and historical landmarks-remember The Alamo?-round out San Antonio's cultural offerings. Tex-mex cuisine arguably originated here, and some up and coming culinary trendsetters are making a name for themselves in the Pearl District downtown, alongside several notable breweries.

San Antonio has over 300 days of sunshine with some hot summers, mild winters and pleasant spring and fall seasons. San Antonio is in Bexar County (it's pronounced ""BEAR"") in south central Texas, and is just south of the gorgeous Hill Country. It's only about two hours from Austin, the beach, or the desert.

Working for the Department of Defense comes with an abundance of benefits and perks to include competitive compensation packages, paid-time off, medical benefits, student loan repayments, and retirement package with Thrift Savings Plan to include matching employer contributions.

Responsibilities

POSITION DUTIES:

Works under the supervision of the Chief, Internal Medicine Service, who discusses policies and objectives. The incumbent exercises independent judgment in the medical treatment and management of patients and Internal Medicine Clinic (IMC) with the full range of conditions encountered in primary care, and in providing assistance and supervision to house staff. Effectiveness of service rendered to patients and in supervision of housestaff will be monitored through results obtained from peer review, continual quality improvement, chart reviews, and patient complaints and compliments.

MAJOR DUTIES

1. Serves as the primary care physician for adult patients who have both acute and chronic illnesses and conditions covering internal medicine. Daily work involves management of complicated medical problems such congestive heart failure, valvular heart disease, hypertension, peptic ulcer disease, thyroid disorders, diabetes, arthritic conditions etc. Examines patients, takes histories, performs physical examinations, orders laboratory tests, makes definitive diagnoses and prescribes treatment to meet needs of patients, and refers as appropriate to specialty/subspecialty care. Follows full care of all patients and insures return from consultant. Admits patients to the hospital when appropriate. Monitors and manages care for patients as they move through the system to ensure cost effective care.

Notifies patients of abnormal reports. Performs outpatient procedures to include graded exercise tests.

Serves as an inpatient general medicine ward attending physician. Must be available for telephonic or personal consultation for inpatient care when on call.

Responsible for consultative preoperative and perioperative recommendations to the surgical specialties in BAMC, as well as teaching consultative medicine to the housestaff assigned to his/her rotation. Responsibilities include night and weekend call when assigned to the consult service. Serve as an inpatient and outpatient consultant for the Internal Medicine Consult Service.

Participates in the teaching activities of both residents and interns. Directs the input into continual quality improvement of the Internal Medicine Training Program.

2. Attends Department or Hospital board or committee meetings. Participates in the clinic Utilization Management and Quality Assurance processes. Attends Continuing Medical Education (CME) Courses and maintains specialty specific CME sufficient to satisfy the requirement of applicable licensing agencies and the Joint Commission on the Accreditation of Healthcare Organizations.

Performs other duties as assigned.

Qualifications

Basic Requirements:

US Citizenship required

Board Certified/Eligible

Doctor of Medicine or Doctor of Osteopathy from a school in the United States or Canada approved by a recognized accrediting body in the year of the applicants graduation. [A Doctor of Medicine or equivalent degree from a foreign medical school that provided education and medical knowledge substantially equivalent to accredited schools in the United States may be demonstrated by permanent certification by the Educational Commission for Foreign Medical Graduates (ECFMG) (or a fifth pathway certificate for Americans who completed premedical education in the United States and graduate education in a foreign country).",https://media.healthecareers.com/wp-content/uploads/2022/02/11232427/dha_logo.png,N,0.0,2026-09-29 12:56:10.105197,review,uncertain_relevance;uncertain_category,Vaccines,0.30652981996536255,0.04217279702425003,0.2393738478422165,0.0353333055973053,zero_shot,"{""Vaccines"": 0.2393738478422165, ""Commentary"": 0.2040405422449112, ""News"": 0.19949069619178772, ""Contracting"": 0.08297841995954514, ""GLP-1"": 0.07186035066843033, ""T5"": 0.054126184433698654, ""Research"": 0.045176129788160324, ""Oversight"": 0.03763941302895546, ""Access to Care"": 0.03574483469128609, ""Pharmacy"": 0.028320400044322014, ""MSO/VSO"": 0.026513203978538513, ""Congress"": 0.018587162718176842, ""Open Season"": 0.01742693781852722, ""Other"": 0.011111432686448097, ""Dental"": 0.009065588936209679, ""ABA"": 0.0078121996484696865, ""Shutdown"": 0.005543513223528862}",not_used_in_historical_tricare_reports,4c9adcc9632b854166f93193cf13dd279ba8e46d14497fa88f1c7047329b23e7,
,,2026-09-29 13:53:03+00:00,newsroom.tricare.mil,Search family OR clinic OR kingsville - Page 33 - TRICARE Newsroom,Not Available,Outbound,,,,https://newsroom.tricare.mil/News/TRICARE-News?Search=family+OR+clinic+OR+kingsville&Page=33,"... TRICARE Prime or TRICARE Select health plan outside of TRICARE Open Season. ... Defense Health Agency, a component of the Military Health System.",Not Available,,N,0.0,2026-09-29 12:56:16.686214,review,uncertain_relevance,Open Season,0.5809996724128723,0.0008192239911295474,0.7795032858848572,0.31535604596138,source_domain_rule,"{""Open Season"": 0.7795032858848572, ""Pharmacy"": 0.4641472399234772, ""Vaccines"": 0.39414310455322266, ""News"": 0.3295356333255768, ""Access to Care"": 0.2123405486345291, ""Dental"": 0.20588786900043488, ""Contracting"": 0.14851036667823792, ""Other"": 0.0860786959528923, ""GLP-1"": 0.06521857529878616, ""Commentary"": 0.062192972749471664, ""Research"": 0.04427808150649071, ""MSO/VSO"": 0.03967595472931862, ""T5"": 0.02916341833770275, ""Oversight"": 0.026849297806620598, ""ABA"": 0.02143135853111744, ""Congress"": 0.007923158816993237, ""Shutdown"": 0.0022624721750617027}",not_used_in_historical_tricare_reports,88275604449dbec02d159ccf0f689a1515bcab11d3258ddc71d111aeeca9eb26,
,,2026-09-29 11:02:46+00:00,www.polskieradio.pl,tricare weight loss drug coverage - Polskie Radio,Not Available,Pharmacy,,,,https://www.polskieradio.pl/health-guide/tricare-weight-loss-drug-coverage,"Learn how Tricare covers weight loss drugs, including eligibility, covered medications, and important considerations for beneficiaries seeking ...",Not Available,,N,0.0,2026-09-29 12:56:24.351011,review,uncertain_relevance;uncertain_category,Pharmacy,0.5128024220466614,0.0002611246018204838,0.847480833530426,0.03402054309844971,zero_shot,"{""Pharmacy"": 0.847480833530426, ""GLP-1"": 0.8134602904319763, ""Open Season"": 0.08608441054821014, ""News"": 0.025420263409614563, ""Commentary"": 0.023475999012589455, ""Other"": 0.0043783835135400295, ""Research"": 0.002503401366993785, ""MSO/VSO"": 0.0013074652524664998, ""Vaccines"": 0.0011645435588434339, ""ABA"": 0.0007877094321884215, ""Contracting"": 0.000654320465400815, ""Congress"": 0.0005905217840336263, ""T5"": 0.0005867370637133718, ""Oversight"": 0.0004204338474664837, ""Shutdown"": 0.00038434844464063644, ""Access to Care"": 0.0003460965817794204, ""Dental"": 0.00029295909916982055}",not_used_in_historical_tricare_reports,37ab48d3cf2975ee1109aac67be3e5db6c34c6887c0f19a7b2445ebd14fd742c,
,,2026-09-29 17:13:11+00:00,The Washington Times,"Texas counselor convicted in $26M fraud, kickback scheme - Washington Times","The Washington Times AI News Desk, www.washingtontimes.com",ABA,,,,https://www.washingtontimes.com/news/2026/sep/29/texas-counselor-convicted-26m-fraud-kickback-scheme/,"A federal jury in Fort Worth convicted a Texas-licensed professional counselor of orchestrating a $26 million scheme involving fraud, kickbacks and money laundering tied to the military’s TRICARE health insurance program, the Justice Department announced.
Curry falsely presented himself as a medical doctor and used physicians’ credentials without their knowledge or consent to submit claims.
To conceal the scheme, he directed employees to fabricate medical records that were submitted to TRICARE, prosecutors said.
Assistant Attorney General Colin M. McDonald of the department’s National Fraud Enforcement Division said Curry exploited a health care program serving active-duty servicemembers and their families.
Assistant U.S. Attorney Ethan Womble and Justice Department trial attorneys Adam Tisdall and Yael Mash are prosecuting the case.","A federal jury in Fort Worth convicted a Texas-licensed professional counselor of orchestrating a $26 million scheme involving fraud, kickbacks and money laundering tied to the military’s TRICARE health insurance program, the Justice Department announced.

Kevin D. Curry, 64, of Frisco, was found guilty of three counts of health care fraud, three counts of offering and paying illegal health care kickbacks, and three counts of engaging in monetary transactions in criminally derived property. He faces a maximum of 10 years in prison on each count. The department did not announce a sentencing date. A federal judge will determine his sentence after considering the U.S. Sentencing Guidelines and other statutory factors.

According to court documents and evidence presented at trial, Curry owned and operated two purported mental health clinics in Texas, Acuity TMS of Plano and Acuity TMS of Fort Worth, and one in Florida, Emerald Coast TMS of Fort Walton Beach. The operation billed TRICARE for transcranial magnetic stimulation therapy that was medically unnecessary or never provided, prosecutors said.

Curry paid more than $5.5 million in kickbacks to persuade active-duty servicemembers, veterans and their relatives to consent to treatment for which they did not qualify and, in many cases, did not receive, according to the department. Curry falsely presented himself as a medical doctor and used physicians’ credentials without their knowledge or consent to submit claims. To conceal the scheme, he directed employees to fabricate medical records that were submitted to TRICARE, prosecutors said.

The clinics billed TRICARE more than $26 million in false, fraudulent and kickback-tainted claims, and the program paid approximately $17 million, according to the department. Curry laundered some of the proceeds by spending them on hotels, a casino-themed party and a gold-plated Tesla Cybertruck worth more than $100,000.

Assistant Attorney General Colin M. McDonald of the department’s National Fraud Enforcement Division said Curry exploited a health care program serving active-duty servicemembers and their families. The department “will continue to aggressively pursue anyone who abuses federal programs for personal gain,” he said.

U.S. Attorney Ryan Raybould of the Northern District of Texas said Curry “shamelessly preyed on the trust of servicemembers, veterans, and their families.”

The Defense Criminal Investigative Service, the FBI, the Texas Attorney General’s Medicaid Fraud Control Unit and the Department of Veterans Affairs Office of Inspector General investigated. Assistant U.S. Attorney Ethan Womble and Justice Department trial attorneys Adam Tisdall and Yael Mash are prosecuting the case.",https://twt-thumbs.washtimes.com/media/image/2017/12/13/12132017_beltway-gavel-18201_c0-0-1000-583_s1200x700.jpg?dc4b0b391b4b3f8e45ac6a9820b080411cef8307,N,0.0,2026-09-29 13:56:11.639523,review,uncertain_relevance;uncertain_category,ABA,0.3613264262676239,0.043475743383169174,0.2947819232940674,0.1305825412273407,zero_shot,"{""ABA"": 0.2947819232940674, ""News"": 0.16419938206672668, ""Access to Care"": 0.14245712757110596, ""Contracting"": 0.1392802596092224, ""Open Season"": 0.12096747756004333, ""GLP-1"": 0.11588142067193985, ""Pharmacy"": 0.10378774255514145, ""T5"": 0.09298332035541534, ""Commentary"": 0.0668887197971344, ""Oversight"": 0.06484681367874146, ""Congress"": 0.06466125696897507, ""Vaccines"": 0.060555871576070786, ""MSO/VSO"": 0.027282174676656723, ""Shutdown"": 0.027142619714140892, ""Other"": 0.021628689020872116, ""Research"": 0.011888653971254826, ""Dental"": 0.0036339331418275833}",not_used_in_historical_tricare_reports,7fefb79c785de1033c25d92ee0f4d8774d01ab7b1fdd5fae72a1b0043378e9ee,
,,2026-09-29 17:53:34+00:00,Instagram,Have you ever had a question about your TRICARE benefit that left you confused or ... - Instagram,Not Available,Pharmacy,,,,https://www.instagram.com/p/Dd4S0dzl27y/,"militaryhealth Verified 1h Have you ever had a question about your TRICARE benefit that left you confused or frustrated?
There are patient advocates, beneficiary counselors and resources that can help you with your questions or concerns.
Visit the TRICARE webpage to learn more about customer service resources available through your TRICARE benefit.
#TipTuesday #MilitaryHealth","militaryhealth

Verified

1h

Have you ever had a question about your TRICARE benefit that left you confused or frustrated?

There are patient advocates, beneficiary counselors and resources that can help you with your questions or concerns.

Visit the TRICARE webpage to learn more about customer service resources available through your TRICARE benefit.

#TipTuesday #MilitaryHealth",https://scontent-iad3-1.cdninstagram.com/v/t51.82787-15/825320568_18475626490119680_508774652313964160_n.jpg?stp=c209.0.629.628a_dst-jpg_e35_s640x640_tt6&_nc_cat=108&ccb=7-5&_nc_sid=18de74&efg=eyJlZmdfdGFnIjoiRkVFRC5iZXN0X2ltYWdlX3VybGdlbi5DMyJ9&_nc_ohc=HNS0Kta-kwoQ7kNvwFg1qv9&_nc_oc=AdpGjon74x-C0CdBYOpEtMA-1LM-kD5U-x6fPvZivPrVvTWLEiFc9ET582DppH_qr7Q&_nc_zt=23&_nc_ht=scontent-iad3-1.cdninstagram.com&_nc_gid=ZtWMlyNkk6wBZnfpnZYYnw&_nc_ss=7b689&oh=00_AQNS-EK-33aKpbFoI6U6zTIA85LzQAdehQuK02cK51Rbyg&oe=6AC1EA45,N,0.0,2026-09-29 14:56:09.154057,review,uncertain_relevance;uncertain_category,Pharmacy,0.5837029814720154,0.005038062576204538,0.6193757057189941,0.09007591009140015,zero_shot,"{""Pharmacy"": 0.6193757057189941, ""News"": 0.529299795627594, ""Vaccines"": 0.4356690049171448, ""Commentary"": 0.3879181444644928, ""Access to Care"": 0.209596186876297, ""Contracting"": 0.13674668967723846, ""MSO/VSO"": 0.12050283700227737, ""ABA"": 0.09079735726118088, ""Oversight"": 0.07634945958852768, ""Open Season"": 0.06321409344673157, ""GLP-1"": 0.06041589751839638, ""Research"": 0.05395913124084473, ""T5"": 0.04286286607384682, ""Dental"": 0.03588505834341049, ""Congress"": 0.019975347444415092, ""Other"": 0.006585644092410803, ""Shutdown"": 0.0062067508697509766}",not_used_in_historical_tricare_reports,7a34a9db901148027c7f3b8e55673d711c89827d957458445e56177d61181d01,
,,2026-09-29 16:19:44+00:00,YouTube,Texas man defrauds Tricare for $26 MILLION DOLLARS #news #fraud #crime #military - YouTube,Not Available,Pharmacy,,,,https://m.youtube.com/shorts/rG4XcYaXKs8,"Enjoy the videos and music you love, upload original content, and share it all with friends, family, and the world on YouTube.",Not Available,https://i.ytimg.com/vi/rG4XcYaXKs8/oardefault.jpg?sqp=-oaymwEoCJUDENAFSFqQAgHyq4qpAxcIARUAAIhC2AEB4gEKCBgQAhgGOAFAAQ==&rs=AOn4CLDq2UM_2YSRD2iIHboa-TxjqucWug&usqp=CCk,N,0.0,2026-09-29 14:56:13.188560,review,uncertain_relevance;conflicting_relevance_scores;uncertain_category,Pharmacy,0.001849793130531907,5.152597077540122e-05,0.2981864809989929,0.0794077068567276,zero_shot,"{""Pharmacy"": 0.2981864809989929, ""Dental"": 0.21877877414226532, ""ABA"": 0.007550315000116825, ""Contracting"": 0.004626954905688763, ""Vaccines"": 0.0040153032168745995, ""T5"": 0.002949455985799432, ""Access to Care"": 0.0029080489184707403, ""Open Season"": 0.0020334660075604916, ""MSO/VSO"": 0.0014300611801445484, ""Congress"": 0.0011416437337175012, ""News"": 0.0010974962497130036, ""Shutdown"": 0.0007084336830303073, ""Oversight"": 0.00038629150367341936, ""Commentary"": 0.00033205689396709204, ""Other"": 0.0003050245577469468, ""GLP-1"": 0.0003013056411873549, ""Research"": 0.00013500609202310443}",not_used_in_historical_tricare_reports,c782b00b914b03a96febaa64784a5372b2cc96ad3eb5cd03499fed132b0680a6,
,,2026-09-29 16:46:20+00:00,Pediatric Dental Partners,TRICARE Pediatric Dentist Near Barksdale AFB | Bossier City,Not Available,Dental,,,,https://pediatricdentalpartners.com/military-families-tricare-pediatric-dentist/,"We're in-network with the TRICARE Dental Program, with offices in Bossier City and Shreveport about 15 minutes from Barksdale AFB.
Pediatric Dental Partners is in-network with the TRICARE Dental Program (TDP), administered by United Concordia, so your family gets specialist pediatric care without the guesswork.
Bossier City office: 4001 Viking Dr., Suite A, Bossier City, LA 71111.
We accept the TRICARE Dental Program (TDP), the voluntary dental plan for military families.
Bring your child's previous dental records if you have them, along with your TRICARE Dental Program information.","In-Network With the TRICARE Dental Program

Military life moves fast. Your child's dental care shouldn't have to start over every time you PCS. We're in-network with the TRICARE Dental Program, with offices in Bossier City and Shreveport about 15 minutes from Barksdale AFB.

Bossier City Office

Address

4001 Viking Drive, Suite A

Bossier City, LA 71111

Phone

(318) 747-7020

Office Hours

Monday: 8:00 AM – 5:00 PM

Tuesday: 8:00 AM – 5:00 PM

Wednesday: 7:00 AM – 12:00 PM

Thursday: 8:00 AM – 5:00 PM

Friday: 8:00 AM – 12:00 PM*

Saturday: Closed

Sunday: Closed

(*Offices rotate Fridays every two weeks)

Shreveport Office

Address

318 Carroll Street

Shreveport, LA 71105

Phone

(318) 865-2250

Office Hours

Monday: 8:00 AM – 5:00 PM

Tuesday: 8:00 AM – 5:00 PM

Wednesday: 7:00 AM – 12:00 PM

Thursday: 8:00 AM – 5:00 PM

Friday: 8:00 AM – 12:00 PM*

Saturday: Closed

Sunday: Closed

(*Offices rotate Fridays every two weeks)

An In-Network TRICARE Dentist for Kids and Teens

If you've searched ""TRICARE dentist near me"" after arriving at Barksdale, you already know how hard it can be to find a kids' dentist that takes your plan. Pediatric Dental Partners is in-network with the TRICARE Dental Program (TDP), administered by United Concordia, so your family gets specialist pediatric care without the guesswork. Our five board-certified pediatric dentists have cared for ArkLaTex kids for 50 years.

In-network with the TRICARE Dental Program at both offices

Our front desk verifies your benefits before the visit, so there are no surprises

We also accept Medicaid and most major insurance plans

Flexible payment plans for anything your plan doesn't cover

Not sure what your plan covers? Call Bossier City at (318) 747-7020 or Shreveport at (318) 865-2250 with your sponsor's information and we'll check for you.

About 15 Minutes From Barksdale AFB

Both of our offices are about 6 miles, or roughly a 15-minute drive, from Barksdale Air Force Base. That's close enough to fit a checkup between school pickup and the end of a duty day. Same doctors, same care, so pick whichever office is closer to home, school, or work.

Bossier City pediatric dentist office: 4001 Viking Dr., Suite A, (318) 747-7020

Shreveport pediatric dentist office: 318 Carroll St., (318) 865-2250

Also convenient for families in Haughton, Princeton, and Benton

Dental Exams & Cleanings

Every six months, we check for cavities, gum issues, and growth milestones, and a professional cleaning removes the plaque and tartar brushing can't. New to Barksdale? We'll review your child's records from your last duty station and pick up where their last dentist left off.

Mouthguards

Custom-fit mouthguards for young athletes, plus options for kids who grind their teeth at night (bruxism). Because ER visits are nobody's idea of a fun Friday night.

Fillings

When cavities happen (they happen!), we remove the decay and restore the tooth with durable, tooth-colored composite.

Dental Crowns

For teeth too damaged for a filling, we offer both silver and natural-looking pediatric white crowns at both locations.

Extractions

Always a last resort — but when a tooth is beyond saving or causing crowding, we make the process as gentle as possible.

Hospital Dentistry

For extensive treatment or children who need it, we provide care in a hospital setting under general anesthesia, with safety protocols at every step.

Built Around Military Family Life

Records for every PCS move.

New to Barksdale? Bring your child's dental records or tell us where you were stationed. Moving again? We'll send their records to your next dentist.

Visits that fit a deployment schedule.

When one parent is deployed, every appointment counts. Book online any time, get reminders, and use our early Wednesday appointments starting at 7:00 AM.

We go at your child's pace.

Moving means new schools, new friends, and new doctors. Our team slows down, explains every step in kid-friendly words, and never rushes a nervous child.

Getting here from Barksdale AFB

Both offices are about 6 miles, or roughly 15 minutes, from Barksdale Air Force Base.

Bossier City office: 4001 Viking Dr., Suite A, Bossier City, LA 71111. Call (318) 747-7020.

Shreveport office: 318 Carroll St., Shreveport, LA 71105. Call (318) 865-2250.

Start with our First Pediatric Dentist Visit guide, fill out Patient Forms ahead of time, or go straight to Schedule Appointment.

Frequently Asked Questions

Yes. We're in-network with the TRICARE Dental Program (TDP), administered by United Concordia, at both our Bossier City and Shreveport offices. Call us and we'll verify your child's benefits before the appointment.

We accept the TRICARE Dental Program (TDP), the voluntary dental plan for military families. TRICARE Prime and Select are medical plans and don't cover routine dental care for family members. Call us and we'll help you sort out what your family has.

Both offices are about 6 miles, or roughly 15 minutes, from Barksdale AFB: 4001 Viking Dr., Suite A in Bossier City and 318 Carroll St. in Shreveport.

Call Bossier City at (318) 747-7020, Shreveport at (318) 865-2250, or schedule online. Bring your child's previous dental records if you have them, along with your TRICARE Dental Program information.

Yes. Let us know your move date and we'll send your child's records to their next dentist.

Call the office right away. We offer same-week and urgent appointments whenever possible. See our pediatric dental emergencies page for what to do in the meantime.",https://pediatricdentalpartners.com/wp-content/uploads/2021/04/AdobeStock_342302621.jpeg,N,0.0,2026-09-29 15:56:06.198681,review,uncertain_relevance,Dental,0.5543799996376038,0.0736381933093071,0.9980838894844055,0.32579392194747925,zero_shot,"{""Dental"": 0.9980838894844055, ""Access to Care"": 0.6722899675369263, ""Commentary"": 0.5642247796058655, ""News"": 0.3812698423862457, ""Vaccines"": 0.14249934256076813, ""Contracting"": 0.14213019609451294, ""GLP-1"": 0.0788959339261055, ""Research"": 0.07555250078439713, ""Pharmacy"": 0.0576310008764267, ""Congress"": 0.04406098276376724, ""MSO/VSO"": 0.040130045264959335, ""Oversight"": 0.03775206580758095, ""Shutdown"": 0.03602993115782738, ""Open Season"": 0.030074521899223328, ""ABA"": 0.022882234305143356, ""Other"": 0.01728377863764763, ""T5"": 0.016930699348449707}",not_used_in_historical_tricare_reports,53171006bd5f4d307a5545bc6460a7afa8858e9c7645ea9096e65520920709dd,
,,2026-09-29 11:53:02+00:00,www.polskieradio.pl,weight loss drugs covered by tricare - Polskie Radio,Not Available,GLP-1,,,,https://www.polskieradio.pl/medical-guides/en-SE/weight-loss-drugs-covered-by-tricare,"However, inclusion of these drugs on the TRICARE formulary and their coverage is subject to change based on updates from the Military Health System ...",Not Available,,N,0.0,2026-09-29 15:56:16.422075,review,uncertain_relevance;uncertain_category,GLP-1,0.24234813451766968,0.00010746687621576712,0.8076261281967163,0.019701838493347168,zero_shot,"{""GLP-1"": 0.8076261281967163, ""Pharmacy"": 0.7879242897033691, ""Commentary"": 0.18957383930683136, ""News"": 0.05896313115954399, ""Other"": 0.03820395469665527, ""Contracting"": 0.018919235095381737, ""Research"": 0.012480109930038452, ""MSO/VSO"": 0.011273957788944244, ""Open Season"": 0.009065750986337662, ""Oversight"": 0.004421019461005926, ""Vaccines"": 0.0021919335704296827, ""T5"": 0.0017561063868924975, ""Congress"": 0.0015892843948677182, ""Access to Care"": 0.001007441314868629, ""ABA"": 0.0008454924682155252, ""Shutdown"": 0.0007840323960408568, ""Dental"": 0.0002626295026857406}",not_used_in_historical_tricare_reports,7ff176819c2a6aecb23aeb7a98b165df0f4c16a2149928f478d5cb2ff81f0c86,
,,2026-09-29 19:38:15+00:00,www.ernst.senate.gov,Ernst Investigation Reveals Fraudsters Becoming Billionaires by Bilking Taxpayers,Not Available,Pharmacy,,,,https://www.ernst.senate.gov/news/press-releases/ernst-investigation-reveals-fraudsters-becoming-billionaires-by-bilking-taxpayers,"Senator Joni Ernst (R-Iowa) released her latest investigation revealing how fraudsters are becoming billionaires by bilking taxpayers.
Alexandra Gehrke and Jeffrey King allegedly submitted approximately $1.2 billion in fraudulent claims for unnecessary wound grafts to Medicare, TRICARE, and CHAMPVA.
Marizel Yukee allegedly submitted approximately $1 billion in fraudulent health care claims to Medicare and TRICARE through a scheme involving bribes and kickbacks.
Erekle Gugava allegedly submitted at least $1.3 billion in fraudulent claims to Medicare and other health insurers in a six-month period.
“When the socialists demand, ‘Medicare for All,’ apparently, they really mean it, even if that includes Russian mobsters and the FBI’s most wanted fraudsters,” said Ernst.","WASHINGTON – Today, U.S. Senator Joni Ernst (R-Iowa) released her latest investigation revealing how fraudsters are becoming billionaires by bilking taxpayers.

Ernst highlights ten scammers who collectively billed government programs for over $21 billion. More than $3.1 billion of those bogus charges were paid. The crooks spent the loot on million-dollar mansions, luxury vehicles, extravagant jewelry, and a beachside resort. They also laundered millions of dollars overseas to China and the Russian mob.

“Klepto-currency is creating a new class of billionaire bandits,” said Ernst. “While Iowans are juggling rising health care costs, these criminals are building empires by stealing from government health care programs and using the proceeds to bankroll mansions, luxury cars, and lavish lifestyles. Fraudsters are literally putting the con in convertible. For too long, Washington focused on taxing the money earned by hard working Americans while giving it away without even checking to see who is taking it. Enough is enough. Let’s put these scammers in the slammer!”

Among the cases Ernst is highlighting:

Brett Blackman allegedly used foreign call centers and fraudulent doctors’ orders to exploit senior citizens and submit approximately $1 billion in bogus claims for orthotic braces and other unnecessary medical equipment. More than $450 million in claims were allegedly paid. Blackman also reportedly flaunted his fraud-financed wealth, including a gold necklace in the shape of a dollar sign, in a music video filmed at his mansion.

Alexandra Gehrke and Jeffrey King allegedly submitted approximately $1.2 billion in fraudulent claims for unnecessary wound grafts to Medicare, TRICARE, and CHAMPVA. Approximately $615 million was allegedly paid, with proceeds used to purchase four luxury vehicles, real estate, and jewelry.

Marizel Yukee allegedly submitted approximately $1 billion in fraudulent health care claims to Medicare and TRICARE through a scheme involving bribes and kickbacks. Reports indicate that $297 million was paid out, with proceeds reportedly spent on expensive cars, jewelry, and real estate.

Brian Rowan allegedly orchestrated a $1.2 billion scheme to defraud government health care programs through kickbacks, bribes, and sham sales invoices. Approximately $614 million in fraudulent claims was allegedly paid, helping finance multi-million-dollar mansions, luxury watches, and extravagant vehicles.

Erekle Gugava allegedly submitted at least $1.3 billion in fraudulent claims to Medicare and other health insurers in a six-month period. Authorities allege that approximately $6.5 million was obtained and laundered to Russian organized-crime associates before Gugava fled the country.

A Russian organized-crime group allegedly obtained nearly $1 billion by submitting fraudulent claims for medical supplies, primarily urinary catheters. The group allegedly submitted more than $10.6 billion in reimbursement claims to Medicare using the stolen identities of thousands of doctors and senior citizens.

Ibrahim Khaldoon Hilmi and Nika Machutadze allegedly posed as medical supply providers and submitted approximately $3.7 billion in fraudulent claims for orthotic braces, glucose monitors, and wound dressings to government-funded health care programs. Authorities allege that the pair received approximately $5.7 million before the scheme was uncovered.

Herbert Leon Kimble allegedly led a scheme that submitted more than $1.2 billion in fraudulent Medicare claims for orthopedic braces. Using foreign telemarketing call centers, the operation allegedly targeted hundreds of thousands of elderly and disabled patients with unnecessary knee, wrist, and shoulder braces. The scheme allegedly generated more than $200 million, which was used to purchase exotic automobiles, yachts, and luxury real estate.

Ernst is calling on the Senate to pass her Protecting American Taxpayers Act which would prevent fraud before it occurs, recover stolen taxpayer dollars, and hold fraudsters accountable. Ernst notes, “every day we delay passing my bill, fraudsters get away with stealing another $1.4 billion from taxpayers.”

She’s also giving her September 2026 Squeal Award to the Democratic Socialists of America for saying “billionaires shouldn’t exist,” while ignoring the government grift and graft that is making billionaires out of riffraff. In fact, the $500 billion the Democrats’ proposed “billionaire tax” would bring in isn’t even enough to pay the total cost of the $523 billion the government gives away to fraudsters every year.

“When the socialists demand, ‘Medicare for All,’ apparently, they really mean it, even if that includes Russian mobsters and the FBI’s most wanted fraudsters,” said Ernst.

Read the Protecting American Taxpayers Act text here.

###",https://www.ernst.senate.gov/assets/images/sharelogo.jpg,N,0.0,2026-09-29 16:56:05.794753,review,uncertain_relevance;conflicting_relevance_scores;uncertain_category,Pharmacy,0.06527562439441681,0.009870783425867558,0.3577340841293335,0.21224923431873322,zero_shot,"{""Pharmacy"": 0.3577340841293335, ""GLP-1"": 0.14548484981060028, ""Commentary"": 0.07613719999790192, ""Dental"": 0.07163923978805542, ""T5"": 0.06654609739780426, ""ABA"": 0.06460615247488022, ""Congress"": 0.061992403119802475, ""Open Season"": 0.05981740728020668, ""News"": 0.0276455357670784, ""MSO/VSO"": 0.02667071297764778, ""Access to Care"": 0.0264496598392725, ""Oversight"": 0.02624332159757614, ""Shutdown"": 0.017746618017554283, ""Other"": 0.016867607831954956, ""Vaccines"": 0.014804836362600327, ""Contracting"": 0.010473263449966908, ""Research"": 0.009573372080922127}",not_used_in_historical_tricare_reports,57191962a8e13dfd0f84844cfb376d28a6e2010f2a197789a948497518b08008,
,,2026-09-29 17:18:17+00:00,Bluesky Social,Post by @lethalityjane.bsky.social — Bluesky,Not Available,Commentary,,,,https://bsky.app/profile/lethalityjane.bsky.social/post/3mwodcem7r22i,"Post ex-Lethality Jane lethalityjane.bsky.social did:plc:xhmwhdq4pj2wh5jeucxjhay2 I have both Tricare and VA healthcare.
I only have Tricare because I need to buy it for myself in order to get Tricare coverage for my kids.
I got this really confusing letter from the VA yesterday that was basically trying to trick me into signing that I wanted Tricare as my primary insurance.
2026-09-29T17:14:28.960Z","Post

ex-Lethality Jane

lethalityjane.bsky.social

did:plc:xhmwhdq4pj2wh5jeucxjhay2

I have both Tricare and VA healthcare. I only have Tricare because I need to buy it for myself in order to get Tricare coverage for my kids. I got this really confusing letter from the VA yesterday that was basically trying to trick me into signing that I wanted Tricare as my primary insurance.

2026-09-29T17:14:28.960Z",https://cdn.bsky.app/img/avatar_thumbnail/plain/did:plc:xhmwhdq4pj2wh5jeucxjhay2/bafkreicgixmgxfte2fqgwz45etp7ewczuu7qxcu3exrzul4y6o6njobk3q,N,0.0,2026-09-29 16:56:10.983034,review,uncertain_relevance,Commentary,0.3975332975387573,0.00570519408211112,0.5708092451095581,0.1625204086303711,zero_shot,"{""Commentary"": 0.5708092451095581, ""Pharmacy"": 0.408288836479187, ""Vaccines"": 0.3205009996891022, ""News"": 0.23326952755451202, ""Open Season"": 0.23175275325775146, ""ABA"": 0.19976593554019928, ""Dental"": 0.18423815071582794, ""MSO/VSO"": 0.16864876449108124, ""Contracting"": 0.1327337920665741, ""Access to Care"": 0.1208866611123085, ""GLP-1"": 0.11380848288536072, ""Oversight"": 0.09945855289697647, ""Research"": 0.07355009019374847, ""T5"": 0.06709607690572739, ""Congress"": 0.02994086965918541, ""Shutdown"": 0.024311227723956108, ""Other"": 0.012664488516747952}",not_used_in_historical_tricare_reports,d9bf05ee2809a0e64501f27191a55c235eaaad867edb6e224121cfd085106384,
,,2026-09-29 12:39:58+00:00,Team McChord,190208-F-WH061-024 - Team McChord - Air Force,Not Available,Contracting,,,,https://www.mcchord.af.mil/News/Art/igphoto/2002088131/,IMAGE IS PUBLIC DOMAIN Read More,"IMAGE IS PUBLIC DOMAIN

Read More",https://www.mcchord.af.mil/Portals/29/AF favicon.ico?ver=3hoiCHyjQnEpdZmypLIgQg%3d%3d,N,0.0,2026-09-29 16:56:17.821285,review,uncertain_relevance;uncertain_category,Contracting,0.21026425063610077,0.011261949315667152,0.46308958530426025,0.05943778157234192,zero_shot,"{""Contracting"": 0.46308958530426025, ""Access to Care"": 0.40365180373191833, ""Oversight"": 0.3718026280403137, ""Vaccines"": 0.34723421931266785, ""T5"": 0.3322983682155609, ""Pharmacy"": 0.13567982614040375, ""Research"": 0.13179911673069, ""MSO/VSO"": 0.1120227798819542, ""Dental"": 0.09721728414297104, ""Commentary"": 0.07428321987390518, ""News"": 0.07274974882602692, ""Congress"": 0.07140637934207916, ""GLP-1"": 0.05789244920015335, ""ABA"": 0.03568151965737343, ""Other"": 0.022882433608174324, ""Shutdown"": 0.02250976301729679, ""Open Season"": 0.013770571909844875}",not_used_in_historical_tricare_reports,e0790d6ba807be7e31852d2795702fa895b1f66d654011bc1a4ea2428df1e4a4,
,,2026-09-29 12:39:02+00:00,Team McChord,190208-F-WH061-034 - Team McChord - Air Force,Not Available,Contracting,,,,https://www.mcchord.af.mil/News/Art/igphoto/2002088132/,IMAGE IS PUBLIC DOMAIN Read More,"IMAGE IS PUBLIC DOMAIN

Read More",https://www.mcchord.af.mil/Portals/29/AF favicon.ico?ver=3hoiCHyjQnEpdZmypLIgQg%3d%3d,N,0.0,2026-09-29 16:56:21.432446,review,uncertain_relevance;uncertain_category,Contracting,0.2063729166984558,0.011281312443315983,0.4575807750225067,0.06816086173057556,zero_shot,"{""Contracting"": 0.4575807750225067, ""Access to Care"": 0.38941991329193115, ""Oversight"": 0.36053666472435, ""T5"": 0.33909812569618225, ""Vaccines"": 0.33766257762908936, ""Pharmacy"": 0.13920079171657562, ""Research"": 0.12985549867153168, ""MSO/VSO"": 0.1109762191772461, ""Dental"": 0.10092601180076599, ""News"": 0.07356515526771545, ""Congress"": 0.070172019302845, ""Commentary"": 0.07009202986955643, ""GLP-1"": 0.05876984819769859, ""ABA"": 0.03753975033760071, ""Other"": 0.02278398908674717, ""Shutdown"": 0.02237492986023426, ""Open Season"": 0.014282461255788803}",not_used_in_historical_tricare_reports,4c61abdafc001a5fc64094ebcad082d261db8bad4e2ac3ed853ed971753189a2,
,,2026-09-29 20:51:16+00:00,Executive Gov,DHA Seeks Industry Input on OBHAT/BHAS Program Data Hosting - ExecutiveGov,Nora Camden,News,,,,https://www.executivegov.com/articles/dha-rfi-obhat-bhas-data-hosting-integration,"The effort supports the Warfighter Readiness, Performance and Brain Health Project Management Office, and DHA said responses will inform a future data hosting strategy.
What Hosting Models Is DHA Considering for OBHAT/BHAS Data?
DHA asked respondents to describe how their solutions would ingest, normalize, exchange and reconcile data from multiple vendor and VA-connected applications.
DHA also seeks governance and portability models that preserve its access to raw data, normalized data, metadata and audit logs without creating unnecessary duplication or vendor lock-in.
When Are Responses Due for the DHA Data Hosting RFI?","The Defense Health Agency seeks industry input on hosting data from vendor and VA applications

The RFI explores DHA-managed, cloud, vendor-hosted, hybrid and federated data models

Responses to DHA’s sources-sought notice are due Oct. 26

The Defense Health Agency is seeking industry input through a request for information on hosting, integrating, securing and sustaining data for the Operational Brain Health Assessment Tool/Brain Health Assessment System, or OBHAT/BHAS, program. The effort supports the Warfighter Readiness, Performance and Brain Health Project Management Office, and DHA said responses will inform a future data hosting strategy.

As DHA charts its next data hosting strategy, join the agency’s leaders and other federal health officials at the Potomac Officers Club’s 2026 Healthcare Summit on Dec. 3 in McLean, Virginia. Hear firsthand how DHA, the Department of Health and Human Services and the Veterans Health Administration plan to acquire digital tools and AI, strengthen data privacy and shape their fiscal 2027 contracting priorities. Reserve your spot and connect with the people shaping the future of federal healthcare.

What Hosting Models Is DHA Considering for OBHAT/BHAS Data?

According to the solicitation posted on SAM.gov, the market research covers data that vendor-developed and Department of Veterans Affairs applications generate. DHA, which operates within the Department of War, said it lacks a finalized enterprise strategy for how it will host, govern, integrate, retain and access that data.

The agency invites input on several models, including:

DHA-managed environments

Department of War enterprise cloud and authorized commercial cloud

Vendor-hosted software-as-a-service or platform-as-a-service offerings

Hybrid architectures

Federated or virtualized data-access models

For each model, respondents should identify the hosting location, ownership model, government and contractor responsibilities, advantages, disadvantages and potential migration barriers. The notice follows DHA’s March launch of a Data and Innovation Strategy focused on strengthening how the agency manages information across military health operations.

What Data Integration Capabilities Does DHA Want?

DHA asked respondents to describe how their solutions would ingest, normalize, exchange and reconcile data from multiple vendor and VA-connected applications. The architecture should accommodate structured, semi-structured and unstructured data spanning clinical, administrative, operational, financial, scheduling, encounter and assessment records.

The agency listed integration patterns including application programming interfaces, event-based integration, secure file transfer and batch processing, along with HL7, Fast Healthcare Interoperability Resources and other healthcare data interoperability standards. Respondents should also address metadata management, data lineage, error handling and master patient index or identity-matching capabilities.

How Will DHA Protect and Retain Control of OBHAT/BHAS Data?

The program involves sensitive health and personally identifiable information. Respondents should describe their role-based access controls, identity and credential management, continuous security monitoring and encryption for data at rest and in transit.

DHA also seeks governance and portability models that preserve its access to raw data, normalized data, metadata and audit logs without creating unnecessary duplication or vendor lock-in.

The RFI asks about legal-hold, retention and archival capabilities, government purpose rights and processes for transferring data to DHA or a successor system if a vendor, application or contract changes.

When Are Responses Due for the DHA Data Hosting RFI?

Responses are due by noon ET on Oct. 26. Submissions should include an executive summary of no more than two pages, a technical response, a notional architecture diagram, past-performance summaries, rough-order-of-magnitude cost information and a recommended implementation timeline. Submissions must be sent to Bryan Heickman at bryan.g.heickman.civ@health.mil.

An accompanying Minimum Essential Characteristics table from the WRPBH PMO asks respondents to evaluate whether their solutions meet minimum or desired levels across 14 characteristics, including data volume, recovery, portability, governance and sustainment. Medical R&D Contracting Division 2 at Fort Detrick, Maryland, handles the contracting activity with no set-aside used. Following response evaluations, DHA plans to set the opportunity to inactive on Nov. 10.",https://media.executivegov.com/2026/09/egov-defense-health-agency-dha.jpg,N,0.0,2026-09-29 17:56:07.311848,review,uncertain_relevance;uncertain_category,News,0.5361555814743042,0.04124745726585388,0.387315958738327,0.010494798421859741,zero_shot,"{""News"": 0.387315958738327, ""Commentary"": 0.3768211603164673, ""MSO/VSO"": 0.3059912323951721, ""Contracting"": 0.26927649974823, ""Vaccines"": 0.17865030467510223, ""Access to Care"": 0.13734067976474762, ""Research"": 0.12403278052806854, ""Other"": 0.10777540504932404, ""Oversight"": 0.09164632111787796, ""GLP-1"": 0.07459734380245209, ""Congress"": 0.06771267205476761, ""T5"": 0.06535837054252625, ""Shutdown"": 0.04661969467997551, ""ABA"": 0.029348380863666534, ""Open Season"": 0.02215122990310192, ""Pharmacy"": 0.021610325202345848, ""Dental"": 0.012255324982106686}",not_used_in_historical_tricare_reports,cbbdd1695fb193590f212e4bedb9312d0249536bb81fd4c31175ab7d8bc96c58,
,,2026-09-29 19:53:09+00:00,www.moaa.org,"Surviving Spouse Corner: Celebrating Service, Keeping Connections - MOAA",Not Available,GLP-1,,,,"https://www.moaa.org/content/publications-and-media/news-articles/2026-news-articles/spotlight/surviving-spouse-corner-celebrating-service,-keeping-connections/","For many uniformed service couples, celebrating a service birthday is more than marking a date on the calendar.
For a surviving spouse, the loss of a loved one can also mean unexpectedly losing some of those traditions and connections to the military community.
Some surviving spouses continue to attend service birthday celebrations, while others might find it difficult to return or wonder where they will fit in.
[SURVIVING SPOUSE CORNER: Strengthening Emotional Well-Being] Many of you know that Nov. 10 is the Marine Corps’ birthday — complete with ceremonies, cake cutting, and “Happy Birthday, Marine!” But what about the other branches?
Coast Guard: The Coast Guard traces its origins to the Revenue Cutter Service, established on Aug. 4, 1790, by Treasury Secretary Alexander Hamilton to enforce tariffs and prevent smuggling.","For many uniformed service couples, celebrating a service birthday is more than marking a date on the calendar. Birthday balls, ceremonies, traditions, and gatherings have long been important parts of service life, shared with spouses and families.

For a surviving spouse, the loss of a loved one can also mean unexpectedly losing some of those traditions and connections to the military community. A birthday celebration that was once a special evening together might suddenly raise a different question: Where is my place now?

Some surviving spouses continue to attend service birthday celebrations, while others might find it difficult to return or wonder where they will fit in. Finding the right organization, unit, installation, or group can provide an opportunity to reconnect. Sometimes it simply takes time to once again find “a place at the table.” Remembering and celebrating a spouse’s service birthday can be a small, meaningful way to maintain that connection and continue the tradition that was once shared.

[SURVIVING SPOUSE CORNER: Strengthening Emotional Well-Being]

Many of you know that Nov. 10 is the Marine Corps’ birthday — complete with ceremonies, cake cutting, and “Happy Birthday, Marine!” But what about the other branches? Each service has its own special day, full of history, traditions, and pride. Here’s when and why they celebrate — and how long they’ve been serving our nation.

Army: The nation’s oldest military branch was established on June 14, 1775, a year before the Declaration of Independence. The Continental Congress created the Continental Army to coordinate the colonies' military efforts against Great Britain during the Revolutionary War. Today, the Army celebrates its birthday with ceremonies, historical displays, and, of course, cake.

Navy: Just months after the Army was formed, the Continental Congress authorized the purchase of ships to disrupt British supply lines — a move that marked Oct. 13, 1775, as the Navy’s official birthday. Though the Navy was disbanded after the Revolution, it was reestablished in 1794. The modern Navy celebrates with fleet-wide observances, balls, and heritage events.

[SURVIVING SPOUSE CORNER: The Value of Connection]

Marine Corps: Formed at Tun Tavern in Philadelphia (yes, a real tavern), the Continental Marines were established on Nov. 10, 1775, as naval infantry. The date was restored as the official birthday in 1921 by Marine Corps Order No. 47. Marines worldwide honor it with a traditional cake-cutting ceremony, a reading of the 1921 order, and a birthday message from the commandant.

Air Force: While airpower existed before World War II, it wasn’t until the National Security Act of 1947 that the U.S. Air Force became a separate branch, distinct from the Army Air Forces. The Air Force celebrates Sept. 18 with base events, flyovers, and heritage displays.

Coast Guard: The Coast Guard traces its origins to the Revenue Cutter Service, established on Aug. 4, 1790, by Treasury Secretary Alexander Hamilton to enforce tariffs and prevent smuggling. Over time, it merged with the U.S. Life-Saving Service to form today’s Coast Guard — a unique organization that serves both military and law enforcement roles.

Space Force: The newest branch of the armed forces was established on Dec. 20, 2019, when the FY 2020 National Defense Authorization Act was signed into law. The Space Force organizes, trains, and equips forces to protect U.S. interests in space. Its birthday is celebrated with ceremonies and STEM outreach events.

[RELATED: Space Force to Add 10,000 Guardians in Next 5 Years]

U.S. Public Health Service Commissioned Corps: Although its origins are traced to the Marine Hospital Service of 1798, the Commissioned Corps was formally established on Jan. 4, 1889, as a uniformed service dedicated to public health. Officers serve in roles spanning health, science, and engineering across the nation and abroad, often alongside other armed services during emergencies.",https://www.moaa.org/contentassets/69e515c1baba4744962024f8adaceaf0/surviving-spouse-birthdays-h.jpg,N,0.0,2026-09-29 17:56:11.309456,review,uncertain_relevance;conflicting_relevance_scores;uncertain_category,GLP-1,0.040702685713768005,0.00220222445204854,0.03477505221962929,0.0012087896466255188,zero_shot,"{""GLP-1"": 0.03477505221962929, ""T5"": 0.03356626257300377, ""Pharmacy"": 0.026480790227651596, ""Access to Care"": 0.018430689349770546, ""ABA"": 0.017984919250011444, ""Dental"": 0.017510518431663513, ""MSO/VSO"": 0.016524286940693855, ""Commentary"": 0.01589999534189701, ""News"": 0.013740177266299725, ""Research"": 0.013637518510222435, ""Oversight"": 0.013060926459729671, ""Vaccines"": 0.011077524162828922, ""Contracting"": 0.010526994243264198, ""Congress"": 0.010121791623532772, ""Other"": 0.0084611214697361, ""Open Season"": 0.0068670958280563354, ""Shutdown"": 0.006284480914473534}",not_used_in_historical_tricare_reports,fff71d10ad24c810c3acf9c5453a28637849736fcd0000b479314e677137bc51,
,,2026-09-29 18:32:19+00:00,www.tiktok.com,A Texas man defrauded Tricare for $26 million dollars and use some of ... - TikTok,Not Available,Pharmacy,,,,https://www.tiktok.com/@vivalavargas/video/7690966040167173406,"433 Likes, TikTok video from VivaLaVargas (@vivalavargas): “A Texas man defrauded Tricare for $26 million dollars and use some of it to even buy a ...",Not Available,,N,0.0,2026-09-29 17:56:15.175684,review,uncertain_relevance;conflicting_relevance_scores;uncertain_category,Pharmacy,0.064790740609169,0.0003737685037776828,0.6376235485076904,0.09660476446151733,zero_shot,"{""Pharmacy"": 0.6376235485076904, ""Dental"": 0.5410187840461731, ""ABA"": 0.23008477687835693, ""Contracting"": 0.22798754274845123, ""Vaccines"": 0.16423870623111725, ""T5"": 0.15599510073661804, ""Open Season"": 0.0772862359881401, ""News"": 0.06767696887254715, ""Commentary"": 0.06260668486356735, ""GLP-1"": 0.056823644787073135, ""MSO/VSO"": 0.03231319040060043, ""Shutdown"": 0.018575474619865417, ""Oversight"": 0.018234720453619957, ""Access to Care"": 0.008239071816205978, ""Congress"": 0.0080795306712389, ""Research"": 0.004176723305135965, ""Other"": 0.0011520888656377792}",not_used_in_historical_tricare_reports,63a0c8c150ec2a4b0d6360f9f7881b61a48224d3adb5172bd77bea3a8a475efe,
,,2026-09-29 12:34:57+00:00,www.polskieradio.pl,tricare approved weight loss drugs - Polskie Radio,Not Available,Pharmacy,,,,https://www.polskieradio.pl/body-care-guide/en-LU/tricare-approved-weight-loss-drugs,"Learn which weight loss drugs are approved by Tricare, the coverage criteria, and important considerations for beneficiaries seeking treatment ...",Not Available,,N,0.0,2026-09-29 17:56:22.909486,review,uncertain_relevance;uncertain_category,Pharmacy,0.4193241000175476,0.00019327581685502082,0.7919821739196777,0.06090289354324341,zero_shot,"{""Pharmacy"": 0.7919821739196777, ""GLP-1"": 0.7310792803764343, ""Open Season"": 0.028203539550304413, ""Other"": 0.01846819929778576, ""Commentary"": 0.016830414533615112, ""News"": 0.01405334286391735, ""Research"": 0.006395555566996336, ""MSO/VSO"": 0.0016525333048775792, ""Vaccines"": 0.001082314644008875, ""ABA"": 0.0009368493338115513, ""Contracting"": 0.0009147491655312479, ""Access to Care"": 0.0007567409193143249, ""T5"": 0.0005626773927360773, ""Dental"": 0.0005210062372498214, ""Oversight"": 0.0004743691242765635, ""Congress"": 0.0003243827959522605, ""Shutdown"": 0.00024590399698354304}",not_used_in_historical_tricare_reports,ecf8b7dbcc1dd1d3587899fd57d56eeaf31af5b734ca3335882b683b8ea95254,
,,2026-09-29 12:26:19+00:00,www.polskieradio.pl,does tricare pay for weight loss drugs Canada Guide · 7.4.6 - Polskie Radio,Not Available,Pharmacy,,,,https://www.polskieradio.pl/health-guide/does-tricare-pay-for-weight-loss-drugs,"Learn about TRICARE coverage for weight loss drugs, what factors influence payment, and how to discuss options with healthcare providers.",Not Available,,N,0.0,2026-09-29 17:56:28.998755,review,uncertain_relevance;conflicting_relevance_scores,Pharmacy,0.012392672710120678,0.00023205715115182102,0.7577112317085266,0.22123318910598755,zero_shot,"{""Pharmacy"": 0.7577112317085266, ""GLP-1"": 0.5364780426025391, ""Open Season"": 0.007720386143773794, ""News"": 0.004227790515869856, ""Commentary"": 0.0023231657687574625, ""Oversight"": 0.0011967152822762728, ""MSO/VSO"": 0.000894407625310123, ""T5"": 0.0008647887734696269, ""Research"": 0.0008557394612580538, ""Vaccines"": 0.0006737969233654439, ""ABA"": 0.0006289524026215076, ""Contracting"": 0.0006189386476762593, ""Access to Care"": 0.0005108251934871078, ""Dental"": 0.000489279511384666, ""Shutdown"": 0.0004876264720223844, ""Other"": 0.00037209014408290386, ""Congress"": 0.0002333565935259685}",not_used_in_historical_tricare_reports,8e39c0d95772f9587e7ba091b81ff689255cb84b4ece9e12c8f79dd401943306,
,,2026-09-29 20:48:36+00:00,www.healthecareers.com,"Clinical Psychologist (Health) at Defense Health Agency – Jobs in San Angelo, Texas",Health eCareers,Access to Care,,,,https://www.healthecareers.com/job/clinical-psychologist-health/13638634,"Subspecialty areas within health psychology include, but are not limited to, primary care, psychosocial oncology, pain management, and sleep medicine.
Performs clinical duties within the health psychology specialty, including individual/group interventions and rapid-focused assessments of newly diagnosed medical and clinical patients.
Develops and implements specialized programs and services for medical patients and persons with traumatic life events.
Qualifications US Citizenship required Degree: Doctoral Degree (Ph.D. or equivalent) directly related to full professional work in clinical psychology.
Specialized Experience: One year of specialized experience which includes providing consultation and/or assessment of patients with health psychology issues; conducting individual and/or group interventions; and collaborating with healthcare professionals.","Clinical Psychologist (Health)

Posted 9/29/26

San Angelo, TexasAllied Health, Counseling & Social Services, Psychology / Psychometry$103,409 - $134,435 Annually

Employment Type:Full-Time

Visa:None

Job Description

Overview

Clinical Psychologist (Health) - GS-0180-13 - Goodfellow AFB, TX

Goodfellow Air Force Base is a nonflying United States Air Force base located in San Angelo, TX, United States. As part of the Air Education and Training Command, Goodfellow's main mission is cryptologic and intelligence training for the Air Force, Space Force, Army, Coast Guard, Navy, and Marine Corps. Military firefighters are also trained here as part of the 312th Training Squadron. It is the home of the 17th Training Wing. The base is named for World War 1 aviator First Lieutenant John J. Goodfellow Jr.

Working for the Department of Defense comes with an abundance of benefits and perks to include competitive compensation packages, paid-time off, medical benefits, student loan repayments, and retirement package with Thrift Savings Plan to include matching employer contributions. For more information, please visit the following link:

Responsibilities

ADMINISTRATION

Develops, implements, evaluates, and manages assigned health psychology Service programs and activities for appropriate assessment, evaluation, and treatment of patients. Provides clinical guidelines for the selection of patients. Plans and recommends allocation of staff and resources, Service priorities, procedures, and work schedules. Subspecialty areas within health psychology include, but are not limited to, primary care, psychosocial oncology, pain management, and sleep medicine. Incumbent's duties may be exclusively in one area, or across subspecialties, based on mission requirements. Participates in assigned quality improvement and utilization management programs or initiatives. Responsible for ensuring compliance with regulatory, MTF, and Joint Commission quality inspection/peer review/utilization management requirements, applicable system applications, and representation for Service leadership team at meetings, etc.

CONSULTATION AND DIRECT SERVICES

Provides professional consultation to specialty medical departments within the MTF, regarding the identification and diagnosis of complex psycho-social cases, involving medical complications requiring multiple specialty care management. Performs clinical duties within the health psychology specialty, including individual/group interventions and rapid-focused assessments of newly diagnosed medical and clinical patients. Functions independently in completing evaluations, making complex diagnostic decisions and recommendations regarding medical patients, to a multi-disciplinary medical team/tumor board, consisting of physicians, social workers, nursing staff, and others, regarding continuity of care and treatment compliance. Provides consultation to health care providers from a wide range of specialties. Independently prepares reports, based on a wide range of diverse and complex data. Develops and implements specialized programs and services for medical patients and persons with traumatic life events. Identifies areas of need and conducts functional assessments to determine appropriate services to provide; implements such procedures, as appropriate. Provides behavioral science interventions to a wide range of patients, referred for treatment. Applies specialized knowledge of a variety of specialty interventions, appropriate to meet the psychosocial oncology needs of assigned tertiary care facility. Conducts clinical research and maintains up-to-date knowledge of specialized professional literature and scientific findings. Participates in Institutional Review Board (IRB) approved research protocols. Develops, implements, maintains, and monitors outcome measures for the service.

TRAINING

As directed, provides clinical and administrative oversight to staff and trainees. Plans and delivers presentations and lectures as part of consultation to the medical staff. In accordance with mission requirements, provides professional training in areas of established competence or expertise. Training may be provided to personnel enrolled in a variety of professional programs, sponsored by the medical center. Programs include psychology, psychiatry, and other medical specialties at the pre- and postdoctoral levels. Specific duties and time requirements depend on the goals of the training program, the extent of trainees' skills and knowledge, the intensity of oversight required, the number of trainees enrolled, and available faculty resources.

PERFORMS OTHER DUTIES AS ASSIGNED.

Conditions of Employment

Appointment may be subject to a suitability or fitness determination, as determined by a completed background investigation.

A Personnel Security Investigation is required.

Selectees will be required to sign a statement (Condition of Employment) consenting to seasonal influenza vaccinations or must provide a recognized exemption.

Immunization screening is required. Hepatitis B immunization is required for all positions with direct patient contact. Applicants may be required to show proof of other immunizations depending on the type of position.

This position may be a Testing Designated Position subject to pre-employment screening and random drug testing. Selectees may be required to consent to participation in random drug urinalysis testing.

Must be able to obtain and maintain current Basic Life Support (BLS) certification through the American Red Cross or American Heart Association. Advanced certification (e.g., ALS) does not supersede BLS.

Applicants must be able to fulfill credentialing requirements and obtain and maintain appropriate/relevant clinical privileges.

Qualifications

US Citizenship required

Degree: Doctoral Degree (Ph.D. or equivalent) directly related to full professional work in clinical psychology. (Note: You must attach a copy of your transcripts.)

Specialized Experience: One year of specialized experience which includes providing consultation and/or assessment of patients with health psychology issues; conducting individual and/or group interventions; and collaborating with healthcare professionals. This definition of specialized experience is typical of work performed at the next lower grade/level position in the federal service (GS-12).

License: The Clinical Psychologist position requires a current, active, valid, unrestricted clinical license to practice Psychology independently, offered by a U.S. State, District of Columbia, commonwealth, territory or jurisdiction. (NOTE: You must provide a copy of your license with your application package.)

FOREIGN EDUCATION: If you are using education completed in foreign colleges or universities to meet the qualification requirements, you must show the education credentials have been evaluated by a private organization that specializes in interpretation of foreign education programs and such education has been deemed equivalent to that gained in an accredited U.S. education program; or full credit has been given for the courses at a U.S. accredited college or university.

Click here to learn more about our benefits:

Compensation

$103,409 - $134,435 Annually

Similar Jobs

See All",https://media.healthecareers.com/wp-content/uploads/2022/02/11232427/dha_logo.png,N,0.0,2026-09-29 18:56:05.669703,review,uncertain_relevance;uncertain_category,Access to Care,0.6062224507331848,0.07283765822649002,0.5054768919944763,0.18556785583496094,zero_shot,"{""Access to Care"": 0.5054768919944763, ""GLP-1"": 0.3199090361595154, ""MSO/VSO"": 0.265670508146286, ""T5"": 0.2546299397945404, ""News"": 0.21765540540218353, ""ABA"": 0.21369871497154236, ""Vaccines"": 0.15412765741348267, ""Commentary"": 0.13166671991348267, ""Research"": 0.09508997946977615, ""Other"": 0.08282393962144852, ""Dental"": 0.0809142142534256, ""Contracting"": 0.080804243683815, ""Open Season"": 0.07082489132881165, ""Pharmacy"": 0.06626288592815399, ""Oversight"": 0.0615822970867157, ""Shutdown"": 0.055485744029283524, ""Congress"": 0.05005525425076485}",not_used_in_historical_tricare_reports,992a97aa6c24c1dc17879f117436a3c3ad6a3774f52202d068a9ba78e34a1d1a,
,,2026-09-29 21:13:40+00:00,www.polskieradio.pl,new weight loss drug 2020 Canada Guide - Polskie Radio,Not Available,GLP-1,,,,https://www.polskieradio.pl/nutrition-guide/new-weight-loss-drug-2020,"In 2020, several new medications for weight management attracted attention as potential treatment options for obesity and related health ...",Not Available,,N,0.0,2026-09-29 19:56:12.707185,review,uncertain_relevance;conflicting_relevance_scores;uncertain_category,GLP-1,0.006005994044244289,0.0004064067325089127,0.21257318556308746,0.20497332466766238,zero_shot,"{""GLP-1"": 0.21257318556308746, ""Pharmacy"": 0.007599860895425081, ""Other"": 0.002891778014600277, ""Commentary"": 0.0023632303345948458, ""MSO/VSO"": 0.0014846650883555412, ""Research"": 0.0012692398158833385, ""News"": 0.0008179541327990592, ""T5"": 0.0007043114746920764, ""Contracting"": 0.0005956678651273251, ""ABA"": 0.0005542060825973749, ""Open Season"": 0.0005091986386105418, ""Oversight"": 0.0004977684584446251, ""Access to Care"": 0.00045031055924482644, ""Dental"": 0.00044127830187790096, ""Shutdown"": 0.00041861276258714497, ""Vaccines"": 0.00041569973109290004, ""Congress"": 0.00024883056175895035}",not_used_in_historical_tricare_reports,439ab4e5613ea30b8ba63531b976a6a7fc3052a81a22856b2e9a065e693ad421,
,,2026-09-29 19:26:26+00:00,www.facebook.com,Claims are erroring out bc there is a PCP mismatch for Tricare patients. We are ... - Facebook,Not Available,Social,,,,https://www.facebook.com/groups/153075608691474/posts/2000044247327925/,Claims are erroring out bc there is a PCP mismatch for Tricare patients. We are manually suppressing and it is not impacting claims processing with...,Not Available,https://scontent-iad3-2.xx.fbcdn.net/v/t39.30808-6/452878096_1519506881991444_6364003848869561957_n.jpg?stp=dst-jpg_tt6&cstp=mx507x284&ctp=s507x284&_nc_cat=111&ccb=1-7&_nc_sid=0b1479&_nc_ohc=uj1XY2i0IscQ7kNvwHUec9v&_nc_oc=Adqs9akaM35cjnu3zV1zXTgFvu89q7sTog4adBTYBUQAqsKlngxloiSy1fztZVbjsJk&_nc_zt=23&_nc_ht=scontent-iad3-2.xx&_nc_gid=KTq3XJqp4t2tYL6nae8iPg&_nc_ss=7b289&oh=00_AQPVZNGwNyXZYUbqJnX_bcQ27w5Rmo02RWaWH-ZcZY9RLw&oe=6AC2260C,N,0.0,2026-09-29 19:56:15.192656,review,uncertain_relevance,Pharmacy,0.3226645290851593,0.0015518628060817719,0.6337704658508301,0.35346540808677673,source_domain_rule,"{""Pharmacy"": 0.6337704658508301, ""Vaccines"": 0.28030505776405334, ""T5"": 0.15631121397018433, ""Commentary"": 0.1544312983751297, ""News"": 0.11851301789283752, ""Dental"": 0.11506838351488113, ""ABA"": 0.10581539571285248, ""MSO/VSO"": 0.08493730425834656, ""GLP-1"": 0.08482532948255539, ""Access to Care"": 0.07994543761014938, ""Open Season"": 0.046620190143585205, ""Contracting"": 0.04374920576810837, ""Oversight"": 0.03877081722021103, ""Research"": 0.034001972526311874, ""Shutdown"": 0.022736743092536926, ""Congress"": 0.00895678624510765, ""Other"": 0.003461685962975025}",not_used_in_historical_tricare_reports,2f61d3d2c226a79344f4bd073e44dc33a81736a61a1b744c0682e96a24e12768,
,,2026-09-29 17:00:49+00:00,www.polskieradio.pl,tricare coverage for weight loss drugs - Polskie Radio,Not Available,Pharmacy,,,,https://www.polskieradio.pl/lifestyle-health/tricare-coverage-for-weight-loss-drugs,"Explore Tricare coverage for weight loss drugs, including what medications may be covered and factors affecting eligibility and benefits.",Not Available,,N,0.0,2026-09-29 19:56:21.014380,review,uncertain_relevance;conflicting_relevance_scores,Pharmacy,0.045506659895181656,8.947663445724174e-05,0.7854036092758179,0.2907288372516632,zero_shot,"{""Pharmacy"": 0.7854036092758179, ""GLP-1"": 0.49467477202415466, ""Open Season"": 0.12888216972351074, ""Commentary"": 0.023560792207717896, ""News"": 0.0028333819936960936, ""Research"": 0.0021325491834431887, ""MSO/VSO"": 0.0017110290937125683, ""Other"": 0.001082587637938559, ""Congress"": 0.00042951840441673994, ""Contracting"": 0.0003781912964768708, ""Vaccines"": 0.0003000656433869153, ""T5"": 0.00028012419352307916, ""ABA"": 0.0002568330382928252, ""Access to Care"": 0.00022195593919605017, ""Oversight"": 0.00019679611432366073, ""Shutdown"": 0.0001309423678321764, ""Dental"": 0.00010049383126897737}",not_used_in_historical_tricare_reports,d938c225441e2ab0641f82d671922cffde895580f99d3187da66964f6fb692d3,
,,2026-09-29 22:16:30+00:00,orangeslices.ai,Akiak subsidiary awarded $43M Defense Health Agency (DHA) Technology Life Cycle ...,Not Available,Contracting,,,,https://orangeslices.ai/akiak-subsidiary-awarded-43m-defense-health-agency-dha-technology-life-cycle-support-bridge-contract/,"Akiak NS LLC, part of a portfolio of subsidiaires, known as the Akiak Family of Companies.
We are committed to honoring our Yupiaq culture and dedicated to sustainable growth for the benefit of the Akiak Native Community, is awarded $43M bridge action (HT001126FE061) to obtain technology lifecycle support services to the Technology Support Branch.
Technology lifecycle support (TLS) encompasses various activities including assessment, planning, implementation, and ongoing support to ensure that technology remains efficient, secure, and aligned with the organization’s needs and objectives.
TLS permits the branch to enhance operational efficiency, reduce costs, minimize risks, and better leverage technology investments to drive business success.
The TLS V1 bridge contractor shall fully cooperate with all support contractors for the remaining three TLS domains as well as others operating in the Defense Health Agency (DHA).","Akiak NS LLC, part of a portfolio of subsidiaires, known as the Akiak Family of Companies. We are committed to honoring our Yupiaq culture and dedicated to sustainable growth for the benefit of the Akiak Native Community, is awarded $43M bridge action (HT001126FE061) to obtain technology lifecycle support services to the Technology Support Branch. Technology lifecycle support (TLS) encompasses various activities including assessment, planning, implementation, and ongoing support to ensure that technology remains efficient, secure, and aligned with the organization’s needs and objectives.

The scope of the bridge requirement encompasses seven domains: Digital Transformation Center; system lifecycle management; evolutionary architecture and design; Operations Support Center; service level management; systems architecture; and application support. TLS permits the branch to enhance operational efficiency, reduce costs, minimize risks, and better leverage technology investments to drive business success. The TLS V1 bridge contractor shall fully cooperate with all support contractors for the remaining three TLS domains as well as others operating in the Defense Health Agency (DHA).

The contract has one base period of eight and a half months, and one unexercised option period of three and a half months, for a cumulative total contract value of $43,282,210. fiscal 2026 operations and maintenance funds in the amount of $30,060,920 will be obligated for the base period. The place of performance is Falls Church, Virginia. DHA, Professional Services Contracting Division, Falls Church, Virginia, is the contracting activity. (Awarded Sept. 11, 2026).",https://news-cdn.orangeslices.ai/wp-content/uploads/2024/01/22001915/cropped-OS-icon-48x48.png,N,0.0,2026-09-29 21:56:10.198243,review,uncertain_relevance,Contracting,0.5201199054718018,0.021018877625465393,0.6297834515571594,0.4108366370201111,zero_shot,"{""Contracting"": 0.6297834515571594, ""News"": 0.21894681453704834, ""Commentary"": 0.11530507355928421, ""MSO/VSO"": 0.10744369029998779, ""Research"": 0.06082084774971008, ""Vaccines"": 0.049692220985889435, ""Access to Care"": 0.047986868768930435, ""GLP-1"": 0.029646413400769234, ""Oversight"": 0.026937302201986313, ""Congress"": 0.02637946605682373, ""Shutdown"": 0.0222175270318985, ""Other"": 0.019039137288928032, ""Pharmacy"": 0.0188169926404953, ""ABA"": 0.015296705067157745, ""T5"": 0.014447557739913464, ""Dental"": 0.011792869307100773, ""Open Season"": 0.006468537729233503}",not_used_in_historical_tricare_reports,74dbfccb9b595ebc674a7eefeb00b1fbb4227710062517a21fe21785007a5a2d,
,,2026-09-30 03:16:54+00:00,www.reddit.com,Tricare select and Va healthcare-what to do? : r/VeteransBenefits - Reddit,Not Available,Social,,,,https://www.reddit.com/r/VeteransBenefits/comments/1wttbq7/tricare_select_and_va_healthcarewhat_to_do/,"Recently retired and after trying for months I got a VA appointment coming in a few weeks.
I’m 100% P&T.
Since I couldn’t initially get an appointment thru the VA, I scheduled one with the doctors office my family sees.
I need meds but can wait until the VA appointment as I have enough to last until then.
Do I get meds from them or is it cheaper thru the VA?.","Recently retired and after trying for months I got a VA appointment coming in a few weeks. I’m 100% P&T.

Since I couldn’t initially get an appointment thru the VA, I scheduled one with the doctors office my family sees.

Welp, now the Va can see me. I need meds but can wait until the VA appointment as I have enough to last until then.

Do I keep my Tricare appointment? Do I get meds from them or is it cheaper thru the VA?.",,N,0.0,2026-09-30 00:56:05.874286,review,uncertain_relevance,Access to Care,0.478628545999527,0.009271793998777866,0.9268108606338501,0.16114509105682373,source_domain_rule,"{""Access to Care"": 0.9268108606338501, ""Commentary"": 0.7656657695770264, ""Pharmacy"": 0.759641706943512, ""Open Season"": 0.4911930561065674, ""Vaccines"": 0.43877121806144714, ""News"": 0.40152567625045776, ""T5"": 0.26131898164749146, ""MSO/VSO"": 0.2334524542093277, ""GLP-1"": 0.23110580444335938, ""Contracting"": 0.2125532329082489, ""ABA"": 0.04828568175435066, ""Other"": 0.04699476435780525, ""Oversight"": 0.041863806545734406, ""Shutdown"": 0.036944739520549774, ""Research"": 0.035174138844013214, ""Congress"": 0.027228768914937973, ""Dental"": 0.016814028844237328}",not_used_in_historical_tricare_reports,d378256eaca82a4668286dda0893fde3c13c96804294889cd4eabecac79565d8,
,,2026-09-30 01:13:56+00:00,DVIDS,Munson connects with retirees at Fort Leavenworth Retiree Appreciation Day - DVIDS,Not Available,Outbound,,,,https://www.dvidshub.net/news/575922/munson-connects-with-retirees-fort-leavenworth-retiree-appreciation-day,"FORT LEAVENWORTH, Kansas — Munson Army Health Center Soldiers and civilian staff supported Fort Leavenworth Retiree Appreciation Day on Sept. 26 at the Lewis and Clark Center, connecting military retirees and their eligible family members with health screenings, information and services available through the military health system.
Col. Tiffany R. Bilderback, Munson Army Health Center director, served as a guest speaker during the opening ceremony and thanked retirees and their families for their service and continued contributions to the Army community.
Eligible beneficiaries may have covered prescriptions from military or civilian providers filled at the Munson Pharmacy at no cost when the medication is available through the military pharmacy.
Retiree Appreciation Day provided an opportunity to review resources available to them through Munson, including pharmacy services and the Armed Forces Wellness Center.
The health fair reflected Munson’s continued commitment to helping retirees and their families remain connected to the military health resources and benefits they have earned.","FORT LEAVENWORTH, Kansas — Munson Army Health Center Soldiers and civilian staff supported Fort Leavenworth Retiree Appreciation Day on Sept. 26 at the Lewis and Clark Center, connecting military retirees and their eligible family members with health screenings, information and services available through the military health system.

Col. Tiffany R. Bilderback, Munson Army Health Center director, served as a guest speaker during the opening ceremony and thanked retirees and their families for their service and continued contributions to the Army community.

“Your service strengthened our Army. Your sacrifices helped protect our nation. Your example inspired those who followed,” Bilderback said. “Although your active service may be complete, your place in the Army family is enduring.”

Following her remarks, Bilderback answered questions from the audience on a variety of topics including Munson Pharmacy services, how long dependent children remain eligible for TRICARE, and the health center’s hours and services.

Eligible beneficiaries may have covered prescriptions from military or civilian providers filled at the Munson Pharmacy at no cost when the medication is available through the military pharmacy. Regular TRICARE coverage generally continues until a dependent child turns 21, or age 23 for a qualifying full-time college student. Eligible young adults may purchase TRICARE Young Adult coverage until age 26.

Bilderback encouraged beneficiaries to obtain current information from Munson’s official website athttps://munson.tricare.miland the health center’s official Facebook page athttps://www.facebook.com/munsonhealth, noting that online search results and unofficial sources may be inaccurate or outdated.

She shared an example of an individual who recently arrived at the health center at 6 a.m. to use the pharmacy after an AI-generated search result incorrectly indicated that the pharmacy opened at that time.

“Please, if you have questions or need information, use our official sources for the most accurate information,” Bilderback said.

Many retirees age 65 and older receive their routine and specialty health care from civilian TRICARE-network providers in the surrounding community because their evolving health care needs may require access to a broader range of specialty services and clinicians with expertise in caring for older adults. Retiree Appreciation Day provided an opportunity to review resources available to them through Munson, including pharmacy services and the Armed Forces Wellness Center.

During the event, Munson team members offered blood pressure checks and oral health screenings and shared information about mental health resources. Representatives also discussed services available through the Armed Forces Wellness Center, which eligible retirees may use for health coaching, body composition testing and other wellness support.

Munson also provided a limited number of seasonal influenza vaccinations during the event. The high-dose influenza vaccine intended for beneficiaries age 65 and older had not yet arrived, but team members administered the standard-dose vaccine to eligible participants younger than 65 and to others when medically appropriate.

Retirees and their eligible family members who would still like to receive a flu vaccine may attend one of Munson’s upcoming outreach events at Frontier Chapel, located at 625 Thomas Ave., Fort Leavenworth:

Oct. 2, noon to 4 p.m.

Oct. 16, noon to 4 p.m.

Oct. 27, 2 to 6 p.m.

Nov. 6, noon to 4 p.m.

Nov. 20, noon to 4 p.m.

Munson will notify the community when the high-dose vaccine for beneficiaries age 65 and older and those with certain chronic conditions becomes available.

The health fair reflected Munson’s continued commitment to helping retirees and their families remain connected to the military health resources and benefits they have earned.",https://d1ldvf68ux039x.cloudfront.net/thumbs/photos/2609/9971291/1000w_q95.jpg,N,0.0,2026-09-30 00:56:10.102601,review,uncertain_relevance;conflicting_relevance_scores,Pharmacy,0.14725276827812195,0.16152048110961914,0.4949173927307129,0.0589299201965332,source_domain_rule,"{""Pharmacy"": 0.4949173927307129, ""Vaccines"": 0.4359874725341797, ""GLP-1"": 0.4316098093986511, ""Commentary"": 0.31831738352775574, ""Dental"": 0.23010647296905518, ""ABA"": 0.2002297192811966, ""News"": 0.1668645590543747, ""Access to Care"": 0.09425511956214905, ""Open Season"": 0.06779614835977554, ""Contracting"": 0.06565630435943604, ""Other"": 0.05104701220989227, ""T5"": 0.0447322316467762, ""Research"": 0.03670046478509903, ""MSO/VSO"": 0.029897097498178482, ""Oversight"": 0.02673645131289959, ""Congress"": 0.026062186807394028, ""Shutdown"": 0.012586992233991623}",not_used_in_historical_tricare_reports,f8b50aa724c1cca62b47f8b38b1557d4ec7bb26cef0a8c16cd552443d996e4a9,
,,2026-09-30 01:10:38+00:00,The Carlson Law Firm,TRICARE After Divorce: What Military Spouses Should Know | The Carlson Law Firm,Andrew Lauck,Commentary,,,,https://www.carlsonattorneys.com/tricare-after-divorce/,"Two rules are especially important for military spouses facing divorce: The 20/20/20 Rule and the 20/20/15 Rule.
The 20/20/20 Rule A former spouse can remain eligible for TRICARE if: The marriage lasted at least 20 years.
Determining whether the 20/20/20 or 20/20/15 rule may apply.
Military families evaluating the financial impact of divorce could also benefit from understanding how military allowances and compensation are treated during divorce.
How The Carlson Law Firm Helps Military Families Military divorce often involves questions that extend beyond child custody and property division.","For many military spouses, one of the biggest concerns during divorce is whether they'll lose their health insurance. The answer depends on several factors, including the length of the marriage, the service member's military career and how long the marriage overlapped with creditable military service.

For most former spouses, TRICARE eligibility ends when the divorce becomes final. However, some former spouses may remain eligible under federal rules that provide continued coverage after divorce.

Understanding how TRICARE eligibility may change before finalizing a divorce can help military families make informed decisions and prepare for potential changes in health coverage.

Does Divorce Automatically End TRICARE Coverage?

For most former spouses, yes. TRICARE states that a former spouse's benefits generally end on the date of divorce or annulment unless the former spouse meets specific eligibility requirements. Separation alone does not end a spouse's TRICARE eligibility.

Two rules are especially important for military spouses facing divorce: The 20/20/20 Rule and the 20/20/15 Rule. Eligibility can change based on circumstances, including remarriage or coverage under an employer-sponsored health plan. Military spouses should verify their individual eligibility instead of assuming coverage will continue after divorce.

The 20/20/20 Rule

A former spouse can remain eligible for TRICARE if:

The marriage lasted at least 20 years.

The service member completed at least 20 years of creditable service toward retirement pay.

At least 20 years of the marriage overlapped with that creditable military service.

A qualifying former spouse may continue receiving TRICARE benefits as long as the eligibility requirements continue to be met.

The 20/20/15 Rule

A former spouse could qualify for temporary TRICARE coverage when:

The marriage lasted at least 20 years.

The service member completed at least 20 years of creditable service toward retirement pay.

At least 15 years of the marriage overlapped with creditable military service.

For divorces occurring on or after Sept. 29, 1988, qualifying former spouses generally remain eligible for TRICARE for one year from the date of divorce or annulment.

When Should Military Families Start Planning?

Health insurance is one of several financial issues that should be addressed early in a military divorce. Before finalizing a divorce, consider:

Reviewing current TRICARE eligibility.

Determining whether the 20/20/20 or 20/20/15 rule may apply.

Understanding when current coverage could end.

Exploring alternative health insurance options if necessary.

Gathering information about other military benefits that may be affected.

After a divorce is finalized, the sponsor must update the Defense Enrollment Eligibility Reporting System (DEERS). Former spouses who qualify for continued TRICARE coverage also need to establish their eligibility under their own record.

What Other Military Benefits May Change?

TRICARE is only one benefit military families may need to consider. Depending on the circumstances, divorce can also raise questions involving:

Commissary privileges

Exchange privileges

Military identification cards

Survivor Benefit Plan elections

Housing allowances

Military retirement benefits

Looking at these benefits together can help give families a more complete understanding of how divorce may affect their long-term financial planning, including how military retirement benefits may be divided in a Texas divorce.

Military families evaluating the financial impact of divorce could also benefit from understanding how military allowances and compensation are treated during divorce.

What if You No Longer Qualify for TRICARE?

Losing TRICARE does not necessarily mean a former spouse immediately loses health insurance. Depending on eligibility and individual circumstances, options may include:

Continued Health Care Benefit Program (CHCBP) coverage

Health insurance through an employer

Coverage through the Health Insurance Marketplace

Other available private or public health plans

CHCBP provides temporary premium-based coverage for certain people who lose TRICARE eligibility. Qualifying former spouses generally must purchase CHCBP within 60 days of losing TRICARE coverage, making it important to investigate this option before or immediately after a divorce becomes final.

Military spouses preparing for a change in coverage may also want to gather medical records, understand prescription needs and compare future insurance costs before existing coverage ends.

What Happens to Children's TRICARE After Divorce?

Divorce generally does not end TRICARE eligibility for the service member's biological or adopted children. However, stepchildren who were not adopted by the service member can lose their TRICARE eligibility when the divorce becomes final.

Custody arrangements and where children will live can also affect which TRICARE plan makes the most sense after divorce. Parents should review children's coverage separately from the former spouse's eligibility.

Why Planning Ahead Matters

Decisions about health insurance are part of the broader financial issues involved in a military divorce. When evaluating future medical coverage, military families should also understand:

Child support obligations

Military retirement benefits

Housing allowances

Property division

Parenting responsibilities

Looking at these issues together may help families prepare for life after divorce instead of addressing each issue separately.

How The Carlson Law Firm Helps Military Families

Military divorce often involves questions that extend beyond child custody and property division. Understanding how divorce may affect TRICARE, military benefits and future financial planning can help families make decisions before finalizing a divorce.

The Carlson Law Firm works with military families throughout Fort Hood, Killeen, Temple, Copperas Cove and Central Texas. Our family law attorneys help military spouses and service members better understand how Texas law and military regulations can affect divorce and related benefits.",https://www.carlsonattorneys.com/wp-content/uploads/2026/09/tricare-after-divorce-military-spouses.png,N,0.0,2026-09-30 00:56:14.649724,review,uncertain_relevance;uncertain_category,Commentary,0.5800296068191528,0.02451230399310589,0.49963515996932983,0.016531705856323242,zero_shot,"{""Commentary"": 0.49963515996932983, ""Vaccines"": 0.4831034541130066, ""Contracting"": 0.3533049523830414, ""Pharmacy"": 0.26633620262145996, ""Dental"": 0.24930721521377563, ""News"": 0.2085701823234558, ""Other"": 0.16371694207191467, ""Open Season"": 0.13348932564258575, ""ABA"": 0.13077329099178314, ""GLP-1"": 0.1232648566365242, ""Access to Care"": 0.1078314259648323, ""T5"": 0.10300619900226593, ""Oversight"": 0.0745202824473381, ""Congress"": 0.06679726392030716, ""Research"": 0.061177756637334824, ""MSO/VSO"": 0.05404873564839363, ""Shutdown"": 0.027129041031003}",not_used_in_historical_tricare_reports,fc0dedafe33ae150d426c129ba4b6b5a4b0797e90a72df0037090a84bab5ca28,
,,2026-09-29 23:17:56+00:00,App Store,USAMRIID Biodefense - App Store,Defense Health Agency,Vaccines,,,,https://apps.apple.com/ca/app/usamriid-biodefense/id6765510316,"The developer, Defense Health Agency, indicated that the app’s privacy practices may include handling of data as described below.
For more information, see the developer’s privacy policy .
To help you better understand the developer’s responses, see Privacy Definitions and Examples .
Privacy practices may vary, for example, based on the features you use or your age.
Learn More Data Not Collected The developer does not collect any data from this app.","The developer, Defense Health Agency, indicated that the app’s privacy practices may include handling of data as described below. This information has not been verified by Apple. For more information, see the developer’s privacy policy .

To help you better understand the developer’s responses, see Privacy Definitions and Examples .

Privacy practices may vary, for example, based on the features you use or your age. Learn More

Data Not Collected

The developer does not collect any data from this app.",https://is1-ssl.mzstatic.com/image/thumb/PurpleSource211/v4/c8/0e/f6/c80ef6c3-0664-6984-c832-14dcbfcf33d5/Placeholder.mill/1200x630wa.jpg,N,0.0,2026-09-30 00:56:18.162255,review,uncertain_relevance;uncertain_category,Vaccines,0.2860460877418518,0.004672138951718807,0.3321211338043213,0.1332077831029892,zero_shot,"{""Vaccines"": 0.3321211338043213, ""News"": 0.1989133507013321, ""Access to Care"": 0.15520130097866058, ""Contracting"": 0.13435481488704681, ""MSO/VSO"": 0.10799075663089752, ""Commentary"": 0.08089683204889297, ""Research"": 0.071983702480793, ""Oversight"": 0.04678158834576607, ""Pharmacy"": 0.04022809490561485, ""T5"": 0.0195743590593338, ""Congress"": 0.015999961644411087, ""Open Season"": 0.008464882150292397, ""Other"": 0.00799480825662613, ""GLP-1"": 0.006552909500896931, ""Shutdown"": 0.0062654209323227406, ""Dental"": 0.005962135270237923, ""ABA"": 0.0044158403761684895}",not_used_in_historical_tricare_reports,5f987df8ac5a86242e5d5c1262c259d5f7fda9e1d6fdbcea184b1e6cf951062a,
,,2026-09-29 19:45:02+00:00,www.ababnews.com,Texas Clinic Owner Convicted of Defrauding Military Healthcare of $26 Million - ABAB News,ABAB News,Access to Care,,,,https://www.ababnews.com/news/59611a61-c10b-43e1-aff4-c448d934a90f,"Texas licensed counselor Kevin D. Curry was found guilty by a federal jury in Fort Worth.
Prosecutors stated he falsely billed the military healthcare TRICARE for transcranial magnetic stimulation treatments through three clinics, claiming over $26 million, while only about $17 million was actually paid out.
To create billable treatment consent, he paid over $5.5 million in kickbacks to active-duty military personnel, veterans, and their families.
This parallels the North American federal healthcare arbitrage chain where difficult-to-verify projects are easily turned into assembly lines.
The mechanism is that military healthcare must cover mental health, with verification lagging behind multiple clinics and interstate billing, while kickbacks rewrite patients from being sick to becoming channels.","Texas licensed counselor Kevin D. Curry was found guilty by a federal jury in Fort Worth. Prosecutors stated he falsely billed the military healthcare TRICARE for transcranial magnetic stimulation treatments through three clinics, claiming over $26 million, while only about $17 million was actually paid out.

Curry, 64, operated Acuity TMS of Plano, Acuity TMS of Fort Worth, and Emerald Coast TMS of Fort Walton Beach in Florida. The charges spanned from September 2022 to the end of 2025. He is not a physician but presented himself as one to patients and used real doctors' credentials without their knowledge, instructing staff to forge treatment records.

To create billable treatment consent, he paid over $5.5 million in kickbacks to active-duty military personnel, veterans, and their families. Some recipients did not meet the criteria for TMS, and some never received treatment. TMS is used for severe depression and stimulates nerve cells using magnetic fields. The jury found him guilty of three counts of healthcare fraud, three counts of illegal kickbacks, and three counts of money laundering. Each count carries a maximum sentence of ten years, with sentencing dates yet to be determined.

The illicit funds were used for luxury hotels, expensive furniture, casino-themed parties for employees and beneficiaries, and a gold-plated Tesla Cybertruck. The Department of Justice stated the vehicle costs over $100,000; FBI seizure documents valued the 2024 model at approximately $73,230. The vehicle was seized on January 21, 2026, with about $200,000 in recovered assets, including approximately $136,000 in cash. The Department of Justice released a photo of the vehicle.

The buying side was driven by kickbacks and beneficiaries whose bills were paid by federal programs; the selling side involved packaging high-priced neurostimulation projects into the TRICARE clinic network. Funds flowed from the Department of Defense healthcare to clinic accounts, then into hotels, parties, and vehicles. The event was driven by federal prosecution and guilty verdicts, not market transactions. Beneficiaries include prosecutors who have seized some assets; the burden falls on military families' healthcare that was exploited and the doctors whose names were misused.

Source: Public Information

Curry did not invent new therapies but embedded existing, high-reimbursement TMS into military family channels. Clinics were established in military-populated North Texas and Florida's Walton Beach, first addressing ""who qualifies for payment by the plan,"" then using kickbacks to resolve ""who is willing to sign the bills."" Misusing doctor credentials and falsifying medical records was to ensure the reimbursement system would still pay out without real physician oversight.

The capital path is short: TRICARE pays per project, clinics treat kickbacks as customer acquisition costs, with the remainder going to personal consumption. $5.5 million bought traffic, $17 million returned, with the difference becoming a lifestyle. This parallels the North American federal healthcare arbitrage chain where difficult-to-verify projects are easily turned into assembly lines.

Similar precedents include opioid prescription mills, genetic testing kickbacks, and compound pharmacy scams—all exploiting federal or employer plans as deep pockets, treating patients as billing vehicles. The industry remains in an expansion phase of payment loopholes rather than breakthroughs in treatment technology. The gold-plated pickup became a prosecutor's exhibit because luxury items are more visible to juries than medical records.

This reflects a misalignment of pricing power before regulatory changes. Treatment prices are determined by reimbursement schedules, not efficacy; whoever can control both customer acquisition and coding can bill for a magnetic stimulation session far exceeding costs. The mechanism is that military healthcare must cover mental health, with verification lagging behind multiple clinics and interstate billing, while kickbacks rewrite patients from being sick to becoming channels. The guilty verdict recovers symbolic items, not the majority of payments already spent.",https://www.ababnews.com/news/59611a61-c10b-43e1-aff4-c448d934a90f/opengraph-image,N,0.0,2026-09-30 00:56:24.043220,review,uncertain_relevance;conflicting_relevance_scores;uncertain_category,Access to Care,0.021892135962843895,0.002606927417218685,0.42236676812171936,0.26469311118125916,zero_shot,"{""Access to Care"": 0.42236676812171936, ""Vaccines"": 0.1576736569404602, ""Contracting"": 0.14337454736232758, ""News"": 0.12908117473125458, ""ABA"": 0.10387052595615387, ""MSO/VSO"": 0.09763967245817184, ""T5"": 0.06887722760438919, ""Pharmacy"": 0.0582258403301239, ""Commentary"": 0.0563570037484169, ""Oversight"": 0.047198183834552765, ""Open Season"": 0.02480386570096016, ""Congress"": 0.024676613509655, ""Other"": 0.0105449128895998, ""Research"": 0.008852244354784489, ""Shutdown"": 0.00795772299170494, ""GLP-1"": 0.007806889712810516, ""Dental"": 0.0015250109136104584}",not_used_in_historical_tricare_reports,bfb5d4436852963183444f99e397d09e6715bba7a93de391dc2507ea4c4ccab1,
,,2026-09-29 20:02:05+00:00,www.marithealth.com,"Family Medicine Physician at Defense Health Agency - Beaufort, SC",Not Available,Vaccines,,,,https://www.marithealth.com/jobs/a3702457-7394-4274-b1a4-942b597f2011,"Defense Health Agency is looking to hire a Family Medicine Physician in Beaufort, SC ... Military Health System. DHA oversees military hospitals, ...",Not Available,,N,0.0,2026-09-30 01:56:37.766765,review,uncertain_relevance;uncertain_category,Vaccines,0.27145513892173767,0.014168239198625088,0.1757616102695465,0.09145700186491013,zero_shot,"{""Vaccines"": 0.1757616102695465, ""News"": 0.08430460840463638, ""Research"": 0.05568447709083557, ""MSO/VSO"": 0.0432363785803318, ""Commentary"": 0.02814776450395584, ""Pharmacy"": 0.026738492771983147, ""Contracting"": 0.02662072703242302, ""Access to Care"": 0.02366521954536438, ""Oversight"": 0.018641537055373192, ""Other"": 0.014388848096132278, ""T5"": 0.007775566074997187, ""GLP-1"": 0.007621126715093851, ""Dental"": 0.007416361942887306, ""Congress"": 0.0062304092571139336, ""ABA"": 0.004407838452607393, ""Open Season"": 0.0030471778009086847, ""Shutdown"": 0.0013456018641591072}",not_used_in_historical_tricare_reports,c641ad526734c167da2950ac8719269fbbecac074e9e1ad53a6e202c88ce8260,
,,2026-09-29 21:07:26+00:00,martinspoint.org,TRICARE Prior Authorization Request Form for - perfluorohexyloctane 100% ophthalmic (Miebo),Not Available,Pharmacy,,,,https://martinspoint.org/-/media/providers/documents/tricare-prior-authorization-forms_1222/m-to-n/miebo-prior-authorization-form.pdf,STOP. Coverage not approved. 6. Has the patient tried and failed AT LEAST ONE month of. ONE ocular lubricant used at optimal dosing and.,Not Available,,N,0.0,2026-09-30 02:56:05.200825,review,uncertain_relevance,Pharmacy,0.31320810317993164,0.000468129146611318,0.631449818611145,0.44882024824619293,zero_shot,"{""Pharmacy"": 0.631449818611145, ""Vaccines"": 0.1826295703649521, ""Access to Care"": 0.12574219703674316, ""News"": 0.10503140091896057, ""Contracting"": 0.06104419752955437, ""MSO/VSO"": 0.05535561963915825, ""Commentary"": 0.04468455910682678, ""Research"": 0.037021320313215256, ""Oversight"": 0.029466738924384117, ""GLP-1"": 0.02560153603553772, ""Open Season"": 0.011251915246248245, ""T5"": 0.00794669147580862, ""Other"": 0.005037900060415268, ""Dental"": 0.003604672383517027, ""Congress"": 0.0034815503749996424, ""ABA"": 0.0030611101537942886, ""Shutdown"": 0.0028159001376479864}",not_used_in_historical_tricare_reports,bbbf70954a1179dbba779e07829ec4bdb5743660053fac29b61d288c1a5bd819,
,,2026-09-30 01:07:56+00:00,KFF Health News,"Come 2027, Veterans Prescribed Psychotropic Substances Must Provide Written Consent",Not Available,Access to Care,,,,https://kffhealthnews.org/morning-breakout/veterans-healthcare-092926/,"Institutes New Consent Requirements For Some Psychiatric Drugs The Department of Veterans Affairs announced new measures on Monday that will require written informed consent by patients before they are prescribed certain psychiatric drugs.
“Claims sharks” charge veterans to prepare and file disability claims, sometimes for far more than the resulting benefits are worth, while promising results.
That is even though federal law requires paid representatives to be accredited and generally bars charging veterans for help with an initial claim.
Licensed professional counselor Kevin Curry, 64, of Frisco, Texas, was found guilty Sept. 24 in Fort Worth of health care fraud, kickbacks and money laundering, according to the Department of Justice.
The jury convicted Curry of three counts of health care fraud, three counts of offering and paying illegal health care kickbacks, and three counts of engaging in monetary transactions in criminal derived property.","The New York Times: V.A. Institutes New Consent Requirements For Some Psychiatric Drugs

The Department of Veterans Affairs announced new measures on Monday that will require written informed consent by patients before they are prescribed certain psychiatric drugs. The shift reflects a growing disenchantment with psychotropic medications that has animated the Make America Healthy Again movement and its chief standard-bearer, Health Secretary Robert F. Kennedy Jr. (Ghorayshi and Jacobs, 9/28)

More news about veterans' healthcare —

Military.com: Ohio Veterans Are Paying 'Claim Sharks' Thousands For VA Benefits They Could Get For Free

Unaccredited companies are reportedly charging Ohio veterans thousands of dollars to file VA disability claims for assistance veterans could receive for free. “Claims sharks” charge veterans to prepare and file disability claims, sometimes for far more than the resulting benefits are worth, while promising results. That is even though federal law requires paid representatives to be accredited and generally bars charging veterans for help with an initial claim. (Gramegna, 9/29)

Military.com: Mental Health Counselor Convicted In $26 Million Tricare Fraud And Kickback Scheme

A jury has convicted the owner of a Texas mental health clinic for a $26 million TRICARE fraud, kickback and money laundering scheme. Licensed professional counselor Kevin Curry, 64, of Frisco, Texas, was found guilty Sept. 24 in Fort Worth of health care fraud, kickbacks and money laundering, according to the Department of Justice. The jury convicted Curry of three counts of health care fraud, three counts of offering and paying illegal health care kickbacks, and three counts of engaging in monetary transactions in criminal derived property. (Mordowanec, 9/29)

In other developments from the Trump administration —

Politico: Vance, RFK Jr. And 'Iron' Mike To Headline MAHA Summit

Vice President JD Vance and Health Secretary Robert F. Kennedy Jr. will speak for the second year in a row Tuesday at an event organized by Kennedy’s Make America Healthy Again allies in Washington. Vance and Kennedy will close the all-day event with a “fireside chat,” according to the agenda. They will talk about MAHA’s “accomplishments, its regulatory reform agenda and its priorities for the year ahead,” according to the organizers. (Paun, 9/28)

AP: Trump Administration Asks Supreme Court To Allow Restrictions On Transgender Inmates' Medical Care

The Trump administration asked the Supreme Court on Monday to let it enforce, for now, restrictions on gender-affirming care in federal prison. The emergency appeal comes after lower courts blocked officials from immediately carrying out the policy adopted after an executive order from President Donald Trump. U.S. District Judge Royce Lamberth ordered the government to continue providing gender-affirming care like hormone therapy. (Whitehurst, 9/28)

The Washington Post: Education Department Officially Scraps Biden-Era Title IX Rules

The Education Department will scrap Biden-era Title IX rules that sought to bolster nondiscrimination protections based on sexual orientation and gender identity, officials announced Monday, marking a return to rules from the first Trump administration. The regulations, initially released in 2020, outline how schools must handle reports of sexual misconduct, including setting a stricter definition for what constitutes sexual harassment and giving more due process rights to those accused. The rules, which take effect Tuesday, will not change much for schools. The Trump administration has been enforcing its own rules, including targeting schools that allow transgender athletes to play on girls’ and women’s sports teams, since the president took office last year. (Lumpkin, 9/28)

ProPublica: This White House Plan Threatens Funding For Disabled Voters

Without Amy Miller, some elderly and disabled people wouldn’t be able to vote. The attorney for Disability Rights Nebraska travels the state, investigating the quality of nursing homes and assisted living facilities. As she reminds the residents how they can report abuse or neglect, she also offers voter registration forms. Last month, she helped a veteran with a traumatic brain injury fill out change-of-address paperwork so he could vote in the upcoming midterm elections. “He 100% knew who he wanted to vote for,” Miller said, but he struggled to write with a pen. (Song, 9/29)

Health news from Capitol Hill —

The Hill: Senate Majority PAC Launches $2M Ad Campaign Targeting Sen. Susan Collins Over Medicaid Cuts

A Democratic super PAC on Monday launched a new ad campaign attacking Sen. Susan Collins (R-Maine) for the closure of about a dozen birthing centers in Maine, arguing she helped enable the massive Medicaid cuts in the One Big Beautiful Bill Act even though she voted against the legislation. The Senate Majority PAC, which supports efforts to establish a Democratic majority in the Senate, announced a $2 million ad campaign to air across Maine, tying her vote to advance the One Big Beautiful Bill Act last year to the closure of birthing centers in Maine. (Choi, 9/28)

Stat: Midterm Election: Washington Insiders See Policy Changes Coming

Health industry leaders, still contending with the new rules of President Trump’s Washington, are about to face another shift. November’s midterm elections are likely to shake up key health policy debates, from Medicaid funding to the price of medication. That’s especially true if Democrats seize control of a chamber of Congress, though any major policymaking would still need Trump’s signature. (Payne, 9/29)",https://kffhealthnews.org/wp-content/uploads/sites/8/2023/04/kffhealthnews-icon.png?w=32,N,0.0,2026-09-30 03:56:07.872443,review,uncertain_relevance,Access to Care,0.6382976770401001,0.09020218253135681,0.8648744225502014,0.1613265872001648,zero_shot,"{""Access to Care"": 0.8648744225502014, ""ABA"": 0.7035478353500366, ""Oversight"": 0.5985614657402039, ""MSO/VSO"": 0.568074107170105, ""T5"": 0.5345464944839478, ""Vaccines"": 0.43625515699386597, ""Other"": 0.4351532757282257, ""News"": 0.384312242269516, ""Commentary"": 0.3272409737110138, ""Pharmacy"": 0.3196355700492859, ""Research"": 0.2874304950237274, ""Congress"": 0.2524314224720001, ""Contracting"": 0.22475124895572662, ""GLP-1"": 0.21409907937049866, ""Open Season"": 0.08733552694320679, ""Shutdown"": 0.05976446717977524, ""Dental"": 0.02484041266143322}",not_used_in_historical_tricare_reports,19119679256e5bc1b41aa7e52d0132494c1ecb15a204ec9e8bb102f00e09f67d,
,,2026-09-30 08:55:24+00:00,Air & Space Forces Association,AFA Grant Supports New Military Families in Nebraska - Air & Space Forces Association,mwendell,News,,,,https://www.afa.org/afa-grant-supports-new-military-families-in-nebraska/,"The Air & Space Forces Association Lincoln Chapter and the Nebraska Air National Guard Family Support Office, with the generous support of an AFA United Forces & Families grant, jointly sponsored a baby shower for recent and expecting parents of the Nebraska National Guard.
The baby shower—held on August 22 in Bellevue, Neb.—directly supported Nebraska Air National Guard members who support critical missions and operations at Offutt Air Force Base.
Recognizing and supporting new and future families is key to retaining members in military units, including the Nebraska Air National Guard, and to ensuring every family member feels part of the service community.
Supporting military families—especially during major life milestones like childbirth—reinforces the vital role families play in mission success.
On behalf of Offutt’s expecting families, the Nebraska Air National Guard and the AFA Lincoln Chapter thank AFA’s United Forces & Families Program and the grant that helped make the event possible and so memorable for the parents.","The Air & Space Forces Association Lincoln Chapter and the Nebraska Air National Guard Family Support Office, with the generous support of an AFA United Forces & Families grant, jointly sponsored a baby shower for recent and expecting parents of the Nebraska National Guard. The baby shower—held on August 22 in Bellevue, Neb.—directly supported Nebraska Air National Guard members who support critical missions and operations at Offutt Air Force Base.

The afternoon provided an enjoyable social environment for the soon-to-be parents, featuring refreshments and the gifting of essential care supplies for newborns. AFA and the Family Support Office also offered educational and wellness resources for the periods before, during, and after pregnancy, including Postpartum Fitness, TRICARE and DEERS information, financial planning, and access to new parent programs.

Recognizing and supporting new and future families is key to retaining members in military units, including the Nebraska Air National Guard, and to ensuring every family member feels part of the service community. Supporting military families—especially during major life milestones like childbirth—reinforces the vital role families play in mission success.

On behalf of Offutt’s expecting families, the Nebraska Air National Guard and the AFA Lincoln Chapter thank AFA’s United Forces & Families Program and the grant that helped make the event possible and so memorable for the parents. Events like these serve as a reminder that to retain a service member, the family must be retained first.",https://www.afa.org/app/uploads/2026/09/Baby-Shower-2026-3-scaled.jpeg,N,0.0,2026-09-30 07:45:04.253268,review,uncertain_category,News,0.8416785001754761,0.014472460374236107,0.3272719979286194,0.0005296170711517334,zero_shot,"{""News"": 0.3272719979286194, ""Commentary"": 0.32674238085746765, ""Pharmacy"": 0.2621511220932007, ""GLP-1"": 0.21400900185108185, ""Access to Care"": 0.19735434651374817, ""Vaccines"": 0.19028107821941376, ""Dental"": 0.1034456267952919, ""T5"": 0.09578285366296768, ""MSO/VSO"": 0.0809573233127594, ""Contracting"": 0.07170816510915756, ""Research"": 0.06120815500617027, ""Open Season"": 0.044742047786712646, ""ABA"": 0.0438498854637146, ""Other"": 0.030464516952633858, ""Oversight"": 0.024351200088858604, ""Congress"": 0.010848683305084705, ""Shutdown"": 0.005758189130574465}",not_used_in_historical_tricare_reports,d664ba3f92e26144291f14e70855501fbb32d764104bd9a08b9aefec54399d82,
