id,name,published,outlet,title,authors,category,market,categoryorder,articleorder,url,description,text,image,error,sentiment,firstEyes
,Congress,2026-09-28 11:51:12+00:00,EarthTimes,Civilian Climate Corps Bill Returns to Congress - EarthTimes,Steven Jones,,,,,https://earthtimes.org/civilian-climate-corps-bill-returns-to/,"The Civilian Climate Corps proposal returned to Congress on September 24, 2026, when Senator Edward J. Markey and Representative Alexandria Ocasio-Cortez reintroduced the Civilian Climate Corps for Jobs and Justice Act.
What The Civilian Climate Corps Bill Would Do Civilian Climate Corps Benefits And Scope The proposal would create service positions connected to climate and community resilience.
The Civilian Climate Corps bill, as described in the research, seeks the broader statutory route.
Civilian Climate Corps Policy Stakes The renewed push for a Civilian Climate Corps reflects a larger question in federal climate policy: whether climate investment should be designed mainly as infrastructure spending, workforce development, community repair, or some combination of the three.
Until then, the Civilian Climate Corps for Jobs and Justice Act remains a significant climate policy proposal awaiting congressional action.","The Civilian Climate Corps proposal returned to Congress on September 24, 2026, when Senator Edward J. Markey and Representative Alexandria Ocasio-Cortez reintroduced the Civilian Climate Corps for Jobs and Justice Act. The confirmed action was legislative reintroduction, not enactment. As of September 28, 2026, the measure remained a proposal, and the research provided does not identify a floor vote, committee vote, enacted appropriation, or signed law.

The bill sits at the intersection of climate policy, labor policy, public service, and environmental justice. Its stated aim is to create a large federal service program administered by AmeriCorps within the Corporation for National and Community Service. The reintroduced measure would focus on work tied to clean energy, climate resilience, environmental remediation, conservation, and sustainable infrastructure, according to the lawmakers’ September 24 announcement on the bill reintroduction.

The scale proposed is substantial: 1.5 million Americans over five years. That number signals a policy ambition beyond a demonstration program, but the legislation still faces the ordinary congressional hurdles of committee review, budget scoring, negotiations, and possible amendment. Until Congress acts, the bill describes a policy design rather than an operating federal program.

What The Civilian Climate Corps Bill Would Do

Civilian Climate Corps Benefits And Scope

The proposal would create service positions connected to climate and community resilience. The work areas described in the research include clean energy deployment, climate adaptation, environmental remediation, conservation, and sustainable infrastructure. Those categories are broad, and the final mix of projects would depend on implementation rules if the measure became law.

The bill also sets minimum worker protections and benefits. Corpsmembers would receive at least $15 per hour, full health coverage, and support services such as housing, child care, and transportation. The inclusion of those supports is significant because service programs can exclude lower-income participants if pay, housing, or caregiving costs make participation unrealistic. The proposed structure attempts to address that barrier directly.

Education benefits are another major part of the design. The research states that the proposal includes grants of $25,000 per year of service, with a maximum of $50,000, which could be used for further education or to pay down student debt. Those benefits would tie short-term service to longer-term career or education pathways. The bill’s backers describe those pathways as connected to good union jobs, though the exact labor-market outcomes would depend on future program rules, employer demand, and congressional funding.

Equity Rules In The Proposal

The proposal contains explicit environmental justice provisions. At least 50% of corpsmembers would come from environmental justice communities, and at least 50% of projects would take place in such communities. Tribal communities would receive 10% of dedicated environmental justice benefits. These provisions are central to the bill’s policy theory: climate investments should not only reduce emissions or repair environmental damage, but also direct employment and public investment toward communities that have been under-resourced.

The wording matters because a statutory target is different from a general preference. If enacted as drafted, agencies would need to translate those targets into eligibility standards, project selection rules, and reporting systems. The research does not provide those administrative details, so the degree of enforceability remains an unresolved implementation question.

How The 2026 Revival Fits Earlier Attempts

The 2023 Senate Bill And Its Status

The 2026 reintroduction followed earlier congressional efforts. In the 118th Congress, the Senate version, S. 2838, was introduced on September 19, 2023, and referred to the Senate Committee on Finance, according to the official GovInfo record. The research states that the 2023 Senate measure did not advance to a vote. That history is relevant because it shows that support from bill sponsors did not translate into completed legislative action in that Congress.

A House companion bill was also introduced in the 118th Congress and expired at the end of that congressional session in December 2025 without enactment, based on the research provided. That means the 2026 action should be read as a renewed legislative effort rather than continuation of a bill already moving toward passage.

The earlier record also explains why advocates had looked outside Congress. In September 2023, legislators urged the Biden administration to create a climate service program through executive action while they continued to press for legislation. That executive route produced the American Climate Corps, described in the research as an initiative intended to train and deploy 20,000 service members for clean energy and climate resilience jobs. The American Climate Corps was modeled in part on the same concept, but at a far smaller scale than the statutory proposal.

Executive Action Versus Legislation

The difference between an executive initiative and a statute is central to the policy debate. Executive-branch programs can often begin faster when an administration has authority and funding mechanisms available, but they may be limited by existing appropriations and administrative priorities. A law enacted by Congress can define a program in more durable terms, set funding instructions, and impose eligibility rules. It also requires political agreement through the legislative process.

The Civilian Climate Corps bill, as described in the research, seeks the broader statutory route. That would give Congress a direct role in defining the program’s scale, benefits, equity targets, and administrative structure. It would also expose the plan to questions about cost, oversight, labor standards, and the division of responsibilities between AmeriCorps, other agencies, states, tribes, local governments, and community organizations.

The Policy Questions Still Unresolved

Scale, Cost And Administrative Capacity

The proposed scale of 1.5 million participants over five years raises practical questions. Recruiting, training, placing, supervising, paying, and supporting that many corpsmembers would require a large administrative system. The proposal assigns administration to AmeriCorps within the Corporation for National and Community Service, but the research does not provide a full operational plan for staffing, project approval, local coordination, or auditing.

Cost is another unresolved issue. The research notes that estimates for an earlier 2021 version of the concept were near $132 billion over five years, with projected per-corpsmember costs ranging from $40,000 to $70,000 depending on benefits, training, and education stipends. Those figures relate to earlier proposals and should not be treated as a final score for the 2026 bill. A current official budget estimate would be needed to assess the reintroduced legislation as written.

The benefits package is also central to cost and access. Pay, health coverage, housing, child care, transportation, and education grants would make service more accessible to people who could not afford a low-paid or unpaid program. Those same features would increase federal spending compared with a smaller service model. That tradeoff is a policy choice Congress would need to address through hearings, appropriations, or amendments.

Public Communication And Legislative Clarity

Public understanding of the proposal depends on clear distinctions between what exists now and what has only been proposed. The American Climate Corps was an executive-branch initiative described in the research as training and deploying 20,000 service members. The 2026 bill proposes a much larger statutory program. Confusing those two can lead readers to assume that Congress has already created the larger program, which the research does not support.

That distinction is especially relevant for climate policy reporting, where bill names, agency programs, and campaign promises can sound similar. Careful civic communication, including coverage from related public-affairs outlets such as policy communication coverage, can help separate enacted programs from pending proposals.

The confirmed status as of September 28, 2026, is narrow but clear: the measure was reintroduced on September 24, 2026. Its proposed benefits, workforce size, and equity targets are part of the legislative text or supporting materials described in the research. Its passage, funding level, administrative rules, and final program design remain unresolved.

Civilian Climate Corps Policy Stakes

The renewed push for a Civilian Climate Corps reflects a larger question in federal climate policy: whether climate investment should be designed mainly as infrastructure spending, workforce development, community repair, or some combination of the three. The bill’s structure points to the combination model. It would link climate-related work with paid service, education grants, support services, and targeted investment in environmental justice communities.

That approach has policy strengths and risks. A national service model could help connect young workers and career-changing adults with climate-related fields. It could also direct labor toward communities facing environmental burdens. Yet a large program would need credible oversight, clear project standards, measurable outcomes, and stable funding. Without those elements, a broad mandate could become hard to evaluate.

The legislative record also shows the limits of proposal-based policymaking. The 2023 Senate bill was introduced and referred to committee but did not receive a vote, according to the research. The 2026 reintroduction restarts the debate, but it does not settle it. The next meaningful indicators would be formal committee action, a public cost estimate, amendments, appropriations language, or a recorded vote. Until then, the Civilian Climate Corps for Jobs and Justice Act remains a significant climate policy proposal awaiting congressional action.",https://earthtimes.org/wp-content/uploads/2026/09/cf-1790594013.jpg,N,,2026-09-28 08:09:07.352374
,Clean Energy ,2026-09-28 11:21:34+00:00,www.bbc.com,Offshore wind plant to bring jobs boost to Montrose - BBC,BBC News,,,,,https://www.bbc.com/news/articles/cq62jyk4ekp7o,"An offshore wind turbine facility is to be created at the Port of Montrose, supporting about 80 jobs.
The factory, which will make components for off-shore wind turbines, is to be run by engineering firm Subsea Micropiles following a £5m investment.
Subsea Micropiles, which has offices in Ireland and Aberdeenshire, already has an operations base at the Port of Montrose.
The firm's new facility is expected to make parts for wind turbines in Scottish waters, and for international markets.
Swinney said: ""Scotland is already recognised as being at the forefront of floating offshore wind development.","An offshore wind turbine facility is to be created at the Port of Montrose, supporting about 80 jobs.

The factory, which will make components for off-shore wind turbines, is to be run by engineering firm Subsea Micropiles following a £5m investment.

A further £6.7m is being provided by the state-owned Scottish National Investment Bank, with Scottish Enterprise also pledging £1.45m.

First Minister John Swinney, during a visit to the site in Angus, said it would help ensure ""benefits of the energy transition are retained in Scotland"".

He also welcomed an announcement from SSE that the Port of Montrose is its preferred location for an operations base for the Berwick Bank B offshore wind farm, which is expected to create a further 100 jobs.

The Berwick project, set to be one of the largest offshore wind farms in the world, will see up to 307 turbines generating enough electricity to power up to six million homes.

Subsea Micropiles, which has offices in Ireland and Aberdeenshire, already has an operations base at the Port of Montrose.

The firm's new facility is expected to make parts for wind turbines in Scottish waters, and for international markets.

Chief executive Derek Robertson said: ""Scotland has become an important base for our growth.

""We rely on the deep pool of talent, skills and offshore experience here to develop our technology, services and expand into a global market.

He added that the company's products ""can be manufactured locally, with the potential to retain significant economic benefit in Scotland through engineering, vessel services and offshore supply chain"".

Swinney said: ""Scotland is already recognised as being at the forefront of floating offshore wind development.

""The investment behind today's announcements is a strong vote of confidence in the sector and in the skilled workforce, innovation and expertise that exists here.

""Subsea Micropiles' commitment to expand at the Port of Montrose will help ensure more of the economic benefits of the energy transition are retained in Scotland, creating high-quality jobs in Angus and the North East, supporting local businesses and strengthening our industrial capabilities.""",https://ichef.bbci.co.uk/news/1024/branded_news/cf9b/live/59e4dbe0-bb29-11f1-bd21-bdf910f2cec6.jpg,N,,2026-09-28 08:08:18.421598
,Clean Energy ,2026-09-28 11:04:18+00:00,www.nytimes.com,Opinion | Our Power Grid Is Vulnerable. This Is How to Protect It. - The New York Times,,,,,,https://www.nytimes.com/2026/09/28/opinion/power-grid-national-security.html,The Trump administration should build a stronger alliance with clean energy companies in spite of its culture war with them ... Jobs · Video ...,Not Available,,Y,,2026-09-28 08:08:21.082989
,Texas Environment,2026-09-28 11:03:25+00:00,ImpactAlpha,"The Brief: The power of place in Galveston, Texas - ImpactAlpha",ImpactAlpha,,,,,https://impactalpha.com/the-brief-the-power-of-place-in-galveston-texas/,"In today’s Brief: The power of place in Galveston, Texas Perpetual funding for community development in southeast Alaska Grocery stores in Boston transition to employee ownership Expanding access to finance to expand access to housing Featured: Power in Place Power of place drives impact in a national movement of overlooked cities like Galveston.
BOI energy, for “born on island,” is rebuilding Galveston, Texas, house by house, park by park and one small business at a time.
Build Galveston, Vision’s community development arm, has mobilized at least $2 million of a planned $5 million for The Galveston Essential Workforce Housing Fund.
Texas impact capital.
Community capital.","Greetings Agents of Impact!

In today’s Brief:

The power of place in Galveston, Texas

Perpetual funding for community development in southeast Alaska

Grocery stores in Boston transition to employee ownership

Expanding access to finance to expand access to housing

Featured: Power in Place

Power of place drives impact in a national movement of overlooked cities like Galveston. BOI energy, for “born on island,” is rebuilding Galveston, Texas, house by house, park by park and one small business at a time. Local leaders like Christine Bryant and Pastor Shirlyn Thomas have spent years stitching the storm-battered island back together, doing the unglamorous work of organizing residents, mentoring entrepreneurs, and building trust and investable projects that may just convince fleeing capital to stay in southeast Texas. Earlier this month, reinforcements arrived. The roving conference, Neighborhood Economics, and its national network of investors, church leaders and capital innovators, plus a freshly launched Texas Impact Capital Alliance, came to Galveston this month with a message: This has worked in our cities and it can work in yours. “We are designed to connect the wishes of Galvestonians to resources and make things happen,” said Bryant, who leads the local collaborative Vision Galveston.

Born on island. Vision Galveston formed in 2021 out of a nine-month community planning project that involved more than 8,500 residents developing a collective vision for the city’s future. The once prosperous island and birthplace of Juneteenth, where word finally reached Texas in 1865 that slavery had ended, has suffered decades of disinvestment and displacement, even as its culture and history remain intact. Build Galveston, Vision’s community development arm, has mobilized at least $2 million of a planned $5 million for The Galveston Essential Workforce Housing Fund. Incubate Galveston, powered by business builder Mortar, has graduated nearly 50 small business owners. A new Doers and Dreamers Fund will provide microloans to Galveston entrepreneurs that have completed Mortar’s business accelerator.

Fast, fearless and flexible. That energy isn’t unique to Galveston. Across the country, leaders in cities such as Cincinnati, Kansas City and Philadelphia are creating and sharing their own solutions. In Kansas City, LocalCode is tapping capital from charitable giving accounts known donor-advised funds, or DAFs, to deploy as low-interest loans and loan guarantees that leverage private capital to finance a pipeline of over $250 million in regenerative real estate from Black and Brown developers on the city’s east side. LocalCode’s Jeff Mendelsohn said DAFs represent “the biggest balance sheets in the country right now that can afford the type of return” required to unlock conventional capital for such deals.

Texas impact capital. As Galveston and other communities in Texas mobilize the supply of projects that deliver improved social and environmental outcomes, foundations, banks, healthcare institutions in the state are signaling increased demand for such investments. This summer, the Episcopal Health Foundation and Philips Foundation, working alongside the Federal Reserve Bank of Dallas, launched the Texas Impact Capital Alliance to bring more investment to projects that improve health and strengthen communities across Texas. Philips Foundation’s Kate Knight said the collaborative’s first investment vehicle will likely be “the least sexy investment opportunity you can imagine that is impactful in Texas.” Added David Erickson of the New York Fed, “Capital is not scarce, it’s scared. You can make your community, your neighborhood, investment ready. You can attract that capital if you’re organized.”

Keep reading, “Power of place drives impact in a national movement of overlooked cities like Galveston,” by Dennis Price.

Lessons for capital systems from a traveling greenhouse in southeast Alaska. “Moby, the mobile greenhouse, began traveling the Alaska Marine Highway in 2015 with a dream to set communities on the path to pursue new local food system solutions,” according to Kaylah Duncan of Spruce Root, a Native-founded nonprofit community development financial institution. The greenhouse carried plants, equipment and a curriculum from one community to another. The Yakutat Tlingit Tribe, for example, expanded a market-garden campus with a large greenhouse, hoop houses, berry production, composting, workforce development and traditional food knowledge. Situated at the end of a barge route, the Yakutat community knows how far food has to travel. “To shift the purpose of a system, you also have to shift who has the power to determine how resources flow, what takes priority, who matters and what is counted as a good outcome,” Duncan tells Spruce Root’s Alana Peterson and AlTi’s Brad Harrison in a post on ImpactAlpha.

Community capital. This week’s Agents of Impact Call (RSVP) will explore what capital can enable “by giving communities the resources, authority and time to build a future of their own making,” as Peterson and Harrison put it. To propel projects like Moby, it took an Indigenous-led coalition, the Sustainable Southeast Partnership, along with Spruce Root and an innovative perpetual fund. The Seacoast Trust’s perpetual fund provides the base layer of stability. “A community is not a portfolio of transactions,” the authors write, “but rather a living field of relationships, with memories of trust and distrust, reciprocity and extraction, and often both promise and disappointment.”

Perpetual funding. The Seacoast Trust, now with $32 million in assets, is a perpetual funding source for the Sustainable Southeast Partnership, which promotes the collective well-being and economic prosperity of Alaska Native tribes stewarding the coastal temperate rainforest. The Seacoast team, board and investment committee work with AlTi as investment advisor to balance financial resilience today with the ambition to create lasting impact over generations. The fund’s portfolio has expanded from global markets into decarbonization technologies, nature-based solutions and private investments, and plans to include place-based investments in Southeast Alaska. “As the people of Southeast Alaska say, ‘You cannot control the wind, but you can control your anchor,’” the authors write. The most durable return of all, they say: “Capital that not just performs but also holds a place, a people and a future together.”

Keep reading, “Lessons for capital systems from a traveling greenhouse in southeast Alaska,” by Spruce Root’s Alana Peterson and AlTi’s Brad Harrison.

Join The Call. Spruce Root’s Alana Peterson will explore this model of Indigenous-led investing with Sealaska’s former CEO Anthony Mallott, Ian Johnson of the Hoonah Indian Association, and AlTi’s Brad Harrison, and ImpactAlpha’s David Bank, Wednesday, Sept. 30, at 9am Alaska / 10am PT / 1pm ET. RSVP.

Dealflow: Ownership Economy

🛒 Family-owned grocer Tropical Foods goes employee-owned with Apis & Heritage financing. Roughly 100 workers have just become the new owners of Tropical Foods, a grocery retailer based in Boston’s Roxbury neighborhood that’s been owned by the same family for three generations. Apis & Heritage Capital Partners, investing out of its second employee-led buyout fund, provided financing to transition the company’s ownership to its workers, who serve more than 13,000 weekly customers in the greater Boston metropolitan area. “Tropical Foods is exactly the type of company we seek to partner with through our employee ownership strategy,” Todd Leverette of Apis & Heritage said in a statement. “The company has built an exceptional reputation over the past five decades by serving its community, creating jobs, and offering products that reflect the diversity of Greater Boston.”

Keep reading.

In other impact deal news:

🧑🏽‍🌾 Farm to table. New York-based Farm to People raised its first funding round since launching its fresh produce delivery service 13 years ago. The company secured $5 million in a round led by New Fare Partners, a women-led venture fund for food startups. Farm to People partners with small farms in the US and aggregates, boxes and delivers their produce for New York households. With the new funding, it will establish an aggregation facility in the Bronx next year. (The New York Times)

🏡 Retail impact. Cooperative investment company Kachuwa Impact Fund raised $4.2 million from new and existing members. The Colorado-based public benefit corporation manages an evergreen impact fund that invests in real estate and private companies (see, “Making co-ops work for investors, too”). It has more than 360 members, including 55 new members who joined the latest equity fundraising round. About 30% of members are non-accredited investors. (Kachuwa Impact Fund)

🌴 Catalytic capital. London-based Impact Earth launched a warehousing facility for nature-based projects in Latin America and Southeast Asia while it raises its Tropical Resilience Fund. The warehousing facility is supported by UNEP’s Restoration Seed Capital Facility and Porticus’ Good Energies Foundation. The Tropical Resilience Fund was incubated and supported by the Global Innovation Lab for Climate Finance, Convergence Blended Finance and the International Climate Finance Accelerator. (Impact Earth)

Impact Voices: Investing in America

Build more homes. Finance them better. America’s housing supply is short by about five million homes. “We need to build,” contributing Antony Bugg-Levine writes in his latest Investing in America column. The 21st Century ROAD to Housing Act, which became law in July with overwhelming bipartisan support, cuts regulatory barriers, speeds permitting and encourages manufactured and modular housing. As the new housing law fuels supply, Bugg-Levine says, “investors, philanthropy and government need to make sure fair financing reaches the people and projects that can make that housing affordable and widely owned.” America has reinvented housing finance before, including in the 1930s with the development of the long-term, fixed-rate, amortizing loans that later became the standard 30-year mortgages, Bugg-Levine recounts. “How can we extend the benefits of our remarkable housing finance system and invent new financing for the people and projects it does not serve well?”

Fair share appreciation. Bugg-Levine’s book, “Investing in America,” highlights examples of financial innovation in housing, including Homium, which uses a shared appreciation mortgage to help buyers get into the housing market (Bugg-Levine serves as a senior advisor). In Colorado, Gary Community Ventures seeded the Colorado Housing Accelerator Initiative to finance housing for people who earn too much to qualify for subsidized housing but too little to afford high-end apartments. The new housing law seeks to lower the cost of manufactured housing; ROC USA helps residents organize cooperatives to buy the mobile home parks in which they own their homes. Writes Bugg-Levine, “Who gets financing helps determine who gets to own, who builds wealth, which developers can compete for properties, and how far scarce government subsidies can stretch.”

Keep reading, “Build more homes. Finance them better,” by Antony Bugg Levine. Catch up on all of his “Investing in America” columns here.

Agents of Impact: Follow the Talent

Don’t miss these ImpactAlpha partner events, and check out dozens of other in-person gatherings on ImpactAlpha’s events page.

Oct. 12-14: SOCAP, Chicago. Use code ImpactAlpha26 for $100 off.

Oct. 14: Rock Health Summit, San Francisco. Use code IMPACTALPHA_26 for 10% off.

Oct. 26-27: III Peruvian Summit on Impact Investment, Lima.

Oct. 27: Innovative Finance Academy Training Day, Amsterdam.

Oct. 27-29: GIIN Impact Forum, Amsterdam. Use code GIIN26IMAL for 10% off.

LeapFrog Investments adds Virginia Doble, previously with Helios Investment Partners, as partner and head of investor relations… Yann Vaudin of Katapult Ocean joins Asia Ocean Fund as a senior investment associate… Lauren McGregor becomes head of the Net Zero Fund at the National Reconstruction Fund Corp… Canada Development Investment Corp. welcomes Victor Scheibehenne, previously with the Ontario Teachers’ Pension Plan, as vice president of portfolio performance.

Alison Boess, formerly with Finca International, joins Project Equity, supporting the Employee Ownership Catalyst Fund… BerkeleyHass Ventures is recruiting a managing director… Better Society Capital is on the hunt for an investment partnerships and advisory officer in London… Global Partnerships has an opening for an administrative assistant in Colombia.

👉 View (or post) impact investing jobs on ImpactAlpha’s Career Hub.

Thank you for your impact!

– Sept. 28, 2026",http://impactalpha.com/wp-content/uploads/2026/09/shutterstock_1270378291.jpg,N,,2026-09-28 08:09:14.674791
,Texas American Energy ,2026-09-28 11:01:28+00:00,www.wsj.com,U.S. Pressure Is Awakening an Energy Giant in Canada - WSJ,,,,,,https://www.wsj.com/business/energy-oil/u-s-pressure-is-awakening-an-energy-giant-in-canada-162bd958,"Canada's energy inertia has been, in part, market-driven. Rapid U.S. shale growth had pushed oil prices down and stymied Canadian oil sands' growth ...",Not Available,,Y,,2026-09-28 08:09:53.016603
,Texas American Energy ,2026-09-28 10:34:34+00:00,PEI Infrastructure Investor,"The Pipeline: EQT's Middle East move, QIC's N America hire, CAI's battery investment",Infrastructure Investor Staff,,,,,https://www.infrastructureinvestor.com/the-pipeline-eqts-middle-east-move-qics-n-america-hire-cais-battery-investment/,"PEI INFRASTRUCTURE INVESTOR Register to unlock this content Daily global infrastructure news and market intelligence Expertly curated insights that keep you ahead of the market Faster, data-driven decision making powered by our AI interface, 'Ask PEI' Access to proprietary research and reports Selected investor strategy and competitor performance data Register nowFind out more Already have an account?","PEI INFRASTRUCTURE INVESTOR

Register to unlock this content

Daily global infrastructure news and market intelligence

Expertly curated insights that keep you ahead of the market

Faster, data-driven decision making powered by our AI interface, 'Ask PEI'

Access to proprietary research and reports

Selected investor strategy and competitor performance data

Register nowFind out more

Already have an account?",https://media.infrastructureinvestor.com/uploads/2026/09/abu-dhabi.jpg,N,,2026-09-28 08:09:56.672136
,Clean Energy ,2026-09-28 10:29:26+00:00,New York League of Conservation Voters,New CHARGE Agenda and Key Investments Round Out Big Climate Week for Governor Hochul,Press,,,,,https://www.nylcv.org/news/new-charge-agenda-and-key-investments-round-out-big-climate-week-for-governor-hochul/,"As stakeholders convened in New York City for hundreds of events and conversations about energy, transportation, buildings, and more – Governor Hochul announced some big climate action.
Thank Governor Hochul for advancing critical funding and clean energy projects!
“Governor Hochul is using Climate Week to deliver more clean power for New Yorkers,” said Tighe after NYSERDA’s announcement.
Join us in thanking Governor Hochul for these investments and tell her to keep the momentum going!
Now is the time — help us seize the narrative from those seeking to stop our transition to affordable clean energy.","Please consider making a small donation to NYLCV as we work to set the stage for a successful legislative session and more in 2027. Clean here to donate.

As stakeholders convened in New York City for hundreds of events and conversations about energy, transportation, buildings, and more – Governor Hochul announced some big climate action.

Thank Governor Hochul for advancing critical funding and clean energy projects!

Here are the highlights:

The Governor announced a $1 billion investment in the Sustainable Future Fund (SFF) for programs that will save New York families money, reduce building emissions, boost agricultural resiliency, create green jobs, and improve air quality throughout the state.

$500 million dollars for building decarbonization and energy cost savings, including:

$150 Million for EmPower+

$150 million to assist eligible homes with affordable energy-efficient upgrades like heat pumps and weatherization, and more

$50 million for Clean Green Schools

$150 million for utility-scale thermal energy networks.

$200 million for the NY-Sun program and $100 million for NYPA Renewables in order to expand affordable renewable energy.

$25 million for municipal recycling and food waste

$25 million for climate resilient farming and $12.5 million for urban tree canopies

$25 million for land acquisition for state forests and parks, and repairs for public campgrounds, trails, pools, and recreational facilities

The Governor also announced a new Energy Infrastructure Development Plan to “update New York’s energy planning process with an actionable blueprint designed to cut through red tape and match resources with economic growth.”

IT TAKES LESS THAN A MINUTE:

TELL GOV. HOCHUL TO KEEP THE MOMENTUM GOING!

“For too long, our electricity and gas infrastructure planning have been done separately even though they have intersecting impacts,” said NYLCV President Julie Tighe in a statement following the announcement. “The Energy Infrastructure Development Plan will integrate the review of our energy needs and put us on the path to the lowest cost and cleanest options.”

All this and more is part of the Governor’s new Clean, Highly Affordable, Reliable, Grid Expansion (CHARGE) agenda, which is focused on driving down costs, holding energy companies and data centers accountable, building clean energy at scale, modernizing NY’s aging grid, and creating a clean energy economy

“The the $1 billion Sustainable Future Fund, along with a new cross sector energy planning initiative and advancing the new CHARGE initiative – and with projects ranging from climate resilient farms to zero-emission transportation – this investment is a welcome step towards a cleaner, more affordable future,” said Tighe

The Governor and NYSERDA also announced new large-scale renewable energy and energy storage infrastructure projects that total 1.7 gigawatts, including:

Eight contracted bulk energy storage projects – in New York City, Long Island, Hudson Valley, and Western New York – that will add 950 megawatts of new energy storage capacity.

13 awards for new land-based renewable energy projects — wind, hydroelectric and solar — totaling more than 719 MW of renewable capacity – enough to power over 230,000 New York homes annually.These projects will create more than 1,000 jobs and protect families from volatile fossil fuel prices and help keep our electric bills stable.

THIS IS EXACTLY WHAT WE NEED MORE OF: TELL GOV. HOCHUL TO KEEP IT UP!

“Governor Hochul is using Climate Week to deliver more clean power for New Yorkers,” said Tighe after NYSERDA’s announcement. “New York needs more electricity, and solar, wind, and battery storage are the fastest and most affordable ways to get it onto the grid. These projects protect families from volatile fossil fuel price swings and will help keep our electric bills stable.”

Additional funding:

$16.8 million is available through the Climate Resilient Farming Grant Program to help New York farmers reduce air pollution, protect water quality, protect and enhance soil health, and increase on-farm resiliency

$5 million for the development of New York’s clean energy workforce through the DEC’s Environmental Justice Green Jobs for Youth Grants that will support skills training by 20 community-based organizations helping advance green jobs for young New Yorkers

THANK GOVERNOR HOCHUL FOR ADVANCING OUR CLEAN ENERGY FUTURE!

These announcements are a major step toward New York’s clean energy future. Join us in thanking Governor Hochul for these investments and tell her to keep the momentum going!

Now is the time — help us seize the narrative from those seeking to stop our transition to affordable clean energy. They have spent untold dollars trying to sow doubt and instill fear into New Yorkers about rising energy costs, and to have us believe that the only way to keep our economy moving is to rely on fossil fuels.

We can’t let this moment pass. We need your help to ensure its the voices of countless New Yorkers who support homegrown clean energy that are heard – and not the small but loud opposition.",https://www.nylcv.org/wp-content/uploads/55546426233_8466f535ea_c.jpg,N,,2026-09-28 08:08:30.661833
,EVs,2026-09-28 10:26:12+00:00,openPR.com,Electric Vehicle Battery Swapping Market to Hit US$ 22.7 Billion - openPR.com,Transparency Market Research,,,,,https://www.openpr.com/news/4645686/electric-vehicle-battery-swapping-market-to-hit-us-22-7-billion,"Press release - Transparency Market Research - Electric Vehicle Battery Swapping Market to Hit US$ 22.7 Billion by 2035 as Rapid EV Adoption Accelerates Demand for Faster, Smarter Charging Solutions | Latest Report TMR - published on openPR.com",Not Available,https://cdn.open-pr.com/L/9/L928711931_g.jpg,N,,2026-09-28 07:01:12.151698
,EVs,2026-09-28 10:19:46+00:00,openPR.com,Battery Electrolyte Market to Reach USD 54.87 Billion by 2035 - openPR.com,DataM intelligence 4 Market Research LLP,,,,,https://www.openpr.com/news/4645626/battery-electrolyte-market-to-reach-usd-54-87-billion-by-2035,"Press release - DataM intelligence 4 Market Research LLP - Battery Electrolyte Market to Reach USD 54.87 Billion by 2035 at 13.7% CAGR; Rising Electric Vehicle Adoption Drives Market Growth - Key Players: Mitsubishi Chemical Holdings, UBE Industries, Shenzhen Capchem Technology - published on openPR.com",Not Available,https://cdn.open-pr.com/L/9/L928643884_g.jpg,N,,2026-09-28 07:01:16.828180
,Texas American Energy ,2026-09-28 10:09:09+00:00,www.standardlithium.com,Smackover Lithium Exceeds Targeted Customer Offtake Volumes for South West Arkansas Project,Not Available,,,,,https://www.standardlithium.com/news/smackover-lithium-exceeds-targeted-customer-offtake-volumes-for-south-west-arkansas-project,"About Smackover Lithium Smackover Lithium is a partnership between Standard Lithium and Equinor, through subsidiaries of Equinor ASA.
Formed in May 2024, Smackover Lithium is developing multiple direct lithium extraction (“DLE”) projects in Southwest Arkansas and East Texas.
About Standard Lithium Ltd. Standard Lithium is a leading near-commercial lithium development company focused on the sustainable development of a portfolio of large, high-grade lithium-brine properties in the United States.
Standard Lithium aims to achieve sustainable, commercial-scale lithium production via the application of a scalable and fully integrated DLE and purification process.
Standard Lithium is advancing the SWA Project, a greenfield project located in southern Arkansas, and a promising lithium brine resource position in East Texas, including the highest known lithium brine grade project in North America, the Franklin project.","All figures are in US dollars unless otherwise stated.

LEWISVILLE, Ark., Sept. 28, 2026 (GLOBE NEWSWIRE) -- Smackover Lithium, a partnership between Standard Lithium Ltd. (“Standard Lithium” or the “Company”) (NYSE.A: SLI) (TSXV: SLI), through its subsidiaries, and Equinor, through subsidiaries of Equinor ASA, today announced that it has amended its binding commercial offtake agreement (the “Agreement”) with Trafigura Trading LLC (“Trafigura”) for the South West Arkansas Project (“SWA Project” or the “Project”). The amendment provides the additional offtake volumes targeted to complete the Project’s customer offtake process and move to finalize the ongoing debt financing process.

Trafigura is a market leader in the global commodities industry, with an established presence across battery metal markets, including lithium. As one of the largest commodity traders in the world, Trafigura provides valuable access to multiple industry supply chains that rely on lithium chemicals along with a broad suite of customers.

Under the amended terms of the Agreement, Smackover Lithium now has the option, at its own election, to supply Trafigura with up to an additional 4,000 metric tonnes of battery-quality lithium carbonate in each year of the 10-year Agreement beginning at the start of commercial production. Combined with the initial 8,000 metric tonnes per year commitment under the Agreement, the maximum possible volumes to be delivered to Trafigura on a take-or-pay basis has increased to 12,000 metric tonnes of battery-quality lithium carbonate per year. Pricing and other key commercial terms remain subject to confidentiality.

The amended Agreement also provides valuable production flexibility for the Project. Because the additional volume is deliverable solely at Smackover Lithium’s election, it retains the ability to allocate that volume to other strategic customers in the future if a superior commercial or strategic opportunity emerges. Importantly, an additional offtake agreement is not required to move forward with the Project financing process.

The target for the SWA Project was to secure customer offtake agreements for roughly 80% (18,000) of the 22,500 tonnes of annual nameplate lithium carbonate capacity in its initial phase. Together with the recently announced binding take-or-pay agreement with LG Energy Solution for 8,000 metric tonnes per year, total possible commitments have now reached 20,000 metric tonnes of battery-quality lithium carbonate per year, exceeding the initial target.

Smackover Lithium now has sufficient offtake commitments to focus on finalizing its Project debt financing efforts. Due diligence and other customary processes in furtherance of Project financing are well underway with three major Export Credit Agencies. The Project continues to target a senior secured, limited recourse debt financing package of around $1.1 billion as outlined in its financing update on December 9, 2025.

David Park, Chief Executive Officer of Standard Lithium, stated, “This is a pivotal milestone for the SWA Project and a testament to the strength of our customer relationships. The offtake process has been one of the most important and time-intensive workstreams and we now have the volume commitments needed to support our Project debt financing, as well as the flexibility to continue to pursue transactions that maximize value for our stakeholders. Our path forward is clear as we focus on finalizing and closing the Project financing, taking FID and beginning construction.”

Having successfully completed the commercial offtake workstream, Smackover Lithium continues to target a Final Investment Decision (FID) on the SWA Project later this year before moving promptly into construction. This would enable first commercial production of battery-quality lithium carbonate in 2029.

Qualified Person

All scientific and technical disclosure in this news release was reviewed and approved by Mr. Stephen Ross, P.Geo., British Columbia, Vice President of Resource Development for Standard Lithium and a Qualified Person for purposes of, and as that term is defined in, National Instrument 43-101 – Standards of Disclosure for Mineral Projects. Mr. Ross is not independent of the Company.

Department of Energy Acknowledgement and Disclaimer

This material is based upon work supported by the U.S. Department of Energy's Office of Critical Minerals and Energy Innovation under award Number DE-MS0000099. The views expressed herein do not necessarily represent the views of the U.S. Department of Energy or the United States Government.

About Smackover Lithium

Smackover Lithium is a partnership between Standard Lithium and Equinor, through subsidiaries of Equinor ASA. Formed in May 2024, Smackover Lithium is developing multiple direct lithium extraction (“DLE”) projects in Southwest Arkansas and East Texas. Standard Lithium is the majority partner with a 55% interest and is the developer and operator of the projects. Equinor holds the remaining 45% interest in the projects.

About Standard Lithium Ltd.

Standard Lithium is a leading near-commercial lithium development company focused on the sustainable development of a portfolio of large, high-grade lithium-brine properties in the United States. The Company prioritizes industry leading projects characterized by large high-grade resources, robust infrastructure, skilled labor, and streamlined permitting. Standard Lithium aims to achieve sustainable, commercial-scale lithium production via the application of a scalable and fully integrated DLE and purification process. The Company’s flagship projects are in the Smackover Formation, an attractive lithium brine asset, focused in Arkansas and Texas. Standard Lithium is advancing the SWA Project, a greenfield project located in southern Arkansas, and a promising lithium brine resource position in East Texas, including the highest known lithium brine grade project in North America, the Franklin project.

Standard Lithium trades on both the TSX Venture Exchange (“TSXV”) and the NYSE American under the symbol “SLI”. Visit the Company’s website at www.standardlithium.com for more information.

About Equinor

Equinor is an international energy company committed to long-term value creation in a low-carbon future. Equinor’s portfolio of projects encompasses oil and gas, renewables, and low-carbon solutions, with an ambition of becoming a net-zero energy company by 2050. Headquartered in Norway, Equinor is the leading operator on the Norwegian continental shelf and has offices in more than 20 countries worldwide. Equinor’s partnership with Standard Lithium to mature DLE projects builds on its broad US energy portfolio of oil and gas, offshore wind, low carbon solutions, and battery storage projects.

For more information on Equinor in the U.S., please visit: Equinor in the US - Equinor.

About Trafigura

Trafigura provides critical resources to the world. Founded over 30 years ago and owned by its employees, the Group is at the heart of global supply, using its deep understanding of commodity markets to make supply chains more efficient, secure and sustainable.

Working across a global network, the Group deploys infrastructure, logistics, financing and market expertise to move energy and commodities from where they are produced to where they are needed. By connecting producers and consumers, we bring resilience and trust to complex supply chains. The business supplies the energy and commodities the world needs today, including oil and petroleum products, metals and minerals, gas and power, while investing in lower-carbon solutions for the future.

The Trafigura Group also comprises industrial assets and operating businesses including multi-metals producer Nyrstar, fuel storage and distribution company Puma Energy, fuel supplier and distributor Greenergy, and the Impala Terminals joint venture. The Group employs approximately 14,500 people, of which more than 1,400 are shareholders, and operates in over 150 countries.

Visit: www.trafigura.com

Investor Inquiries

Daniel Rosen

+1 604 409 8154

investors@standardlithium.com

Media Inquiries

media@standardlithium.com

Neither the TSXV nor its Regulation Services Provider (as that term is defined in policies of the TSXV) accepts responsibility for the adequacy or accuracy of this release.

This news release may contain certain “Forward-Looking Statements” within the meaning of the United States Private Securities Litigation Reform Act of 1995 and applicable Canadian securities laws. When used in this news release, the words “anticipate”, “believe”, “estimate”, “expect”, “target”, “plan”, “forecast”, “may”, “could”, “should”, “schedule”, “predict”, “budget”, “project”, “potential” and other similar words or expressions identify forward-looking statements or information. These forward-looking statements or information may relate to the timing of any development of the SWA Project, the Agreement’s ability to move the Project towards FID and commercial production on the timelines anticipated, the expectation that the Project will provide Trafigura with a long-term, reliable supply of U.S. based and sustainably-produced battery-quality lithium carbonate, the amended Agreement’s ability to provide ongoing production flexibility, the anticipated pricing and take-or-pay structure of any additional offtake agreement, the ability of the Project to supply up to 12,000 metric tonnes per year of battery-quality lithium carbonate to Trafigura and up to 20,000 metric tonnes to all its offtake customers, generally, the ability to secure debt financing on terms and timelines acceptable to the Company, including the ability to obtain a debt financing package in the range of $1.1 billion, regulatory or government requirements or approvals and other factors or information. Such statements represent the Company’s current views with respect to future events and are necessarily based upon a number of assumptions and estimates that, while considered reasonable by the Company, are inherently subject to significant business, economic, competitive, political and social risks, contingencies and uncertainties. Many factors, both known and unknown, could cause results, performance or achievements to be materially different from the results, performance or achievements that are or may be expressed or implied by such forward-looking statements. The Company does not intend, and does not assume any obligation, to update these forward-looking statements or information to reflect changes in assumptions or changes in circumstances or any other events affecting such statements and information other than as required by applicable laws, rules and regulations.",https://www.standardlithium.com/favicon/og.jpg,N,,2026-09-28 08:10:00.427022
,Texas Environment,2026-09-28 10:04:02+00:00,West Virginia Watch,America's air monitors are disappearing. So is your power to expose polluters.,"Ames Alexander, Floodlight, Brad Racino, Floodlight, Ames Alexander, Brad Racino, Caity Coyne",,,,,https://westvirginiawatch.com/2026/09/28/americas-air-monitors-are-disappearing-so-is-your-power-to-expose-polluters/,"The decline was especially pronounced among air monitors that track toxic chemicals, including those linked to cancer and other serious health effects.
“You don’t want to be stopped for speeding on an uncalibrated speed gun.” With more than 90 public air monitoring stations, Ohio has a more robust air monitoring network than some states.
Yet none of Ohio’s 25 largest air polluters are within 20 miles of a public air monitoring station that measures its top toxic emission.
The nearest air monitoring station is about four miles away — in West Virginia — and doesn’t measure VOCs.
None of West Virginia’s 25 largest air polluters has a public air monitor within 25 miles that measures the pollutant it releases most.","This story is from Floodlight, a nonprofit newsroom that investigates the powers stalling climate action. Sign up for Floodlight’s newsletter here.

Across much of the U.S., people have little way to know when the air they breathe turns dangerous.

Over recent decades, federal funding for public air monitoring has declined, the number of monitors has fallen, and much of the remaining equipment is aging or located far from major polluters.

Now, the stakes are rising: Wildfire smoke is reaching more communities, data centers are adding pollution, and climate-driven heat waves are worsening ozone levels. The Trump administration, meanwhile, has delayed and rolled back requirements meant to hold companies accountable for their emissions.

As the public monitoring system has weakened, communities have increasingly turned to an alternative: low-cost sensors they can use themselves.

But a Floodlight investigation finds industry is moving to restrict that option, too.

Since 2024, lawmakers in Louisiana, Ohio and Kentucky have passed strikingly similar bills — backed by chemical or manufacturing trade groups — that curb the use of community-collected data in enforcement actions.

The bills share a common thread: They block regulators from using air-quality data for enforcement purposes unless it meets EPA-approved standards. Similar bills in West Virginia have yet to pass.

In case after case, proponents have made the same argument: Community monitoring isn’t reliable enough for regulatory enforcement.

Yet when lawmakers in West Virginia offered a version of a bill designed to ensure accuracy, industry resisted.

The bill “essentially codifies what we are trying to prevent,” an official at the chemical giant Chemours wrote in an internal email.

An early-warning system in decline

Thousands of small, often-unremarkable instruments serve as the nation’s early-warning system for dangerous air — detecting pollution that people can’t always see or smell.

Some sit inside shelters the size of garden sheds. Others are mounted on rooftops or tucked into fenced compounds. Together, these monitors measure pollutants ranging from ozone and carbon monoxide to carcinogens such as benzene and vinyl chloride.

The network grew out of the 1963 Clean Air Act and transformed the way the nation tracked air pollution, giving regulators data they could use to identify dangerous conditions and hold polluters accountable. Since then, air pollution has fallen dramatically across much of the U.S.

But today, the network is “showing its age,” said Chet Wayland, who led EPA’s Air Quality Assessment Division for nearly two decades. “And it’s getting smaller over time.”

For example:

Leaks, termites and ants plague monitoring stations in one state while officials in another have resorted to shopping on eBay for discontinued parts, according to a 2020 congressional watchdog report.

Adjusted for inflation, federal grants to support the network have fallen more than 35% over the past two decades, while the Trump administration tried unsuccessfully last year to eliminate them entirely — and is trying again this year.

The number of government air monitors nationwide fell by nearly half over the same 20-year period, according to EPA data.

The decline was especially pronounced among air monitors that track toxic chemicals, including those linked to cancer and other serious health effects.

For example, the network monitoring vinyl chloride — the carcinogen at the center of the 2023 train derailment in East Palestine, Ohio — shrank by more than half from 2004 to 2025. So did the network for chloroprene and benzene.

Floodlight analyzed the largest industrial sources of air pollution in Kentucky, Louisiana, Ohio and West Virginia — where the monitoring legislation was introduced — and compared what each one reported releasing against what public monitors in those states are capable of detecting.

For 71 of the 100 facilities examined, the chemical they release most isn’t measured by any government monitor in the state.

Hydrochloric acid, sulfuric acid, methanol — no air monitor currently reporting to the EPA measures those toxic chemicals.

Nelson Roque, an assistant professor at Penn State, co-authored a 2025 study that found nearly six in 10 U.S. counties have no public air monitor at all.

Such gaps matter most in communities already facing higher risks. Black and low-income people bear a disproportionate share of elevated cancer risks from air toxics, according to the EPA.

“We’ve realized the value of other infrastructure, and yet not this one,” Roque said. “Last I checked, we all breathe air.”

The shrinking public network has set the stage for another fight: Who gets to measure the air, and whose data counts.

Louisiana: A monitoring gap, and the fight to keep it

Public air monitors in Louisiana — a national hub for oil, gas and petrochemicals — are often located miles from major industrial polluters and fail to test for some of the most dangerous chemicals, a recent Floodlight investigation found.

Community groups have tried to fill that gap. A $500,000 grant awarded under the Biden administration’s Inflation Reduction Act would have allowed the Louisiana Environmental Action Network to establish air monitoring in 27 communities it identified as pollution hot spots.

But the group was able to install monitors in only four communities before the Trump administration canceled the grant last year.

“It’s like having your legs knocked out from under you,” said LEAN executive director Marylee Orr.

In 2024, meanwhile, Louisiana became the first state to restrict the use of community air monitoring data.

The Louisiana Chemistry Association helped draft the Community Air Monitoring Reliability Act (CAMRA), which cites the need for “science-based standards” and bars the use of air pollution data in enforcement or regulatory actions unless it’s captured by EPA-approved monitors. That equipment typically costs tens of thousands of dollars.

In a previous statement to Floodlight, LCA president David Cresson defended the law, saying it ensures “data used to enforce our state’s environmental protection laws complies with minimum U.S. EPA standards” and doesn’t stop residents from monitoring air quality for their own information — only from using unregulated methods for enforcement purposes.

The same period brought other rollbacks, some sought by the chemical industry’s most powerful national lobbying group. The American Chemistry Council — the LCA’s national counterpart — spent more than $22 million lobbying in 2024, ranking 10th among 9,200 organizations tracked by an independent watchdog group.

The ACC and the American Fuel & Petrochemical Manufacturers last year requested a blanket two-year exemption from Biden-era regulations meant to cut certain toxic emissions by nearly 80 percent at roughly 200 chemical manufacturing plants. They didn’t get the blanket exemption — but individual plants that applied did.

So far, President Donald Trump’s EPA has granted more than 60 petrochemical facilities exemptions from the rule, and the agency is now weighing whether to rescind it entirely.

The ACC also successfully lobbied against federal rules that would have required about two dozen chemical plants to conduct fenceline monitoring for ethylene oxide, a carcinogen that contributes substantially to the elevated cancer risk in Louisiana’s Cancer Alley.

The national trade group did not respond to Floodlight’s questions about its lobbying or its involvement in Louisiana’s CAMRA law. Nor did it explain its role in promoting similar legislation in other states.

But in an emailed statement, the ACC said it has invested in community air-monitoring projects and “publicly advocated for expanded access to credible air quality information.” It said it supports monitoring that produces reliable, transparent data and gives communities and regulators information they can use to make informed decisions.

Kentucky takes a page from Louisiana

Odors from Rubbertown, an industrial complex that housed tire and synthetic rubber plants during World War II, have long bothered residents in west Louisville, Ky. So, in the early 2000s, the city’s Air Pollution Control District, the EPA and others launched a study that confirmed what residents had long known: The air had unacceptably high levels of toxic pollutants.

A plan was enacted, regulations were revised, and the air was continuously tested. More than 15 years later, regulators announced toxic air contaminants in the Louisville metro area were down by almost 80 percent — with the most dangerous chemicals cut by 96 percent.

Despite the success of expanded air monitoring in Louisville, Kentucky lawmakers have moved in the opposite direction. In March 2025, 10 months after Louisiana’s CAMRA law, they passed House Bill 137, which also restricted how air-monitoring data can be used in enforcement actions.

Lloyd “Rusty” Cress, executive director of the Kentucky Chemical Council, told the Kentucky Lantern that the bill was similar to Louisiana’s community air monitoring legislation. The law says air needs to be tested with “scientifically defensible” methods — echoing a phrase used in an ACC blog post in 2023.

The ACC, the American Petroleum Institute, Dow Chemical and Chemours all lobbied for it.

Jess Loizeaux, a Chemours spokesperson, said the company doesn’t object to community air monitoring. “We object to community air monitoring results being used for enforcement decisions without first verifying the validity and accuracy of the data through official tests performed by trained technicians at the appropriate regulatory authority,” she told Floodlight.

Kentucky’s political push unfolded against a backdrop of major gaps in public air monitoring. Only one of the state’s 25 largest air polluters is close to an air monitoring station that measures the top toxic chemical it emits.

Fewer than a quarter of the state’s counties have an air monitoring station.

Ohio’s restrictions meet with legal challenge

Ohio’s new air monitoring rule was tucked into last year’s budget bill with no named sponsor. It, too, stops regulators from acting on air-monitoring data collected by community groups.

“When we take away the ability for those folks to have a reasonably priced monitor … for their own protection, we’ve just taken any tool they had right out of their hands,” said Miranda Leppla, an attorney who sued the state over the new rules last year on behalf of environmental groups.

The lawsuit also challenges another provision in the budget bill that instructs state regulators to remove Ohio’s “air nuisance rule,” which allowed citizens to take legal action against companies whose emissions endanger public health.

One of the plaintiffs, Donna Ballinger, lives in Middletown, Ohio, hundreds of feet from a steel manufacturing plant that frequently rains down black, white and gray particles onto her house and yard, she said. Fumes sometimes burn her eyes and throat, she said, and she often holds her nose when walking between her house and car.

“My fear is cancer,” Ballinger told Floodlight.

She has an air monitor mounted in her front yard. But Ohio’s new requirement has made it impossible to use the data such monitors collect “as evidence of the nuisance conditions,” the lawsuit says.

The Ohio Chemistry Technology Council backed the measure. The group did not respond to Floodlight’s requests for an interview.

Tony Long, general counsel for the Ohio Chamber of Commerce, said businesses are concerned that uncalibrated air monitors will spread misinformation.

“Given our litigious nature in this state, we think that the guardrails make sense,” he told Floodlight. “You don’t want to be stopped for speeding on an uncalibrated speed gun.”

With more than 90 public air monitoring stations, Ohio has a more robust air monitoring network than some states. Yet none of Ohio’s 25 largest air polluters are within 20 miles of a public air monitoring station that measures its top toxic emission. In fact, no air monitor in the U.S. measures the chemical that 10 of them release most.

Ohio’s Syensqo Specialty Polymers plant, which makes a resin used in plastics, released more than 130 tons of volatile organic compounds into the air last year, according to Ohio regulators.

The nearest air monitoring station is about four miles away — in West Virginia — and doesn’t measure VOCs.

Industry resistance stalls West Virginia efforts

West Virginia’s Department of Environmental Protection runs just 14 monitoring sites in 12 counties. The other 43 counties have no state monitoring stations at all.

None of West Virginia’s 25 largest air polluters has a public air monitor within 25 miles that measures the pollutant it releases most. For 17 of the facilities, no air monitor anywhere in the U.S. measures their top toxic emission.

In 2024, a state bill backed by the West Virginia Manufacturers Association would have barred community air monitoring data from use in regulation, enforcement and lawsuits; it passed the House but died in the Senate — partly because industry couldn’t agree on what to include.

A compromise version of the 2024 bill, drafted to address the concerns of some lawmakers, would have let regulators use community data if the monitors met manufacturer standards. Industry refused to support it.

In emailed comments about the compromise bill, West Virginia Manufacturers Association Bill Bissett said it “neuters” the measure and was “now toothless.” Chemours’ Jeff Fritz wrote, “I do not like this draft,” and said the bill “essentially codifies what we are trying to prevent,” according to emails obtained by Mountain State Spotlight. Neither Bissett nor Fritz responded to requests for comment.

Subsequent bills, introduced in 2025 and 2026, also failed.

Why monitoring matters

Evidence shows that better monitoring can reduce pollution — and potentially save lives.

In 2018, the EPA made refineries begin monitoring benzene along their fencelines, and within five years, the number of refineries above EPA’s benzene action level dropped by half, according to a report by the Environmental Integrity Project.

While some states have made it difficult to know what’s in the air, others have been proactive:

California is funding equipment and training for residents in fenceline communities to monitor for things like pesticides, hexavalent chromium and other toxic chemicals. From 2017 to 2025, the state budgeted $1.4 billion to help communities that have historically been overburdened with air pollution.

Colorado required four industrial plants to install fenceline monitors that measure hydrogen sulfide, benzene and hydrogen cyanide in real time. The state also bought two mobile vans that regularly sample the same pollutants in surrounding neighborhoods.

The Texas Commission on Environmental Quality and its contractors operate 33 automated gas chromatographs — sophisticated equipment that collects air samples every hour and provides near real-time readings of volatile organic compounds.

But in much of the U.S, those who live near industrial plants still have little way to know what they’re breathing.

An unanswered question

Reonda Victor lives in Louisiana’s heavily industrialized corridor between Baton Rouge and New Orleans, where flares from industrial plants often illuminate the night sky.

Her mother, grandmother and sister all had breast cancer. Concerned about her own risk, she underwent genetic testing, which showed no predisposition to the disease, she said.

The closest public air monitoring station to her home — which lies in an area where air pollution poses one of the highest cancer risks in the country — tests only for lead.

Did industrial pollution cause the illnesses that struck her family members? She can’t say. But proper air monitoring could help answer that question, she said.

“Without information, we don’t know.”",https://westvirginiawatch.com/wp-content/uploads/2026/09/Calibrating-air-monitoring-equipment-California.jpg,N,,2026-09-28 07:01:34.160198
,Clean Energy ,2026-09-28 10:01:27+00:00,www.gov.scot,Major offshore wind expansion at Port of Montrose - gov.scot - The Scottish Government,The Scottish Government,,,,,https://www.gov.scot/news/major-offshore-wind-expansion-at-port-of-montrose/,"The new facility will manufacture components used to secure floating offshore wind turbines in deep waters in Scotland, as well as international markets.
First Minister John Swinney said: “Scotland is already recognised as being at the forefront of floating offshore wind development.
“Scotland’s ports are critical enablers of our offshore wind ambitions and key economic assets for surrounding communities, with the Port of Montrose set to become one of the world's largest offshore wind operations and maintenance hubs, supporting the Berwick Bank, Seagreen and Inch Cape offshore wind farms.
SSE has built a strong relationship with Montrose Port over many years, and this latest long-term investment will help support the port's continued development as a leading offshore wind hub.
If built to its full 4.1GW potential capacity across all three phases, Berwick Bank could become the world's largest offshore wind farm on completion.","First Minister John Swinney has welcomed investment of more than £5 million by Subsea Micropiles to establish a new manufacturing facility at the Port of Montrose.

The new facility will manufacture components used to secure floating offshore wind turbines in deep waters in Scotland, as well as international markets.

The project is expected to create around 80 new jobs. It is being supported by £1.45 million funding from Scottish Enterprise, following a £6.7 million commercial investment delivered through the Scottish National Investment Bank, as part of the Scottish Government’s £500 million commitment to support offshore wind ports and supply chain.

During a visit to the Port, the First Minister also welcomed SSE’s announcement that the Port is its preferred location for the operation and maintenance base for its planned Berwick Bank B offshore wind farm, which is expected to create a further 100 new jobs.

First Minister John Swinney said:

“Scotland is already recognised as being at the forefront of floating offshore wind development. The investment behind today’s announcements is a strong vote of confidence in the sector and in the skilled workforce, innovation and expertise that exists here.

“Subsea Micropiles’ commitment to expand at the Port of Montrose will help ensure more of the economic benefits of the energy transition are retained in Scotland, creating high-quality jobs in Angus and the North East, supporting local businesses and strengthening our industrial capabilities.

“SSE’s selection of the Port as its preferred location for its operations and maintenance base for Berwick Bank further strengthens Scotland’s offshore wind supply chain and will create more jobs as well as investment in skills, infrastructure and local communities.

“Scotland’s ports are critical enablers of our offshore wind ambitions and key economic assets for surrounding communities, with the Port of Montrose set to become one of the world's largest offshore wind operations and maintenance hubs, supporting the Berwick Bank, Seagreen and Inch Cape offshore wind farms.

“Through our strategic investment in offshore wind, we are helping to develop the infrastructure, skills and supply chains needed to secure long-term economic growth and export opportunities from the global market.”

Derek Robertson, CEO at Subsea Micropiles said:

“Scotland has become an important base for our growth. We rely on the deep pool of talent, skills and offshore experience here to develop our technology, services and expand into a global market.

""Ultimately, we see significant potential to establish high-volume production of our anchor and foundation systems in Montrose as the market develops. These are scalable solutions which can be manufactured locally, with the potential to retain significant economic benefit in Scotland through engineering, vessel services and offshore supply chain.

""This funding support from Scottish Enterprise is an important part of enabling that next phase of growth and helping us establish the capability required to respond to future market demand.”

Stuart Hood, Director of Offshore Wind Operations at SSE Renewables, said:

“Scotland has built a world-class offshore wind industry, and today's announcement shows the economic opportunities that can follow when that expertise is matched with long-term investment.

“Our decision to choose Montrose as the preferred operations base for Berwick Bank B and create 100 new jobs reflects the strength of the port, its people and the local supply chain. SSE has built a strong relationship with Montrose Port over many years, and this latest long-term investment will help support the port's continued development as a leading offshore wind hub. This is clear evidence of the potential for the clean energy transition to drive skilled job creation and economic opportunity for communities up and down the country.”

Reuben Aitken, Managing Director Investment and International at Scottish Enterprise, said:

""Scotland has a world-class offshore wind opportunity, and innovative companies like Subsea Micropiles will be central to turning that opportunity into jobs, investment and long-term economic value.

“We're proud to support the company's expansion in Scotland through our £1.45 million funding, helping unlock more than £5 million of investment and create 81 jobs. By backing innovative businesses to establish and grow their operations here, we're strengthening Scotland's offshore wind supply chain, attracting high-value investment and supporting the technologies that will help drive the energy transition.""

Background

Subsea Micropiles is full-service foundations company with offices in Westhill (Aberdeenshire) and a base of operations at the Port of Montrose. The project is being supported by a £1.45 million Regional Selective Assistance grant from Scottish Enterprise, following a £6.7 million investment delivered through the Scottish National Investment Bank: Subsea Micropiles | Scottish National Investment Bank

The Berwick Bank Wind Farm project represents one of the most significant renewable energy developments proposed for the UK. If built to its full 4.1GW potential capacity across all three phases, Berwick Bank could become the world's largest offshore wind farm on completion. At full production it would be capable of generating enough clean electricity to power more than six million UK homes annually through reliable, home-grown renewable power, making it a nationally significant project for the UK's long-term energy security and clean power ambitions.",https://www.gov.scot/assets/images/logos/SGLogo1200x630.png,N,,2026-09-28 08:08:33.220950
,Indiana and Evs,2026-09-28 10:00:57+00:00,GB News,Donald Trump axes 'ridiculous' electric vehicle mandate and takes aim at 'sleepy' Joe Biden,Felix Reeves,,,,,https://www.gbnews.com/lifestyle/cars/donald-trump-scrap-electric-vehicle-mandate-joe-biden,"US President Donald Trump has announced new fuel economy standards that will eliminate a Joe Biden-era electric vehicle mandate.
Taking to social media over the weekend, President Donald Trump announced a ""big day for American auto workers and car buyers"".","US President Donald Trump has announced new fuel economy standards that will eliminate a Joe Biden-era electric vehicle mandate.

Taking to social media over the weekend, President Donald Trump announced a ""big day for American auto workers and car buyers"".",https://www.gbnews.com/media-library/donald-trump-stepping-out-of-a-tesla.jpg?id=67873895&width=1200&height=600&coordinates=0%2C201%2C0%2C-1,N,,2026-09-28 08:10:30.435235
,EVs,2026-09-28 10:00:35+00:00,The Peak,"In China, 5-minute EV charging is becoming the norm",Taylor Scollon,,,,,https://www.readthepeak.com/p/in-china-5-minute-ev-charging-is-becoming-the-norm,"Another Chinese automaker has figured out how to charge an EV battery in around the time it takes to read this newsletter.
What happened: China’s Geely Auto unveiled an EV battery that can be charged from 10% to 70% in four minutes and 30 seconds.
Geely said its technology incorporates AI to predict the temperature of a charging battery and adjust power flows accordingly.
BYD, another Chinese automaker, and CATL, a battery manufacturer, have developed their own “ultrafast” charging technology that also takes around five minutes.
Zoom out: The breakthroughs in China’s battery industry contrast with the struggles of Canada’s nascent battery sector, which has been plagued by recent setbacks.","Another Chinese automaker has figured out how to charge an EV battery in around the time it takes to read this newsletter.

What happened: China’s Geely Auto unveiled an EV battery that can be charged from 10% to 70% in four minutes and 30 seconds. Geely said its technology incorporates AI to predict the temperature of a charging battery and adjust power flows accordingly.

BYD, another Chinese automaker, and CATL, a battery manufacturer, have developed their own “ultrafast” charging technology that also takes around five minutes.

Why it matters: The battery is the most expensive — and, arguably, the most important — part of an electric vehicle. Geely is one of several Chinese automakers bringing battery development in-house to try and bring down costs and reduce dependence on third-party battery makers, like CATL.

Faster-charging batteries also give Chinese EVs another advantage over competitors in Europe and North America, where the fastest chargers still typically take 20 to 40 minutes to bring a battery from 10% to 80% charged.

Zoom out: The breakthroughs in China’s battery industry contrast with the struggles of Canada’s nascent battery sector, which has been plagued by recent setbacks. Just last week, VW’s PowerCo announced it would delay the opening of its St. Thomas battery manufacturing plant until 2029. Earlier this year, Honda scrapped its plans to develop an EV supply chain, including battery plants in Ontario, and last year saw the collapse of the ambitious Northvolt battery project in Quebec.—TS","https://media.beehiiv.com/cdn-cgi/image/fit=scale-down,quality=80,width=1200,onerror=redirect/uploads/asset/file/049892ea-32bd-4c4d-bff3-5a6c0ffa42fc/image.png?t=1790540758",N,,2026-09-28 07:01:24.557368
,Louisiana American Energy ,2026-09-28 09:58:11+00:00,Hastings Tribune,Amprius Secures $75 Million Grant for American High-Energy Density Battery Production,"Copyright Business Wire 2026, Business Wire",,,,,https://www.hastingstribune.com/ap/business/amprius-secures-75-million-grant-for-american-high-energy-density-battery-production/article_455c0387-5acb-5bee-b7ea-02b34c9baa52.html,"FREMONT, Calif.--(BUSINESS WIRE)--Sep 28, 2026--",Not Available,https://bloximages.newyork1.vip.townnews.com/hastingstribune.com/content/tncms/custom/image/7b43d562-eeac-11e4-8a7b-970670abfcb2.jpg?resize=600%2C315,N,,2026-09-28 07:02:21.491112
,Louisiana and Evs,2026-09-28 09:53:31+00:00,https://www.wafb.com,Trump administration rolls out lower fuel economy rules. Here's what to know - WAFB,"Associated Press, ANNE D'INNOCENZIO  Business",,,,,https://www.wafb.com/2026/09/28/trump-administration-rolls-out-lower-fuel-economy-rules-heres-what-know/,The Trump administration plans to release new fuel economy standards that would relax regulatory requirements for automakers to control pollution.,Not Available,https://gray-wafb-prod.gtv-cdn.com/resizer/v2/TX3OGWEYIBC4XNEGXIWJDDTFIQ.jpg?auth=85820183be9236c539b3bd151413c2a9f3ba574dceb167640a8aa7aba8323b5d&width=1200&height=600&smart=true,N,,2026-09-28 07:02:35.288133
,North Carolina and Evs,2026-09-28 09:40:42+00:00,"MyStateline | WTVO WQRF News, Weather and Sports","Trump administration set to roll out lower fuel economy standards for cars, light trucks","ANNE D'INNOCENZIO, Associated Press",,,,,https://www.mystateline.com/news/national/ap-trump-administration-set-to-roll-out-lower-fuel-economy-standards-for-cars-light-trucks/,"NEW YORK (AP) — The Trump administration on Monday plans to release new fuel economy standards that would relax regulatory requirements for automakers to control pollution from gasoline-powered cars and light trucks.
Fuel economy requirements set out how far new vehicles need to travel on a gallon of gasoline.
The administration and automakers have said the new rules will increase Americans’ access to the full range of gasoline vehicles they need and can afford.
Without these standards, in 2035, cars could produce 22,111 more tons of carbon dioxide per year than under the Biden-era rules.
Mileage standards, known as the corporate average fuel economy, or CAFE, have been implemented since the 1970s energy crisis, and over time, automakers have gradually improved their vehicles’ average efficiency.","NEW YORK (AP) — The Trump administration on Monday plans to release new fuel economy standards that would relax regulatory requirements for automakers to control pollution from gasoline-powered cars and light trucks.

President Donald Trump said on his Truth Social media account Saturday that the less stringent mileage requirements would “take the waste out of building cars in America” and save families “thousands on a new, beautiful and safe car,” while boosting auto production in the U.S.

Last December, the National Highway Traffic Safety Administration projected that the new standards would set the industry fleetwide average for light-duty vehicles at roughly 34.5 miles per gallon in the 2031 model year, down from a projected 50.4 miles per gallon in 2031 under rules put in place by the Biden administration.

Fuel economy requirements set out how far new vehicles need to travel on a gallon of gasoline. The change would further make do on Trump’s promise to revoke policies that encouraged or created incentives for the production of electric vehicles.

Since taking office, Trump has relaxed auto tailpipe emissions rules, repealed fines for automakers that do not meet federal mileage standards and terminated consumer credits of up to $7,500 for EV purchases.

Secretary of Transportation Sean Duffy said Saturday on his social media account on X that the changes would be announced Monday. The White House, Department of Transportation and NHTSA couldn’t immediately be reached for comment on the details of the new standards.

General Motors, Stellantis, and Ford Motor, maker of the top-selling pickup truck, the F-150, also couldn’t be immediately reached for comment. The administration and automakers have said the new rules will increase Americans’ access to the full range of gasoline vehicles they need and can afford.

The average new car in America sold for $50,089 in August, crossing over the $50,000 line for the first time since last December, according to Kelley Blue Book data. At the same time, Americans are spending more on gas as Washington’s war with Iran disrupts the global flow of fuel. The national average price for a gallon of gas was $4.47 on Sunday, up from $4.09 a month ago, according to the AAA motor club.

Trump has repeatedly pledged to end what he falsely calls an EV “mandate,” referring incorrectly to President Joe Biden’s target that half of all new vehicle sales be electric by 2030. No federal policy has mandated auto companies to sell EVs.

According to data from the automotive research group Edmunds, EVs accounted for 6.5% of new vehicle sales in February, down from 7.4% for all of 2025.

News of the revised standards immediately drew rebukes from environmentalists.

Dan Becker, director of the Center for Biological Diversity’s Safe Climate Transport Campaign, said that the final rule “ignores the feasibility of clean technology and the millions of fuel-efficient cars already on the road.”

“Trump is tanking sensible mile per gallon standards at the worst possible time for consumers, who are getting hit with sky-high prices at the pump,” Becker said in a statement. “Consumers will pay the price for these reckless rollbacks while Trump’s Big Oil and Big Auto buddies reap the short-term profits.”

Katherine García, director of the Sierra Club’s Clean Transportation for All campaign, vowed the environmental group would fight the rule and said that the loosening of fuel standards would “make driving more expensive too.”

“Less fuel-efficient cars mean more gas burned, spending more at the pump, and dirtier air in our communities,” Garcia wrote in a statement.

When the 2024 standards went into effect, NHTSA estimated they would save 14 billion gallons of gasoline from being burned by 2050. The agency also said that while new fuel-efficient vehicles cost more up front, savings on gasoline over the lifetime of the car or truck would more than make up for that.

Without these standards, in 2035, cars could produce 22,111 more tons of carbon dioxide per year than under the Biden-era rules. It also translates to an extra 90 tons a year of deadly soot particles and 4,870 additional tons a year of smog components such as nitrogen oxides and volatile organic compounds emitted into the air in coming years.

Mileage standards, known as the corporate average fuel economy, or CAFE, have been implemented since the 1970s energy crisis, and over time, automakers have gradually improved their vehicles’ average efficiency.",https://www.mystateline.com/wp-content/uploads/sites/17/2026/09/6ab9e80f52d334.67123112.jpeg?w=1280,N,,2026-09-28 07:01:39.264152
,Clean Energy ,2026-09-28 09:24:57+00:00,sustainabilitymag.com,How Autonomous Fleets Can Power Green Cities and Clean Grids | Sustainability Magazine,Lucy Potter,,,,,https://sustainabilitymag.com/news/how-autonomous-fleets-can-power-green-cities-and-clean-grids,"Industry data from BloombergNEF indicates that the global operational fleet of roughly 10,000 autonomous vehicles (AVs) is expected to expand to 16,000 by the end of this year.
From a sustainability perspective, the rapid growth of autonomous mobility represents a critical pathway toward zero-emission urban transport.
As Frank Reig, CEO of EV fleet charging infrastructure provider Voltera, highlighted at Climate Week NYC, expanding autonomous fleets directly accelerates urban electrification: ""Due to a lot of safety and technology reasons, AV equals EV.
As clean power generation grows, smart charging protocols and vehicle-to-grid (V2G) applications will enable AV depots to act as dynamic energy storage nodes.
In California, regulatory authority over autonomous vehicles rests with state bodies like the California Public Utilities Commission and the DMV, rather than local city governments.","Currently, only two nations in the world – the US and China – have fully commercialised robotaxis actively running on public roads.

Industry data from BloombergNEF indicates that the global operational fleet of roughly 10,000 autonomous vehicles (AVs) is expected to expand to 16,000 by the end of this year.

From a sustainability perspective, the rapid growth of autonomous mobility represents a critical pathway toward zero-emission urban transport.

As Frank Reig, CEO of EV fleet charging infrastructure provider Voltera, highlighted at Climate Week NYC, expanding autonomous fleets directly accelerates urban electrification: ""Due to a lot of safety and technology reasons, AV equals EV.

""If you're commercialising an AV fleet in a certain market, you're now bringing forward electric mobility in that city. You're taking tailpipe out of that city.""

Despite rapid commercial adoption across key hubs in the American South and California, deployment across the US remains starkly divided, creating a sharp contrast between progressive autonomous markets and cities like New York where human-driven internal combustion traffic continues to dominate.

Sustainable urban planning

While public attention frequently focuses on self-driving software, the core bottleneck for scaling zero-emission autonomous transport lies in the physical and spatial infrastructure required to service these fleets.

Frank explained that establishing dedicated fleet hubs in dense metropolitan areas represents the key operational hurdle: ""Commercialising autonomous ride hail is really the long pole in the tent here is having the infrastructure in a city for charging, cleaning, servicing and data offload.""

Voltera has developed infrastructure for over five years, operating more than 20 sites across key markets.

A standard charging site covers half an acre to one acre near high rideshare demand, featuring 40 to 60 fast-charging stalls, security booths, administrative facilities and dedicated IT infrastructure.

However, constructing these clean energy hubs requires overcoming three major physical and regulatory barriers:

Zoning and land use: Municipal land-use laws disqualify roughly 95% of available urban land, as commercial fleet depots are legally prohibited in most metropolitan areas.

Grid power allocation: Supplying 40 to 60 fast chargers requires securing 8 to 10 MW of electrical capacity – equivalent to the power demand of a major skyscraper – which local distribution grids struggle to deliver in high-density areas.

Permitting bureaucratic delays: Navigating local approvals adds prolonged friction, with Voltera often requiring over 100 distinct permits before a facility can become operational.

Addressing these land and grid challenges is essential for sustainable city design.

Frank argued that proactive planning allows municipalities to reclaim urban space from traditional car infrastructure: ""Imagine if you could take out parking lots from city centres and maybe reuse some of the curved space more efficiently instead of just having it for car storage""

Beyond land efficiency, replacing human drivers with autonomous technology could substantially reduce the 1.1 million traffic fatalities occurring globally each year. Achieving a socially sustainable transition will, however, require upskilling professional drivers and supporting their transition into new employment sectors.

Grid resilience and flexible load integration

Integrating large fleets of high-utilisation electric vehicles into urban centres presents major strategic opportunities for energy management and grid decarbonisation.

In New York State, heating and powering buildings accounts for 40% of final energy consumption, making grid efficiency and emissions reduction a central environmental priority.

Doreen Harris, President and CEO of the New York State Energy Research and Development Authority (NYSERDA), highlighted the broader climate impact of urban energy demands: ""It is 40% of final energy use in New York State

Doreen noted the unique grid integration benefits offered by autonomous vehicles: ""Autonomous vehicles are a huge opportunity for fast charging and a huge opportunity from a grid flexibility perspective as well.""

As clean power generation grows, smart charging protocols and vehicle-to-grid (V2G) applications will enable AV depots to act as dynamic energy storage nodes.

Doreen said: ""Flexibility is a very good thing in a highly decarbonised economy and frankly a highly decarbonised grid.""

Municipal governance and sustainable transit integration

Alongside energy management, municipalities are working to integrate autonomous vehicles into broader local transport networks, emergency management frameworks and public transit systems.

In California, regulatory authority over autonomous vehicles rests with state bodies like the California Public Utilities Commission and the DMV, rather than local city governments.

Randall Winston, Deputy Mayor of Infrastructure and Climate Resilience for the City of Los Angeles, noted that LA has worked to bridge this gap by establishing an autonomous working group in late 2023.

To manage curb allocation and municipal assets sustainably, Los Angeles initiated digital infrastructure mapping programmes. As Randall said: ""We were digitising our curve.""",https://assets.bizclikmedia.net/1200/8c8e6b05cc76e2df6f1c19e2d455e803:7bec5d8db942670b37873bd663710a81/whatsapp-image-2026-09-21-at-15-50-42-1.jpeg.jpg,N,,2026-09-28 08:08:36.188467
,Clean Energy ,2026-09-28 09:11:32+00:00,EME Outlook Magazine,Levi Strauss and M&S Launch Renewable Energy Initiative for Fashion Supply Chains,Neil Perry,,,,,https://www.emeoutlookmag.com/sustainability/levi-strauss-and-ms-launch-renewable-energy-initiative-for-fashion-supply-chains,"Levi Strauss and Co. and Marks & Spencer (M&S) have launched the Fashion Renewable Collaborative (FRC), supported by Schneider Electric’s SE Advisory Services, to help fashion suppliers access renewable electricity and accelerate emissions reductions across global supply chains.
Fashion Brands Target Supply Chain Emissions Levi Strauss and Co. and Marks & Spencer (M&S) have joined forces to launch an industry-wide programme designed to increase the adoption of renewable electricity across fashion supply chains.
The Fashion Renewable Collaborative (FRC) will provide participating suppliers with education, market guidance and support to assess and procure renewable electricity.
Katharine Beacham, Head of Sustainability and Materials in Fashion, Home and Beauty at M&S, said: “At M&S, we know that real change happens when we collaborate.
Levi Strauss and M&S said their existing supplier engagement programmes have together registered nearly 500 supplier facilities.","Levi Strauss and Co. and Marks & Spencer (M&S) have launched the Fashion Renewable Collaborative (FRC), supported by Schneider Electric’s SE Advisory Services, to help fashion suppliers access renewable electricity and accelerate emissions reductions across global supply chains.

Fashion Brands Target Supply Chain Emissions

Levi Strauss and Co. and Marks & Spencer (M&S) have joined forces to launch an industry-wide programme designed to increase the adoption of renewable electricity across fashion supply chains.

The Fashion Renewable Collaborative (FRC) will provide participating suppliers with education, market guidance and support to assess and procure renewable electricity.

The initiative is supported by SE Advisory Services, Schneider Electric’s global consulting practice, which will act as the FRC’s global implementation partner.

The companies said textile processing, including fabric mills and dye houses, accounts for more than half of the apparel industry’s emissions, citing the Apparel Impact Institute.

According to the Roadmap to Net Zero from the World Resources Institute and Apparel Impact Institute, shifting manufacturing to renewable electricity represents around two-thirds of the sector’s identified emissions-reduction potential.

Suppliers Gain Renewable Electricity Support

The FRC has been established to address barriers preventing suppliers from adopting renewable electricity, including limited resources, fragmented engagement from brands and differing requirements from multiple customers.

Participating suppliers will have access to digital education through Resource Advisor+, SE Advisory Services’ artificial intelligence (AI)-native energy and sustainability intelligence platform.

Support will also cover renewable electricity options including power purchase agreements (PPAs), energy attribute certificates (EACs), on-site and distributed renewable generation and energy storage.

Katharine Beacham, Head of Sustainability and Materials in Fashion, Home and Beauty at M&S, said: “At M&S, we know that real change happens when we collaborate. Through our sustainability programme, Plan A, we’re committed to becoming a net zero business across our value chain by 2040, and that means working with others to make the transition to renewable electricity easier for our supply partners.

“Building on the work already underway through Re:Spark, our supply chain decarbonisation programme, the Fashion Renewable Collaborative will provide practical support, resources and greater access to renewable electricity, helping suppliers take action and facilitating change in the fashion supply chain.”

Collaborative Approach Aims to Reduce Supplier Burden

The FRC is designed to provide a common approach to renewable electricity engagement across participating fashion brands, reducing duplication for suppliers working with multiple customers.

Levi Strauss and M&S said their existing supplier engagement programmes have together registered nearly 500 supplier facilities.

“It’s become abundantly clear that the most effective way forward on emissions reduction is working in partnership with suppliers,” said Jennifer DuBuisson, Senior Director, Sustainability at Levi Strauss and Co.

“Initiatives like this create better working relationships and a more effective path forward. The Fashion Renewable Collaborative enables greater support of suppliers that want to access or would like to increase use of renewable electricity but haven’t been able to so far, helping facilitate adoption while reducing unnecessary duplication. It’s a natural extension of work we’ve already been doing with our own suppliers, and we’re glad to bring that experience into this effort with M&S and SE Advisory Services.”

Schneider Electric Supports Global Rollout

SE Advisory Services currently supports more than 20 supply chain decarbonisation initiatives globally, involving over 3,100 supplier companies and 16 multi-buyer renewable energy cohorts.

The FRC will use its Resource Advisor+ for Supply Chain product for supplier onboarding, readiness assessments, engagement tracking and progress monitoring.

“Many fashion brands have made their individual commitments. Now the focus must be on helping suppliers deliver against them,” said Steve Wilhite, Executive Vice President, SE Advisory Services.

“The Fashion Renewable Collaborative is designed to provide suppliers with practical support and engagement that can help accelerate renewable electricity adoption at scale. We’re excited to support Levi Strauss & Co. and M&S, and future participating brands as they work together to drive meaningful supply chain decarbonization.”

The FRC is now inviting more fashion brands to participate as sponsors and members, with the aim of expanding access to renewable electricity support and helping brands progress their individual supply chain decarbonisation targets.",https://www.emeoutlookmag.com/media/Fashion-Renewable-collaborative-FRC-header-.webp,N,,2026-09-28 08:08:39.940092
,Clean Energy ,2026-09-28 09:06:53+00:00,Knoxville News Sentinel,TVA gets federal boost to upgrade its power lines across the South - Knoxville News Sentinel,Mariah Franklin,,,,,https://www.knoxnews.com/story/money/business/2026/09/28/tvas-power-line-upgrade-gets-department-of-energy-boost-amid-ai-surge/91925816007/,"The U.S. Department of Energy said Sept. 24 it will help the Tennessee Valley Authority fund a $159.7 million effort to upgrade power lines in the South.
TVA, the nation’s largest public power provider, will share the cost of the upgrades, according to a press release from the energy department.
The project will help TVA increase the amount of electricity it can move across its transmission system by upgrading existing power lines and related technology.
The energy department will provide $1.9 billion for the projects, while recipients are expected to contribute another $3.35 billion.
TVA owns 16,400 miles of transmission lines and more than 100,000 transmission structures.","The U.S. Department of Energy said Sept. 24 it will help the Tennessee Valley Authority fund a $159.7 million effort to upgrade power lines in the South.

The announcement comes amid rapid data center growth and a federal push for U.S. AI dominance, increasing pressure for utility and transmission upgrades nationwide.

TVA, the nation’s largest public power provider, will share the cost of the upgrades, according to a press release from the energy department.

The seven-state utility requested $79.8 million from the energy department in its funding application. The project will help TVA increase the amount of electricity it can move across its transmission system by upgrading existing power lines and related technology.

The utility, TVA spokesperson Melissa Greene said, will put the money toward one transmission project that stretches across the Tennessee Valley region, along with five East Tennessee transmission line projects and one in Alabama.

In its application, TVA named the project ""Rebuilding the Transmission Backbone for Energy and AI Dominance,"" echoing language that often emanates from a Trump administration stressing the value of American energy dominance.

TVA's project is one of 31 grid upgrades selected for federal funding. The energy department will provide $1.9 billion for the projects, while recipients are expected to contribute another $3.35 billion.

The projects aim to revamp or rebuild more than 1,500 miles of transmission lines and use new grid technologies to get real-time reads of line capacity, send additional power to lines with capacity to handle it and add new analytical tools to help operators react to changing conditions on the grid.

The projects should free up over 23 gigawatts of electricity capacity, according to the energy department, which has estimated the U.S. will need to expand its transmission systems by 60% by 2030.

TVA owns 16,400 miles of transmission lines and more than 100,000 transmission structures. The utility has 41 transmission system projects underway, as of Sept. 24.

Building new lines is often a lengthy process. A Congressional Research Service analyst in a 2022 report said it can take about a decade on average for permitting, financing and finishing new lines. A 2024 study from Lawrence Berkeley National Laboratory said clean energy projects often spent about five years in the approval process amid studies on transmission tech.

TVA is a federal organization and is funded by ratepayers, who ultimately provide the bulk of the money for the utility's share of the project cost. The utility does not receive appropriations from Congress.","https://www.knoxnews.com/gcdn/presto/2019/07/17/PKNS/aa1eb2cd-1da4-4866-8b96-8fb3da34a5ac-kns-coalash-07_BP_7.JPG?crop=3599,2025,x0,y0&width=3200&height=1801&format=pjpg&auto=webp",N,,2026-09-28 08:08:42.942041
,Clean Energy ,2026-09-28 09:05:28+00:00,Industrial Info Resources,World Economies Ask: Can Biofuels Replace Fossil Fuel Shortages?,Not Available,,,,,https://www.industrialinfo.com/news/article/world-economies-ask-can-biofuels-replace-fossil-fuel-shortages--362977,"Global Pharma and Biotech Capital Outlook 2026 The global pharmaceutical and biotechnology sector is entering a period of robust capital spending, driven by a structural shift toward outsourcing and an urgent need for advanced manufacturing capabilities.
2027 North American Industrial Market Outlook Join senior executives, business development leaders, and strategic planning professionals for the premier industrial forecast event of the year.
Wednesday, February 3, 2027 Hosted by Industrial Info Resources Sugar Land, TX, USA Houston Marriott Sugar Land","Global Pharma and Biotech Capital Outlook 2026

The global pharmaceutical and biotechnology sector is entering a period of robust capital spending, driven by a structural shift toward outsourcing and an urgent need for advanced manufacturing capabilities.

2027 North American Industrial Market Outlook

Join senior executives, business development leaders, and strategic planning professionals for the premier industrial forecast event of the year.

Wednesday, February 3, 2027

Hosted by Industrial Info Resources

Sugar Land, TX, USA

Houston Marriott Sugar Land",https://media.industrialinfo.com/news/img/webp/iir_industry_news_alternative_fuels_article_thumbnail_07.webp,N,,2026-09-28 08:08:48.896366
,North Carolina and Evs,2026-09-28 09:05:26+00:00,Industrial Info Resources,U.S. Boosts T&D Overhauls with SPARK Investments - Industrial Info Resources,Not Available,,,,,https://www.industrialinfo.com/news/article/us-boosts-td-overhauls-with-spark-investments--362967,"Global Pharma and Biotech Capital Outlook 2026 The global pharmaceutical and biotechnology sector is entering a period of robust capital spending, driven by a structural shift toward outsourcing and an urgent need for advanced manufacturing capabilities.
2027 North American Industrial Market Outlook Join senior executives, business development leaders, and strategic planning professionals for the premier industrial forecast event of the year.
Wednesday, February 3, 2027 Hosted by Industrial Info Resources Sugar Land, TX, USA Houston Marriott Sugar Land","Global Pharma and Biotech Capital Outlook 2026

The global pharmaceutical and biotechnology sector is entering a period of robust capital spending, driven by a structural shift toward outsourcing and an urgent need for advanced manufacturing capabilities.

2027 North American Industrial Market Outlook

Join senior executives, business development leaders, and strategic planning professionals for the premier industrial forecast event of the year.

Wednesday, February 3, 2027

Hosted by Industrial Info Resources

Sugar Land, TX, USA

Houston Marriott Sugar Land",https://media.industrialinfo.com/news/img/webp/iir_industry_news_power_article_thumbnail_07.webp,N,,2026-09-28 07:01:51.029750
,North Carolina American Energy ,2026-09-28 09:03:47+00:00,washingtonmonthly.com,Why Won't the Clean Energy Industry Play Dirty? | Washington Monthly,Not Available,,,,,https://washingtonmonthly.com/2026/09/28/why-wont-the-clean-energy-industry-play-dirty/,This will only take a few seconds...,This will only take a few seconds...,"data:;base64,=",N,,2026-09-28 05:59:04.159807
,Indiana and Evs,2026-09-28 08:57:47+00:00,WANE 15,"Trump administration set to roll out lower fuel economy standards for cars, light trucks","ANNE D'INNOCENZIO, Associated Press",,,,,https://www.wane.com/news/national-world/ap-us-news/ap-trump-administration-set-to-roll-out-lower-fuel-economy-standards-for-cars-light-trucks/,"NEW YORK (AP) — The Trump administration on Monday plans to release new fuel economy standards that would relax regulatory requirements for automakers to control pollution from gasoline-powered cars and light trucks.
Fuel economy requirements set out how far new vehicles need to travel on a gallon of gasoline.
The change would further Trump’s promise to revoke policies that encouraged or created incentives for the production of electric vehicles.
Without these standards, in 2035, cars could produce 22,111 more tons of carbon dioxide per year than under the Biden-era rules.
Mileage standards, known as the corporate average fuel economy, or CAFE, have been implemented since the 1970s energy crisis, and over time, automakers have gradually improved their vehicles’ average efficiency.","NEW YORK (AP) — The Trump administration on Monday plans to release new fuel economy standards that would relax regulatory requirements for automakers to control pollution from gasoline-powered cars and light trucks.

President Donald Trump said on his Truth Social media account Saturday that the less stringent mileage requirements would “take the waste out of building cars in America” and save families “thousands on a new, beautiful and safe car,” while boosting auto production in the U.S.

Last December, the National Highway Traffic Safety Administration projected that the new standards would set the industry fleetwide average for light-duty vehicles at roughly 34.5 miles per gallon in the 2031 model year, down from a projected 50.4 miles per gallon in 2031 under rules put in place by the Biden administration.

Fuel economy requirements set out how far new vehicles need to travel on a gallon of gasoline. The change would further Trump’s promise to revoke policies that encouraged or created incentives for the production of electric vehicles.

Since taking office, Trump has relaxed auto tailpipe emissions rules, repealed fines for automakers that do not meet federal mileage standards and terminated consumer credits of up to $7,500 for EV purchases.

Secretary of Transportation Sean Duffy said Saturday on his social media account on X that the changes would be announced Monday. The White House, Department of Transportation and NHTSA couldn’t immediately be reached for comment on the details of the new standards.

General Motors, Stellantis, and Ford Motor, maker of the top-selling pickup truck, the F-150, also couldn’t be immediately reached for comment. The administration and automakers have said the new rules will increase Americans’ access to the full range of gasoline vehicles they need and can afford.

The average new car in America sold for $50,089 in August, crossing over the $50,000 line for the first time since last December, according to Kelley Blue Book data. At the same time, Americans are spending more on gas as Washington’s war with Iran disrupts the global flow of fuel. The national average price for a gallon of gas was $4.47 on Sunday, up from $4.09 a month ago, according to the AAA motor club.

Trump has repeatedly pledged to end what he falsely calls an EV “mandate,” referring incorrectly to President Joe Biden’s target that half of all new vehicle sales be electric by 2030. No federal policy has mandated auto companies to sell EVs.

According to data from the automotive research group Edmunds, EVs accounted for 6.5% of new vehicle sales in February, down from 7.4% for all of 2025.

News of the revised standards immediately drew rebukes from environmentalists.

Dan Becker, director of the Center for Biological Diversity’s Safe Climate Transport Campaign, said that the final rule “ignores the feasibility of clean technology and the millions of fuel-efficient cars already on the road.”

“Trump is tanking sensible mile per gallon standards at the worst possible time for consumers, who are getting hit with sky-high prices at the pump,” Becker said in a statement. “Consumers will pay the price for these reckless rollbacks while Trump’s Big Oil and Big Auto buddies reap the short-term profits.”

Katherine García, director of the Sierra Club’s Clean Transportation for All campaign, vowed the environmental group would fight the rule and said that the loosening of fuel standards would “make driving more expensive too.”

“Less fuel-efficient cars mean more gas burned, spending more at the pump, and dirtier air in our communities,” Garcia wrote in a statement.

When the 2024 standards went into effect, NHTSA estimated they would save 14 billion gallons of gasoline from being burned by 2050. The agency also said that while new fuel-efficient vehicles cost more up front, savings on gasoline over the lifetime of the car or truck would more than make up for that.

Without these standards, in 2035, cars could produce 22,111 more tons of carbon dioxide per year than under the Biden-era rules. It also translates to an extra 90 tons a year of deadly soot particles and 4,870 additional tons a year of smog components such as nitrogen oxides and volatile organic compounds emitted into the air in coming years.

Mileage standards, known as the corporate average fuel economy, or CAFE, have been implemented since the 1970s energy crisis, and over time, automakers have gradually improved their vehicles’ average efficiency.",https://www.wane.com/wp-content/uploads/sites/21/2026/09/6aba52babbe888.01614316.jpeg?w=1280,N,,2026-09-28 08:10:35.487829
,EVs,2026-09-28 08:47:09+00:00,ETAuto.com,"NIO inks battery-swapping deal with Geely, values energy unit at $2.4 billion - ET Auto News","ET Auto, www.ETAuto.com",,,,,https://auto.economictimes.indiatimes.com/amp/news/industry/nio-inks-battery-swapping-deal-with-geely-values-energy-unit-at-2-4-billion/134535392,"Join the community of 2M+ industry professionals Subscribe to our Daily, Weekly, and Evening NewsLetter, Take a look","Join the community of 2M+ industry professionals

Subscribe to our Daily, Weekly, and Evening NewsLetter, Take a look","https://etimg.etb2bimg.com/thumb/msid-134535392,imgsize-67510,width-1200,height=627,overlay-etauto,resizemode-75/industry/nio-inks-battery-swapping-deal-with-geely-values-energy-unit-at-2-4-billion.jpg",N,,2026-09-28 07:01:28.325956
,Texas Environment,2026-09-28 08:37:09+00:00,pubs.acs.org,From Gen Z Skepticism to Environmental Accountability for Artificial Intelligence,Not Available,,,,,https://pubs.acs.org/esthag/article/doi/10.1021/acs.est.6c11139/5439686/From-Gen-Z-Skepticism-to-Environmental?searchresult=1,", Houston, Texas 77204,. United States. Materials Science and Engineering ... Published as part of Environmental Science & Technology special issue “ ...",Not Available,,N,,2026-09-28 08:09:46.296834
,North Carolina American Energy ,2026-09-28 08:07:45+00:00,Canary Media,The Senate wants to pass a permitting reform bill. So what's the holdup? - Canary Media,Not Available,,,,,https://www.canarymedia.com/articles/electrification/senate-permitting-reform-holdup,"A bipartisan group of senators says it has come closer than ever before to reaching a long-desired permitting reform bill, which would make it easier to build new energy projects.
“If you phrase permitting reform as serving data centers, the polling results get way worse,” Lundry said.
The potential bill represents one of the few points of agreement for Republicans and Democrats in Washington, which is that energy permitting is broken.
Lawmakers have tried for years to reform the permitting process, most recently with the failed Energy Permitting Reform Act of 2024, which made it out of committee but never got a full Senate vote.
Unsurprisingly, both the solar and the gas industries support permitting reform.","This story was originally published by Grist. Sign up for Grist’s weekly newsletter.

Senators are looking toward the Capitol doors as they prepare to head home and campaign for the midterms. Meanwhile, a group of them has been scrambling to reach a deal that some analysts believe is critical to meet the country’s energy needs.

A bipartisan group of senators says it has come closer than ever before to reaching a long-desired permitting reform bill, which would make it easier to build new energy projects. Many consider the issue urgent as electricity demand surges across the country, partly because of the tech industry’s massive buildout of data centers.

“America’s energy demand is surging due to advanced technology and manufacturing, but our outdated federal permitting process remains a massive barrier to building the infrastructure we need to stay competitive,” said Marsha Blackburn, a Republican senator from Tennessee, in an August press release.

But the bill’s reception among the public is uncertain due in part to a PR problem: Data centers are a ​“toxic” subject for voters, according to Alex Lundry, president of D.C.-based public opinion research firm Redbud Consulting. In recent polls, Democrats, Republicans, and independents strongly oppose data centers being built in their communities.

“If you phrase permitting reform as serving data centers, the polling results get way worse,” Lundry said. This is putting legislators, many of whom are up for reelection in November, in a bind: They want to make it easier to build more electrical infrastructure, which facilitates the data center boom, but don’t want voters to think it’s about data centers.

The potential bill represents one of the few points of agreement for Republicans and Democrats in Washington, which is that energy permitting is broken.

Complicated studies on project impacts, lengthy reviews by different federal agencies, and legal battles from environmental groups and project opponents constantly delay all kinds of energy projects, industry leaders say.

Lawmakers have tried for years to reform the permitting process, most recently with the failed Energy Permitting Reform Act of 2024, which made it out of committee but never got a full Senate vote. Now, lawmakers from both parties say growing power demand has given the new attempt more momentum than any previous effort. The highest-ranking members of both parties in the Senate’s two energy-related committees are negotiating the bill’s language.

President Donald Trump has signaled he would stop blocking renewable energy projects in order to entice Democrats toward a deal on the bill. Democrats have worried that even if they make it easier to build renewables in law, the White House could continue making it impossible in practice, with some Democrats indicating that these worries have stalled the bill’s progress.

“I appreciate very much what the Trump administration has done to move in this direction, but in order to brief colleagues on what this really means, we need just a bit more clarity on exactly what return to regular order for wind and solar projects looks like,” Senator Sheldon Whitehouse, the top Democrat on the Senate Environment and Public Works Committee, told reporters this week. ​“So that’s still to be done, but that I think can happen in fairly short order.”

Politico reported that the senators intend to finish hammering out the bill after the midterm elections, when it could compete with other legislation for attention, especially if Republicans lose control of Congress.

The draft bill’s contents are not public, but stakeholders expect it would make building energy projects easier by reducing the potential environmental and social effects of a project that government agencies must consider when issuing a permit; loosening Clean Water Act and Endangered Species Act requirements that slow down transmission line and pipeline permits; and making successfully obtained permits less vulnerable to lawsuits after they’re issued.

Such a bill would ease the path to construction for renewable and fossil fuel projects alike — especially solar and natural gas, the power sources with the most momentum. Solar power and batteries account for almost 80 percent of the new power generation expected to be built in the United States in 2026, while natural gas was the largest single source of electricity used in 2025, with projections for continued growth. Natural gas in particular has become a go-to power source for data centers, which are projected to use a lot of it in the next decade.

Unsurprisingly, both the solar and the gas industries support permitting reform. Tim Pawlenty, president of the Solar Energy Industry Association, has said the country would be ​“constipated” without it.

A colossal surge in electricity demand has long been expected in the United States, even before Big Tech started its data center buildout. Americans are ​“electrifying” their lives with heat pumps, electrical appliances, and electric vehicles, all important for reducing emissions. The country has also squeezed most of the benefits out of energy-saving light bulbs and other fixtures, which had kept electricity use flat by reducing power needs as they spread during the 2010s. Added to all that, the United States aims to draw more manufacturing to its shores, which requires electricity if successful. But data centers are accelerating and intensifying the power-demand spike, and straining grids and supply chains. Data center developers like Google have helped lobby for permitting reform.

Environmental groups like the Natural Resources Defense Council want to speed up renewable energy development without weakening bedrock environmental laws; NRDC executives have called for land-use plans that make it easier to site renewable energy projects while protecting local ecosystems. But Democratic legislators are considering compromising on environmental protections to support renewable energy and keep grids reliable. Meanwhile, Republicans, many of whom deny the severity of climate change, want to power new economic growth.

There is another reason legislators in both parties are keen to build, build, build: Many are anxious that hobbling data centers, and the AI systems they enable, will allow China to become economically and militarily stronger than the United States. Trump administration officials, legislators from both parties, and energy industry leaders speaking at the Clean Energy Week conference in Washington, D.C., in mid-September called on America to be ​“competitive” and ​“dominant” through energy buildout.

“While Communist China cuts corners to get ahead, a mountain of red tape has America fighting the energy war with one hand tied behind our backs,” said Senator Rick Scott, a Republican, in a statement last month.

But Lundry, the pollster, warned that these sentiments are losing popularity among voters. ​“Being competitive with China used to be an effective message, but it isn’t anymore,” Lundry said.

Instead, Lundry recommended framing permitting reform as a boost for clean power. Lundry’s firm, Redbud, found in a September poll that 71 percent of respondents agreed that ​“making renewable energy a bigger part of the country’s energy supply is the right move.” Bringing down energy costs is also likely a big win with voters, the survey showed, with 70 percent of respondents saying their energy bills have gone up in the last year.

Action in the other house of Congress makes it clear that lawmakers are well aware of the public’s antipathy toward data centers and fear about rising energy costs. A few days before senators said they were nearly finished with their permitting draft, the House of Representatives passed a bill calling on states (but not requiring them) to force data centers to pay for their own electricity generation. The bill is meant to help shield regular people from rising bills as data centers gobble up power. That bill is now stalled in the Senate, where some Democrats say it’s too soft-handed.",https://img.canarymedia.com/content/uploads/Grist-solar-and-smokestackes_GettyImages-1236577152.jpg?auto=compress%2Cformat&crop=focalpoint&fit=crop&fp-x=0.5&fp-y=0.5&h=630&q=82&w=1200&s=161a515c7dc42b16741f66bfc3d6e331,N,,2026-09-28 05:00:24.596899
,Texas Environment,2026-09-28 08:03:17+00:00,News From The States,"Ohio economists: Abatements may attract data centers, but is that a good thing?",News From The States,,,,,https://www.newsfromthestates.com/article/ohio-economists-abatements-may-attract-data-centers-good-thing,"In a recent survey, most economists said Ohio’s tax abatements are an effective way to attract AI data centers to the Buckeye State, but many also questioned the desirability of doing so.
In Ohio, anger against data centers built in June when the public learned that former Gov.
Scioto Analysis surveyed 37 Ohio economists about data centers, including asking whether taxpayer incentives are an effective way to attract them.
“Because many communities across the country oppose data centers, Ohio may attract them without additional incentives,” wrote David Lindequist of Miami University.
“The biggest economic risk from data centers is cost-shifting, so requiring on-site generation keeps those costs with the data center.","In a recent survey, most economists said Ohio’s tax abatements are an effective way to attract AI data centers to the Buckeye State, but many also questioned the desirability of doing so.

They were more split on the economic benefits of making data centers generate their own electricity.

There has been a swift, sharp backlash against data centers this year as projects have been rammed through without community input, electricity bills have shot up, and workers fear mass displacement by the technology. And there are worries about how artificial intelligence will reshape the jobs that remain.

As huge and growing numbers of Americans find it harder to simply pay their bills, the backlash has also been directed against a political system in which monied interests seem to have all the power.

In Ohio, anger against data centers built in June when the public learned that former Gov. John Kasich had granted some of the richest tech companies in the world billions in taxpayer incentives that would last 40 years.

Scioto Analysis surveyed 37 Ohio economists about data centers, including asking whether taxpayer incentives are an effective way to attract them. Twenty three said they were — although several expressed doubts about whether that’s a good thing.

“I think that (tax abatements) are effective for attracting the data centers,” Curtis Reynolds of Kent State University wrote in the comment section of the survey. “That does not mean that I think they are a good idea. Tax abatements become a race to the bottom and as communities fight for businesses. In the case of data centers, there will be little employment gains for the local community so the economic benefits of these tax abatements seem dodgy at best.”

Other economists questioned whether such incentives play much of a role in Big Tech’s decision making.

“Data centers locate where the power is, not where the abatement is,” wrote Roman Sheremeta of Case Western Reserve University. “The evidence on tax incentives shows most go to firms that would have come anyway — and hyperscalers are building everywhere they can. Ohio’s $2.3 billion mostly bought what it would have gotten for free.”

One economist said the unpopularity of data centers should make corporate handouts unnecessary.

“Because many communities across the country oppose data centers, Ohio may attract them without additional incentives,” wrote David Lindequist of Miami University. “Tax abatements seem to only provide marginal incentives at best.”

The economists split when asked whether making data centers produce their own electricity would lower Ohioans’ electricity bills. Sixteen said it would, 10 said it wouldn’t and 11 were uncertain.

Casey Boyd-Swan of Kent State University said such “behind-the-meter” generation might reduce electricity bills, but it could come with other costs.

“The idea behind this makes sense,” she wrote. “The biggest economic risk from data centers is cost-shifting, so requiring on-site generation keeps those costs with the data center. In practice, energy costs may not increase as much for Ohio residents, but most on-site generation will be natural gas turbines, which concentrate both air pollution and around-the-clock noise in the communities where data centers are located.”

For his part, Lucas Englehardt of Kent State University argued that on-site power generation might actually increase Ohioans’ power-bills. He said it would make electricity more expensive by adding to the scarcity of the fossil and renewable fuels needed to produce it — and through less-efficient generation.

“This just pushes the demand back a step,” he wrote. “Instead of competing for energy itself — driving energy prices up, they’ll be competing for the resources used to produce the energy — driving up the cost of those resources.”

He added, “In as far as data centers are below-average in energy-production efficiency, this will divert energy-production resources away from high-productivity uses to low-productivity uses, actually driving energy prices up for the end consumer compared to if we just allowed data centers to buy electricity from the grid, and allowed more efficient energy producers to expand production.”",https://cdn.newsfromthestates.com/styles/social_large/s3/articles/feeds-state-94/wp-content/uploads/2025/11/gettyimages-21618511391790582163.jpg?VersionId=8vm4sNXYubgpTfGy5b9pjeCMZ359Nbva&h=199d8c1f&itok=dZFYKT_K,N,,2026-09-28 08:09:50.836350
,EVs,2026-09-28 07:50:32+00:00,vijesti.me,Trump administration eases regulations on car pollution control - Vijesti,"Vijesti, B BETA",,,,,https://en.vijesti.me/world-a/globus/828754/Trump-administration-eases-regulations-on-car-pollution-control,"The administration of US President Donald Trump is today announcing new fuel economy standards that would ease regulatory requirements for automakers to control pollution from gasoline-powered vehicles and light trucks.
Fuel economy requirements determine how far new vehicles must travel on one gallon, or about 3,8 liters, of gasoline.
This change would further implement Trump's promise to eliminate policies that encouraged the production of electric vehicles.
During his second term as president, Trump eased regulations on car emissions, eliminated fines for manufacturers that fail to meet federal fuel economy standards, and eliminated tax credits for consumers of up to $7.500 when purchasing electric vehicles.
Transport Minister Sean Duffy said on X on Saturday that the regulatory changes would be announced today.","The administration of US President Donald Trump is today announcing new fuel economy standards that would ease regulatory requirements for automakers to control pollution from gasoline-powered vehicles and light trucks.

Trump tweeted on Saturday on his social media account Truth Social that the less stringent fuel economy requirements would ""eliminate waste in making cars in America"" ​​and save families ""thousands of dollars on a new, beautiful, safe car,"" while also encouraging U.S. auto production.

Fuel economy requirements determine how far new vehicles must travel on one gallon, or about 3,8 liters, of gasoline.

This change would further implement Trump's promise to eliminate policies that encouraged the production of electric vehicles.

During his second term as president, Trump eased regulations on car emissions, eliminated fines for manufacturers that fail to meet federal fuel economy standards, and eliminated tax credits for consumers of up to $7.500 when purchasing electric vehicles.

Transport Minister Sean Duffy said on X on Saturday that the regulatory changes would be announced today.

The administration and automakers have said the new rules will give Americans better access to the full range of gasoline-powered vehicles they say they need and can afford.

According to data from the automotive company Kelley Blue Book, the average new car in the US sold for $50.089 in August, as Americans spend more money on fuel due to the war in Iran and disrupted global oil flows.",https://www.vijesti.me/data/images/2026/09/28/09/5761599_20260928t013504z-979719948-rc21snasoy2x-rtrmadp-3-usatrump_share.jpg,N,,2026-09-28 04:59:39.277669
,Clean Energy ,2026-09-28 07:27:52+00:00,"EUROMETAL - The Voice of European Steel, Tubes and Metal Distribution representing all types of Steel Intermediation.",Duferco establishes a new company for renewable energy - EUROMETAL,ricardo,,,,,https://eurometal.net/duferco-establishes-a-new-company-for-renewable-energy/,"Duferco Group has consolidated its energy transition activities under Duferco Renewable Industries.
Duferco Group has announced the establishment of a new subsidiary holding company, Duferco Renewable Industries, for its renewable energy and energy transition-related industrial activities.
The company will be responsible for developing and investing in renewable energy assets, as well as industrial and manufacturing operations.
Francesco Del Pizzo, who has been appointed CEO of the new company, will also join the board of directors of Duferco Group’s holding company.
Founded in the steel sector, Duferco Group now also operates in energy, maritime transportation and innovation.","Duferco Group has consolidated its energy transition activities under Duferco Renewable Industries. Francesco Del Pizzo has been appointed CEO of the new company.

Duferco Group has announced the establishment of a new subsidiary holding company, Duferco Renewable Industries, for its renewable energy and energy transition-related industrial activities. The company will be responsible for developing and investing in renewable energy assets, as well as industrial and manufacturing operations.

The group aims to bring its expertise in the energy transition, financial resources and industrial assets under a single structure to strengthen synergies across its activities. Francesco Del Pizzo, who has been appointed CEO of the new company, will also join the board of directors of Duferco Group’s holding company.

Duferco Chairman Antonio Gozzi said the energy transition requires capital, technical expertise and an industrial vision, adding that the new structure aims to develop infrastructure and technologies that support Italy’s competitiveness and energy independence.

Founded in the steel sector, Duferco Group now also operates in energy, maritime transportation and innovation. The group’s consolidated revenue for the financial year ended September 30, 2025, rose 46% year on year to USD 26.9 billion. The company said the increase was driven by higher trading and distribution volumes in its Energy Division, as well as growth in its steel activities.

Author: SteelRadar Editorial Team

steelradar.com",https://eurometal.net/wp-content/uploads/Francesco_DelPizzo.webp,N,,2026-09-28 08:08:52.710231
,North Carolina and Evs,2026-09-28 07:23:36+00:00,US News & World Report,"Trump Administration Set to Roll Out Lower Fuel Economy Standards for Cars, Light Trucks",Associated Press,,,,,https://www.usnews.com/news/business/articles/2026-09-28/trump-administration-set-to-roll-out-lower-fuel-economy-standards-for-cars-light-trucks,"NEW YORK (AP) — The Trump administration on Monday plans to release new fuel economy standards that would relax regulatory requirements for automakers to control pollution from gasoline-powered cars and light trucks.
Fuel economy requirements set out how far new vehicles need to travel on a gallon of gasoline.
The White House, Department of Transportation and NHTSA couldn't immediately be reached for comment on the details of the new standards.
Without these standards, in 2035, cars could produce 22,111 more tons of carbon dioxide per year than under the Biden-era rules.
Mileage standards, known as the corporate average fuel economy, or CAFE, have been implemented since the 1970s energy crisis, and over time, automakers have gradually improved their vehicles’ average efficiency.","NEW YORK (AP) — The Trump administration on Monday plans to release new fuel economy standards that would relax regulatory requirements for automakers to control pollution from gasoline-powered cars and light trucks.

President Donald Trump said on his Truth Social media account Saturday that the less stringent mileage requirements would “take the waste out of building cars in America"" and save families “thousands on a new, beautiful and safe car,"" while boosting auto production in the U.S.

Last December, the National Highway Traffic Safety Administration projected that the new standards would set the industry fleetwide average for light-duty vehicles at roughly 34.5 miles per gallon in the 2031 model year, down from a projected 50.4 miles per gallon in 2031 under rules put in place by the Biden administration.

Fuel economy requirements set out how far new vehicles need to travel on a gallon of gasoline. The change would further make do on Trump’s promise to revoke policies that encouraged or created incentives for the production of electric vehicles.

Since taking office, Trump has relaxed auto tailpipe emissions rules, repealed fines for automakers that do not meet federal mileage standards and terminated consumer credits of up to $7,500 for EV purchases.

Secretary of Transportation Sean Duffy said Saturday on his social media account on X that the changes would be announced Monday. The White House, Department of Transportation and NHTSA couldn't immediately be reached for comment on the details of the new standards.

General Motors, Stellantis, and Ford Motor, maker of the top-selling pickup truck, the F-150, also couldn't be immediately reached for comment. The administration and automakers have said the new rules will increase Americans’ access to the full range of gasoline vehicles they need and can afford.

The average new car in America sold for $50,089 in August, crossing over the $50,000 line for the first time since last December, according to Kelley Blue Book data. At the same time, Americans are spending more on gas as Washington’s war with Iran disrupts the global flow of fuel. The national average price for a gallon of gas was $4.47 on Sunday, up from $4.09 a month ago, according to the AAA motor club.

Trump has repeatedly pledged to end what he falsely calls an EV “mandate,” referring incorrectly to President Joe Biden’s target that half of all new vehicle sales be electric by 2030. No federal policy has mandated auto companies to sell EVs.

According to data from the automotive research group Edmunds, EVs accounted for 6.5% of new vehicle sales in February, down from 7.4% for all of 2025.

News of the revised standards immediately drew rebukes from environmentalists.

Dan Becker, director of the Center for Biological Diversity's Safe Climate Transport Campaign, said that the final rule “ignores the feasibility of clean technology and the millions of fuel-efficient cars already on the road.”

“Trump is tanking sensible mile per gallon standards at the worst possible time for consumers, who are getting hit with sky-high prices at the pump,” Becker said in a statement. “Consumers will pay the price for these reckless rollbacks while Trump’s Big Oil and Big Auto buddies reap the short-term profits.""

Katherine García, director of the Sierra Club's Clean Transportation for All campaign, vowed the environmental group would fight the rule and said that the loosening of fuel standards would “make driving more expensive too.”

""Less fuel-efficient cars mean more gas burned, spending more at the pump, and dirtier air in our communities,” Garcia wrote in a statement.

When the 2024 standards went into effect, NHTSA estimated they would save 14 billion gallons of gasoline from being burned by 2050. The agency also said that while new fuel-efficient vehicles cost more up front, savings on gasoline over the lifetime of the car or truck would more than make up for that.

Without these standards, in 2035, cars could produce 22,111 more tons of carbon dioxide per year than under the Biden-era rules. It also translates to an extra 90 tons a year of deadly soot particles and 4,870 additional tons a year of smog components such as nitrogen oxides and volatile organic compounds emitted into the air in coming years.

Mileage standards, known as the corporate average fuel economy, or CAFE, have been implemented since the 1970s energy crisis, and over time, automakers have gradually improved their vehicles’ average efficiency.

Copyright 2026 The Associated Press. All rights reserved. This material may not be published, broadcast, rewritten or redistributed.",https://www.usnews.com/dims4/USNEWS/7368976/2147483647/thumbnail/970x647/quality/85/?url=https%3A%2F%2Fwww.usnews.com%2Fcmsmedia%2Fd6%2F267fbdcbcea811f59080d9b707e782%2F66e77fdd89784b80a7d1cbabeb0f497eTrump_Gas_Mileage_26567.jpg,N,,2026-09-28 03:59:23.755176
,Texas Environment,2026-09-28 07:14:43+00:00,UT San Antonio Today,"UT San Antonio researcher builds self-powered, smart warning system to catch local floods",Valerie Bustamante Johnson,,,,,https://news.utsa.edu/2026/09/ut-san-antonio-researcher-builds-self-powered-smart-warning-system-to-catch-local-floods/,"From coastal bends facing storm surges to low-water crossings in San Antonio, flood risks often spike block by block long before regional alerts sound.
Researchers at The University of Texas at San Antonio have developed a self-sustaining, artificial intelligence-powered flood warning system designed to spot dangerous water accumulation at the street level.
The challenge of hyper-local flooding in Texas Texas holds a well-earned reputation for extreme flood events.
Off-grid power and long-range wireless communication To keep operating through heavy storms and overcast days, the sensing node relies on a self-sustaining solar power system.
“The user doesn’t need to decipher raw data,” Pan said.","When sudden rainstorms roll across Texas, flooding can erupt in a matter of minutes. From coastal bends facing storm surges to low-water crossings in San Antonio, flood risks often spike block by block long before regional alerts sound. That means some people could have ankle-deep water in their yard by the time a flash flood warning notification sounds on their phone.

But a better monitoring system could get the word out more swiftly — and also more accurately. Researchers at The University of Texas at San Antonio have developed a self-sustaining, artificial intelligence-powered flood warning system designed to spot dangerous water accumulation at the street level.

Led by Chen Pan, PhD, assistant professor of electrical engineering in the Margie and Bill Klesse College of Engineering and Integrated Design, the team engineered a field-ready prototype that combines solar energy harvesting, multi-sensor environmental tracking, long-range wireless radios and on-device machine learning.

“In many rural areas or coastal communities, power infrastructure can fail right when severe weather strikes,” said Pan, who directs the RISE Lab at UT San Antonio. “Our system is an off-grid solution. It generates its own power, evaluates flood risk locally right on the device and sends timely warnings without needing external electricity or expensive network lines.”

The team includes Mimi Xie, assistant professor of computer science in the UT San Antonio College of AI, Cyber and Computing, as well as Texas A&M University-Corpus Christi collaborators Hua Zhang, professor of engineering, and Wenlu Wang, assistant professor of computer science.

The challenge of hyper-local flooding in Texas

Texas holds a well-earned reputation for extreme flood events. While regional weather models and satellite imaging offer essential big-picture forecasts, they can miss hyper-local flash floods. A drainage channel behind a neighborhood, an isolated rural dip or a campus access road might submerge rapidly while surrounding areas remain dry.

Existing commercial flood-monitoring stations also come with drawbacks, from prohibitively high costs to reliance on grid power or frequent battery replacements, which leaves them vulnerable during multi-day storms or power outages.

Pan’s team set out to engineer an inexpensive, all-in-one alternative. The resulting prototype combines temperature, humidity, light and precipitation sensing, as well as four optical water-level sensors mounted at varying heights.

By analyzing multiple environmental factors simultaneously — an approach known as multi-modal sensing — the system achieves far greater reliability than traditional single-metric gauges.

Putting artificial intelligence directly on tiny computer chips

One of the system’s standout features is its exceptional computing power. Traditional Internet of Things (IoT) sensors simply collect raw data and transmit them to distant cloud servers for processing. If cell towers fail or internet connections drop during a storm, warning alerts stall.

Pan’s system sidesteps this roadblock by using TinyML — a branch of computer science that compresses machine learning algorithms so they can run directly on small, low-power microcontrollers. This on-device AI evaluates current and recent sensor data to predict localized, imminent flood risk without relying on a central server.

So far, the AI has performed well, achieving 98.82% validation accuracy in initial assessments post-training.

Off-grid power and long-range wireless communication

To keep operating through heavy storms and overcast days, the sensing node relies on a self-sustaining solar power system. An onboard power chip collects ambient light to charge a built-in battery and backup energy storage units, allowing the device to run indefinitely on a fraction of the energy used by a smartphone.

When the station detects rising water risks, it sends lightweight radio signals using LoRa (Long Range) wireless technology. These low-power signals can travel more than a half-mile through city streets and up to five miles in open areas without needing cell towers or power lines. The data arrives instantly at a local central hub, where emergency teams can monitor conditions from miles away.

Mapping flood paths for fast decision making

At the central monitoring site, custom server software aggregates data from multiple deployed nodes across a town or watershed. A second, larger AI model analyzes spatial and temporal patterns across the network to generate an interactive web dashboard with predictive maps.

“The user doesn’t need to decipher raw data,” Pan said. “The dashboard assesses risk levels and shows how flooding could spread across monitored locations, highlighting higher-risk zones so local officials can act quickly.”

This flood-path visualization supports emergency responders as they make crucial decisions, such as dispatching crews, closing dangerous roads or issuing targeted neighborhood warnings long before floodwaters peak.

From prototype to product

To keep the system affordable, Pan used commercially available, low-cost components. The total cost of parts for one prototype sensing station ranges from roughly $150 to $220.

Pan is currently pursuing patent protection for the hardware architecture. The team aims to refine the design into a sleeker, weatherized commercial product suitable for deployment by small coastal municipalities, homeowners’ associations, agricultural operations and industrial sites.

“Our ultimate goal is to get this technology deployed where it’s needed most,” Pan said. “Whether along the Gulf Coast, across rural Texas counties or in urban drainage basins, smart self-powered sensing can give communities the early awareness they need to stay safe.”

This project was funded in part by a Texas Coastal Management Program grant approved by the Texas Land Commissioner, providing financial assistance under the Coastal Zone Management Act of 1972, as amended, awarded by the National Oceanic and Atmospheric Administration (NOAA), Office for Coastal Management, pursuant to NOAA Award No. NA23NOS4190249.

The views expressed herein are those of the author(s) and do not necessarily reflect the views of NOAA, the U.S. Department of Commerce, or any of their subagencies.",https://news.utsa.edu/wp-content/uploads/2026/09/flood-street-in-houston.jpg,N,,2026-09-28 05:58:55.468256
,Texas American Energy ,2026-09-28 07:14:29+00:00,IIR Energy,U.S. Boosts T&D Overhauls with SPARK Investments - Industrial Info Resources,"William Ploch, IIR Energy",,,,,https://www.industrialinfo.com/iirenergy/industry-news/article/us-boosts-td-overhauls-with-spark-investments--362967,"Want More IIR News Intelligence?
Make us a Preferred Source on Google to see more of us when you search.
Add Us On Google Ask Us Have a question for our staff?
Submit a question and one of our experts will be happy to assist you.
By submitting this form, you give Industrial Info permission to contact you by email in response to your inquiry.","Want More IIR News Intelligence?

Make us a Preferred Source on Google to see more of us when you search.

Add Us On Google

Ask Us

Have a question for our staff?

Submit a question and one of our experts will be happy to assist you.

By submitting this form, you give Industrial Info permission to contact you by email in response to your inquiry.",https://media.industrialinfo.com/news/img/webp/iir_industry_news_power_article_thumbnail_07.webp,N,,2026-09-28 05:00:19.208062
,Clean Energy ,2026-09-28 07:05:04+00:00,Energy Live News,Utilities told to use billions of investment to back British jobs - Energy Live News,"Sumit Bose, ""Sumit Bose""",,,,,https://www.energylivenews.com/2026/09/28/utilities-told-to-use-billions-of-investment-to-back-british-jobs/,"Britain’s electricity, gas and water companies are being told to use their huge infrastructure programmes to support UK manufacturing, jobs and apprenticeships or face new legislation forcing them to do so.
The Government says utilities will be expected to put more of their procurement spending into domestic skills and manufacturing, as tens of billions of pounds are invested in networks and essential infrastructure over the coming years.
Ministers have made clear that if electricity, gas and water infrastructure providers do not voluntarily follow the new approach, legislation will be introduced when parliamentary time allows to ensure they act.
Under the new approach, utility companies will be expected to use procurement decisions to support apprenticeships and skills as well as manufacturing jobs across the country.
For utilities, the message is therefore becoming increasingly clear: infrastructure investment will no longer be judged solely on whether projects are built and delivered efficiently.","Britain’s electricity, gas and water companies are being told to use their huge infrastructure programmes to support UK manufacturing, jobs and apprenticeships or face new legislation forcing them to do so.

The Government says utilities will be expected to put more of their procurement spending into domestic skills and manufacturing, as tens of billions of pounds are invested in networks and essential infrastructure over the coming years.

The move goes beyond simply encouraging companies to buy British.

Ministers have made clear that if electricity, gas and water infrastructure providers do not voluntarily follow the new approach, legislation will be introduced when parliamentary time allows to ensure they act.

The policy comes at a significant moment for the energy and water sectors.

Ofgem estimates around £70 billion of investment is needed in the electricity transmission grid between 2025 and 2031 as Britain connects more renewable generation and prepares for rising electricity demand.

At the same time, Ofwat has approved £104 billion of spending across the water sector between 2025 and 2030, including major investment in new reservoirs, water transfers, sewage infrastructure and supply resilience.

That creates a substantial pipeline of contracts for cables, substations, transformers, pipes, pumps, control systems and engineering work.

The Government wants more of that spending to translate directly into British manufacturing capacity and skilled employment rather than simply increasing imports of equipment from overseas.

Under the new approach, utility companies will be expected to use procurement decisions to support apprenticeships and skills as well as manufacturing jobs across the country.

It follows changes earlier this year requiring central government spending to take greater account of employment and skills benefits when contracts are awarded.

The utility measures form part of a wider package described by ministers as an attempt to put public and regulated spending more firmly in the national interest.

The policy also comes as Britain faces growing concern about the resilience of energy supply chains, particularly as investment accelerates in electricity networks, renewables, storage and other low-carbon infrastructure.

Recent National Audit Office analysis warned that grid expansion is already being challenged by supply-chain constraints alongside planning, skills and access problems.

For utilities, the message is therefore becoming increasingly clear: infrastructure investment will no longer be judged solely on whether projects are built and delivered efficiently.

The Government also wants the money spent upgrading Britain’s energy and water systems to help build the domestic factories, supply chains and workforce needed to support the next generation of infrastructure.",https://www.energylivenews.com/wp-content/uploads/2020/06/shutterstock_140352100.jpg,N,,2026-09-28 08:08:55.865957
,Texas American Energy ,2026-09-28 06:59:30+00:00,renewablewatch.in,Constellation and Toyota sign solar PPA in Texas - Renewable Watch,Not Available,,,,,https://renewablewatch.in/2026/09/28/constellation-and-toyota-sign-solar-ppa-in-texas/,This will only take a few seconds...,This will only take a few seconds...,"data:;base64,=",N,,2026-09-28 05:00:22.057907
,Texas American Energy ,2026-09-28 05:30:40+00:00,Sempra,Sempra Announces Continuation of Capital Recycling Program,fp-admin,,,,,https://sempra.com/newsroom/press-releases/sempra-announces-continuation-capital-recycling-program?page=54,"Sempra intends to sell certain energy infrastructure assets in Mexico, as well as a minority stake in Sempra Infrastructure Partners (Sempra Infrastructure).
Sale of Assets in Mexico Sempra Infrastructure is targeting the sale of Ecogas México, S. de R.L.
About Sempra Sempra is an energy infrastructure company with one of the largest energy networks in North America.
Sempra Infrastructure, Sempra Infrastructure Partners, Sempra Texas, Sempra Texas Utilities, Oncor and Infraestructura Energética Nova, S.A.P.I.
de C.V. (IEnova) are not the same companies as the California utilities, SDG&E or SoCalGas, and Sempra Infrastructure, Sempra Infrastructure Partners, Sempra Texas, Sempra Texas Utilities, Oncor and IEnova are not regulated by the CPUC.","Divesting natural gas distribution business in Mexico

Selling minority interest in Sempra Infrastructure

SAN DIEGO, March 31, 2025 /PRNewswire/ -- Sempra (NYSE: SRE) today announced several strategic actions to advance its ongoing commitment to simplify the company's portfolio and recycle capital in support of strong growth in its Texas and California utilities. Sempra intends to sell certain energy infrastructure assets in Mexico, as well as a minority stake in Sempra Infrastructure Partners (Sempra Infrastructure). The sales proceeds are expected to be recycled into the company's five-year capital campaign, with a focus on its U.S. utilities.

""At Sempra, we continually review opportunities to realign our portfolio to support the growth and expansion of our Texas and California utilities, while also maintaining a strong balance sheet,"" said Jeffrey W. Martin, chairman and CEO of Sempra. ""With today's announcement, we believe we can successfully accomplish both objectives as we continue our work to drive enhanced long-term value for our shareholders. Further, these actions are designed to advance our company's broader effort to simplify the business and minimize reliance on future issuances of common equity to fund the company's five-year capital plan.""

Sale of Assets in Mexico

Sempra Infrastructure is targeting the sale of Ecogas México, S. de R.L. de C.V.

System Icon_External Link

(Ecogas), which holds three utility franchises and provides natural gas distribution service to Mexico's Mexicali, Chihuahua and La Laguna-Durango regions. Ecogas is the fifth largest distribution network in Mexico with more than 5,000 kilometers of distribution pipelines serving natural gas to more than 600,000 residential, commercial and industrial consumers. Serving the northern region of Mexico, Ecogas provides reliable natural gas services while supporting local and cross-border trade and economic growth. Moreover, the regions served by Ecogas continue to benefit from strong industrial demand growth from nearshoring of various industries.

Opportunity to Highlight Value in LNG Franchise

The company is also initiating a process to sell a minority interest in Sempra Infrastructure, which is one of the leading energy infrastructure platforms in North America with a market leadership position in liquefied natural gas (LNG) assets and related pipeline and storage infrastructure. The proposed sale follows Sempra's previous divestiture of a 20% non-controlling interest in 2021 to Kohlberg Kravis Roberts & Co. L.P. for an implied equity value of approximately $16.9 billion. That transaction was followed by a second sale of a non-controlling interest of 10% in 2022 to the Abu Dhabi Investment Authority for an implied equity value of approximately $17.9 billion.

Since that time, Sempra Infrastructure has continued to increase its market value through the expansion of its LNG franchise, which enjoys geographic advantages on both the Pacific and Gulf Coasts of North America. For instance, Energía Costa Azul LNG Phase 1 continues to target the commencement of commercial operations in spring of 2026, and construction at Port Arthur LNG Phase 1 remains on time and on budget with Trains 1 and 2 expected to come online in 2027 and 2028, respectively.

Moreover, the company continues to advance development of Port Arthur LNG Phase 2, which is receiving strong commercial interest. Sempra Infrastructure is under active commercial discussions with world-class companies for participation in the Phase 2 development project, which is anchored by a non-binding Heads of Agreement for LNG offtake and a proposed equity investment with a subsidiary of Saudi Aramco, as well as a fixed-price engineering, procurement and construction contract with Bechtel Energy. The company is targeting a final investment decision in 2025, pending the execution of definitive commercial agreements, obtaining permits and securing financing, among other factors.

""At Sempra Infrastructure, we are pursuing a series of exciting LNG growth opportunities that are expected to further America's position as a global leader in LNG exports,"" said Justin Bird, chief executive officer of Sempra Infrastructure. ""By focusing on the critical need for new energy infrastructure in North America, our company's pipeline of development projects is expected to provide benefits to a broader base of customers and differentiated growth for decades to come.""

Opportunity to Increase Long-Term Value

The sale processes being announced today are part of a broader set of five value creation initiatives for 2025, which aim to increase long-term value for shareholders, employees, customers and other stakeholders. To learn more about Sempra's value creation initiatives, visit sempra.com/annualreport. Taken together, these initiatives are designed to:

Divest non-core assets in support of recycling proceeds into new investments in the company's Texas and California utilities;

Strengthen the company's balance sheet, while efficiently funding growth and improving the quality and affordability of services; and

Reward Sempra's owners with improved visibility to consistent growth in earnings and cash flows and long-term value creation.

Upon completion, these transactions are expected to be accretive to the company's earnings-per-share forecast, while also enhancing credit. The sales transactions referenced in today's announcement are expected to be completed over the next 12-18 months. These transactions are subject to reaching agreement on acceptable pricing and other terms, securing required regulatory and other approvals, finalizing definitive contracts and other factors and considerations.

About Sempra

Sempra is an energy infrastructure company with one of the largest energy networks in North America. Through its operations in California, Texas and beyond, Sempra is electrifying and improving the energy resilience of some of the world's most significant economic markets and delivering everyday energy to nearly 40 million consumers. The company is recognized as a leader in responsible business practices and for its high-performance culture focused on safety and operational excellence, as demonstrated by Sempra's inclusion in the Dow Jones Sustainability Index North America. More information is available at sempra.com and on social media @Sempra.

This press release contains forward-looking statements within the meaning of the Private Securities Litigation Reform Act of 1995. Forward-looking statements are based on assumptions about the future, involve risks and uncertainties, and are not guarantees. Future results may differ materially from those expressed or implied in any forward-looking statement. These forward-looking statements represent our estimates and assumptions only as of the date of this press release. We assume no obligation to update or revise any forward-looking statement as a result of new information, future events or otherwise.

In this press release, forward-looking statements can be identified by words such as ""believe,"" ""expect,"" ""intend,"" ""anticipate,"" ""contemplate,"" ""plan,"" ""estimate,"" ""project,"" ""forecast,"" ""envision,"" ""should,"" ""could,"" ""would,"" ""will,"" ""confident,"" ""may,"" ""can,"" ""potential,"" ""possible,"" ""proposed,"" ""in process,"" ""construct,"" ""develop,"" ""opportunity,"" ""preliminary,"" ""initiative,"" ""target,"" ""outlook,"" ""optimistic,"" ""poised,"" ""positioned,"" ""maintain,"" ""continue,"" ""progress,"" ""advance,"" ""goal,"" ""aim,"" ""commit,"" or similar expressions, or when we discuss our guidance, priorities, strategies, goals, vision, mission, projections, intentions or expectations.

Factors, among others, that could cause actual results and events to differ materially from those expressed or implied in any forward-looking statement include: California wildfires, including potential liability for damages regardless of fault and any inability to recover all or a substantial portion of costs from insurance, the wildfire fund established by California Assembly Bill 1054, rates from customers or a combination thereof; decisions, denials of cost recovery, audits, investigations, inquiries, ordered studies, regulations, denials or revocations of permits, consents, approvals or other authorizations, renewals of franchises, and other actions, including the failure to honor contracts and commitments, by the (i) California Public Utilities Commission (CPUC), Comisión Reguladora de Energía, U.S. Department of Energy, U.S. Federal Energy Regulatory Commission, U.S. Internal Revenue Service, Public Utility Commission of Texas and other regulatory bodies and (ii) U.S., Mexico and states, counties, cities and other jurisdictions therein and in other countries where we do business; the success of business development efforts, construction projects, acquisitions, divestitures, and other significant transactions, including risks related to (i) being able to make a final investment decision, (ii) completing construction projects or other transactions on schedule and budget, (iii) realizing anticipated benefits from any of these efforts if completed, (iv) obtaining third-party consents and approvals and (v) third parties honoring their contracts and commitments; changes to our capital expenditure plans and their potential impact on rate base or other growth; litigation, arbitration, property disputes and other proceedings, and changes (i) to laws and regulations, including those related to tax and the energy industry in Mexico, (ii) due to the results of elections, and (iii) in trade and other foreign policy, including the imposition of tariffs by the U.S. and foreign countries; cybersecurity threats, including by state and state-sponsored actors, of ransomware or other attacks on our systems or the systems of third parties with which we conduct business, including the energy grid or other energy infrastructure; the availability, uses, sufficiency, and cost of capital resources and our ability to borrow money or otherwise raise capital on favorable terms and meet our obligations, which can be affected by, among other things, (i) actions by credit rating agencies to downgrade our credit ratings or place those ratings on negative outlook, (ii) instability in the capital markets, and (iii) fluctuating interest rates and inflation; the impact on affordability of San Diego Gas & Electric Company's (SDG&E) and Southern California Gas Company's (SoCalGas) customer rates and their cost of capital and on SDG&E's, SoCalGas' and Sempra Infrastructure's ability to pass through higher costs to customers due to (i) volatility in inflation, interest rates and commodity prices, (ii) with respect to SDG&E's and SoCalGas' businesses, the cost of meeting the demand for lower carbon and reliable energy in California, and (iii) with respect to Sempra Infrastructure's business, volatility in foreign currency exchange rates; the impact of climate policies, laws, rules, regulations, trends and required disclosures, including actions to reduce or eliminate reliance on natural gas, increased uncertainty in the political or regulatory environment for California natural gas distribution companies, the risk of nonrecovery for stranded assets, and uncertainty related to emerging technologies; weather, natural disasters, pandemics, accidents, equipment failures, explosions, terrorism, information system outages or other events, such as work stoppages, that disrupt our operations, damage our facilities or systems, cause the release of harmful materials or fires or subject us to liability for damages, fines and penalties, some of which may not be recoverable through regulatory mechanisms or insurance or may impact our ability to obtain satisfactory levels of affordable insurance; the availability of electric power, natural gas and natural gas storage capacity, including disruptions caused by failures in the transmission grid or pipeline and storage systems or limitations on the injection and withdrawal of natural gas from storage facilities; Oncor Electric Delivery Company LLC's (Oncor) ability to reduce or eliminate its quarterly dividends due to regulatory and governance requirements and commitments, including by actions of Oncor's independent directors or a minority member director; and other uncertainties, some of which are difficult to predict and beyond our control.

These risks and uncertainties are further discussed in the reports that Sempra has filed with the U.S. Securities and Exchange Commission (SEC). These reports are available through the EDGAR system free-of-charge on the SEC's website, www.sec.gov

System Icon_External Link

, and on Sempra's website, www.sempra.com. Investors should not rely unduly on any forward-looking statements.

Sempra Infrastructure, Sempra Infrastructure Partners, Sempra Texas, Sempra Texas Utilities, Oncor and Infraestructura Energética Nova, S.A.P.I. de C.V. (IEnova) are not the same companies as the California utilities, SDG&E or SoCalGas, and Sempra Infrastructure, Sempra Infrastructure Partners, Sempra Texas, Sempra Texas Utilities, Oncor and IEnova are not regulated by the CPUC. None of the website references in this press release are active hyperlinks, and the information contained on, or that can be accessed through, any such website is not, and shall not be deemed to be, part of this document.

SOURCE Sempra",https://www.sempra.com/sites/default/files/company_pr_thumbnails/selogo-release-default-2020.jpeg,N,,2026-09-28 08:10:26.712281
,Louisiana American Energy ,2026-09-28 05:19:47+00:00,eCommerceNews Australia,"Sicona buys Advano, gains US battery base in New Orleans - eCommerceNews Australia",Sofiah Nichole Salivio,,,,,https://ecommercenews.com.au/story/sicona-buys-advano-gains-us-battery-base-in-new-orleans,"Sicona has acquired New Orleans battery technology company Advano, giving the Australian company its first acquisition and a permanent operating base in the United States.
The New Orleans site gives Sicona a base near NASA's Michoud Assembly Facility and the Centre for Energy Resource Management.
Sicona is also adding an academic adviser with deep experience in battery materials.
Her appointment adds scientific weight as Sicona seeks to scale silicon-based anode materials in the US market.
Louisiana base For Louisiana, the transaction brings a foreign battery materials company into a sector state officials want to expand.","Sicona has acquired New Orleans battery technology company Advano, giving the Australian company its first acquisition and a permanent operating base in the United States.

The deal includes a pilot manufacturing plant, research and development laboratories, and cell-testing equipment in New Orleans. Sicona will install its SiCx silicon-carbon anode production process at the site and continue supplying Advano's existing US customers.

It also plans to expand the operation into what it calls a ""Super Pilot"" facility capable of producing enough material for more than 3 million battery cells.

Founded in 2016, Advano has developed a silicon-based anode material for lithium-ion batteries and has raised about USD $46 million. The acquisition also gives Sicona control of Advano's silicon anode patent portfolio, lifting its combined total to 151 patents across 46 patent families.

The New Orleans site gives Sicona a base near NASA's Michoud Assembly Facility and the Centre for Energy Resource Management. The expanded plant will target sectors including data centre battery backup, robotics, power tools, autonomous systems, drones, electric vertical take-off and landing aircraft, and defence.

US expansion

The acquisition comes as US battery supply chains face policy changes that favour domestic production. One law due to take effect in October 2027 will block procurement of batteries produced by certain Chinese manufacturers, while another offers a payment equal to 10 per cent of battery anode material production costs if the material is made in the United States.

That backdrop helps explain Sicona's push to establish local production before the restrictions begin. It is seeking to compete for US contracts on both price and origin as battery buyers reassess their supply chains.

""This acquisition is a major strategic step in Sicona's transition from an Australian battery-materials company into a global lithium-silicon battery platform with a permanent operating base in the United States. Advano and the New Orleans technology community have built an important foundation, and we intend to build on that work as we grow our US operations. We are proud to become part of the Louisiana business community, and we see New Orleans as the right place to build a long-term advanced-manufacturing presence, supported by an experienced industrial workforce and a strong research and engineering base,"" said Christiaan Jordaan, Founder and Chief Executive Officer of Sicona.

Sicona is also adding an academic adviser with deep experience in battery materials. Professor Y. Shirley Meng will join as Scientific Advisor alongside her roles at Nanyang Technological University in Singapore and the University of Chicago's Pritzker School of Molecular Engineering.

Professor Meng has authored or co-authored more than 300 peer-reviewed publications. Her appointment adds scientific weight as Sicona seeks to scale silicon-based anode materials in the US market.

""Silicon-based anodes have the potential to deliver major improvements in battery energy, power and charging performance, but successful commercialisation depends on materials that can be manufactured safely, economically, and at meaningful scale. Combining Sicona's technology platform with Advano's New Orleans facilities and US capabilities creates a strong opportunity to accelerate the development of advanced battery materials, and I look forward to supporting Sicona as it expands its scientific, manufacturing, and commercial activities in the United States,"" said Professor Meng.

Louisiana base

For Louisiana, the transaction brings a foreign battery materials company into a sector state officials want to expand. The project has also been selected for US congressional appropriations funding, subject to the completion of government processes.

State officials cast the investment as a sign of Louisiana's appeal to manufacturers seeking a US foothold. With a pilot plant, laboratories, and testing equipment already in place, Sicona arrives with an operating asset rather than an early-stage greenfield proposal.

""When a global company chooses Louisiana for its first U.S. facility and headquarters, it speaks to the strength of what we have built here and the opportunity ahead. Sicona's investment brings new innovation and advanced manufacturing capabilities into Louisiana, creating high-wage careers and expanding the role our state can play in the industries and supply chains shaping America's future,"" said Susan B. Bourgeois, Louisiana Economic Development Secretary.",https://ecommercenews.com.au/uploads/story/2026/09/26/compatible_ChristiaanJordaan-Sicona2-story-319883.jpg,N,,2026-09-28 07:02:25.619995
,EPA,2026-09-28 05:12:53+00:00,CBS News,Federal government issues emergency order defying Colorado's plan to shut down coal power plant,Logan  Smith,,,,,https://www.cbsnews.com/colorado/news/colorado-shut-down-coal-power-plant-emergency-order/,"In the most recent DOE order, Energy Secretary Chris Wright cited a 2024 long-term reliability assessment.
Prior to the first emergency order last December, President Donald Trump had issued three executive orders, one which declared the state of the nation's electrical grid a national emergency.
The Colorado Attorney General's Office filed a lawsuit in March against the DOE's first emergency order.
""The Energy Department's order keeping the Craig coal plant open is an unlawful abuse of the department's emergency authority and it should be canceled.""
In that ruling ruling, the appelate judge called the DOE's emergency order to keep a Michigan coal plant going ""disruptive"" to complex local and state planning processes.","The tug of war over energy production between several states and the federal government continued Friday when the U.S. Department of Energy renewed an emergency order to keep a Colorado coal-fired power plant operating months after it was scheduled to shut down during a transition to clean energy sources.

The DOE first ordered Unit 1 of the Craig Generating Station in northwest Colorado to remain operational in December of 2025. It did so two more times in 2026 to keep it running, and then again Friday.

The most recent order directs the six utilities that co-own and operate the facility -- Tri-State Generation and Transmission (primary operator), Platte River Power Authority, PacifiCorp, Xcel Energy, Salt River Project, and Southwest Power Pool -- to continue Unit 1's power generation through the end of the year.

Colorado belongs in a northwest power region which includes Colorado, Idaho, Montana, Oregon, Utah, Washington, and Wyoming. In the most recent DOE order, Energy Secretary Chris Wright cited a 2024 long-term reliability assessment. That report claimed ""'[e]nergy variability is greater in the Northwest"" than other regions ""due to the large share of wind and hydro in the portfolio.'"" Supply chain issues have delayed the construction of battery energy storage systems key to the reliability of those alternative energy sources, according to the report that Wright cited.

Meanwhile, electricity demands continue to rise, Wright explained. The NERC's 2026 State Of Reliability report, which Wright also referenced, found large load growth is increasing the system's vulnerability: ""[D]ata center and computational loads continued emerging as a major reliability consideration due to their scale, speed of development, and unique operational characteristics.""

Prior to the first emergency order last December, President Donald Trump had issued three executive orders, one which declared the state of the nation's electrical grid a national emergency.

""Without sufficient coal-fired baseload power, the United States will lack the stable electricity required to support defense installations, industrial expansion, and the high-energy demands of emerging technologies, such as [AI],"" Wright says Trump wrote to him in a memo concerning that particular executive order.

The recent federal directives contradict previous instructions given to the Colorado plant's operators. Craig Unit 1 was scheduled to be retired on Dec. 31, 2025, following the Colorado Air Quality Control Commission's passage of the Regional Haze Implementation Plan in 2016. According to the commission, the U.S. Environmental Protection Agency approved that state plan in 2011.

Meanwhile, Tri-State, in a press release, stated its own studies indicated adequate resources would still exist after Unit 1's planned retirement, allowing the Tri-State system to maintain reliability.

Unit 1 broke down 12 days before its planned retirement due to a mechanical failure of a valve, according to Tri-State. Extra measures were taken to bring it back online at the DOE's request.

""Tri-State has a policy of 100% compliance, and we will work with Unit 1 co-owners, and federal and state governments to determine the most cost-effective path to that end,"" said Duane Highley, Tri-State CEO, at that time. ""We are continuing to review the order to determine what this means for Craig Station employees and operations, and the financial impacts. As a not-for-profit cooperative, our membership will bear the costs of compliance with this order unless we can identify a method to share costs with those in the region. There is not a clear path for doing so, but we will continue to evaluate our options.""

Repairs to Unit 1 were completed Jan. 20, per Tri-State.

Unit 2 and Unit 3 of the Craig Generating Station are still scheduled for retirement in 2028.

The Colorado Attorney General's Office filed a lawsuit in March against the DOE's first emergency order. The lawsuit, filed in the U.S. Court of Appeals in Washington D.C., claimed the order ""tramples on the state's authority"" to manage its power resources, and was an abuse of emergency orders.

The case remains unresolved.

""DOE keeps renewing the order to keep the Craig unit open, and we've challenged each order,"" wrote Lawrence Pacheco, spokesperson for the Colorado AG's Office, in an email to CBS Colorado. ""The Energy Department's order keeping the Craig coal plant open is an unlawful abuse of the department's emergency authority and it should be canceled.""

Pacheco pointed to a ruling by that same court earlier this month. In that ruling ruling, the appelate judge called the DOE's emergency order to keep a Michigan coal plant going ""disruptive"" to complex local and state planning processes.

""The Department's reading of 'emergency' invites frequent federal interventions that are unsupported by the statute and threaten the stability of the energy market,"" as stated in the Court of Appeals's Sept. 11 ruling. ""By directing a generator approved for retirement to remain operative while effectively walling it off from planning and market frameworks, the Order challenged here interferes with

ordinary methods to assess a region's true generation capacity and distorts price signals that otherwise prompt appropriate

capacity investments. DOE's use of its expansive interpretation of 'emergency' to prevent planned retirements of generators

slated to close, for example, will likely discourage development of needed new resources by artificially lowering capacity market prices and destabilizing those markets.""

In 2019, Colorado passed a law to make a ""moral commitment"" to a ""just transition"" for coal plant workers and their communities toward clean energy, as stated in a press release from the governor's office. The Office Of Just Transition was created, and assisted in acquiring more than $1 million in state assistance for the City of Craig and Moffat County.

Tri-State, too, promised in 2024 to provide $70 million in assistance to its workers and their communities.

With emergency orders in 2025, the DOE directed a dozen coal-fired power plants to remain operational in 10 states. That includes Units 2 and 3 of the Comanche Generating Station in Pueblo. The Comanche 3 unit suffered a mechanical failure in August 2025 and required major repairs. It resumed operation earlier this month. Its planned for retirement in 2030, Unit 2 for retirement in 2028. Comanche Unit 1 was retired in 2022.

Only four coal plants were retired last year, according to DOE, ""the least in 15 years.""",https://assets1.cbsnewsstatic.com/hub/i/r/2025/04/20/6df66cb9-022d-4905-8a36-660b7c9d74ad/thumbnail/1200x630/96b8280c78460e9bbdd7b4c0dd7735f7/ap24201631592285.jpg,N,,2026-09-28 01:59:33.794289
,North Carolina and Evs,2026-09-28 05:09:06+00:00,www.bangordailynews.com,"Trump administration set to roll out lower fuel economy standards for cars, light trucks",Not Available,,,,,https://www.bangordailynews.com/2026/09/28/nation/trump-administration-set-to-roll-out-lower-fuel-economy-standards-for-cars-light-trucks/,This will only take a few seconds...,This will only take a few seconds...,"data:;base64,=",N,,2026-09-28 07:01:59.795701
,Texas Environment,2026-09-28 05:06:54+00:00,Fortune,Coastal erosion is so bad in California that this mostly GOP city may tax itself to restore ...,"Amy Taxin, The Associated Press",,,,,https://fortune.com/2026/09/27/coastal-erosion-san-clemente-california-republican-city-tax-beach-restoration/,"Crumbling seaside bluffs have damaged oceanfront homes and forced the repeated closure of a passenger rail line considered the second busiest in the country.
A measure to add a 1% sales tax to fund wildfire protection and sand replenishment in San Clemente is on the November ballot.
“We’ve lost our walkable beach,” said Cameron Cosgrove, a San Clemente resident who wrote the tax measure.
Opponents of the measure want sand — but not the tax — and argue San Clemente should work with other communities on a regional approach.
City Manager Andy Hall said San Clemente faces a sand deficit of about 3 million cubic yards.","That trip has been cut short.

Coastal erosion has been eating away at the beach in San Clemente, known for nearly a century as a “Spanish village by the sea.” The rising sea and crashing waves have pushed the shoreline landward, splitting the city’s picturesque North Beach. Crumbling seaside bluffs have damaged oceanfront homes and forced the repeated closure of a passenger rail line considered the second busiest in the country.

It’s one of many California coastal communities grappling with the effects of sea level rise. Nearly a decade ago, scientists forecast that more than half of Southern California’s beaches could significantly erode by 2100, radically altering how people live and recreate along the state’s famed coast.

“The constant pressure is sea level rise,” said Sean Vitousek, research oceanographer with the U.S. Geological Survey. “It is going to keep rising, and rising, and the beaches will retreat landward.”

After years of erosion, California is bracing for flooding and landslides ahead of this year’s expected super El Niño, a temporary warming in parts of the equatorial Pacific known to warp weather worldwide. Already this year, the town of Pacifica south of San Francisco shuttered its cracked concrete pier, and seawater flooded homes in Long Beach near Los Angeles during a hurricane-driven storm surge. A recent study showed that El Niño events are getting stronger because of human-caused climate change.

In San Clemente, a town of 62,000 people, urban development has slowed the flow of sediment that once nourished the city’s beaches, and warmer ocean waters have pushed waves higher and further ashore. It’s become so challenging that residents of the largely Republican city are considering taxing themselves to raise money for beach restoration. A measure to add a 1% sales tax to fund wildfire protection and sand replenishment in San Clemente is on the November ballot.

Crumbling hillsides disrupt seaside rail

Over the past five years, the rail line that has operated along the coast for more than a century has faced repeated closures due to encroaching surf on one side and fragile bluffs on the other. The 7-mile (11-kilometer) segment is part of a 351-mile (565-kilometer) passenger rail corridor that links San Diego with Los Angeles County’s huge port complex and San Luis Obispo. It’s also used by freight and the military.

Transportation officials have shored up the tracks to ensure passenger safety by laying down rock. But as waves slam against the rocks, they sweep more sand offshore and speed up erosion that will eventually threaten the rail line again.

Locals say the erosion is dramatically altering their community.

“We’ve lost our walkable beach,” said Cameron Cosgrove, a San Clemente resident who wrote the tax measure. “It used to be you could come to North Beach, walk the beach trail, or on the beach to the pier and actually all the way down to the south end of town. Can’t do either anymore.”

City and transit officials agree more sand is needed and note that coastal communities, including surf hub Huntington Beach, have nourished their beaches for years. Opponents of the measure want sand — but not the tax — and argue San Clemente should work with other communities on a regional approach.

“Fighting Mother Nature is very expensive,” said City Councilman Zhen Wu, who opposes the measure.

City Manager Andy Hall said San Clemente faces a sand deficit of about 3 million cubic yards. Getting that much sand to the beach is no easy task, he said, adding that trucking it would require 300,000 trips.

Darrell Johnson, chief executive of the Orange County Transportation Authority, said a challenge has been getting state permits for more sand. He hopes California’s recent emergency declaration ahead of El Niño will speed up the process. In the long run, Johnson said officials will study moving trains inland — an idea previously deemed too costly. A third option is to halt the line, he said.

“If we can’t figure out how to shore up properly in a way that is long-term in nature, and we can’t figure out how to relocate, I think that is a question that’s going to have to be asked,” Johnson said. “’What happens to passenger rail? What happens to freight?’”

More sand will also shape wave breaks

Further south, transportation officials have been working to stabilize coastal bluffs to shore up the rail line in the community of Del Mar. The plan is to eventually move the tracks, but officials have not decided where.

Charlie Fox, a 56-year-old San Clemente resident and marine meteorologist, said sand provides a critical buffer between whatever structures — train tracks, homes, lifeguard headquarters — are built along the coast. The lifelong surfer said sand also helps waves roll gently onshore, creating a steady wave break for surfing.

On a recent morning, surfers bobbed in the water off North Beach, not far from the rocky structure shoring up the train tracks by the sea.

“When you see those rocks, that’s them attempting to fight the ocean,” Fox said. “That is a futile endeavor.”

“The ocean wins,” he added. “Ocean always eventually wins.”","https://fortune.com/img-assets/wp-content/uploads/2026/09/AP26268606943785-e1790533595417.jpg?resize=1200,600",N,,2026-09-28 02:59:27.751784
,Clean Energy ,2026-09-28 05:02:48+00:00,LabourList,"SPONSORED: 'How energy investment can support jobs, skills and local communities'","Ross McKenzie, Laurie Wilcockson & Ellie Ormsby, Daniel Green, LabourList Staff, Karin Christiansen, Emma Burnell, Dave Ward, Pat McFadden",,,,,https://labourlist.org/2026/09/what-local-communities-want-from-the-uks-energy-transition/,"Looking at Britain today, one area where that charge cannot fairly be made is our energy system.
Working with More in Common, we have developed some polling on public attitudes towards investment in local energy projects.
To achieve this, energy investments must extend far beyond the energy system itself.
They must support jobs, strengthen local supply chains and generate opportunities for communities.
To succeed, changes to our energy system must go beyond infrastructure alone.","SPONSORED

In 1963, the then Labour leader Harold Wilson gave one of the most quoted speeches in Labour Party Conference history. Speaking in Scarborough, Wilson set out the need to forge a “new Britain” in the “white heat” of a technological and scientific revolution.

Less often discussed is the context in which that speech was made. The late 1950s and early 1960s were marked by intense debate about Britain’s place in the world, and whether ‘Luddite’ tendencies were holding the country back.

Looking at Britain today, one area where that charge cannot fairly be made is our energy system. The transformation of our generating capacity over the past two decades is a powerful example of the country successfully embracing the ‘white heat’ of technology.

In the same year as Wilson’s speech, plans were first conceived for Drax Power Station in North Yorkshire. By the time Wilson left office in the mid-1970s the site had been completed. Since then, both the site, and Drax’s, transformation as a company reflects the evolution of the UK’s electricity system.

Having begun operating a single coal-fired power station before transitioning to sustainable biomass, Drax’s current 4.4GW diversified portfolio of battery energy storage, hydro and pumped hydro, and wind and solar generation tells a wider story about the changing UK energy system.

Furthermore, our ambition to potentially host a AI data centre at Drax, further investments into flexible and renewable energy, and our roll out of EV charging points all point to the direction in which our electricity system is heading. Vitally, these developments will be a key pillar to support UK economic growth.

Working with More in Common, we have developed some polling on public attitudes towards investment in local energy projects. For me, three immediate lessons that stand out.

First – energy is well placed to serve as a catalyst for regional economic opportunity

The results show that a majority of the public, some 53 percent, do not believe that their area currently offers good opportunities for well-paid, high-skilled jobs.

At the same time, whether the project is wind, solar or battery storage, people understand the main benefits of energy investments to be new skilled jobs for local communities, alongside apprenticeships and training opportunities for young people.

Like Wilson before him, the current Prime Minister has been right to identify reindustrialisation and technology as essential tools for bringing growth to every postcode.

To achieve this, energy investments must extend far beyond the energy system itself. They must support jobs, strengthen local supply chains and generate opportunities for communities.

This brings us onto the second lesson.

People will support energy developments which deliver training opportunities for the next generation.

In recent years, governments of all colours have recognised the energy sector’s role in creating those opportunities. Just as importantly, it is clear the public recognise it too.

Indeed, the findings show that only five percent of the public would oppose a flexible energy site being built in their area if it brought jobs and apprenticeship opportunities for young people.

That matters at a time when the Prime Minister is rightly focused on expanding opportunities for young people not in education, employment or training, with the Milburn Review due for publication shortly.

At Drax, we are already working to help meet this challenge and are proud of the work our Community and Education teams do in the areas in which we operate.

Last year alone, we supported 1,890 young people at risk of becoming Not in Education, Employment or Training (NEET) through mentoring and workplace visits and reached 9,500 learners through STEM events in Yorkshire and the Humber.

It’s also important that our young people have role-models in sectors to look up to. This is why we have funded 12 high-potential STEM trainee teachers to complete a PGCE, supporting those who might inspire the next generation of engineers and scientists.

We believe that the challenge of NEETs is national, but the solutions will often be local. They depend on trusted relationships, practical collaboration, and employers willing to invest time, knowledge and opportunity in the next generation.

Finally, economic issues remain important to the public, but these must go hand in hand with nature and local consent.

Whilst only a minority of people believe that any drawbacks of new battery storage (29 percent), wind (19 percent) or solar (18 percent) generation sites would outweigh the benefits, the polling shows that chief amongst the public’s concerns in these areas are impacts on wildlife and green space.

For energy companies, this means showing that investment is not simply transactional. Whether it’s restoring a bog ecosystem in Wales or supporting research into the decline of the Arctic Char in Scotland, our work in these areas has been to demonstrate that new energy infrastructure can sit alongside a serious commitment to the natural world.

Energy projects can unlock jobs, apprenticeships, industrial investment and regional competitiveness, but they will only command lasting support if communities also see safeguards for nature, green space and local identity.

As we look to the evolving grid and the development it will require, the lessons are clear: national support does not always translate into local consent. To succeed, changes to our energy system must go beyond infrastructure alone.

It is also, and has always been about jobs, skills, opportunity and communities. If we get it right, the next phase of our energy transformation can help deliver the ‘white heat’ of growth and renewal that Labour has rightly placed at the heart of its mission for government.

Subscribe here to our daily newsletter roundup of Labour news, analysis and comment– and follow us on TikTok, Bluesky, WhatsApp, X and Facebook. You can also write to our editor to share your thoughts on our stories and share your own. The best letters are published every Sunday.",https://labourlist.org/wp-content/uploads/2026/09/Drax-1-800x450.jpeg,N,,2026-09-28 08:09:02.292619
,Detroit and Evs,2026-09-28 04:44:12+00:00,www.business-standard.com,"Trump admin to roll out lower fuel economy standards for cars, light trucks | World News",Business Standard,,,,,https://www.business-standard.com/world-news/trump-admin-to-roll-out-lower-fuel-economy-standards-for-cars-light-trucks-126092800169_1.html,"The Trump administration on Monday plans to release new fuel economy standards that would relax regulatory requirements for automakers to control pollution from gasoline-powered cars and light trucks.
Fuel economy requirements set out how far new vehicles need to travel on a gallon of gasoline.
Katherine Garcia, director of the Sierra Club's Clean Transportation for All campaign, vowed the environmental group would fight the rule and said that the loosening of fuel standards would ""make driving more expensive too.""
Without these standards, in 2035, cars could produce 22,111 more tons of carbon dioxide per year than under the Biden-era rules.
Mileage standards, known as the corporate average fuel economy, or CAFE, have been implemented since the 1970s energy crisis, and over time, automakers have gradually improved their vehicles' average efficiency.","The Trump administration on Monday plans to release new fuel economy standards that would relax regulatory requirements for automakers to control pollution from gasoline-powered cars and light trucks.

President Donald Trump said on his Truth Social media account Saturday that the less stringent mileage requirements would ""take the waste out of building cars in America"" and save families ""thousands on a new, beautiful and safe car,"" while boosting auto production in the US.

Last December, the National Highway Traffic Safety Administration projected that the new standards would set the industry fleetwide average for light-duty vehicles at roughly 34.5 miles per gallon in the 2031 model year, down from a projected 50.4 miles per gallon in 2031 under rules put in place by the Biden administration.

Fuel economy requirements set out how far new vehicles need to travel on a gallon of gasoline. The change would further make do on Trump's promise to revoke policies that encouraged or created incentives for the production of electric vehicles.

Since taking office, Trump has relaxed auto tailpipe emissions rules, repealed fines for automakers that do not meet federal mileage standards and terminated consumer credits of up to $7,500 for EV purchases.

Secretary of Transportation Sean Duffy said Saturday on his social media account on X that the changes would be announced Monday. The White House, Department of Transportation and NHTSA couldn't immediately be reached for comment on the details of the new standards.

General Motors, Stellantis, and Ford Motor, maker of the top-selling pickup truck, the F-150, also couldn't be immediately reached for comment. The administration and automakers have said the new rules will increase Americans' access to the full range of gasoline vehicles they need and can afford.

The average new car in America sold for $50,089 in August, crossing over the $50,000 line for the first time since last December, according to Kelley Blue Book data. At the same time, Americans are spending more on gas as Washington's war with Iran disrupts the global flow of fuel. The national average price for a gallon of gas was $4.47 on Sunday, up from $4.09 a month ago, according to the AAA motor club.

Trump has repeatedly pledged to end what he falsely calls an EV ""mandate,"" referring incorrectly to President Joe Biden's target that half of all new vehicle sales be electric by 2030. No federal policy has mandated auto companies to sell EVs.

According to data from the automotive research group Edmunds, EVs accounted for 6.5 per cent of new vehicle sales in February, down from 7.4 per cent for all of 2025.

News of the revised standards immediately drew rebukes from environmentalists.

Dan Becker, director of the Centre for Biological Diversity's Safe Climate Transport Campaign, said that the final rule ""ignores the feasibility of clean technology and the millions of fuel-efficient cars already on the road."" ""Trump is tanking sensible mile per gallon standards at the worst possible time for consumers, who are getting hit with sky-high prices at the pump,"" Becker said in a statement. ""Consumers will pay the price for these reckless rollbacks while Trump's Big Oil and Big Auto buddies reap the short-term profits."" Katherine Garcia, director of the Sierra Club's Clean Transportation for All campaign, vowed the environmental group would fight the rule and said that the loosening of fuel standards would ""make driving more expensive too."" ""Less fuel-efficient cars mean more gas burned, spending more at the pump, and dirtier air in our communities,"" Garcia wrote in a statement.

When the 2024 standards went into effect, NHTSA estimated they would save 14 billion gallons of gasoline from being burned by 2050. The agency also said that while new fuel-efficient vehicles cost more up front, savings on gasoline over the lifetime of the car or truck would more than make up for that.

Without these standards, in 2035, cars could produce 22,111 more tons of carbon dioxide per year than under the Biden-era rules. It also translates to an extra 90 tons a year of deadly soot particles and 4,870 additional tons a year of smog components such as nitrogen oxides and volatile organic compounds emitted into the air in coming years.

Mileage standards, known as the corporate average fuel economy, or CAFE, have been implemented since the 1970s energy crisis, and over time, automakers have gradually improved their vehicles' average efficiency.",https://bsmedia.business-standard.com/_media/bs/img/article/2026-09/28/thumb/fitandfill/1200X628/1790568944-644.jpg,N,,2026-09-28 01:59:42.228736
,North Carolina and Evs,2026-09-28 04:43:50+00:00,WINK News - Southwest Florida,"Trump administration set to roll out lower fuel economy standards for cars, light trucks",Not Available,,,,,https://www.winknews.com/news/international/trump-administration-set-to-roll-out-lower-fuel-economy-standards-for-cars-light-trucks/article_d84ca186-7ae8-5332-85c3-0360d5f1fb2f.html,The Trump administration on Monday plans to release new fuel economy standards that would relax regulatory requirements for automakers to control pollution from gasoline-powered cars and light trucks. President Donald,Not Available,https://bloximages.chicago2.vip.townnews.com/winknews.com/content/tncms/custom/image/2c126f9c-bedd-11ef-8535-37037507a88a.png?resize=600%2C315,N,,2026-09-28 07:02:06.915830
,Detroit and Evs,2026-09-28 04:41:54+00:00,WV News,"Trump administration set to roll out lower fuel economy standards for cars, light trucks",Not Available,,,,,https://www.wvnews.com/newsfeed/us/trump-administration-set-to-roll-out-lower-fuel-economy-standards-for-cars-light-trucks/article_317cf096-b14c-5e26-8d31-a561d0585082.html,The Trump administration on Monday plans to release new fuel economy standards that would relax regulatory requirements for automakers to control pollution from gasoline-powered cars and light trucks. President Donald,Not Available,https://bloximages.chicago2.vip.townnews.com/wvnews.com/content/tncms/assets/v3/editorial/f/92/f92d9d90-b616-5a47-a383-841a258d16a9/6ab97d8e36ffb.image.jpg?crop=1763%2C926%2C0%2C124&resize=1200%2C630&order=crop%2Cresize,N,,2026-09-28 01:59:46.549237
,EPA,2026-09-28 04:38:53+00:00,New York Post,Cheer this latest strike against NY pols' climate posturing - NY Post,Post Editorial Board,,,,,https://nypost.com/2026/09/27/opinion/cheer-this-latest-strike-against-ny-pols-climate-posturing/,"Judicial rulings against New York’s bogus Climate Superfund law marks yet another well-deserved blow to politicians’ global-warming posturing.
But passing the Superfund law let Democratic lawmakers pander to climate extremists by slapping Big Bad Oil, so they saw it as a win-win.
Their rulings add to climate crazies’ mounting courtroom losses: In 2021, the Second Circuit Court of Appeals struck down New York City’s wild bid to collect damages for climate change.
In New York, that’s produced a climate agenda that’s done nothing to mitigate climate change but only driven energy costs through the roof and boosted the chances of power outages.
Kathy Hochul to push through a slight delay to the state’s climate-change mandates, at least until she gets through November’s elections.","Judicial rulings against New York’s bogus Climate Superfund law marks yet another well-deserved blow to politicians’ global-warming posturing.

The 2024 legislation sought to swipe a whopping $75 billion from fossil-fuel companies it deemed responsible for more than a billion tons of greenhouse-gas emission since 2000.

Or as Robert S. Smith, a former top state judge, put it, lawmakers “needed some money — $75 billion, to be exact — for ‘comprehensive adaptation to the effects of climate change in New York’” and thought they had “a good way” to get it: Just take it.

That was patently unconstitutional for numerous reasons, starting with the fact that the federal government oversees environmental regulation under the Clean Air Act, not states.

And the public would’ve paid in the end, as those companies passed the new costs on to consumers.

But passing the Superfund law let Democratic lawmakers pander to climate extremists by slapping Big Bad Oil, so they saw it as a win-win.

Note that Judge P. Kevin Castel struck down that law just days after another federal jurist, Obama appointee Brenda Sannes, declared the “unusual and sweeping statute” wholly unenforceable.

Their rulings add to climate crazies’ mounting courtroom losses: In 2021, the Second Circuit Court of Appeals struck down New York City’s wild bid to collect damages for climate change.

And on Tuesday, a federal judge dismissed still another nutty lawsuit, filed by Michigan Attorney General Dana Nessel, claiming oil companies created a cartel that slowed the development of renewable energy.

How fitting that such crazy laws, and lawsuits, grow out of a movement that’s itself based on insanity: the idea, essentially, that man-made global warming will destroy the world in just a few years unless we trash the economy and live like cavemen.

In New York, that’s produced a climate agenda that’s done nothing to mitigate climate change but only driven energy costs through the roof and boosted the chances of power outages.

It’s brought plenty of bad policy at the federal level, too, including billions burned on green giveaways.

For example, the Environmental Protection Agency revealed Thursday that less than 40% of electric school buses purchased under multibillion-dollar Biden-era program have been delivered.

“In essence, American taxpayer dollars vanished into thin air, and our children were left without school buses,” fumed EPA boss Lee Zeldin. Brilliant.

On energy issues, of course, even Republicans can be lured to nonsense, as their recent suggestion to ban diesel exports attests: The ban would mess with the entire oil-refining industry, rapidly yielding higher prices in America — not just for diesel but regular gasoline as well.

The good news? Pushback and reality checks appear, finally, to be reining in climate lunacy.

In New York, sky-high electric bills forced Gov. Kathy Hochul to push through a slight delay to the state’s climate-change mandates, at least until she gets through November’s elections.

Pray such sanity keeps spreading and spares us yet more economic pain from the climate-change kooks.",https://nypost.com/wp-content/uploads/sites/2/2026/09/crop-41018362.jpg?quality=75&strip=all&w=1200,N,,2026-09-28 01:59:36.913049
,North Carolina and Evs,2026-09-28 04:28:42+00:00,WSOC TV,"Trump administration set to roll out lower fuel economy standards for cars, light trucks","ANNE D'INNOCENZIO, Associated Press",,,,,https://www.wsoctv.com/news/business/trump-administration/XAYHIPHBC475BBXBU3IL5CWYXE/,"NEW YORK — The Trump administration on Monday plans to release new fuel economy standards that would relax regulatory requirements for automakers to control pollution from gasoline-powered cars and light trucks.
Fuel economy requirements set out how far new vehicles need to travel on a gallon of gasoline.
The White House, Department of Transportation and NHTSA couldn't immediately be reached for comment on the details of the new standards.
Without these standards, in 2035, cars could produce 22,111 more tons of carbon dioxide per year than under the Biden-era rules.
Mileage standards, known as the corporate average fuel economy, or CAFE, have been implemented since the 1970s energy crisis, and over time, automakers have gradually improved their vehicles’ average efficiency.","NEW YORK — The Trump administration on Monday plans to release new fuel economy standards that would relax regulatory requirements for automakers to control pollution from gasoline-powered cars and light trucks.

President Donald Trump said on his Truth Social media account Saturday that the less stringent mileage requirements would “take the waste out of building cars in America"" and save families “thousands on a new, beautiful and safe car,"" while boosting auto production in the U.S.

Last December, the National Highway Traffic Safety Administration projected that the new standards would set the industry fleetwide average for light-duty vehicles at roughly 34.5 miles per gallon in the 2031 model year, down from a projected 50.4 miles per gallon in 2031 under rules put in place by the Biden administration.

Fuel economy requirements set out how far new vehicles need to travel on a gallon of gasoline. The change would further make do on Trump’s promise to revoke policies that encouraged or created incentives for the production of electric vehicles.

Since taking office, Trump has relaxed auto tailpipe emissions rules, repealed fines for automakers that do not meet federal mileage standards and terminated consumer credits of up to $7,500 for EV purchases.

Secretary of Transportation Sean Duffy said Saturday on his social media account on X that the changes would be announced Monday. The White House, Department of Transportation and NHTSA couldn't immediately be reached for comment on the details of the new standards.

General Motors, Stellantis, and Ford Motor, maker of the top-selling pickup truck, the F-150, also couldn't be immediately reached for comment. The administration and automakers have said the new rules will increase Americans’ access to the full range of gasoline vehicles they need and can afford.

The average new car in America sold for $50,089 in August, crossing over the $50,000 line for the first time since last December, according to Kelley Blue Book data. At the same time, Americans are spending more on gas as Washington's war with Iran disrupts the global flow of fuel. The national average price for a gallon of gas was $4.47 on Sunday, up from $4.09 a month ago, according to the AAA motor club.

Trump has repeatedly pledged to end what he falsely calls an EV “mandate,” referring incorrectly to President Joe Biden’s target that half of all new vehicle sales be electric by 2030. No federal policy has mandated auto companies to sell EVs.

According to data from the automotive research group Edmunds, EVs accounted for 6.5% of new vehicle sales in February, down from 7.4% for all of 2025.

News of the revised standards immediately drew rebukes from environmentalists.

Dan Becker, director of the Center for Biological Diversity's Safe Climate Transport Campaign, said that the final rule “ignores the feasibility of clean technology and the millions of fuel-efficient cars already on the road.”

“Trump is tanking sensible mile per gallon standards at the worst possible time for consumers, who are getting hit with sky-high prices at the pump,” Becker said in a statement. “Consumers will pay the price for these reckless rollbacks while Trump’s Big Oil and Big Auto buddies reap the short-term profits.""

Katherine García, director of the Sierra Club's Clean Transportation for All campaign, vowed the environmental group would fight the rule and said that the loosening of fuel standards would “make driving more expensive too.”

""Less fuel-efficient cars mean more gas burned, spending more at the pump, and dirtier air in our communities,” Garcia wrote in a statement.

When the 2024 standards went into effect, NHTSA estimated they would save 14 billion gallons of gasoline from being burned by 2050. The agency also said that while new fuel-efficient vehicles cost more up front, savings on gasoline over the lifetime of the car or truck would more than make up for that.

Without these standards, in 2035, cars could produce 22,111 more tons of carbon dioxide per year than under the Biden-era rules. It also translates to an extra 90 tons a year of deadly soot particles and 4,870 additional tons a year of smog components such as nitrogen oxides and volatile organic compounds emitted into the air in coming years.

Mileage standards, known as the corporate average fuel economy, or CAFE, have been implemented since the 1970s energy crisis, and over time, automakers have gradually improved their vehicles’ average efficiency.

Copyright 2026 The Associated Press. All rights reserved. This material may not be published, broadcast, rewritten or redistributed without permission.",https://cmg-cmg-tv-10030-prod.cdn.arcpublishing.com/resizer/v2/https%3A%2F%2Fcloudfront-us-east-1.images.arcpublishing.com%2Fcmg%2FBZMT5S7OLU4I3NTH4JACQEBFSI.jpg?auth=e2777e39efcdd56e620cc51c626acf6c93d3f0b0af5f3595c3ab86e8f7626042&width=1200&height=630&smart=true,N,,2026-09-28 04:03:44.099252
,Louisiana and Evs,2026-09-28 04:24:14+00:00,Audacy,"Trump administration set to roll out lower fuel economy standards for cars, light trucks",The Associated Press,,,,,https://www.audacy.com/wwl/news/business/trump-gas-mileage-electric-vehicles-pollution-403742074c3f3140aaa1d10829daf35f,"NEW YORK (AP) — The Trump administration on Monday plans to release new fuel economy standards that would relax regulatory requirements for automakers to control pollution from gasoline-powered cars and light trucks.
Fuel economy requirements set out how far new vehicles need to travel on a gallon of gasoline.
The White House, Department of Transportation and NHTSA couldn't immediately be reached for comment on the details of the new standards.
Without these standards, in 2035, cars could produce 22,111 more tons of carbon dioxide per year than under the Biden-era rules.
Mileage standards, known as the corporate average fuel economy, or CAFE, have been implemented since the 1970s energy crisis, and over time, automakers have gradually improved their vehicles’ average efficiency.","NEW YORK (AP) — The Trump administration on Monday plans to release new fuel economy standards that would relax regulatory requirements for automakers to control pollution from gasoline-powered cars and light trucks.

President Donald Trump said on his Truth Social media account Saturday that the less stringent mileage requirements would “take the waste out of building cars in America"" and save families “thousands on a new, beautiful and safe car,"" while boosting auto production in the U.S.

Last December, the National Highway Traffic Safety Administration projected that the new standards would set the industry fleetwide average for light-duty vehicles at roughly 34.5 miles per gallon in the 2031 model year, down from a projected 50.4 miles per gallon in 2031 under rules put in place by the Biden administration.

Fuel economy requirements set out how far new vehicles need to travel on a gallon of gasoline. The change would further make do on Trump’s promise to revoke policies that encouraged or created incentives for the production of electric vehicles.

Since taking office, Trump has relaxed auto tailpipe emissions rules, repealed fines for automakers that do not meet federal mileage standards and terminated consumer credits of up to $7,500 for EV purchases.

Secretary of Transportation Sean Duffy said Saturday on his social media account on X that the changes would be announced Monday. The White House, Department of Transportation and NHTSA couldn't immediately be reached for comment on the details of the new standards.

General Motors, Stellantis, and Ford Motor, maker of the top-selling pickup truck, the F-150, also couldn't be immediately reached for comment. The administration and automakers have said the new rules will increase Americans’ access to the full range of gasoline vehicles they need and can afford.

The average new car in America sold for $50,089 in August, crossing over the $50,000 line for the first time since last December, according to Kelley Blue Book data. At the same time, Americans are spending more on gas as Washington’s war with Iran disrupts the global flow of fuel. The national average price for a gallon of gas was $4.47 on Sunday, up from $4.09 a month ago, according to the AAA motor club.

Trump has repeatedly pledged to end what he falsely calls an EV “mandate,” referring incorrectly to President Joe Biden’s target that half of all new vehicle sales be electric by 2030. No federal policy has mandated auto companies to sell EVs.

According to data from the automotive research group Edmunds, EVs accounted for 6.5% of new vehicle sales in February, down from 7.4% for all of 2025.

News of the revised standards immediately drew rebukes from environmentalists.

Dan Becker, director of the Center for Biological Diversity's Safe Climate Transport Campaign, said that the final rule “ignores the feasibility of clean technology and the millions of fuel-efficient cars already on the road.”

“Trump is tanking sensible mile per gallon standards at the worst possible time for consumers, who are getting hit with sky-high prices at the pump,” Becker said in a statement. “Consumers will pay the price for these reckless rollbacks while Trump’s Big Oil and Big Auto buddies reap the short-term profits.""

Katherine García, director of the Sierra Club's Clean Transportation for All campaign, vowed the environmental group would fight the rule and said that the loosening of fuel standards would “make driving more expensive too.”

""Less fuel-efficient cars mean more gas burned, spending more at the pump, and dirtier air in our communities,” Garcia wrote in a statement.

When the 2024 standards went into effect, NHTSA estimated they would save 14 billion gallons of gasoline from being burned by 2050. The agency also said that while new fuel-efficient vehicles cost more up front, savings on gasoline over the lifetime of the car or truck would more than make up for that.

Without these standards, in 2035, cars could produce 22,111 more tons of carbon dioxide per year than under the Biden-era rules. It also translates to an extra 90 tons a year of deadly soot particles and 4,870 additional tons a year of smog components such as nitrogen oxides and volatile organic compounds emitted into the air in coming years.

Mileage standards, known as the corporate average fuel economy, or CAFE, have been implemented since the 1970s energy crisis, and over time, automakers have gradually improved their vehicles’ average efficiency.",https://www.audacy.com/media-library/trump-gas-mileage.jpg?id=67873025&width=1200&height=600&coordinates=0%2C417%2C0%2C417,N,,2026-09-28 02:59:30.669004
,Clean Energy ,2026-09-28 04:23:29+00:00,GV Wire,US to Finalize Sharply Lower Vehicle Fuel Economy Standards - GV Wire,Not Available,,,,,https://gvwire.com/2026/09/27/us-to-finalize-sharply-lower-vehicle-fuel-economy-standards/,"The US Transportation Department on Monday will finalize sharply lower vehicle fuel economy standards through 2031, reversing a push by the Biden administration ​to force automakers to build more electric vehicles, officials said on Saturday.
President Donald Trump said he had approved new fuel economy standards for cars and trucks, which he said will lower the price of new vehicles.
The new standards would cut the cost of new vehicles but increase fuel consumption and carbon dioxide emissions for decades, according to the department’s own estimates.
Under Democratic President Joe Biden, the government sought to push automakers to build more electric vehicles to meet rising fuel-efficiency standards.
The Trump administration in December proposed retroactively revising down the 2022 model year fuel economy standard ​and then raising it between 0.25% and 0.5% annually through 2031.","The US Transportation Department on Monday will finalize sharply lower vehicle fuel economy standards through 2031, reversing a push by the Biden administration ​to force automakers to build more electric vehicles, officials said on Saturday.

President Donald Trump said he had approved new fuel economy standards for cars and trucks, which he said will lower the price of new vehicles. “A major victory for America’s auto workers is coming Monday,” Transportation Secretary Sean Duffy said.

The new standards would cut the cost of new vehicles but increase fuel consumption and carbon dioxide emissions for decades, according to the department’s own estimates.

Trump’s push comes as American drivers are grappling with sharply higher fuel prices since the start of the U.S.-Israeli war with Iran at the end of February.

Under Democratic President Joe Biden, the government sought to push automakers to build more electric vehicles to meet rising fuel-efficiency standards. Biden increased required fuel efficiency for cars ‌by ⁠8% annually for model years 2024 and 2025, 10% for 2026 and 2% annually from 2027 to 2031.

The Trump administration in December proposed retroactively revising down the 2022 model year fuel economy standard ​and then raising it between 0.25% and 0.5% annually through 2031.

The Transportation Department proposed a fleetwide average of 34.5 miles per gallon (14.7 km per liter) by ​2031, down from 50.4 miles per gallon (21.4 km per liter) under Biden. It estimated its proposal would cut average new ​vehicle costs by $930 each.

But it would increase fuel consumption by ​around 100 ⁠billion gallons through 2050, fuel spending by $185 billion and carbon dioxide emissions by about 5%, the department said.

Trump’s move will make it easier for automakers to sell consumers less efficient vehicles. “Lowering standards will accelerate what (Trump) has already been doing: handing the clean tech future to China and forcing Americans to pay more at the pump,” said Pete Buttigieg, who headed the Transportation Department under Biden.

Biden focused on reducing US greenhouse gas emissions and fossil fuel use, accelerating a transition to clean energy and making the US. a global leader ​in clean-energy technology and manufacturing.

–

(Reporting by David Shepardson and Jasper Ward in Washington; Editing by Sergio Non, Andrea Ricci and Sanjeev Miglani)",https://gvwire.com/wp-content/uploads/2026/09/Us-to-Finalize-Sharply-Lower-Vehicle-Fuel-Economy-Standards.jpg,N,,2026-09-28 02:59:21.791359
,Indiana and Evs,2026-09-28 04:21:20+00:00,The Daily Reporter - Greenfield Indiana,"Trump administration set to roll out lower fuel economy standards for cars, light trucks",The Associated Press,,,,,https://www.greenfieldreporter.com/2026/09/28/trump-administration-set-to-roll-out-lower-fuel-economy-standards-for-cars-light-trucks/,"NEW YORK (AP) — The Trump administration on Monday plans to release new fuel economy standards that would relax regulatory requirements for automakers to control pollution from gasoline-powered cars and light trucks.
Fuel economy requirements set out how far new vehicles need to travel on a gallon of gasoline.
The administration and automakers have said the new rules will increase Americans’ access to the full range of gasoline vehicles they need and can afford.
Without these standards, in 2035, cars could produce 22,111 more tons of carbon dioxide per year than under the Biden-era rules.
Mileage standards, known as the corporate average fuel economy, or CAFE, have been implemented since the 1970s energy crisis, and over time, automakers have gradually improved their vehicles’ average efficiency.","NEW YORK (AP) — The Trump administration on Monday plans to release new fuel economy standards that would relax regulatory requirements for automakers to control pollution from gasoline-powered cars and light trucks.

President Donald Trump said on his Truth Social media account Saturday that the less stringent mileage requirements would “take the waste out of building cars in America” and save families “thousands on a new, beautiful and safe car,” while boosting auto production in the U.S.

Last December, the National Highway Traffic Safety Administration projected that the new standards would set the industry fleetwide average for light-duty vehicles at roughly 34.5 miles per gallon in the 2031 model year, down from a projected 50.4 miles per gallon in 2031 under rules put in place by the Biden administration.

Fuel economy requirements set out how far new vehicles need to travel on a gallon of gasoline. The change would further make do on Trump’s promise to revoke policies that encouraged or created incentives for the production of electric vehicles.

Since taking office, Trump has relaxed auto tailpipe emissions rules, repealed fines for automakers that do not meet federal mileage standards and terminated consumer credits of up to $7,500 for EV purchases.

Secretary of Transportation Sean Duffy said Saturday on his social media account on X that the changes would be announced Monday. The White House, Department of Transportation and NHTSA couldn’t immediately be reached for comment on the details of the new standards.

General Motors, Stellantis, and Ford Motor, maker of the top-selling pickup truck, the F-150, also couldn’t be immediately reached for comment. The administration and automakers have said the new rules will increase Americans’ access to the full range of gasoline vehicles they need and can afford.

The average new car in America sold for $50,089 in August, crossing over the $50,000 line for the first time since last December, according to Kelley Blue Book data. At the same time, Americans are spending more on gas as Washington’s war with Iran disrupts the global flow of fuel. The national average price for a gallon of gas was $4.47 on Sunday, up from $4.09 a month ago, according to the AAA motor club.

Trump has repeatedly pledged to end what he falsely calls an EV “mandate,” referring incorrectly to President Joe Biden’s target that half of all new vehicle sales be electric by 2030. No federal policy has mandated auto companies to sell EVs.

According to data from the automotive research group Edmunds, EVs accounted for 6.5% of new vehicle sales in February, down from 7.4% for all of 2025.

News of the revised standards immediately drew rebukes from environmentalists.

Dan Becker, director of the Center for Biological Diversity’s Safe Climate Transport Campaign, said that the final rule “ignores the feasibility of clean technology and the millions of fuel-efficient cars already on the road.”

“Trump is tanking sensible mile per gallon standards at the worst possible time for consumers, who are getting hit with sky-high prices at the pump,” Becker said in a statement. “Consumers will pay the price for these reckless rollbacks while Trump’s Big Oil and Big Auto buddies reap the short-term profits.”

Katherine García, director of the Sierra Club’s Clean Transportation for All campaign, vowed the environmental group would fight the rule and said that the loosening of fuel standards would “make driving more expensive too.”

“Less fuel-efficient cars mean more gas burned, spending more at the pump, and dirtier air in our communities,” Garcia wrote in a statement.

When the 2024 standards went into effect, NHTSA estimated they would save 14 billion gallons of gasoline from being burned by 2050. The agency also said that while new fuel-efficient vehicles cost more up front, savings on gasoline over the lifetime of the car or truck would more than make up for that.

Without these standards, in 2035, cars could produce 22,111 more tons of carbon dioxide per year than under the Biden-era rules. It also translates to an extra 90 tons a year of deadly soot particles and 4,870 additional tons a year of smog components such as nitrogen oxides and volatile organic compounds emitted into the air in coming years.

Mileage standards, known as the corporate average fuel economy, or CAFE, have been implemented since the 1970s energy crisis, and over time, automakers have gradually improved their vehicles’ average efficiency.",https://www.greenfieldreporter.com/wp-content/uploads/2026/09/preview-5922.jpg,N,,2026-09-28 02:00:25.903732
,Texas American Energy ,2026-09-28 04:17:06+00:00,www.forbes.com,Utah Companies And State Win Federal Geothermal Development Grants - Forbes,,,,,,https://www.forbes.com/sites/noelfletcher/2026/09/27/utah-companies-and-state-win-federal-geothermal-development-grants/,"DOE Under Secretary Kyle Haustveit emphasized these efforts will lower costs and strengthen American energy dominance. ... Texas, Illinois, ...",Not Available,,Y,,2026-09-28 00:59:18.020546
,EVs,2026-09-28 04:16:04+00:00,ETAuto.com,Trump set to dilute Biden-era fuel economy norms before mid-terms - ET Auto News,"ET Auto, www.ETAuto.com",,,,,https://auto.economictimes.indiatimes.com/amp/news/industry/trump-set-to-dilute-biden-era-fuel-economy-norms-before-mid-terms/134530953,"Join the community of 2M+ industry professionals Subscribe to our Daily, Weekly, and Evening NewsLetter, Take a look","Join the community of 2M+ industry professionals

Subscribe to our Daily, Weekly, and Evening NewsLetter, Take a look","https://etimg.etb2bimg.com/thumb/msid-134530953,imgsize-2775775,width-1200,height=627,overlay-etauto,resizemode-75/industry/trump-set-to-dilute-biden-era-fuel-economy-norms-before-mid-terms.jpg",N,,2026-09-28 04:59:43.381637
,North Carolina and Evs,2026-09-28 04:13:02+00:00,Seymour Tribune,"Trump administration set to roll out lower fuel economy standards for cars, light trucks",The Associated Press,,,,,https://tribtown.com/2026/09/28/trump-administration-set-to-roll-out-lower-fuel-economy-standards-for-cars-light-trucks/,"NEW YORK (AP) — The Trump administration on Monday plans to release new fuel economy standards that would relax regulatory requirements for automakers to control pollution from gasoline-powered cars and light trucks.
Fuel economy requirements set out how far new vehicles need to travel on a gallon of gasoline.
The administration and automakers have said the new rules will increase Americans’ access to the full range of gasoline vehicles they need and can afford.
Without these standards, in 2035, cars could produce 22,111 more tons of carbon dioxide per year than under the Biden-era rules.
Mileage standards, known as the corporate average fuel economy, or CAFE, have been implemented since the 1970s energy crisis, and over time, automakers have gradually improved their vehicles’ average efficiency.","NEW YORK (AP) — The Trump administration on Monday plans to release new fuel economy standards that would relax regulatory requirements for automakers to control pollution from gasoline-powered cars and light trucks.

President Donald Trump said on his Truth Social media account Saturday that the less stringent mileage requirements would “take the waste out of building cars in America” and save families “thousands on a new, beautiful and safe car,” while boosting auto production in the U.S.

Last December, the National Highway Traffic Safety Administration projected that the new standards would set the industry fleetwide average for light-duty vehicles at roughly 34.5 miles per gallon in the 2031 model year, down from a projected 50.4 miles per gallon in 2031 under rules put in place by the Biden administration.

Fuel economy requirements set out how far new vehicles need to travel on a gallon of gasoline. The change would further make do on Trump’s promise to revoke policies that encouraged or created incentives for the production of electric vehicles.

Since taking office, Trump has relaxed auto tailpipe emissions rules, repealed fines for automakers that do not meet federal mileage standards and terminated consumer credits of up to $7,500 for EV purchases.

Secretary of Transportation Sean Duffy said Saturday on his social media account on X that the changes would be announced Monday. The White House, Department of Transportation and NHTSA couldn’t immediately be reached for comment on the details of the new standards.

General Motors, Stellantis, and Ford Motor, maker of the top-selling pickup truck, the F-150, also couldn’t be immediately reached for comment. The administration and automakers have said the new rules will increase Americans’ access to the full range of gasoline vehicles they need and can afford.

The average new car in America sold for $50,089 in August, crossing over the $50,000 line for the first time since last December, according to Kelley Blue Book data. At the same time, Americans are spending more on gas as Washington’s war with Iran disrupts the global flow of fuel. The national average price for a gallon of gas was $4.47 on Sunday, up from $4.09 a month ago, according to the AAA motor club.

Trump has repeatedly pledged to end what he falsely calls an EV “mandate,” referring incorrectly to President Joe Biden’s target that half of all new vehicle sales be electric by 2030. No federal policy has mandated auto companies to sell EVs.

According to data from the automotive research group Edmunds, EVs accounted for 6.5% of new vehicle sales in February, down from 7.4% for all of 2025.

News of the revised standards immediately drew rebukes from environmentalists.

Dan Becker, director of the Center for Biological Diversity’s Safe Climate Transport Campaign, said that the final rule “ignores the feasibility of clean technology and the millions of fuel-efficient cars already on the road.”

“Trump is tanking sensible mile per gallon standards at the worst possible time for consumers, who are getting hit with sky-high prices at the pump,” Becker said in a statement. “Consumers will pay the price for these reckless rollbacks while Trump’s Big Oil and Big Auto buddies reap the short-term profits.”

Katherine García, director of the Sierra Club’s Clean Transportation for All campaign, vowed the environmental group would fight the rule and said that the loosening of fuel standards would “make driving more expensive too.”

“Less fuel-efficient cars mean more gas burned, spending more at the pump, and dirtier air in our communities,” Garcia wrote in a statement.

When the 2024 standards went into effect, NHTSA estimated they would save 14 billion gallons of gasoline from being burned by 2050. The agency also said that while new fuel-efficient vehicles cost more up front, savings on gasoline over the lifetime of the car or truck would more than make up for that.

Without these standards, in 2035, cars could produce 22,111 more tons of carbon dioxide per year than under the Biden-era rules. It also translates to an extra 90 tons a year of deadly soot particles and 4,870 additional tons a year of smog components such as nitrogen oxides and volatile organic compounds emitted into the air in coming years.

Mileage standards, known as the corporate average fuel economy, or CAFE, have been implemented since the 1970s energy crisis, and over time, automakers have gradually improved their vehicles’ average efficiency.

Source:",https://tribtown.com/wp-content/uploads/2026/09/preview-6339.jpg,N,,2026-09-28 04:03:49.069571
,Texas American Energy ,2026-09-28 03:56:04+00:00,www.saurenergy.com,Solar Plus Batteries Make Their Strongest Case In Texas - Saur Energy,Not Available,,,,,https://www.saurenergy.com/solar-energy-news/solar-plus-batteries-make-their-strongest-case-in-texas-12583323,"None of this makes Texas fossil-free. US Energy Information Administration data shows that at the 6 pm peak on July 22, gas supplied 48 per cent ...",Not Available,,N,,2026-09-28 00:59:49.759378
,Louisiana and Evs,2026-09-28 03:44:03+00:00,cyprus-mail.com,EV growth creates two-tiered US fuel market tied to local power rates | Cyprus Mail,News Service,,,,,https://cyprus-mail.com/2026/09/28/ev-growth-creates-two-tiered-us-fuel-market-tied-to-local-power-rates,"The roughly $2.30 spread between the most expensive and cheapest EV charging states underscores the wide range in charging costs across the country.
The national average cost of charging an EV ​is around $1.56 a gallon, and 40 states have an average charging cost of less than the equivalent of $2 a gallon.
ELECTRICITY IS LOCAL Instead of a broad national pattern, electricity prices cluster around regional utility structures.
A driver recharging an EV in Hawaii faces fuel costs more than three times higher than a driver in Louisiana.
FUTURE CONTROL The implications of sharply lower charging costs compared to fueling costs extend beyond household bills.","The steady rise in use of electric vehicles across the US is creating a two-tiered fuel market, splitting motorists between those whose costs are dictated by global oil markets and those whose bills are determined by local electricity prices.

As a result, geography is becoming an increasingly important determinant of transportation costs and of who captures the economic benefits of the energy transition.

ONE COUNTRY, TWO FUEL MARKETS

It ​remains difficult to compare the costs of the two different fuel systems for most US passenger cars, with EV costs assessed in kilowatt-hours while gasoline costs are in US dollars per gallon.

However, energy intelligence platform Orennia ‌has recently published a list of prices by US state of the cost of charging an EV converted into dollars per gallon.

For the country as a whole, EV charging averages around $1.56 a gallon, according to Orennia, while refueling a gasoline car currently costs around $4.43 a gallon, data from the American Automobile Association (AAA) shows.

The Orennia conversion uses the overnight residential cost for electricity, as a majority of US EVs are charged at home, and compares two similarly-sized cars — the 2025 Hyundai Elantra and the 2025 Hyundai Ioniq 6.

When the recharging cost is compared to the current cost of gasoline in the same ​states, it is evident that American drivers inhabit two distinct fuel economies that can significantly impact their overall cost of living.

One group remains exposed to OPEC decisions, refinery outages, geopolitical shocks and local fuel inventory levels.

The other depends increasingly ​on utility rate structures, electricity generation mixes and state energy policies.

WIDE DIVIDE

The most expensive state for EV charging is Hawaii, where the average cost is the equivalent of $3.45 a gallon, Orennia’s data ⁠shows.

The cheapest state for EV charging is Wyoming, where the price averages around $1.14 a gallon.

The roughly $2.30 spread between the most expensive and cheapest EV charging states underscores the wide range in charging costs across the country.

The national average cost of charging an EV ​is around $1.56 a gallon, and 40 states have an average charging cost of less than the equivalent of $2 a gallon.

In the gasoline market, California tops the state rankings with an average fuel cost of around $6.08 a gallon, according to the latest data from AAA.

The ​state with the lowest average gasoline cost is Indiana, where prices are around $3.92 a gallon.

There’s a roughly $2.17 per gallon spread between the most expensive and cheapest states in terms of average gasoline costs, and 44 states currently have average prices that exceed $4.00 a gallon.

The national average gasoline price is currently around $4.43 a gallon, which is 180 per cent more than the average cost to recharge a mid-sized EV.

GLOBAL TIES

The narrower price spread between the cheapest and most expensive gasoline markets compared to the span in EV charging costs highlights the greater collective exposure of US gasoline consumers to global markets.

Certainly there ​are some key regional trends in the US fuel market, with much of the West Coast among the most expensive while the Gulf Coast has some of the cheapest, helped by proximity to refining capacity and energy production.

But while state-level differences exist, gasoline ​prices broadly move together because they are tied to the same underlying oil market.

When crude rallies, motorists from Arizona to Wisconsin generally feel the impact.

The gasoline market remains largely national and increasingly global.

ELECTRICITY IS LOCAL

Instead of a broad national pattern, electricity prices cluster around regional utility structures.

Hawaii stands ‌out as the ⁠most expensive state for charging an EV, at roughly $3.45 per gallon equivalent, with California close behind.

Hawaii’s isolated grid makes generation more expensive than on the mainland, while California’s stretched infrastructure, wildfire mitigation measures and rate policy structures have resulted in above-average utility costs for years.

Several New England states, including Connecticut, Massachusetts, Maine and Rhode Island, also rank among the most expensive.

At the other extreme sit Louisiana, Idaho, Washington, Utah and several Plains states, where EV fueling costs are close to or even below $1.10 per gallon equivalent.Those differences are enormous, and drastically change the appeal of EVs depending on where you live.

A driver recharging an EV in Hawaii faces fuel costs more than three times higher than a driver in Louisiana.

Few consumers realize that the cost of operating the same vehicle can vary so ​widely within the same country.

Yet EVs currently beat gasoline everywhere in ​terms of refueling costs. Even in Hawaii, where electricity ⁠costs are highest, the equivalent cost of driving an EV is substantially lower than buying regular gasoline.

California’s drivers pay some of the highest prices for both electricity and gasoline.

Yet even there EV owners maintain a significant operating-cost advantage.

FUTURE CONTROL

The implications of sharply lower charging costs compared to fueling costs extend beyond household bills.

For decades, transportation costs in the US were largely shaped by forces far beyond ​the control of most consumers or state governments. Crude oil prices, refinery capacity, fuel inventories and geopolitical events were the primary drivers of what motorists paid to fill up.

As EV ​adoption expands, utilities, power generators and state ⁠regulators are assuming a growing role in determining transportation costs as well.

Residential electricity rates, time-of-use pricing plans and investments in power infrastructure will increasingly influence how much drivers pay to travel each mile.

In effect, transportation costs are becoming linked not only to global energy markets but also to local power markets.

That shift will create new regional winners and losers.

Drivers in states with abundant low-cost electricity could enjoy a growing cost advantage over motorists elsewhere, while residents of states with persistently high power prices may see fewer economic benefits from switching to electric ⁠vehicles.

In that sense, the ​transition from gasoline to electricity is not simply changing the type of fuel that powers the nation’s cars. It is also changing who determines the ​price of mobility.

As more Americans switch to electric vehicles, the gap between those two systems is likely to become increasingly important, making geography an ever larger factor in who benefits most from the energy transition.",https://cyprus-mail.com/wp-content/uploads/2026/04/tesla.jpg,N,,2026-09-28 02:59:34.571585
,North Carolina Environment,2026-09-28 03:41:33+00:00,genevasolutions.news,The energy problem of the AI data centre boom - Geneva Solutions,Michelle Langrand,,,,,https://genevasolutions.news/climate-environment/the-energy-problem-of-the-ai-data-centre-boom-1,"But the AI boom is also a tangible and immediate problem – AI data centres are springing up faster than power systems can accommodate them.
A problem of geography Global energy demand is rising as economies electrify transport and install more cooling systems for a warmer climate.
Environmental groups have called for a new moratorium, warning that the proliferation of data centres is further entrenching fossil fuel dependency.
A poll commissioned by climate publication Heatmap News this summer found that three-quarters of US respondents now oppose local data centre development.
Longer term, UNECE argues that AI data centres should be treated as strategic infrastructure, governed by common international standards.","The proliferation of mammoth, resource-intensive data centres needed to power the artificial intelligence frenzy is putting grids under strain and provoking resistance from communities. The UN’s regional group for Europe wants countries to plan ahead.

The push to integrate artificial intelligence across the economy and its material and ethical implications has prompted a global debate, with governments and international organisations scrambling to develop a global response. But the AI boom is also a tangible and immediate problem – AI data centres are springing up faster than power systems can accommodate them. A report by the UN Economic Commission for Europe (UNECE) warns that developed countries are flying blind as they try to join the expansion.

Unlike traditional data centres, these warehouse-sized hyperscale facilities with thousands of servers require massive amounts of electricity to run, water to cool down and land to build on. Few governments have developed a comprehensive strategy to handle their growth, and backlash is growing.

“Very few people work in data centres; it carries huge energy and water demand, so local communities are asking what’s in it for us,” Dario Liguti, director of sustainable energy at UNECE, tells Geneva Solutions.

The report, released over the summer and due to be discussed by government and industry representatives on Tuesday at the UNECE’s expert group on cleaner electricity systems in Geneva, calls on governments to develop phased roadmaps for immediate risks while preparing for long-term challenges.

A problem of geography

Global energy demand is rising as economies electrify transport and install more cooling systems for a warmer climate. AI is adding to that pressure. Electricity consumption by data centres is set to nearly double from 485TWh in 2025 to 950TWh by 2030, largely driven by AI facilities, according to the UNECE report. While it only makes up three per cent of global energy demand – the number is modest compared with other drivers – Liguti concedes – it’s the fastest-growing.

But the deeper concern, according to Liguti, isn’t the total but where facilities are being built. “You have areas such as North Carolina, Northern Virginia or Ireland, where you have explosive growth in the order of 20 to 30 per cent of electricity demand, because that’s where they are creating the data centres,” he says.

This concentration is happening due to companies being drawn by cheap energy, large tracts of land, permissive regulation and proximity to big cities. Some local authorities, eager to attract investments, have been courting tech giants like Google and OpenAI with major incentives. “Now those locations are experiencing the drawbacks of having such a high concentration of data centres there, which is putting a strain on local grids,” says Liguti.

Ireland offers a stark example. Data centres accounted for about 23 per cent of the country’s electricity consumption in 2025, up from five per cent in 2015. A moratorium on new connections was introduced in the Dublin area to ease the pressure but was later lifted. Environmental groups have called for a new moratorium, warning that the proliferation of data centres is further entrenching fossil fuel dependency.

Growing backlash

In the US, one of the most glaring flashpoints is Memphis, Tennessee. SpaceXAI’s Colossus 2 data centre, which powers the company’s chatbot Grok, is facing lawsuits from environmental groups and residents over allegations that it has been running unpermitted methane gas turbines, causing pollution and noise. In Maryland, consumer groups say that AI data centre development is pushing up electricity costs, with residents expected to foot part of the bill for the grid infrastructure needed to power the new facilities.

Even larger projects are in the pipeline. Meta’s Hyperion campus in Louisiana occupies 910 hectares – 20 times the area of the Palais des Nations grounds. The project is planned to reach five gigawatts of computing capacity by 2032 – enough to power several million homes.

And opposition is spreading nationally. An analysis by private energy consultancy Carbon Direct found at least 46 AI data centre projects worth about $170 billion that had been delayed or cancelled between January 2024 and May 2026 in the US, following community opposition. A poll commissioned by climate publication Heatmap News this summer found that three-quarters of US respondents now oppose local data centre development.

The industry disputes this narrative, saying they have supported millions of US jobs and generated billions in tax revenue. But, according to Business Insider, experts are divided over the accuracy of those numbers and the nature of the jobs created, with most of them related to construction, maintenance and indirect local economy stimuli.

Liguti says consultations with local communities are critical to ensure acceptance. “There are many ways where a community can benefit from having a data centre,” he says, citing public services funded with tax revenue and waste heat from data centres used to warm homes, schools or for industrial facilities. “But it entails discussions and integrated planning so that all the stakeholders’ requests and demands are actually met.”

The transparency gap

The UNECE’s report identifies a lack of transparency as one of the main problems. “There is huge debate around water and electricity usage by data centres, and we rely on data made available by the tech companies,” Liguti says. “How that data is measured and gets reported is not always harmonised, so aggregating it has proven difficult. That’s why in the press you see all sorts of conflicting claims.”

Liguti also warns of the long-term risk of stranded assets, as money is poured into expensive power plants, transmission lines and other infrastructure for an AI boom that may not develop as expected. “Predictions in terms of models’ capability from a few months ago have been surprisingly defeated by reality,” he says. “Who knows where AI will be in five years.”

While AI may quickly move on or out, the infrastructure can last for decades.

Still, UNECE’s report doesn’t tell countries to stop building. “We’re simply proposing to look at the data centres with a more medium- to long-term perspective – how they can be used as a real asset, as opposed to just something that consumes energy,” says Liguti.

Among its immediate recommendations, UNECE urges governments to require firms to disclose the full impact and cost of their projects, consult communities early and pause new developments where capacity is already tight. In the medium term, it says, states should ensure projects deliver tangible local benefits, like jobs, tax revenue and cleaner power. Longer term, UNECE argues that AI data centres should be treated as strategic infrastructure, governed by common international standards.

Liguti agrees that global rules are necessary given AI’s impacts across all aspects of life, but believes the energy dimension should stay in the hands of national governments, with regulations tailored to their own local contexts.",https://prodgs-17455.kxcdn.com/photos/1087dab3-0725-4aae-b2f3-5801b039b36f/medium,N,,2026-09-28 01:00:00.047582
,American Energy,2026-09-28 03:39:13+00:00,Simply Wall St,3 U.S. Energy Stocks Tied To America First Policy Shifts - Simply Wall St,Simply Wall St,,,,,https://simplywall.st/stocks/us/energy/nyse-btu/peabody-energy/news/3-us-energy-stocks-tied-to-america-first-policy-shifts,"Overview: Peabody Energy is a major producer of metallurgical and thermal coal in the U.S. and Australia, supplying electricity generators and steelmakers.
What happens if a single policy shift or cost pressure changes where Core Natural Resources captures the value in that coal demand story?
Overview: Uranium Energy explores, develops, and processes uranium and titanium deposits, aiming to supply nuclear fuel customers from a Texas-based headquarters.
Operations: Uranium Energy currently reports US$20 million from corporate and administrative activities, while its uranium and titanium projects are still pre-revenue.
Market Cap: US$4.7b Uranium Energy fits into this “America First” theme as a domestic resource extraction player, with uranium projects tied directly to U.S. energy security and potential policy support for nuclear fuel independence.","Political ads funded with taxpayer money are turning midterm season into a real-time stress test for “America First” themes, and that includes U.S. fossil energy producers and midstream stocks exposed to this news. Policy headlines can quickly reshuffle which companies investors crowd into and which they avoid. This article walks through three stocks from the screener, outlining where some traders may see potential opportunity and where others might prefer caution.

The three stocks below are only a starter set from this idea, and the full screen surfaced 11 more U.S. fossil energy and midstream companies with equally compelling narratives that are not covered here. To go deeper, head straight into the so you can identify candidates, analyze their fundamentals, and focus on the highest conviction plays.

Overview: Peabody Energy is a major producer of metallurgical and thermal coal in the U.S. and Australia, supplying electricity generators and steelmakers.

Operations: Peabody generates most of its revenue from Seaborne Metallurgical at about US$1.2b, Powder River Basin at US$1.1b, and Seaborne Thermal at US$876 million.

Market Cap: US$3.1b

Peabody Energy sits right in the crosshairs of the “America First” fossil fuel theme, giving investors direct exposure to U.S. coal supply at a time when policy headlines keep refocusing attention on energy security and reliable baseload power.

""Peabody's extensive progress in rare earth element (REE) evaluation within its already-mined overburden at major PRB operations presents a high-upside optionality that is unaccounted for by most forecasts; successful commercialization could create a major new revenue stream at minimal incremental cost, sharply enhancing free cash flow and diversifying earnings away from pure coal cyclicality.""

What happens to Peabody Energy’s cash generation and investor sentiment depends heavily on how one unresolved policy and demand swing ultimately plays out.

That policy uncertainty is exactly why reading the can help you judge whether Peabody Energy’s REE optionality is being seriously underpriced or already priced in.

Overview: Core Natural Resources produces and exports metallurgical and thermal coal from large U.S. mining complexes that feed domestic power and steel demand.

Operations: Core Natural Resources generates about US$2.2b from High CV Thermal coal, US$1.3b from Metallurgical coal, and roughly US$2.5b from export markets.

Market Cap: US$4.4b

Core Natural Resources plugs directly into the “America First” energy story, with coal mines and logistics that keep U.S. power grids and steelmakers supplied at home while still serving overseas buyers.

""Core is uniquely positioned to benefit from rising power demand in the U.S. driven by AI, data center growth, and resurgence in industrial production, which, combined with extended operational life for coal-fired power plants and record-high PJM capacity prices, is likely to result in sustained volume and pricing tailwinds for thermal coal segments and top-line revenue expansion.""

What happens if a single policy shift or cost pressure changes where Core Natural Resources captures the value in that coal demand story?

If that shift is what matters most to you, read the to see whether Core Natural Resources’ upside story is accelerating faster than the risks.

Overview: Uranium Energy explores, develops, and processes uranium and titanium deposits, aiming to supply nuclear fuel customers from a Texas-based headquarters.

Operations: Uranium Energy currently reports US$20 million from corporate and administrative activities, while its uranium and titanium projects are still pre-revenue.

Market Cap: US$4.7b

Uranium Energy fits into this “America First” theme as a domestic resource extraction player, with uranium projects tied directly to U.S. energy security and potential policy support for nuclear fuel independence.

""Ramp up of multiple ISR hubs at Christensen Ranch, Burke Hollow and Ludeman, together with the Irigaray and Hobson plants, could lift production volumes as new header houses and wellfields come online. This may support stronger revenue growth and better absorption of fixed costs, which can expand operating margins.""

The trajectory of Uranium Energy’s future margins and investor interest is closely linked to how one key, policy-driven shift in demand ultimately develops.

That policy swing is exactly why reading the can help you weigh how far Uranium Energy’s production ramp and risks might run from here.

Seeking Fresh Alternatives Before They Fly

New themes keep breaking out while older stories lose momentum. Catch curated ideas that are under the radar for now, before the crowd gets caught chasing. Get in early.

Spot potentially resilient compounding stories early by scanning the , aiming to keep downside in check while upside potential may still be ignored.

Track cash-rich potential mispricings with the before improving fundamentals stop being overlooked and the easier entry points become less available.

Explore the next possible infrastructure upswing by reviewing the , while these grid modernisation ideas may still be flying under most investors’ screens.

This article by Simply Wall St is general in nature. We provide commentary based on historical data and analyst forecasts only using an unbiased methodology and our articles are not intended to be financial advice. It does not constitute a recommendation to buy or sell any stock, and does not take account of your objectives, or your financial situation. We aim to bring you long-term focused analysis driven by fundamental data. Note that our analysis may not factor in the latest price-sensitive company announcements or qualitative material. Simply Wall St has no position in any stocks mentioned.",https://images.simplywall.st/asset/industry/2052001-choice2-card/1788945837861?w=1600&h=900&fit=cover,N,,2026-09-28 00:59:12.771883
,EVs,2026-09-28 03:21:32+00:00,DigitalToday,Harvard study says EVs to make up 32 percent of U.S. new car sales by 2030,Jinju Hong,,,,,https://www.digitaltoday.co.kr/en/view/108041/harvard-study-says-evs-to-make-up-32-percent-of-us-new-car-sales-by-2030,"A Harvard University study finds electric vehicles will account for 32 percent of U.S. new car sales in 2030.
The researchers analysed the EV adoption path by reflecting regulatory and legislative measures the U.S. government implemented from January 2025.
Among these, the move with the biggest market impact was the elimination of the EV purchase tax credit.
The researchers judged that policy changes may slow the spread of EVs but cannot stop the overall trend.
Ultimately, the outlook is read as an assessment of whether the U.S. EV market can continue to grow despite policy rollbacks.","A Harvard University study finds electric vehicles will account for 32 percent of U.S. new car sales in 2030. It estimated the share would have been close to 48 percent without changes in federal policy.

According to EV outlet CleanTechnica on Sept. 25, the projection is included in a report by Elaine Buckberg, James Stock and Kassandra Cole of Harvard University's Salata Institute titled ""Simulating the Impact of Trump Administration Policy Changes on Electric Vehicle Adoption"". The researchers analysed the EV adoption path by reflecting regulatory and legislative measures the U.S. government implemented from January 2025.

The analysis included ending tax credits for EV purchases and tax benefits for installing charging equipment, easing emissions regulations, and revoking California's authority to apply stricter emissions standards. Among these, the move with the biggest market impact was the elimination of the EV purchase tax credit. The researchers said removing the benefit that reduced the price of a new vehicle by $7,500 lowered the projected EV market share in 2030 by 6.2 percentage points.

The researchers judged that policy changes may slow the spread of EVs but cannot stop the overall trend. Buckberg, a co-author of the report, said market-based adoption will continue over the long term, adding that the direction of adoption remains even under policies that ease pressure to sell EVs.

The researchers cited improvements in battery technology as a key driver. They said that as battery technology matures, automakers can provide longer driving range without sharply raising prices. They also noted that EV use has changed from the early days. When first-generation models such as the Nissan Leaf had a range of less than 100 miles, EVs were largely used as a second car for short urban trips, but they are now being used similarly to internal combustion engine cars thanks to longer range, the spread of public fast charging and expanded access to the Tesla Supercharger network.

The researchers pointed to consumer anxiety about charging infrastructure as the biggest obstacle. Buckberg said, ""Concerns about charging are the biggest factor holding back EV adoption,"" adding that as improvements in battery cost and energy density narrow the price gap and make it possible to get more than 300 miles of range and 10 to 15 minutes of highway charging, EVs become more attractive as an alternative.

Transparency of charging information was also presented as a variable. The researchers said making it easier to check charger status and pricing information in charging apps could reduce range anxiety and potentially lift EV sales by up to 6 percent. Buckberg said, ""The effect of the EV tax credit could diminish as the price gap narrows,"" and added, ""Charging is the most cost-effective means, and real-time data is the cheapest among them."" She added that it is an area that can be implemented immediately at the state government level.

North American EV production and investment plans are also showing divergent trends. Stellantis showed signs of retreating from its EV strategy, and Ford was cited for having a limited passenger EV lineup. General Motors has the most battery EV models among U.S. automakers, but it is switching a battery plant from producing cells for EVs to producing cells for energy storage systems.

Volkswagen is also moving to adjust its North American strategy. Battery subsidiary PowerCo said it would delay the start-up of its new plant in St. Thomas, Ontario, Canada, by 2 years. Joel Kalsberg (조엘 칼스버그), PowerCo Canada head of procurement, said the plant remains a core part of the North American strategy, but the company is adjusting the pace to protect long-term investment and support local jobs.

Some companies, however, are continuing to introduce new EVs. Ford signalled it will launch a new midsize electric pickup truck. Hyundai is focusing on range-extended EVs that use both a battery and a gasoline engine, and also plans to introduce a Santa Fe EV.

Ultimately, the outlook is read as an assessment of whether the U.S. EV market can continue to grow despite policy rollbacks. The researchers judged that while reduced tax benefits and eased regulations do slow adoption, improved price competitiveness and charging convenience could still expand EVs to about one-third of the new-car market in 2030.",https://cdn.digitaltoday.co.kr/news/photo/202609/703151_650867_138.jpg,N,,2026-09-27 23:58:29.476649
,Indiana Environment,2026-09-28 03:07:52+00:00,Fort Wayne Journal Gazette,Northeast Indiana team places in top 15 at international environmental competition | Schools,"Ashley Sloboda, The Journal Gazette",,,,,https://www.journalgazette.net/local/schools/education-notebook-northeast-indiana-team-places-in-top-15-at-international-environmental-competition/article_c9a94f5f-ab54-45f7-a002-7bc13fe022a8.html,The northeast Indiana high schoolers who represented the state at an international environmental education competition placed 14th of about 40 teams.,Not Available,https://bloximages.chicago2.vip.townnews.com/journalgazette.net/content/tncms/assets/v3/editorial/0/f0/0f0f0308-0b60-4a4c-afb9-0699992fe55d/6ab5584581e33.image.jpg?crop=1228%2C645%2C19%2C622&resize=1200%2C630&order=crop%2Cresize,N,,2026-09-28 01:00:03.815453
,Indiana Environment,2026-09-28 02:37:28+00:00,The Killeen Daily Herald,"GOP, Democratic voters are aligned on the environment in Colorado's battleground district ...",Not Available,,,,,https://kdhnews.com/news/politics/gop-democratic-voters-are-aligned-on-the-environment-in-colorado-s-battleground-district-poll-shows/article_39d33ed4-c2fc-56c1-8c2b-5bf963d05713.html,DENVER — Solid majorities of voters on both sides of the political aisle in Colorado’s tightly split 8th Congressional District favor stricter government regulations and tax incentives to combat environmental,Not Available,https://bloximages.newyork1.vip.townnews.com/kdhnews.com/content/tncms/custom/image/d24d118c-8888-11e9-94c1-a36b64682479.jpg?resize=600%2C315,N,,2026-09-28 01:00:07.917219
,Clean Energy ,2026-09-28 02:20:43+00:00,nz.seek.com,"Renewable Energy Jobs in Burnham Canterbury, Job Vacancies - Sep 2026 | SEEK",Not Available,,,,,https://nz.seek.com/renewable-energy-jobs/in-Burnham-Canterbury,Find your ideal job at SEEK with 79 Renewable Energy jobs found in Burnham Canterbury. View all our Renewable Energy vacancies now with new jobs ...,Not Available,,N,,2026-09-28 05:00:15.296650
,Clean Energy ,2026-09-28 02:20:43+00:00,nz.seek.com,"Renewable Energy Jobs in Linton Manawatu, Job Vacancies - Sep 2026 | SEEK",Not Available,,,,,https://nz.seek.com/renewable-energy-jobs/in-Linton-Manawatu,Find your ideal job at SEEK with 25 Renewable Energy jobs found in Linton Manawatu. View all our Renewable Energy vacancies now with new jobs ...,Not Available,,N,,2026-09-27 23:59:02.007384
,North Carolina and Evs,2026-09-28 01:58:39+00:00,www.wnylabortoday.com,GM & Ford 'Launch New Apprenticeship Initiatives To Tackle Mechanic Shortage',Not Available,,,,,https://www.wnylabortoday.com/news/2026/09/27/apprenticeship-and-training-news/gm-ford-launch-new-apprenticeship-initiatives-to-tackle-mechanic-shortage/,"The U.S. Auto Repair Sector is experiencing a persistent annual shortage of 20,000 to 70,000 technicians.
This gap affects the industry's ability to meet repair demand and maintain service capacity across both franchised dealerships and independent shops.
Farley’s comments highlight the severity of the labor gap in Blue-Collar professions.
The technician gap in the Auto Repair Industry is expected to persist through the next decade if current trends remain unchanged.
To Read This Apprenticeship And Training Labor News Story In Its Entirety, Go To: GM and Ford launch new initiatives to tackle mechanic shortage","The U.S. Auto Repair Sector is experiencing a persistent annual shortage of 20,000 to 70,000 technicians. This gap affects the industry's ability to meet repair demand and maintain service capacity across both franchised dealerships and independent shops. That’s why General Motors has launched its 30 Under 30 to spotlight the need for young talent, while Ford is expanding the National Automobile Dealers Association’s (NADA) Apprenticeship efforts with 2,000-plus hours of paid training. Ford CEO Jim Farley describes the Skilled Trades gap, which includes Mechanics, as the most vulnerable point for the U.S. economy. He warns this shortage could have significant economic consequences. Farley’s comments highlight the severity of the labor gap in Blue-Collar professions. The technician gap in the Auto Repair Industry is expected to persist through the next decade if current trends remain unchanged. This shortage is linked to the evolving skill requirements driven by electric vehicle adoption. Without intervention, the Industry may face prolonged staffing challenges. Ford has implemented the NADA’s Registered Apprenticeship Program at dealerships across the U.S., which offers participants 18-to-24 months of paid hands-on work combined with classroom instruction, culminating in a U.S. Department of Labor credential.

To Read This Apprenticeship And Training Labor News Story In Its Entirety, Go To: GM and Ford launch new initiatives to tackle mechanic shortage",,N,,2026-09-28 04:03:52.599868
,Detroit and Evs,2026-09-28 01:57:10+00:00,Starkman Approved,Trump Hands Detroit a 'Belching Emissions' Bailout - Starkman Approved,Not Available,,,,,https://starkmanapproved.com/trump-hands-detroit-a-belching-emissions-bailout/,"Biden believed taxpayer support and tougher fuel economy requirements would prod Detroit into becoming more competitive in the global transition to electric vehicles.
Trump is now offering Detroit a different form of government assistance: protection from competition and relief from the regulatory pressure to improve fuel economy.
The industry average was 27.2 mpg; GM trails the broader market by more than four miles per gallon.
Tightening emissions requirements and fierce competition from Chinese automakers in Europe and Asia won’t disappear because Trump has relaxed U.S. fuel economy standards.
GM says the engines will improve fuel economy and reduce emissions, but the investment underscores where the company sees considerable money to be made.","Although I love hiking and the outdoors and fondly remember the Algonquin Provincial Park of my youth, when campers didn’t pack water for a canoe trip because you could drink straight from the lake, I’m hardly what you would call a radical environmentalist. I’m doubtful I will ever own an electric vehicle, and I wouldn’t drive one even if Elon Musk comped me a Tesla, which I perceive as being far and away ahead of rival EVs available in the U.S.

Yet even I concede that EVs are the global powertrain of the future.

Trump has a disdain for EVs, or at least for those who champion them. In a nod to his MAGA agenda, Trump’s U.S. Transportation Department on Monday will finalize sharply lower vehicle fuel economy standards through 2031, reversing a push by Joe Biden’s administration to force automakers to build more electric vehicles. The new standards would cut the cost of new vehicles but increase fuel consumption and carbon dioxide emissions for decades, according to the department’s own estimates.

The DOT’s revised mandate will require that automakers achieve a fleetwide average of 34.5 miles per gallon by 2031, down from the 50.4 miles per gallon mandated under Biden. DOT estimates its proposal would save $930 on the cost of a new vehicle but also result in about 100 billion additional gallons of fuel consumption and $185 billion in additional fuel spending through 2050, as well as roughly 5% higher CO₂ emissions.

Trump believes the rollback will be a boon to GM and Ford. More likely, it will further shield them from the global competitive pressures forcing automakers to build more fuel-efficient vehicles.

Trump isn’t the first president who believed Washington should help GM and Ford become more competitive. The Biden administration showered the domestic EV industry with federal incentives while its Energy Department provided billions in government-backed financing to battery ventures serving GM and Ford. Biden believed taxpayer support and tougher fuel economy requirements would prod Detroit into becoming more competitive in the global transition to electric vehicles.

I questioned that approach as well. GM and Ford are multibillion-dollar corporations whose managements are handsomely compensated to anticipate where the auto industry is heading and invest accordingly. They shouldn’t need Washington to finance or mandate their transformation.

Trump is now offering Detroit a different form of government assistance: protection from competition and relief from the regulatory pressure to improve fuel economy.

For now, GM and Ford are protected from Chinese EV competition in the U.S. by prohibitive tariffs imposed under both the Biden and Trump administrations. GM and Ford remain heavily dependent on pricey pickups and SUVs that are also shielded from foreign competition by prohibitive tariffs.

Trump’s rollback likely won’t have nearly the same impact on the long-term strategies of Toyota and Hyundai, which are global companies and must manage their businesses accordingly. While Barra talked a good game about electric vehicles and achieving zero emissions, the most recent EPA findings tell a very different story about what she’s been up to.

GM’s fleet averaged just 22.9 miles per gallon in the 2024 model year, placing the company near the bottom of the industry. Stellantis performed a tad worse, at 22.8 mpg. The industry average was 27.2 mpg; GM trails the broader market by more than four miles per gallon.

Among traditional automakers, Honda averaged 31.0 mpg, Hyundai posted 29.8 mpg, Kia reached 29.2 mpg, and Toyota delivered 29.0 mpg. Even Ford, another Detroit truck-heavy manufacturer, managed 23.4 mpg.

The five-year trend is even more telling. Toyota improved its fleet fuel economy by 3.3 mpg, the biggest improvement among the 14 major manufacturers tracked by the EPA. GM still badly trails Toyota, Hyundai, Kia, and Honda.

In his book, Car Guys vs. Bean Counters, legendary automotive executive Bob Lutz acknowledged that Toyota became a leader in fuel efficiency because it competed in overseas markets where concerns about the environment and climate change were major concerns long before they were in the U.S. While Lutz was a big champion of GM’s trucks and SUVs, he still appreciated where the world was heading and spearheaded the pioneering Chevy Volt, a plug-in hybrid that could function as a pure electric vehicle for about 40 miles on a single charge before reverting to a gas engine.

Although the Volt achieved a cult-like following, particularly in California, Barra killed the vehicle in 2019. That same year, she called hybrids an “interim solution” and told a Barclays conference that “customers generally aren’t interested in hybrids.”

They are now.

Hybrids accounted for 19% of total U.S. retail vehicle sales in August and reached 20% in May, according to Reuters. GM is sitting out the hybrid boom. Supplier sources and forecasting firms told Reuters they don’t expect GM to have a hybrid on sale in the U.S. until near the end of the decade. GM’s U.S. market share fell to 16.8% in the first half of this year from 17.6% a year earlier.

Toyota took a beating on Wall Street and in the financial press for prioritizing hybrids over an aggressive pure-electric pivot, a strategy that has since delivered record hybrid sales. While looser federal fuel economy rules may reduce the pressure for mass EV adoption in the U.S., Toyota is continuing to invest heavily in both hybrids and EVs.

In the U.S., Toyota is expanding its electric lineup with the updated bZ crossover and bZ Woodland while preparing to manufacture its first American-assembled three-row electric SUV at its Georgetown, Kentucky, plant. Toyota is also investing heavily in U.S. hybrid production.

Hyundai Motor Group also continues investing heavily in electrification. The South Korean automaker, which with Kia and Genesis is a major EV seller in the United States, has committed $7.6 billion to its Metaplant America complex in Georgia, where it manufactures the electric Ioniq 5 and Ioniq 9. The plant was designed with the flexibility to produce hybrids as well as EVs.

Hyundai, like Toyota, must also compete outside the United States. Tightening emissions requirements and fierce competition from Chinese automakers in Europe and Asia won’t disappear because Trump has relaxed U.S. fuel economy standards.

GM, by contrast, is investing $888 million in its Tonawanda, N.Y., propulsion plant to manufacture a new generation of V8 engines for full-size pickups and SUVs. The investment, GM’s largest ever in an engine manufacturing plant, will begin producing the new V8s in 2027. GM says the engines will improve fuel economy and reduce emissions, but the investment underscores where the company sees considerable money to be made.

Ford faces much the same temptation: retreat further into high-margin, gas-powered pickups and SUVs rather than confront global competitors whose businesses require them to master multiple powertrains and markets.

Trump is mistaken if he believes relaxed fuel-efficiency mandates will make GM and Ford great again. The rollback gives Detroit more breathing room to continue doing what has made it so profitable in recent years: selling Americans expensive pickups and SUVs while delaying the reckoning with increasingly formidable global competitors.

Trump can relax America’s fuel economy standards. He can’t relax the global competition GM and Ford ultimately must confront.",https://i0.wp.com/starkmanapproved.com/wp-content/uploads/2026/09/155755997_m.jpg?resize=1800%2C879&ssl=1,N,,2026-09-28 02:00:09.150851
,Indiana Environment,2026-09-28 01:53:43+00:00,www.paenvironmentdigest.com,PA Environment Digest,Not Available,,,,,http://www.paenvironmentdigest.com/newsletter/default.asp?NewsletterArticleID=66315,"Data Center/Power Plant Complex in Center and Blacklick Twps., Indiana County.
(PA Bulletin, page 6423) Questions about these permits should be directed to the Indiana County Conservation District at 724-471-4751.
Data Center Development, Issues Policy Paper On Why A Pause Is Needed [PaEN] -- NBC10: PA Senate Republican Leader, House Democratic Speaker Reject A.I.
Shapiro’s Data Center Executive Order Some Teeth -- ABC27: PUC Chair Addresses Data Center Concerns, Says Companies Should Do What Microsoft Is Doing With The Three Mile Island Nuclear Data Center Power Plant -- Inside Climate News - Jon Hurdle: Pennsylvania’s A.I.
In PA It All Falls On Residential Customers [Should Data Centers That Are Increasing Bills Pay?]","The Department of Environmental Protection published notice in the September 26 PA Bulletin announcing the Indiana County Conservation District issued two PAG-02 Stormwater General Permits (PAC320065 and PAC320066) to Homer City Generation LP for the A.I. Data Center/Power Plant Complex in Center and Blacklick Twps., Indiana County. (PA Bulletin, page 6423)

Questions about these permits should be directed to the Indiana County Conservation District at 724-471-4751.

Anyone aggrieved by this action has 30 days from this notice to file an appeal with the Environmental Hearing Board.

Related Permits Issued This Week:

-- Indiana County Conservation District Issues 2 PAG-02 Stormwater General Permits For Homer City A.I. Data Center/Power Plant Complex In Indiana County [PaEN]

-- DEP Issues Chapter 105 Permits For Mid-Atlantic Interstate Transmission 150 Mile Piney-Seward And Erie South Piney Transmission Line Project Crossing 8 Counties [PaEN]

Comment On Data Center/Grid Permits:

-- DEP Invites Comments On Stormwater Permit For Construction Of 2 Data Center Buildings, Electric Substation In Sharon City, Mercer County [PaEN]

-- DEP Invites Comments On Air Quality Permit For Installation Of 156 Diesel Generators At The Greenfield Road Owner, LLC Phase 2 Data Center Project In City Of Lancaster [PaEN]

-- DEP Invites Comments On Individual Stormwater Permit For PECO Energy Electric Substation, 230 kV Transmission Line Project Crossing Schuylkill River In Montgomery County [PaEN]

Related Articles This Week:

-- PA Farm Bureau Supports Pause On A.I. Data Center Development, Issues Policy Paper On Why A Pause Is Needed [PaEN]

-- NBC10: PA Senate Republican Leader, House Democratic Speaker Reject A.I. Data Center Moratorium Legislation

-- 27+ Citizen, Environmental Groups To Hold No Data Center Rally Oct. 6 Main Capitol Rotunda In Harrisburg [PaEN]

-- Public Utility Commission To Hold Nov. 17 Technical Conference On Utility Costs Driven By A.I. Data Centers, Other Large Loads [PaEN]

-- PUC: Fewer, But Bigger Power Outages Impacted Nearly 2.9 Million Electric Customers In 2025, The Same As In 2024; But More Than Double The Number Of Customers Were Impacted By Major Outage Events [PaEN]

-- Pennsylvanians Are Finding Their Voices Again On Environmental, Energy Issues They Care About [PaEN]

-- In Case You Missed It: A.I./Data Center Articles - NewClips From Last Week - September 28 [PaEN]

NewsClips:

-- Altoona Mirror - Robert Swift: PA House Energy Committee Chair Rep. Fiedler Drafting Legislation To Give Gov. Shapiro’s Data Center Executive Order Some Teeth

-- ABC27: PUC Chair Addresses Data Center Concerns, Says Companies Should Do What Microsoft Is Doing With The Three Mile Island Nuclear Data Center Power Plant

-- Inside Climate News - Jon Hurdle: Pennsylvania’s A.I. Data Center Boom Is Repeating Old Patterns Of Exploitation

-- We’ve Heard This Before: ‘We’re Providing Jobs - Stopping Pollution Threatens Jobs’ - A Brief Review Of Pennsylvania’s Conservation History [PaEN]

-- Pittsburgh Business Times: A.I. Data Center Developers Should Learn From Shale Gas Industry On How To Handle Public Controversy And Regulations Amid Public Backlash [PDF of Article]

-- Pittsburgh Business Times: Data Center Developers Tell Marcellus Shale Gas Coalition Conference Transparency, Empathy, Deep Pockets Key To Winning Over Hearts And Minds In The New Climate For Data Centers

-- Feature: PJM Independent Market Monitor Recommends FERC Reject PJM's Interim Resource Adequacy Proposal Because It Just Punts Issues Of Who Gets Curtailed And Who Pays To The States - By Rob Altenburg, Attorney, Energy Analyst

-- PennLive/Spotlight PA: Who Should Pay For Low-Income Electric, Natural Gas Bill Assistance? In PA It All Falls On Residential Customers [Should Data Centers That Are Increasing Bills Pay?]

-- PennLive/Spotlight PA: 1,000s Miss Out On Electric, Natural Gas Discount Supplier Options, But Regulators Aren’t Sold On Plans For Automatic Enrollment

-- PennLive Guest Essay: Pennsylvanians Need Stronger Protections From Variable Electric, Natural Gas Rates Charged By Suppliers - By Andy Tubbs, Energy Association of PA [Public Utilities]

-- PennLive Guest Essay: A Proposed PUC Settlement Could Quietly End Electric Supplier Choice For 2 Million Pennsylvanians By Automatically Returning Customers To Utility Default Service - By James H. Cawley, Former Chair, PA PUC

-- Post-Gazette: Home Heating Oil Prices In Western PA Have Ballooned, Diesel Prices Are Highest In 48 Years

-- TribLive: $6 Per Gallon: Heating Oil Prices Spike As Global Supply Chokes

-- Feature: PJM Independent Market Monitor Recommends FERC Reject PJM's Interim Resource Adequacy Proposal Because It Just Punts Issues Of Who Gets Curtailed And Who Pays To The States - By Rob Altenburg, Attorney, Energy Analyst

-- AP: US DOE Will Spend $2 Billion To Squeeze An Additional 23 GW Of Electricity From Aging Power Grid

-- PPL Electric: $71.4 Million: Montour-Glen Brook-Susquehanna Corridor Transmission Line Project

-- PPL Electric Awarded $71.5 Million US DOE Grant For Montour Transmission Line Resilience And Advanced Reconductoring Project

-- Duquesne Light Company: $22.2 Million: Dynamic Grid Controls, Strategic Upgrades

-- Utility Dive: North Carolina Utility Regulator Denies Duke Energy Natural Gas Power Plant Over ‘Staggering’ Cost, Uncertain Need

-- TribLive Guest Essay: West Virginia Lawsuit Over Free Markets For PA Alternative Energy Credits Is An Attack On Coal-Refuse Power Plants - By Shawn Steffee, Boilermakers Union

-- Utility Dive: Federal Judge Restores $7 Billion Solar For All Programs, Says EPA Illegally Axed It [Pennsylvania Awarded $156 Million Thru The Program ]

[Posted: September 25, 2026]",,N,,2026-09-28 02:00:22.399850
,Clean Energy ,2026-09-28 01:47:09+00:00,www.holdingredlich.com,Victoria's new data centre rules – implications for developers and operators,Not Available,,,,,https://www.holdingredlich.com/new-data-centre-rules-in-victoria-implications-for-developers-and-operators,"The Victorian Government has released its Sustainable Data Centre Action Plan (Action Plan) which introduces new planning, renewable energy and community benefit requirements for data centres looking to operate in Victoria.
However, the transition to renewable energy is already well underway, with renewable energy developers and data centre operators increasingly collaborating through power purchase agreements.
New referral authorities for data centre applications WorkSafe Victoria, VicGrid, Fire Rescue Victoria and relevant water corporations will become referral authorities for data centre applications.
What does this mean for data centre developers and operators?
If you have any questions about the new rules or would like support with a data centre project, please get in touch with us.","The Victorian Government has released its Sustainable Data Centre Action Plan (Action Plan) which introduces new planning, renewable energy and community benefit requirements for data centres looking to operate in Victoria. These rules include separating data centre facilities from residential areas, new investment in renewable energy and storage that matches their energy use and contributing to local communities.

With more than 50 data centres operating in Victoria, data centres accounting for around 3% of electricity supplied through the National Electricity Market (NEM), and data centre electricity demand in Victoria almost doubling in the 12 months to June 2026, it is unsurprising that the Action Plan seeks to ensure data centre investments are well planned, manage resources responsibly and benefit their host communities.

Location and land-use requirements for data centres

Released on 22 September 2026, the Action Plan sets out land-use and location requirements to keep data centres away from homes and other sensitive uses by prohibiting data centres on residential zoned land and introducing a 150-metre buffer between a home and a data centre. This setback is a substantial change, given that some existing facilities in Melbourne’s west are only 15 metres away from homes.

The Action Plan will not apply retrospectively, so it will not affect projects already underway or being assessed. It will only apply to future projects.

Data centres will also be kept away from productive agricultural land by prohibiting them in rural zones. An exception applies where critical infrastructure capable of servicing the data centre, such as major transmission infrastructure, substations, renewable energy facilities, battery energy storage systems (BESS) or recycled water infrastructure, is nearby.

Noise requirements

Existing industrial and commercial noise limits, including a night-time limit, will apply to new data centres. Where multiple facilities affect the same location, their combined noise impacts will be assessed.

Renewable energy requirements

The Action Plan requires that electricity demand by data centres need to be met by new investment in renewable energy and storage that matches the data centre’s new energy demand.

Data centres in Australia generally run on power from the grid, with backup diesel generators. However, the transition to renewable energy is already well underway, with renewable energy developers and data centre operators increasingly collaborating through power purchase agreements.

Water supply requirements

The Action Plan seeks to protect drinking water supplies by requiring data centres to use recycled water or other non-drinking water sources to cool their facilities, or to transition to these sources when they become available.

Local jobs, training and community benefits

To maximise opportunities to support Victorian jobs, skills and training, the Action Plan requires data centres to provide apprenticeships and traineeships for construction and operational workers, support local suppliers and supply chains, and work with local training providers and employment services to hire local workers.

The Action Plan provides for the development of a Local Investment Guarantee to ensure a data centre development gives back to the community through local employment, skills development, training partnerships, engagement with First Nations communities, local procurement, or improvements to local parks or community facilities.

New referral authorities for data centre applications

WorkSafe Victoria, VicGrid, Fire Rescue Victoria and relevant water corporations will become referral authorities for data centre applications. They will join the Environment Protection Authority, which already holds statutory referral status for these developments.

What are the next steps?

It is anticipated that the Action Plan will be reviewed as conditions evolve. The next steps will include:

development of detailed guidance on location, siting, design and built form, with stakeholder input, in 2027

Commonwealth legislation setting standards for data centres’ use of energy, water and land, expected in early 2027 and to be developed with the states and territories

a Local Investment Guarantee, to be developed with local government and industry

planning scheme amendments to extend mandatory referral status to various regulatory bodies.

What does this mean for data centre developers and operators?

The Action Plan forms part of the growing regulatory framework for data centre developments in response to their rapid expansion in Australia. Melbourne is Australia’s second-largest data centre market and navigating this framework will be an unavoidable part of carrying out these developments in Victoria.

For developers and operators, this makes early planning and property due diligence essential to identifying potential land-use barriers. Planning for the energy needed to meet anticipated demand will also help address any gap between when the digital infrastructure and renewable energy supply will be ready. Early planning is therefore not only part of the application and approvals process but also critical to the success of a data centre project.

If you have any questions about the new rules or would like support with a data centre project, please get in touch with us.

Disclaimer

The information in this article is of a general nature and is not intended to address the circumstances of any particular individual or entity. Although we endeavour to provide accurate and timely information, we do not guarantee that the information in this article is accurate at the date it is received or that it will continue to be accurate in the future.

Published by:

Share this",https://assets-us-01.kc-usercontent.com:443/fa776f1a-4d27-4a6b-ae1c-2ce928f9647d/7e2d05e4-985b-4ff7-9336-e15d435cebb8/Aerial%20view%20of%20a%20data%20center.webp,N,,2026-09-28 00:59:03.654222
,EVs,2026-09-28 01:11:34+00:00,www.publicpower.org,Utility Pole Charging Coming Soon to Public Power Communities in Massachusetts,Not Available,,,,,https://www.publicpower.org/periodical/article/utility-pole-charging-coming-soon-public-power-communities-massachusetts,"Public electric vehicle charging access is expanding in the NextZero Participant towns of Belmont, Hull, and Ipswich, Mass., the Massachusetts Municipal Wholesale Electric Company reported in the Summer 2026 issue of its Joint Action Newsletter.
The Massachusetts Clean Energy Center (MassCEC) recently announced that $9.5 million has been awarded via grants to help advance climatetech companies across the Commonwealth.
By retrofitting existing infrastructure, Voltpost provides electric vehicle drivers convenient and affordable charging access while reducing the cost, timing, and footprint of chargers.
The grant will allow Voltpost to install its first pole charging stations in Massachusetts.
“This collaboration with Voltpost, MassCEC, and our municipal light plant partners in Hull, Ipswich, and Belmont is a major step forward for local clean energy access,” says MMWEC Sustainable Energy Program and Policy Senior Manager Zoe Eckert.","Public electric vehicle charging access is expanding in the NextZero Participant towns of Belmont, Hull, and Ipswich, Mass., the Massachusetts Municipal Wholesale Electric Company reported in the Summer 2026 issue of its Joint Action Newsletter.

The Massachusetts Clean Energy Center (MassCEC) recently announced that $9.5 million has been awarded via grants to help advance climatetech companies across the Commonwealth.

Included in this funding is $311,236 through MassCEC’s InnovateMass Gridtech Spotlight program for an initiative by MMWEC, Belmont Light, Hull Municipal Light Plant, Ipswich Electric Light Department, and Voltpost, a New York-based company that retrofits lampposts and utility poles into a modular and upgradable electric vehicle charging platform.

By retrofitting existing infrastructure, Voltpost provides electric vehicle drivers convenient and affordable charging access while reducing the cost, timing, and footprint of chargers. The grant will allow Voltpost to install its first pole charging stations in Massachusetts.

MMWEC's NextZero program is a residential and commercial/industrial efficiency and electrification program for customers of municipal utilities, designed to provide the most efficient, innovative, and equitable path to energy decarbonization.

“This collaboration with Voltpost, MassCEC, and our municipal light plant partners in Hull, Ipswich, and Belmont is a major step forward for local clean energy access,” says MMWEC Sustainable Energy Program and Policy Senior Manager Zoe Eckert. “By leveraging existing utility poles for Level 2 EV charging, we’re delivering a scalable, cost-effective solution that makes driving electric practical and accessible for our public power communities.”

MMWEC is a not-for-profit, public corporation and political subdivision of the Commonwealth of Massachusetts created by an Act of the General Court in 1975 and authorized to issue tax-exempt debt to finance a wide range of energy facilities.",https://www.publicpower.org/themes/custom/appa_foundation/favicon.ico,N,,2026-09-27 22:58:01.143759
,Indiana Environment,2026-09-28 01:08:14+00:00,104.1 WIKY | Adult Contemporary Radio,Iran-linked diesel price spike makes electric trucks cheaper than diesel in key EU markets ...,Thomson,,,,,https://wiky.com/2026/09/27/iran-linked-diesel-price-spike-makes-electric-trucks-cheaper-than-diesel-in-key-eu-markets-environmental-group-says/,"STOCKHOLM, Sept 28 (Reuters) – A surge in diesel prices linked to this year’s Iran conflict has helped make electric trucks cheaper to own and ​operate than diesel models in six major ‌European Union markets, which account for almost half of the bloc’s new truck sales, according to an analysis by Brussels-based environmental advocacy group Transport & Environment.
• The report, published on Monday, found that electric ‌trucks ​purchased in 2026 generate savings ⁠over five years of ⁠up to €100,000 ($113,910) in the Netherlands, €85,000 in Germany and €69,000 in Denmark compared with diesel vehicles • In those markets, operators can recoup the initial price premium in ​around two years • T&E said rising diesel prices following this year’s Iran-linked oil price spike strengthened the ⁠business case for electrification • Europe’s ⁠electric truck transition has been slowed by ​high purchase prices and patchy charging infrastructure • The report ​examined total cost of ownership in nine EU ‌countries • It found that electric trucks were already cheaper to operate than diesel models in the Netherlands, Germany, Denmark, Sweden, France and Belgium, markets accounting for 46% ⁠of EU heavy-truck registrations.
• Reuters reported earlier this year that European truckmakers such as Daimler Truck, Volvo Group and Traton’s Scania ⁠were bracing ‌for a wave of lower-cost Chinese ⁠competitors, with some Chinese electric trucks expected ​to ‌be priced about 30% below comparable European ​models • T&E ⁠estimated a Chinese-built electric truck costs about €210,000, versus €265,000 for a European equivalent.
• In Germany, operators could save an additional €34,000 over five years by choosing a Chinese-made electric truck.
($1 = 0.8779 euro) (Reporting by Marie Mannes in Stockholm; Editing ​by Matthew Lewis)","STOCKHOLM, Sept 28 (Reuters) – A surge in diesel prices linked to this year’s Iran conflict has helped make electric trucks cheaper to own and ​operate than diesel models in six major ‌European Union markets, which account for almost half of the bloc’s new truck sales, according to an analysis by Brussels-based environmental advocacy group Transport & Environment.

• The report, published on Monday, found that electric ‌trucks ​purchased in 2026 generate savings ⁠over five years of ⁠up to €100,000 ($113,910) in the Netherlands, €85,000 in Germany and €69,000 in Denmark compared with diesel vehicles

• In those markets, operators can recoup the initial price premium in ​around two years

• T&E said rising diesel prices following this year’s Iran-linked oil price spike strengthened the ⁠business case for electrification

• Europe’s ⁠electric truck transition has been slowed by ​high purchase prices and patchy charging infrastructure

• The report ​examined total cost of ownership in nine EU ‌countries

• It found that electric trucks were already cheaper to operate than diesel models in the Netherlands, Germany, Denmark, Sweden, France and Belgium, markets accounting for 46% ⁠of EU heavy-truck registrations.

• Reuters reported earlier this year that European truckmakers such as Daimler Truck, Volvo Group and Traton’s Scania ⁠were bracing ‌for a wave of lower-cost Chinese ⁠competitors, with some Chinese electric trucks expected ​to ‌be priced about 30% below comparable European ​models

• T&E ⁠estimated a Chinese-built electric truck costs about €210,000, versus €265,000 for a European equivalent.

• In Germany, operators could save an additional €34,000 over five years by choosing a Chinese-made electric truck.

($1 = 0.8779 euro)

(Reporting by Marie Mannes in Stockholm; Editing ​by Matthew Lewis)",https://storage.googleapis.com/media.mwcradio.com/mimesis/2026-09/27/2026-09-27T220206Z_1_LYNXMPEM8Q0LW_RTROPTP_3_AUTOS-TRUCKS-ELECTRIC.JPG,N,,2026-09-28 01:00:13.237340
,EVs,2026-09-28 00:51:03+00:00,Inquirer.com,Trump administration plans to gut clean car rules - Philadelphia Inquirer,Maxine Joselow,,,,,https://www.inquirer.com/news/nation-world/trump-executive-order-gut-fuel-efficiency-rules-evs-biden-climate-change-20260927.html,U.S. carmakers that delay EV development could be left at a significant disadvantage to foreign rivals in the coming years as EV sales grow rapidly around the world.,Not Available,https://www.inquirer.com/resizer/v2/PEZWBLUL7EURBPC3VLFYOJZQPU.jpg?auth=b67e157ba84960e1eb9c24027fa2bab4933e7ac4db48ed47fc7b38e4290ff9ec&width=760&height=507&smart=true,N,,2026-09-28 00:58:58.011440
,Clean Energy ,2026-09-28 00:48:37+00:00,Eco-Business,Power companies must strengthen resilience as electrification drives a new wave of industrial growth,Eco-Business,,,,,https://www.eco-business.com/press-releases/power-companies-must-strengthen-resilience-as-electrification-drives-a-new-wave-of-industrial-growth/,"SINGAPORE, 15 September 2026 – The global power sector is becoming increasingly central to economic growth as artificial intelligence (AI), digital infrastructure, advanced manufacturing and the electrification of transport, buildings and industry increase demand for stable, reliable and available power.
Asia’s power insurance market remained highly competitive through the first half of 2026, supported by strong insurer profitability, abundant reinsurance capacity and sustained competition among international and regional insurers.
This buyer-friendly market is developing as Asia’s digital infrastructure build-out creates a new wave of power demand.
Lyo Foo, Head of Power, Natural Resources Asia, at Willis said: “AI and data centre growth are making reliable power a strategic asset across Asia.
Asia’s power insurance market remains exceptionally competitive.","SINGAPORE, 15 September 2026 – The global power sector is becoming increasingly central to economic growth as artificial intelligence (AI), digital infrastructure, advanced manufacturing and the electrification of transport, buildings and industry increase demand for stable, reliable and available power.

At the same time, geopolitical and policy uncertainty, ageing assets, supply-chain bottlenecks and uneven grid infrastructure are shaping the direction and pace of change, according to the latest Power Market Review published today by Willis, a WTW business (NASDAQ: WTW).

Asia’s power insurance market remained highly competitive through the first half of 2026, supported by strong insurer profitability, abundant reinsurance capacity and sustained competition among international and regional insurers. Well-performing power companies continued to secure premium reductions, broader participation and enhanced policy terms, particularly for gas-fired generation, renewable energy projects and operational assets with sound engineering standards and favourable loss experience.

This buyer-friendly market is developing as Asia’s digital infrastructure build-out creates a new wave of power demand. The region’s data centre development pipeline reached a record 26.5 gigawatts in the first half of 2026, with Southeast Asia accounting for about half of capacity under construction[1]. As hyperscalers and AI platforms expand, reliable power supply is becoming a critical factor in markets where digital infrastructure is built, increasing investment in generation, grids, storage and behind-the-meter solutions.

Lyo Foo, Head of Power, Natural Resources Asia, at Willis said: “AI and data centre growth are making reliable power a strategic asset across Asia. As large, concentrated loads expand, risk can no longer be assessed in silos: generation, grids, cooling, water, cyber, supply chains and business interruption are increasingly connected. Power companies that use today’s market leverage to strengthen engineering evidence, stress-test recovery assumptions and align insurance with their growth plans will be best positioned to support the region’s digital infrastructure ambitions.”

Key Asia highlights from the report include:

Capacity and competition remain strong. International and regional insurers are actively deploying capacity, while increased participation from Middle Eastern markets is adding competitive pressure to Asian insurance placements.

Quality risks are benefiting most. Power assets with robust engineering data, disciplined maintenance, credible valuations and favourable loss records are achieving premium reductions, broader insurer participation and improved terms.

Capacity for coal plant is still available for well-managed risks, although insurer scrutiny is expected to intensify over time. This is due to ESG commitments and sustainability objectives of many international insurers and reinsurers. The best insurance outcomes will depend on how clearly insurance buyers evidence risk quality, asset stewardship, transitional plans, maintenance regimes, business interruption exposures and portfolio-level resilience.

Preparation remains critical for 2027. Early market engagement, transparent risk information, together with up-to-date engineering information and clear loss experience will help buyers convert abundant capacity into resilient, sustainable coverage.

Lyo added: “The outlook for the second half of 2026 remains positive. Asia’s power insurance market remains exceptionally competitive. International and regional insurers continue to deploy significant capacity, enabling many clients to secure premium reductions, broader insurer participation and enhanced policy terms. While engineering quality, operational performance and claims history remain important underwriting considerations, insurers’ desire to maintain premium income and expand market share has become the dominant factor shaping renewal outcomes.”

The Power Market Review 2026 examines insurance market conditions, emerging risks and resilience priorities across the global power sector, including a dedicated outlook for Asia.",https://eco-business.imgix.net/clients/featured_images/gettyimages_1185435970.jpg?fit=crop&h=801&ixlib=django-1.2.0&q=85&w=1200,N,,2026-09-28 00:59:09.333599
,EVs,2026-09-28 00:25:38+00:00,DigitalToday,Hyundai Motor Group says it cannot give up on all-solid-state batteries,Seung-ah Yoo,,,,,https://www.digitaltoday.co.kr/en/view/107820/hyundai-motor-group-says-it-cannot-give-up-on-all-solid-state-batteries,"[DigitalToday Seung-ah Yoo, intern reporter] Hyundai Motor Group reaffirmed its position that it will continue pushing ahead with the development of all-solid-state batteries.
Even so, is there still a need to keep developing all-solid-state batteries?
Harrer cited smaller batteries, improved fast-charging performance and longer driving range as potential advantages of all-solid-state batteries.
Hyundai is developing all-solid-state batteries in-house while also working with partners such as Solid Power.
Harrer described all-solid-state batteries as “the industry’s big bet right now.” Toyota has been developing all-solid-state batteries for at least 20 years and is targeting mass production within the next few years.","[DigitalToday Seung-ah Yoo, intern reporter] Hyundai Motor Group reaffirmed its position that it will continue pushing ahead with the development of all-solid-state batteries.

From startups to major automakers, companies are continuing to invest in all-solid-state batteries, touted as a “dream technology” to deliver ultra-fast charging and longer driving range for electric vehicles (EVs). At the same time, the performance of conventional lithium-ion batteries is improving quickly. Geely’s latest battery technology takes less than 9 minutes to charge from 10 percent to 97 percent. Even so, is there still a need to keep developing all-solid-state batteries?

On Sept. 27 (local time), EV-focused outlet InsideEVs reported that Hyundai Motor Group R&D chief Manfred Harrer (만프레드 하러) gave a firm “yes” to that question.

Harrer told reporters last week, “We cannot give up now. That is clear,” adding, “We must be part of this competition.”

Current EV batteries use a liquid electrolyte to move lithium ions between the cell’s anode and cathode. All-solid-state batteries, by contrast, mainly replace that liquid electrolyte with a solid material such as ceramics or polymers. This could raise both safety and performance. But no company has yet succeeded in producing solid-state cells at a scale suitable for automobiles.

Harrer cited smaller batteries, improved fast-charging performance and longer driving range as potential advantages of all-solid-state batteries. He forecast that a symbolic vehicle produced in small volumes with an all-solid-state battery would appear within the next 5 years. QuantumScape is also aiming to apply all-solid-state batteries to high-performance vehicles by the late 2020s.

Raw material costs are expected to remain very high for years as the technology scales up. Harrer said this would make it difficult for all-solid-state batteries to enter the mass market. “In the end, you can solve everything, but it costs money. It comes at an enormous cost,” he said.

Hyundai is developing all-solid-state batteries in-house while also working with partners such as Solid Power. Harrer described all-solid-state batteries as “the industry’s big bet right now.” Toyota has been developing all-solid-state batteries for at least 20 years and is targeting mass production within the next few years. Volkswagen is making large-scale investments in QuantumScape, while BMW is working with Solid Power. General Motors, Ford, Honda and Nissan are also moving into all-solid-state battery development.

Some companies have already unveiled demonstration prototypes. Examples include a Ducati equipped with QuantumScape cells and a Mercedes vehicle using Factorial’s technology. But there are still no cases of all-solid-state batteries being fitted in mass-produced vehicles that consumers can actually buy.

Harrer’s goal is for Hyundai to enter the market with its own supply chain and manufacturing capabilities once the technology matures. “We want to be the owner of this key technology,” he said. “That is why we are also investing in our own battery manufacturing.”

Harrer explained that it is important to deeply understand battery manufacturing methods and the associated costs. Batteries are the most expensive component in EVs and are also used in other electrified vehicles. Hyundai plans to apply its in-house nickel·manganese·cobalt (NCM) cells to the extended-range electric vehicle (EREV) version of the Tafe, which is scheduled to launch early next year. In a recent announcement, Hyundai said it plans to launch the Tafe EREV in the first half of 2027.

All-solid-state batteries are expected to take considerable time before reaching the mass market. “I do not think we can solve the raw material cost issue within 5 years from now,” Harrer said.",https://cdn.digitaltoday.co.kr/news/photo/202609/703086_650808_2117.jpg,N,,2026-09-27 22:58:09.998149
,American Energy,2026-09-27 23:56:51+00:00,Yahoo Finance,"US study finds small reactors can't win on the grid, but can at factories and hydrogen plants",Ray Brennan,,,,,https://finance.yahoo.com/energy/articles/us-study-finds-small-reactors-234500121.html,"Heavy industry may be where small nuclear reactors make money first, according to new research, even as the technology remains far from transforming the broader U.S. power grid.
The study says the reactors are unlikely to win out in the open electricity market against inexpensive renewables and existing large-scale power generation.
The study found that U.S. industrial facilities produced 1,499 million tons of carbon dioxide in 2020.
Researchers estimated that replacing some fossil-fuel-based industrial heat and hydrogen with nuclear-derived alternatives could lower emissions by as much as 14% over two production cycles.
For a broader look at where nuclear technology could gain traction, these stories dig into some of the most plausible paths.","Heavy industry may be where small nuclear reactors make money first, according to new research, even as the technology remains far from transforming the broader U.S. power grid.

The study points to factory complexes that need round-the-clock heat, power, and clean hydrogen in one location as a better match for the technology than direct competition with low-cost renewables or big existing generators.

If that holds, industrial operators rather than utilities could become the earliest serious test case for small modular reactors, or SMRs.

Here's what to know

Sites like ammonia plants, oil refineries, steel mills, and other manufacturers that depend on steady process heat appear to offer the best U.S. market for SMRs, according to a new analysis published in Nature Communications, cited by Interesting Engineering. The study says the reactors are unlikely to win out in the open electricity market against inexpensive renewables and existing large-scale power generation.

To reach that conclusion, researchers from the University of Michigan and Idaho National Laboratory modeled energy demand across dozens of ammonia synthesis plants, nine steel mills, 47 oil refineries, and nearly 1,000 manufacturing sites that rely on process heat.

Industries that already consume significant hydrogen appear to be the most promising early fit. In ammonia production and petroleum refining, SMRs could provide the heat and electricity needed to make clean hydrogen on-site, reducing the costs and risks of transporting such a volatile fuel over long distances.

More background

Under the SMR concept, reactors would be built in a more modular way at centralized sites, then moved by rail or barge and installed in clusters as local energy needs require. That differs from traditional nuclear plants, which are largely constructed on-site through massive, highly customized projects.

The study found that U.S. industrial facilities produced 1,499 million tons of carbon dioxide in 2020. Researchers estimated that replacing some fossil-fuel-based industrial heat and hydrogen with nuclear-derived alternatives could lower emissions by as much as 14% over two production cycles.

Still, the economics remain fragile. The analysis found that these projects become viable much faster when paired with a federal clean-hydrogen tax credit worth up to $1.36 per pound of clean hydrogen.

What's being done?

Researchers found that suitable factory locations could host about 91 gigawatts-electric of SMR capacity in an early phase. As manufacturing methods improve and more units are built, that figure could rise to 171.9 gigawatts-electric.

That kind of rollout could give developers a more controlled environment to test whether SMRs can reliably provide both electricity and high-temperature heat before trying to compete more directly with other power sources. No SMR has entered commercial operation in the United States yet, making real-world demonstration especially important.

Cleaner fertilizer production, refining, and manufacturing could eventually help reduce industrial pollution while supporting domestic energy supply.

The technology may have its strongest chance in applications that reward continuous output and industrial heat, not in markets where wind, solar, and existing power plants already dominate on price.

As Brendan Kochunas, associate professor of nuclear engineering and radiological sciences at the University of Michigan and study co-author, said, ""There's a lot of momentum around increased deployment of nuclear energy and small modular reactors, but this study provides the first comprehensive analysis of where it actually makes business sense to build and operate them.""

Where can I learn more?

For a broader look at where nuclear technology could gain traction, these stories dig into some of the most plausible paths. They cover the cost challenges facing SMRs, coal-to-nuclear conversions, and other reactor concepts.

• In the U.S., experts will examine serious challenges for SMRs as cost pressures persist.

• Across the U.S., former coal sites could offer nuclear conversion opportunities instead of retirement.

• Advanced reactor developers say molten salt systems could improve safety and flexibility underground.

Get TCD's free newsletters for easy tips, smart advice, and a chance to earn $5,000 toward home upgrades. To see more stories like this one, change your Google preferences here.",https://s.yimg.com/lo/mysterio/api/5577ccfc03adc7f6f5b432a4fcba7148df2c1294a0cc06abc0fa5becc3880747/lightyear_networkapi/resizefill_w1200%3Bquality_80%3Bformat_webp/https%3A%2F%2Fmedia.zenfs.com%2Fen%2Fthe_cool_down_737%2F25fd8d438689b6d47b61c30d7186cf18.jpg,N,,2026-09-27 20:59:53.649943
,Clean Energy ,2026-09-27 23:52:33+00:00,Empire Report,Building a Stronger New York at Climate Week NYC - Empire Report,Empire Report,,,,,https://empirereportnewyork.com/building-a-stronger-new-york-at-climate-week-nyc/,"At NYSERDA, we work year-round to catalyze New York’s statewide energy transition, but for one week in September each year – at Climate Week NYC – the world turns its eyes to New York City to identify the highest priority solutions to fight climate change and build a cleaner, more reliable, and affordable energy system.
For our part, Governor Hochul and NYSERDA brought a few announcements of our own to a jam-packed week of events.
Climate Week NYC is about turning commitments into implementation.
By enabling further growth of our in-state renewables sector, and advancing utility-scale energy storage, we are ensuring an affordable and reliable clean energy transition for all New Yorkers.
As Governor Hochul said at the Ceres climate event last week: “Ambition matters but execution is everything.” Doreen M. Harris, President and CEO, NYSERDA","If you were feeling the heat this summer, you were not alone. August 2026 was tied with July 2023 as the hottest month ever recorded on Earth. As we continue to feel the worsening impacts of extreme weather, one thing that is a source of constant motivation is all the colleagues and partners working to advance a clean energy future.

At NYSERDA, we work year-round to catalyze New York’s statewide energy transition, but for one week in September each year – at Climate Week NYC – the world turns its eyes to New York City to identify the highest priority solutions to fight climate change and build a cleaner, more reliable, and affordable energy system. Throughout the week, my NYSERDA colleagues and I had the opportunity to speak before thousands of interested parties and meet with the stakeholders, businesses, and organizations who are collectively advancing this transition.

Something that strikes me the most about the week is the sheer volume of events and the diversity of collaborators involved. From a sustainable rooftop farm in Queens to packed conference halls with attendees from all parts of the clean energy ecosystem and world, Climate Week offered an opportunity for everyone to share, discuss, and learn from each other. We left invigorated and optimistic with new ideas and updates on the incredible progress being made across so many different sectors.

For our part, Governor Hochul and NYSERDA brought a few announcements of our own to a jam-packed week of events. First and foremost, Governor Hochul announced her Clean, Highly Affordable, Reliable, Grid Expansion, or CHARGE agenda – an aggressive framework of clean energy and affordability measures designed to keep the lights on and costs down for New Yorkers while achieving a reliable, zero-emission grid.

Notably, she also announced the Energy Infrastructure Development Plan – which will update New York’s State Energy Plan process with an actionable blueprint designed to align resources with energy demand and economic growth. As chair of the New York State Energy Planning Board, I look forward to reconvening this year to begin the comprehensive and integrated planning needed to address New York’s near and long-term needs through this expanded work.

The Governor also matched last year’s record-breaking climate action investment by adding a second $1 billion installment to the landmark Sustainable Future Program. Governor Hochul also announced that $1 billion in state energy rebate checks designed to help over 8 million New Yorkers who are struggling with higher utility costs and prices at the pumps began going out last week and will continue through December. This is in addition to the State’s aggressive enrollment drive to ensure all who are eligible for the Energy Assistance Program have applied and receive direct utility bill savings. Eligibility was expanded in 2026 and 2.5 million households are eligible.

And as for NYSERDA, we announced that contracts have been executed for 1.7 gigawatts of new large-scale energy resources, including eight bulk energy storage projects and 13 land-based renewable energy projects. Combined, these projects are expected to create more than 1,100 family-supporting jobs and will commit over $3.7 billion in private investment. Through these new projects, we are reinforcing the State’s commitment to the development of locally-produced clean energy, energy storage, grid resiliency and economic development, which are well equipped to leverage federal clean energy tax credits and reduce costs for New Yorkers.

We also travelled to communities like Amsterdam, NY, where we marked the official ribbon cutting of ECOFlats, a Buildings of Excellence Award winning project and announced nearly $135 million to advance design and construction of energy efficient housing. As part of this investment, $100 million is now available to support residential new construction at every stage of development through the State’s New Efficient Homes New York program. New construction projects such as these are an opportunity to integrate the latest high-performance technologies and building solutions into homes and demonstrate how to use energy more efficiently, improve comfort and protect against extreme weather.

Climate Week NYC is about turning commitments into implementation. By enabling further growth of our in-state renewables sector, and advancing utility-scale energy storage, we are ensuring an affordable and reliable clean energy transition for all New Yorkers. I commend Governor Hochul for being a champion in accelerating these projects over the past five years, which helped make us a leader in the creation of clean energy jobs and is spurring economic development opportunities for businesses and local communities across our state.

As Governor Hochul said at the Ceres climate event last week: “Ambition matters but execution is everything.”

Doreen M. Harris, President and CEO, NYSERDA",https://empirereportnewyork.com/wp-content/uploads/2026/09/Screenshot-2026-09-27-at-2.11.06-PM.png,N,,2026-09-27 20:59:48.102899
,Detroit and Evs,2026-09-27 23:03:59+00:00,www.facebook.com,"The Trump administration rules will cut new car prices, but increase fuel consumption ... - Facebook",Not Available,,,,,https://www.facebook.com/detroitfreepress/posts/the-trump-administration-rules-will-cut-new-car-prices-but-increase-fuel-consump/1563900899115390/,"The Trump administration rules will cut new car prices, but increase fuel consumption. See link below ⬇️

📸 SARAH PHIPPS/THE OKLAHOMAN, USA TODAY Network...",Not Available,https://scontent-iad3-1.xx.fbcdn.net/v/t39.99422-6/828333464_2878166019219378_2953790146961444919_n.png?stp=dst-jpg_tt6&cstp=mx1080x1350&ctp=p600x600&_nc_cat=101&ccb=1-7&_nc_sid=cae128&_nc_ohc=c_v6FdBzamoQ7kNvwGmHk7D&_nc_oc=AdruAeVobM9RD7OCje2GMxd42eApjUNBZdB1gPGhYmCgdQG3_5EMFn15i8yByj-M4a4&_nc_zt=14&_nc_ht=scontent-iad3-1.xx&_nc_gid=b01fqDJ_DloH2BcqP0dpkA&_nc_ss=7a289&oh=00_AQN3LbvHnCJmtUVeoIK2ip5-zQ0Lcgy2IwSi0NgEURFg1A&oe=6ABF6987,N,,2026-09-27 20:00:53.988315
,Indiana and Evs,2026-09-27 22:50:12+00:00,Indiana Gazette Online,Trump set to roll back Biden-era auto fuel economy standards | News | indianagazette.com,Not Available,,,,,https://www.indianagazette.com/news/trump-set-to-roll-back-biden-era-auto-fuel-economy-standards/article_ee78f4fe-4ff4-58f0-8eb4-210f589b03f1.html,Copyright 2026 Tribune Content Agency.,Copyright 2026 Tribune Content Agency.,https://bloximages.newyork1.vip.townnews.com/indianagazette.com/content/tncms/custom/image/c7a2337e-54f6-11e7-a069-27b302f33e37.jpg?resize=600%2C315,N,,2026-09-27 20:01:00.241762
,Detroit and Evs,2026-09-27 22:29:38+00:00,BigGo Finance,"Trump Approves Rollback of Fuel Economy Rules, Says Automakers Will Expand US Output",BigGo Finance,,,,,https://finance.biggo.com/news/680879cb-81d1-46a5-b15e-f47d7e4484c4,"The announcement, made in a post on Truth Social, confirms a proposal first floated in December that would sharply lower corporate average fuel economy, or CAFE, requirements for model years through 2031.
CAFE standards set a minimum average fuel economy for each automaker's full lineup of vehicles sold in the United States.
Tesla (TSLA), the market's dominant electric vehicle maker, slipped about 2%, and electric truck startup Rivian (RIVN) gained more than 1%.
Trump's announcement also highlighted the political stakes of the fuel economy fight.
Any litigation could delay implementation, though the Trump administration has moved aggressively to defend its environmental rollbacks in court.","President Donald Trump said Saturday he has signed off on new fuel economy standards that dismantle the centerpiece of the Biden administration's push to electrify America's vehicle fleet, a move he framed as a lifeline for Detroit automakers and a cost break for car buyers.

The announcement, made in a post on Truth Social, confirms a proposal first floated in December that would sharply lower corporate average fuel economy, or CAFE, requirements for model years through 2031. The Transportation Department is expected to formally publish the final rule on Monday, according to Benzinga.

""I have just approved new Fuel Economy Standards that TERMINATE Sleepy Joe Biden and Pete Boot-EDGE-EDGE's ridiculous EV Mandate,"" Trump wrote, using his derogatory nicknames for the former president and former Transportation Secretary Pete Buttigieg.

Trump said the new rules will strip what he called wasteful costs out of vehicle production, predicting that sticker prices will fall and that American families will save thousands of dollars on a new car. He also claimed that the Biden-era standards had forced automakers to absorb billions in losses while pushing consumers toward vehicles they did not want.

The president said the rollback has already triggered commitments from major manufacturers to expand domestic production. ""Every manufacturer, from General Motors to Ford to Stellantis, has called me wanting to build here, and now they can!"" he wrote. He said automotive investments under his administration now exceed $100 billion, with new and expanded plants expected to support jobs in Michigan, Ohio, Indiana and South Carolina.

Trump thanked Transportation Secretary Sean Duffy and Commerce Secretary Howard Lutnick for their roles in implementing the policy. Lutnick has previously credited the administration's tariff regime with pulling manufacturing back to the United States, citing expansion plans at Ford and Toyota Motor (TM).

The new standards represent a dramatic reversal of the trajectory set under President Joe Biden, whose administration had required passenger-car fuel economy to improve 2% annually for model years 2027 through 2031, with light trucks facing similar increases starting in 2029. Those rules targeted an average light-duty vehicle efficiency of roughly 50.4 miles per gallon by 2031.

Under the Trump administration's December proposal, the CAFE target for the 2031 model year would drop to about 34.5 miles per gallon, a reduction of nearly one-third from the Biden-era goal. The final rule approved Saturday has not yet been published in detail, but is expected to track closely with that earlier blueprint.

CAFE standards set a minimum average fuel economy for each automaker's full lineup of vehicles sold in the United States. Higher thresholds effectively force manufacturers to increase the share of electric and hybrid models in their fleets. The Biden administration argued the tougher rules would save Americans more than $23 billion in fuel costs and nearly 70 billion gallons of gasoline through 2050, while preventing more than 710 million metric tons of carbon dioxide emissions.

Trump has repeatedly rejected that logic, arguing that aggressive efficiency mandates saddle automakers with expensive technology requirements that inflate vehicle prices and erode profitability. His administration has also moved to unwind federal support for electric vehicle charging infrastructure, a sharp contrast with the previous White House's goal of building 500,000 publicly available chargers by 2030.

Buttigieg, who oversaw the Biden-era standards, fired back at the president's announcement. He said U.S. manufacturing and auto employment have declined under Trump and warned that weakening fuel economy rules would undermine American competitiveness in clean technology, effectively ""handing the clean tech future to China"" while leaving consumers to pay more at the pump.

The policy shift lands as investors are recalibrating expectations for the auto sector. Shares of General Motors (GM) and Stellantis (STLA) each closed about 3% higher on Friday, while Ford (F) added roughly 1%. Tesla (TSLA), the market's dominant electric vehicle maker, slipped about 2%, and electric truck startup Rivian (RIVN) gained more than 1%.

The divergent stock moves reflect the uneven impact of the regulatory rollback. Legacy automakers with large internal combustion engine portfolios stand to benefit from lower compliance costs, while pure-play EV manufacturers lose a regulatory tailwind that had pressured competitors to accelerate electrification.

Trump's announcement also highlighted the political stakes of the fuel economy fight. The president has made auto manufacturing a signature issue, repeatedly pointing to tariffs and deregulation as tools for reviving industrial employment in the Midwest. He said last month that his trade policies had helped Ford's Detroit plant run around the clock and called it one of the most profitable car plants in the world.

The new standards mark one of the most consequential regulatory reversals of Trump's second term, effectively removing the federal government's most powerful lever for pushing automakers toward electrification. Without stringent CAFE requirements, manufacturers face far less pressure to sell electric vehicles at scale, which could slow the expansion of charging networks and alter the economics of battery production in North America.

Some critics have warned that the move runs counter to global efforts to curb transportation emissions, a concern Buttigieg echoed in his response. The transportation sector is the largest source of greenhouse gas emissions in the United States, and light-duty vehicles account for the bulk of that output.

The final rule is expected to face legal challenges from environmental groups and Democratic-led states, a pattern that has followed many of the administration's deregulatory actions. Any litigation could delay implementation, though the Trump administration has moved aggressively to defend its environmental rollbacks in court.",https://img.biggo.com/2E_XoblOUUfgynZB8AZxzkHBt_7GmZMfFkoaF6nIfBo/fit/1200/0/sm/0/aHR0cHM6Ly9pbWcuYmdvLm9uZS9uZXdzLWltYWdlL2FpX2dlbmVyYXRlZC8yMDI2LTA5LzY4MDg3OWNiLTgxZDEtNDZhNS1iMTVlLWY0N2Q3ZTQ0ODRjNF8xNzkwNTQ4MDk3X2RlZmF1bHQuanBn.jpg,N,,2026-09-27 18:59:46.020291
,Detroit and Evs,2026-09-27 22:26:36+00:00,NST Online,US to finalise sharply lower vehicle fuel economy standards - NST Online,Not Available,,,,,https://www.nst.com.my/business/economy/2026/09/1542527/us-finalise-sharply-lower-vehicle-fuel-economy-standards,What To Read Next,What To Read Next,https://storage.googleapis.com/origin-awsassets.nst.com.my/images/socialmedia/C1664A57E8182438286FC8F635E74B49_data.jpg,N,,2026-09-27 18:59:51.164655
,Detroit and Evs,2026-09-27 22:24:45+00:00,www.reutersconnect.com,U.S. President Joe Biden tours the General Motors 'Factory ZERO' electric vehicle assembly ...,,,,,,https://www.reutersconnect.com/item/us-president-joe-biden-tours-the-general-motors-factory-zero-electric-vehicle-assembly-plant-in-detroit/dGFnOnJldXRlcnMuY29tLDIwMjE6bmV3c21sX1JDMkpXUTlSRFRBTw?lastViewed=dGFnOnJldXRlcnMuY29tLDIwMjE6bmV3c21sX1JDMkpXUTlZTEM3SA&position=2,"U.S. President Joe Biden drives a Hummer EV as he tours the General Motors 'Factory ZERO' electric vehicle assembly plant in Detroit, Michigan, ...",Not Available,,Y,,2026-09-27 20:00:56.665933
,EVs,2026-09-27 22:05:50+00:00,The Express Tribune,EV boom reshaping local market | The Express Tribune,"Faran Mahmood, tribune.com.pk, faran-mahmood",,,,,https://tribune.com.pk/story/2631742/ev-boom-reshaping-local-market,"ISLAMABAD: China's automotive industry has set a record this year as vehicle exports have already surpassed last year's total by August.
Global supply push China's total annualised vehicle exports have soared to 12 million units, anchored by 10 million passenger cars.
Its new energy vehicle exports, battery electrics and plug-in hybrids combined, have reached an annualised 5.6 million units, eclipsing Japan's historical peak export figures.
This isn't simply China replacing Japan as the market is fragmenting, with Chinese, Japanese and Korean makers competing on price, hybrids, software and financing.
The more ambitious goal is integrating Pakistani suppliers into Chinese global value chains and eventually positioning the country as a regional production base.","ISLAMABAD:

China's automotive industry has set a record this year as vehicle exports have already surpassed last year's total by August. As Chinese automakers expand into emerging markets to offset Western trade barriers and domestic overcapacity, Pakistan has become one of the clearest beneficiaries.

This global push is disrupting a decades-old Japanese auto oligopoly in Pakistan, aided by Islamabad's New Energy Vehicle Policy (NEVP 2025-2030). As Chinese manufacturers expand into high-tech crossovers and electric vehicles, Pakistan stands at a pivotal crossroads: how to leverage Beijing's manufacturing scale to slash its crippling fossil fuel import bill, while avoiding the substitution of one form of import dependence, ie foreign oil, with another: imported batteries, electronics and high-value automotive components.

The central question is, therefore, larger than whether Chinese EVs will displace Japanese cars. It is whether Pakistan can use Chinese technology and capital to move beyond low-value vehicle assembly towards genuine manufacturing, technology transfer, supplier development and eventually exports.

Global supply push

China's total annualised vehicle exports have soared to 12 million units, anchored by 10 million passenger cars. Its new energy vehicle exports, battery electrics and plug-in hybrids combined, have reached an annualised 5.6 million units, eclipsing Japan's historical peak export figures.

This has upended legacy automakers. In just 24 months, Germany's multibillion-dollar trade surplus with China flipped into a deficit. As Western markets impose defensive tariffs, Chinese manufacturers are redirecting capacity towards the Global South. For Pakistan, this creates an unusual opportunity. Chinese firms possess battery, motor, power electronics and software technologies that would take Pakistan decades to develop alone. The challenge is ensuring access that creates domestic productive capacity, not just a bigger market for imported Chinese parts.

Disrupting the 'Big Three'

For over 30 years, Pakistan's car market was dominated by Toyota, Honda and Suzuki, shielded by high tariffs with little pressure to modernise. Macroeconomic headwinds, forex constraints and fuel prices crippled traditional assembly lines, opening the door for new entrants.

Chinese brands, Sazgar Haval, Changan, Chery, BAIC, Jetour, have now captured a share in the SUV and crossover segments, with Haval challenging the Toyota Fortuner. On the electric side, BYD (via Hubco subsidiary Mega Motor Company), Changan's Deepal and budget models like Dewan Honri have pushed EVs from a luxury niche into the mainstream.

This isn't simply China replacing Japan as the market is fragmenting, with Chinese, Japanese and Korean makers competing on price, hybrids, software and financing. Japanese firms retain strong dealer networks and supplier relationships, while Chinese entrants bring faster product cycles and EV capability. The NEVP backs this shift with structure: a target of 30% new energy vehicle sales by 2030, rising to 50% by 2040; 3,000 public fast-charging stations by 2030; a 1-3% carbon levy on combustion vehicles funding EV subsidies; concessional duties on CKD/SKD kits; and a capped charging tariff of roughly Rs40/kWh to absorb surplus power generation.

This matters because Pakistan's electrification push is also an energy-security play. Petroleum imports drain foreign exchange, while the power sector has excess capacity and weak demand. But the net forex benefit depends entirely on how much of the EV value chain Pakistan localises, since a fully imported EV kit assembled locally still increases component imports even as it cuts oil use. Success should be measured in forex savings, domestic value addition, supplier development and exports, not just EV sales volume.

Localisation vs import dependence

The risk is that Pakistan reproduces its old assembly-dependent model with a new technology stack: Chinese tech, imported components and Pakistani final assembly, which is analogous to changing the propulsion system without changing the country's position in the global value chain.

Three factors will determine success. First, manufacturers must be pushed from CKD kit assembly towards local battery manufacturing, parts casting and software integration. This doesn't mean building everything domestically as battery cells and advanced semiconductors need scale that Pakistan can't match. Instead, the policy should target realistic wins: battery-pack assembly, wiring harnesses, castings, plastics, interiors, charging equipment and thermal management.

Secondly, the 3,000-charging-station target needs sustained private investment, grid upgrades and standardised protocols; none of which happen automatically. Low EV penetration makes chargers commercially unattractive, while poor charging infrastructure suppresses adoption – a chicken-and-egg problem. Existing petrol stations could become charging nodes, while battery swapping and fleet charging may matter more for motorcycles, rickshaws and taxis.

Thirdly, Japanese assemblers are introducing their own hybrids to defend their market share, which means more competition that should improve pricing and after-sales service industry-wide.

The bigger opportunity may lie beyond passenger cars. Pakistan's motorcycle, three-wheeler, taxi and commercial-vehicle markets are used intensively and consume heavy fuel, meaning electrification there could deliver faster payback and greater fuel-import savings per rupee of support than premium passenger EVs.

From assembly hub to manufacturing base

The new Automotive Industry Development Policy 2026-31 raises the stakes further, emphasising localisation, investment and exports. The opportunity is to use Chinese manufacturers' search for new markets to strike a deeper bargain: market access in exchange for supplier development, technology transfer, training and export-oriented production.

Pakistan's domestic market alone won't provide the scale for a globally competitive EV industry. The more ambitious goal is integrating Pakistani suppliers into Chinese global value chains and eventually positioning the country as a regional production base. In the end, an exported Pakistan-made component may ultimately matter more than another locally assembled car.

In a nutshell, China has already solved the technological problem of mass EV production. However, Pakistan's challenge is different: capturing a meaningful share of the economic value that EV technology creates. The real story isn't China replacing Japan but whether Pakistan can turn China's automotive rise into a shift from assembling cars for itself to manufacturing products the world wants to buy.

THE WRITER IS A CAMBRIDGE GRADUATE AND WORKS AS A STRATEGY CONSULTANT",https://i.tribune.com.pk/media/images/ev-boom1790544582-0/ev-boom1790544582-0-640x480.webp,N,,2026-09-27 22:58:15.419301
,EPA,2026-09-27 22:02:47+00:00,www.wsj.com,The Save America From California Act - WSJ,,,,,,https://www.wsj.com/opinion/the-save-america-from-california-act-2fe401ff,We wrote this month that Environmental Protection Agency Administrator ... EPA that require “zero emission” commercial vessels and small off-road ...,Not Available,,Y,,2026-09-27 20:00:50.667727
,American Energy,2026-09-27 22:01:24+00:00,CleanTechnica,Space Squeeze Forces Solar Power Into Tight Corners - CleanTechnica,Tina Casey,,,,,https://cleantechnica.com/2026/09/27/community-solar-power-plants-tight-spaces-high-density/,"Making Space For Solar Power “Developing solar on constrained parcels is a growing focus for the industry.
To maximize the solar power potential of the site, Cultivate deployed a high-density racking system developed by the firm Planted Solar.
Solar Power And Community Engagement Small-scale solar power projects rarely make headlines, let alone national news.
Community solar refers specifically to solar power plants that directly benefit local communities in the form of reduced electricity costs and increased tax revenues.
As is typical of community solar projects, low- and moderate- income households represent 55% of the subscribers.","Demand for solar power is running hot, and yet space for solar development is increasingly limited by community opposition and government intervention at the federal, state, and local level. Space is at a premium even where the regulatory environment favors solar, particularly in cities and other urbanized areas. That’s where the creativity factor steps in, as illustrated by the US firm Cultivate Power.

Making Space For Solar Power

“Developing solar on constrained parcels is a growing focus for the industry. It’s becoming more important as competitive land use drives solar onto smaller and smaller parcels,” Cultivate explained in an email to CleanTechnica last week.

The company’s latest project is a case in point. The new Bowes Solar array sits on a 22-acre site in Elgin, Illinois. Situated between two residential subdivisions, the site is further encumbered by high-voltage power lines and train tracks. A wetlands area in one corner offers yet another obstacle to conventional solar development.

The Cultivate team tackled the challenge from several angles. To accommodate the irregular footprint of the site, they divided the installation into two arrays for a combined total of 11 megawatts (DC). By dividing the site in two parts, Cultivate also gained the flexibility needed to accommodate setback requirements and avoid impinging on the wetland.

To maximize the solar power potential of the site, Cultivate deployed a high-density racking system developed by the firm Planted Solar.

In addition, the Planted Solar racking system sits low to the ground, helping Cultivate to avoid conflicts related to community aesthetics. With the installation of an opaque fence and additional screening, the panels are not visible from outside of the site.

Solar Power And Community Engagement

Small-scale solar power projects rarely make headlines, let alone national news. However, the Bowe arrray did attract local coverage that fleshes out the picture in terms of the steps solar developers can take to rally local support for their projects, particularly in the area of small-scale community solar.

Community solar refers specifically to solar power plants that directly benefit local communities in the form of reduced electricity costs and increased tax revenues. Chronicle Media, for example, notes that the new Bowes array will benefit ratepayers with lower electricity rates. Distributed through the utility Commonwealth Edison, the lower rate covers the whole area, including 580 low- and moderate-income households.

“Aimed at saving customers 20 percent on energy charges, the project will also benefit several larger customers, including three small businesses, two towns and a church,” notes Chronicle reporter Bill Dwyer.

“Cultivate Power officials say that collectively subscribers will save $13.9 million on their ComEd bills during the next 40 years,” Dwyer adds.

Lower electricity rates are an important community engagement tool, but not the only one. Property tax revenues from the site are also expected to total $2.1 million over the next 40 years, benefiting the local school district and other agencies while making productive use of a property that resisted other forms of development, largely due to the wetlands factor.

The Chronicle further notes that Cultivate is making substantial contributions to Elgin Community College and Food for Greater Elgin (a member agency of the Northern Illinois Food Bank), along with contributions to Friends of the Fox River, We Care Solar, and the Evolve Foundation among others local organizations.

High Density Solar Arrays Are Coming For Your Fossil Fuels

Community engagement aside, the solar technology developed by Planted Solar also played a key role in the Bowes project.

Planted launched on a mission to squeeze the maximum amount of kilowatts out of a small space. The company points out that community solar projects generally require 5-7 acres for each MWp (megawatt-peak), with MWp referring to the theoretical maximum output of the array under ideal conditions. That would mean, for example, that an 11-megawatt array like the Bowes Solar project could not fit into a 22-acre space.

Alternatively, a smaller array could be developed at the site, but then the law of diminishing returns might kick in, killing the project altogether.

Planted addresses the challenge with a software-enabled racking system that requires only about 2 acres per MWp, with the flexibility to fill in irregular spaces that are typically left undeveloped in a conventional solar array. At 2 acres per MWp, a 5-megawatt community solar project would only require about 15 acres of land all together, instead of the 40-50 acres called for under a conventional scenario.

Another conventional rule of thumb is that sites with a slope of more than 10% require grading. Such sites are often automatically eliminated from consideration for community solar projects due to the additional expense of grading. Substantial earthwork can also delay the permitting process or result in project cancellation.

The Planted system addresses that challenge with a terrain-following strategy that accommodates existing grades of up to 27%. “Sites where a landowner wants pasture or vegetation preserved, or where a county has made low-disturbance a condition of approval, are often viable candidates,” Planted notes.

“The site still needs to meet slope and acreage thresholds, but grading restriction alone doesn’t disqualify it,” the company adds.

The Power Of Community Solar

Interested? Community solar planners can use Planted’s online contact form to submit information about their site and received an assessment.

Meanwhile, if you caught that thing about landowners and pastures, that brings up a rural angle of interest. As illustrated by the Bowes project, community solar projects are often associated with cities. Elgin, for example, is one of the biggest cities in Illinois aside from Chicago. However, Cultivate Power’s equity investor, Generate Capital, points out that community solar projects can be valuable assets in rural communities, too.

“In a rural farming community like Mercer County, solar savings are out of reach for renters and low- and moderate-income families who are unable to install their own panels,” Generate explains.

“Landowners, meanwhile, face pressure to keep every acre productive. Community solar answers both, extending savings to local subscribers, while giving a working farm stable new income alongside its crops,” the firm adds.

Generate draws attention to Cultivate’s Goldenrod Solar project, commissioned in Mercer County last year. Though weighing in at just 5 megawatts, the project delivers enough solar power to accommodate 850 local subscribers, with anticipated savings of 10-20% on their electricity bills. As is typical of community solar projects, low- and moderate- income households represent 55% of the subscribers.

The community engagement element of the Goldenrod project also included contributions to local organizations including Black Hawk College Foundation, Sherrard High School, and Mercer County High School Future Farmers of America chapters, among others.",https://cleantechnica.com/wp-content/uploads/2026/09/cultivate-solar-power.png,N,,2026-09-27 18:59:32.576814
,Clean Energy ,2026-09-27 21:59:57+00:00,www.govinfo.gov,SAVE AMERICAâ€™S CLEAN ENERGY JOBS ACT - GovInfo.gov,Not Available,,,,,https://www.govinfo.gov/content/pkg/CRI-2021/html/CRI-2021-SAVE-AMERICA-S-CLEAN-ENERGY-JOBS-ACT.htm,SAVE AMERICAâ€™S CLEAN ENERGY JOBS ACT from the Congressional Record Index (2021),Not Available,,N,,2026-09-28 07:01:31.042289
,Congress,2026-09-27 21:10:31+00:00,Le Monde.fr,Lula's mixed environmental record has brought less deforestation but more oil - Le Monde,Anne-Dominique Correa,,,,,https://www.lemonde.fr/en/environment/article/2026/09/27/lula-s-mixed-environmental-record-has-brought-less-deforestation-but-more-oil_6758014_114.html,"With a broad smile, President Luiz Inacio Lula da Silva praised the environmental achievements of his third term during a speech on June 10 at the Planalto Presidential Palace in Brasilia.
""Brazil has become the country with the most credibility in the world when it comes to environmental stewardship,"" the 80-year-old president said proudly.
Thanks to these efforts, annual deforestation in the Amazon fell from 11,594 square kilometers to 5,731 square kilometers between 2022 and 2025 – a 50% decrease, according to satellite data collected by the National Institute for Space Research.
She also welcomed ""the central role that environmental issues have played in Brazil's foreign policy.""
In addition to strengthening cooperation among Amazonian countries, the left-wing president hosted COP30 in Belem, in the heart of the Brazilian Amazon, in November 2025.","With a broad smile, President Luiz Inacio Lula da Silva praised the environmental achievements of his third term during a speech on June 10 at the Planalto Presidential Palace in Brasilia. ""Brazil has become the country with the most credibility in the world when it comes to environmental stewardship,"" the 80-year-old president said proudly.

From the moment he took office in January 2023, President Lula established the Ministry of Indigenous Peoples, launched numerous operations against illegal gold mining, replenished a fund dedicated to protecting the Amazon, and revived environmental agencies paralyzed under his far-right predecessor, Jair Bolsonaro (2019-2022). Thanks to these efforts, annual deforestation in the Amazon fell from 11,594 square kilometers to 5,731 square kilometers between 2022 and 2025 – a 50% decrease, according to satellite data collected by the National Institute for Space Research.

""The Lula government's legacy is positive for the environmental agenda,"" said Maiara Folly, the executive director of the CIPO platform, a Brazil-based think tank focused on climate governance. She also welcomed ""the central role that environmental issues have played in Brazil's foreign policy."" In addition to strengthening cooperation among Amazonian countries, the left-wing president hosted COP30 in Belem, in the heart of the Brazilian Amazon, in November 2025. Brazil used the summit to champion two international initiatives: the Tropical Forest Forever Facility, a financing mechanism to protect tropical forests that remains underfunded, and a roadmap aiming to phase out fossil fuels.",https://img.lemde.fr/2026/08/11/0/0/7156/4771/1440/960/60/0/77c3cb5_ftp-1-f73t5xvfnwl4-e24e6663b123473e85004b4a899a6f60-1-aa000641d54d40dc88f5bfbbdf0f16dc.jpg,N,,2026-09-27 18:00:47.338755
,Clean Energy ,2026-09-27 21:10:09+00:00,The Cap Times,Letter | Transmission lines part of the cost of clean energy,Not Available,,,,,https://captimes.com/opinion/letters-to-the-editor/letter-transmission-lines-part-of-the-cost-of-clean-energy/article_ef857bf3-a72d-4061-ab32-bbcb56db23e2.html,Dear Editor: Thanks for the story “Dane County residents fear power line would turn ‘heaven’ into ‘hell’” (Sept. 17). It’s good to know more details about the proposed BECI transmission,Not Available,https://bloximages.chicago2.vip.townnews.com/captimes.com/content/tncms/assets/v3/editorial/e/f8/ef857bf3-a72d-4061-ab32-bbcb56db23e2/66675ef084281.preview.jpg?crop=1600%2C840%2C0%2C180&resize=1200%2C630&order=crop%2Cresize,N,,2026-09-27 18:00:44.326021
,Clean Energy ,2026-09-27 20:49:14+00:00,CleanTechnica,"Solar, Wind, Battery Storage, And Politics - It's Complicated - CleanTechnica",Steve Hanley,,,,,https://cleantechnica.com/2026/09/27/solar-wind-battery-storage-and-politics-its-complicated/,"On July 22, 2026, ERCOT, the Texas grid operator, recorded an all time high peak demand of 91.1 GW.
The answer, according to the Houston Chronicle, was lots of solar, wind, and battery storage.
But, over time, the cheapest source of electricity became solar and battery storage, as prices for both have fallen dramatically over the past five years.
$1.7 Billion Renewable Energy Project In Colorado Enyo Energy is proposing a massive new wind, solar, and battery storage project in the Chalk Bluffs region of northern Colorado near the Wyoming border.
At the hearing on the Chalk Bluffs project, one objector identified himself as an Eastern Shoshone tribe member.","In the summer of 2026, demand for electricity in Texas broke the previous record of 85.5 GW, set three years ago: 45 times. On July 22, 2026, ERCOT, the Texas grid operator, recorded an all time high peak demand of 91.1 GW. On August 20, Houston, Texas experienced its first 100 degree day of the year, yet kept the grid running above its 2023 benchmark for seven hours straight from 2 pm to 9 pm.

Through it all, there were no blackouts. How could that be?

The answer, according to the Houston Chronicle, was lots of solar, wind, and battery storage. When historic heat waves in 2023 stretched the state’s energy infrastructure to its limit, ERCOT issued nearly a dozen warnings asking Texans to conserve electricity. It even declared a brief grid emergency for the first time since Winter Storm Uri devastated the state in 2021.

In 2026, none of that happened. Not a single conservation request was issued, and energy reserves comfortably exceeded demand.

By July 2026, when the grid recorded its highest demand ever, there was still enough excess renewable energy available to charge energy storage batteries. “Routinely, we are operating at demand levels that would have been exceptional just a few years ago,” ERCOT CEO Pablo Vegas, told the ERCOT board of directors last week. “For customers, the grid simply worked the way it was supposed to.”

ERCOT is different than most grid operators. It was structured from the beginning to take advantage of the cheapest sources of electricity available, which at the time were coal and methane. But, over time, the cheapest source of electricity became solar and battery storage, as prices for both have fallen dramatically over the past five years.

In response, the Texas legislature, which is 100 percent controlled by the oil and methane industries, tried to pass SB 715, which would have required thermal backup generation for all renewable energy installations. These people know no shame. They wanted the cheapest electricity when it was to their advantage, but, now that it is not, they want to change the rules. Republicans have proven time and time again they are cowards who lock their scruples away as soon as they get elected.

Solar And Jobs and a Functioning Grid, Oh, My

What is happening in Texas is happening all across the US. According to Lemon.io, a software talent marketplace, solar power generation offers the best career outlook in the country. In its latest analysis, Lemon.io examined 40 US industries using employment growth data from 2022 through 2024. Using that data, it projected job creation through 2034, including anticipated job growth and median annual wages. Then it combined those measures into a Career Outlook Score to show which industries will offer the most attractive balance of job availability and remuneration.

The resulting Top 10 list comprised solar power generation, computer systems design, software publishing, wind power generation, scientific research and development, cloud computing and data hosting, management consulting, assisted living facilities, elderly and disability services, and corporate management.

The US Bureau of Labor Statistics supports the Lemon.io conclusion that solar skills will be in demand. It ranks solar photovoltaic installers as the second fastest growing US occupation for 2025 to 2035 and projects employment growth of 37 percent during that period. Oh, yeah. The median compensation should be about $53,140.

$1.7 Billion Renewable Energy Project In Colorado

Enyo Energy is proposing a massive new wind, solar, and battery storage project in the Chalk Bluffs region of northern Colorado near the Wyoming border. When complete, the facility is expected to supply 805 megawatts of renewable energy from 2200 acres of solar panels and 79 wind turbines. In all, the Chalk Bluffs installation will cover 25,000 acres.

The project was recently approved by the five member Weld County board of commissioners. The vote was 3 to 2, which illustrates precisely how great an impact politics can have on the future of clean energy in the US and how razor thin the margin of error can be.

All politics is local, former House Speaker TIP O’Neill liked to say, and he was right.

At the hearing on the Chalk Bluffs project, one objector identified himself as an Eastern Shoshone tribe member. He asked the commissioners to deny the permit on a cultural basis, saying an archaeological study conducted by Colorado State University “confirms our oral history and evidence that this is a sacred place and an important place to our people.” Is that a valid concern? Of course it is. The concerns of Indigenous people have been trampled on for more than 300 years.

According to the Colorado Sun, the Chalk Bluffs are a rare geological escarpment lined with ancient fossils, unique trees found in mountain environments, and important bird habitats. The primary occupation in the area is ranching or farming, and, while the developer insists the facility will have minimal impact on either activity, the majority of those who spoke at the county commissioners’ meeting last week were dubious about that claim.

Enyo Energy told the commissioners it had obtained approvals from all local land owners, who control 97 percent of the land. The other three percent of the land is owned by municipal, state, or federal agencies, all of whom have signed off on the proposal.

The company said it had done extensive community outreach, but one landowner who owns a 6000 acre ranch next door said at the meeting the developer had no significant contact with him. Is he annoyed because some of his neighbors will be compensated while he will not be? Did Enyo avoid talking to him because they did not need his land to put the project together? Probably a little of both.

Enyo Energy made a point of saying the Chalk Bluffs facility would “strengthen the local grid,” but what that means exactly is unclear. If you go to Google Maps and type in “Chalk Bluffs, Colorado,” you will see a whole lot of nothing until you scan out 20 miles or more.

The question local people always ask is, “Why should my community be turned upside down so rich folks in distant cities can benefit?” That is a valid point. Parts of Australia are providing free electricity for three hours a day to their residents. Might people in northern Colorado see things differently if the Chalk Bluffs facility lowered their utility bills? That’s certainly a possibility.

The opposition to renewable energy is well-funded and well-organized. All the chest thumping about “all of the above” energy solutions and energy emergencies is just an excuse to keep pumping oil and methane so the fossil fuel companies can continue making obscene profits.

One wonders if people realize those Chalk Bluffs are likely to be remnants of a time when the central part of North America was a vast inland sea. The oil and methane we use today are the product of millions of years of aquatic creatures who lived in that sea, then died and drifted to the bottom, where their carcasses we compressed over eons by tons of pressure. The Permian basin in Texas and Oklahoma is another relic of that inland sea.

Humans in less than 200 years have extracted almost all the stored energy that took millions of years to create, and no one is asking if doing so is a good for the long term health of the planet that sustains us.

Humans think in terms of months and years, but the Earth is ruled by changes that take millions of years to occur. The political process involves short term thinking that focuses on the next election. Little thought is given to what might be best for the next century or the next millennium. We will pay a heavy price for our ignorance.",https://cleantechnica.com/wp-content/uploads/2026/03/solar-power-texas-comptroller.png,N,,2026-09-27 18:59:24.456056
,Clean Energy ,2026-09-27 20:45:12+00:00,www.thestandard.com.hk,US to finalize sharply lower vehicle fuel economy standards,The Standard 英文虎報,,,,,https://www.thestandard.com.hk/finance/article/343961/US-to-finalize-sharply-lower-vehicle-fuel-economy-standards,"The US Transportation Department on Monday will finalize sharply lower vehicle fuel economy standards through 2031, reversing a push by the Biden administration to force automakers to build more electric vehicles, officials said on Saturday.
President Donald Trump said he had approved new fuel economy standards for cars and trucks, which he said will lower the price of new vehicles.
The new standards would cut the cost of new vehicles but increase fuel consumption and carbon dioxide emissions for decades, according to the department's own estimates.
Under Democratic President Joe Biden, the government sought to push automakers to build more electric vehicles to meet rising fuel-efficiency standards.
The Trump administration in December proposed retroactively revising down the 2022 model year fuel economy standard and then raising it between 0.25 percent and 0.5 percent annually through 2031.","The US Transportation Department on Monday will finalize sharply lower vehicle fuel economy standards through 2031, reversing a push by the Biden administration to force automakers to build more electric vehicles, officials said on Saturday.

President Donald Trump said he had approved new fuel economy standards for cars and trucks, which he said will lower the price of new vehicles. ""A major victory for America's auto workers is coming Monday,"" Transportation Secretary Sean Duffy said.

The new standards would cut the cost of new vehicles but increase fuel consumption and carbon dioxide emissions for decades, according to the department's own estimates.

Trump's push comes as American drivers are grappling with sharply higher fuel prices since the start of the US-Israeli war with Iran at the end of February.

Under Democratic President Joe Biden, the government sought to push automakers to build more electric vehicles to meet rising fuel-efficiency standards. Biden increased required fuel efficiency for cars by 8 percent annually for model years 2024 and 2025, 10 percent for 2026 and 2 percent annually from 2027 to 2031.

The Trump administration in December proposed retroactively revising down the 2022 model year fuel economy standard and then raising it between 0.25 percent and 0.5 percent annually through 2031.

The Transportation Department proposed a fleetwide average of 34.5 miles per gallon (14.7 km per liter) by 2031, down from 50.4 miles per gallon (21.4 km per liter) under Biden. It estimated its proposal would cut average new vehicle costs by US$930 each.

But it would increase fuel consumption by around 100 billion gallons through 2050, fuel spending by US$185 billion and carbon dioxide emissions by about 5 percent, the department said.

Trump's move will make it easier for automakers to sell consumers less efficient vehicles. ""Lowering standards will accelerate what (Trump) has already been doing: handing the clean tech future to China and forcing Americans to pay more at the pump,"" said Pete Buttigieg, who headed the Transportation Department under Biden.

Biden focused on reducing US greenhouse gas emissions and fossil fuel use, accelerating a transition to clean energy and making the US a global leader in clean-energy technology and manufacturing.

Reuters",https://image.hkstandard.com.hk/f/1200p0/0x0/100/none/61d5b79bfae45aec59a6e221f5590797/2026-09/e_11.jpg,N,,2026-09-27 18:59:29.509959
,Indiana Environment,2026-09-27 20:40:41+00:00,Indiana Gazette Online,Creekside recycling set | News | indianagazette.com,Not Available,,,,,https://www.indianagazette.com/news/creekside-recycling-set/article_2b8d423c-4301-437c-ab00-c18209d943a8.html,Recycling bins will be set out at the park in Creekside Borough on Saturday.,Not Available,https://bloximages.newyork1.vip.townnews.com/indianagazette.com/content/tncms/assets/v3/editorial/5/8d/58dec374-d03b-57ce-aedc-9a2f868cda5b/65e7efe287a03.image.jpg?crop=259%2C259%2C32%2C0&resize=200%2C200&order=crop%2Cresize,N,,2026-09-27 16:59:30.113623
,EVs,2026-09-27 20:27:09+00:00,asia.nikkei.com,Southeast Asia's EV race risks pricing out drivers,Tim Daiss,,,,,https://asia.nikkei.com/opinion/southeast-asia-s-ev-race-risks-pricing-out-drivers,"Nikkei Asia is experiencing an unexpected problem.
We are hard at work to be back online soon.
Thanks for your patience.","Nikkei Asia is experiencing an unexpected problem.

We are hard at work to be back online soon. Thanks for your patience.",,N,,2026-09-27 16:59:10.582112
,EPA,2026-09-27 19:45:37+00:00,The Times of India,Rhode Island federal judge orders revival of $7 billion Solar for All program canceled by ...,TOI World Desk,,,,,https://timesofindia.indiatimes.com/world/us/rhode-island-federal-judge-orders-revival-of-7-billion-solar-for-all-program-canceled-by-trump-administrations-epa-in-august-2025-rules-agency-overstepped-its-authority/articleshow/134525381.cms,"Federal judge orders revival of $7 billion Solar for All program canceled by EPA in 2025.
$49.3 million was allocated to Rhode Island Solar for All was created under the 2022 Inflation Reduction Act to expand access to solar power among low- and moderate-income households and disadvantaged communities.
Plaintiffs say the program could still create jobs The Rhode Island AFL-CIO was among the plaintiffs challenging the cancellation.
“We already have trained tradespeople to start doing this work,” Crowley said, according to Rhode Island Current.
Rhode Island officials are also waiting for clarity before moving forward with the state’s $49.3 million allocation.","Federal judge orders revival of $7 billion Solar for All program canceled by EPA in 2025. (Photo: Rhode Island Current)

More than a year after federal regulators canceled a $7 billion solar energy grant program, a Rhode Island federal judge has ordered the government to revive the initiative, ruling that the U.S. Environmental Protection Agency overstepped its statutory authority when it terminated the program. The ruling, issued by U.S. District Judge Mary S. McElroy of the U.S. District Court for Rhode Island, comes in a lawsuit filed by union laborers, solar installation companies, a homeowner and nonprofit advocates who challenged the EPA’s August 2025 decision to terminate the Solar for All program, as reported by Rhode Island Current. However, the ruling does not immediately mean the money will begin flowing again. The EPA said it is reviewing the decision and considering its options for appeal, while attorneys for the plaintiffs say they do not yet know how the administration will respond.

$49.3 million was allocated to Rhode Island

Solar for All was created under the 2022 Inflation Reduction Act to expand access to solar power among low- and moderate-income households and disadvantaged communities. The EPA awarded and obligated the full $7 billion in grants in 2024 to states, local governments, nonprofits and tribal organizations. Rhode Island was allocated approximately $49.3 million through the state Office of Energy Resources. Rhode Island had already begun preparing to administer its grant before the funding was terminated. The state had spent about $89,000 on administrative preparation when the money was clawed back, according to state officials cited in the lawsuit coverage. Nationwide, the five-year program had been projected by the Biden administration to help approximately 900,000 households save $350 million annually on energy bills and create about 200,000 jobs.

EPA cited new federal legislation

The Trump administration’s EPA ended Solar for All in August 2025, several months after President Donald Trump took office. Federal regulators argued that the One Big Beautiful Bill Act, signed into law on July 4, 2025, had rescinded congressional authority for the program and allowed the government to claw back unspent funds. Judge McElroy rejected that interpretation. In her ruling, she determined that funds already obligated under the program were not automatically transformed into unrestricted money simply because Congress repealed the statutory provision underlying the program.

Plaintiffs say the program could still create jobs

The Rhode Island AFL-CIO was among the plaintiffs challenging the cancellation. Its president, Patrick Crowley, said the program could significantly expand solar deployment in the state while creating work for electricians, ironworkers and other skilled tradespeople. “We already have trained tradespeople to start doing this work,” Crowley said, according to Rhode Island Current. The program’s cancellation had also disrupted preparations by nonprofits and businesses involved in solar installation, financing and education. Kevin Hubbard, executive director of the Lawyers’ Committee for Rhode Island and an attorney representing the plaintiffs, said the ruling leaves uncertainty over what happens next. “The result is maddeningly difficult to talk about what happens next because we just don’t know what they’ll do,” Hubbard said.

Rhode Island cannot yet move ahead with its grant

Although McElroy rejected the cancellation, she did not specify exactly how federal administrators must restart Solar for All. One possibility would be allowing existing grant recipients to continue with the awards they had already received. Another could involve requiring recipients to reapply for the competitive funding, potentially causing additional delays. Rhode Island officials are also waiting for clarity before moving forward with the state’s $49.3 million allocation. Robert Beadle, a spokesperson for the Rhode Island Office of Energy Resources, said the state needs to know the outcome of the legal challenge before proceeding with the grant.

Solar for All was intended to expand access to clean energy

The legal battle centers on a program designed to make residential solar more accessible to households that might otherwise struggle to afford installation. The original program was part of the federal government's broader effort under the Inflation Reduction Act to reduce greenhouse-gas emissions while expanding clean-energy access in low-income and disadvantaged communities. Jennifer L. Wood, executive director of the Rhode Island Center for Justice, another plaintiff, said the ruling could help restore an avenue for lower-income Rhode Islanders facing high housing and utility costs. The Southern Environmental Law Center, Lawyers for Good Government and the Conservation Law Foundation also represented the plaintiffs. For now, the future of the $7 billion Solar for All program remains tied to the federal government's next legal move. The EPA is reviewing Judge McElroy's ruling, meaning the dispute could continue through an appeal before the funding is fully restored or projects resume.

End of Article","https://static.toiimg.com/thumb/msid-134525433,width-1280,height-720,resizemode-6,overlay-toi_sw,pt-32,y_pad-600/photo.jpg",N,,2026-09-27 18:59:37.883205
,EPA,2026-09-27 19:44:13+00:00,www.facebook.com,"This week, the EPA repealed a major rule limiting climate pollution from power plants ... - Facebook",Not Available,,,,,https://www.facebook.com/jknurick/posts/this-week-the-epa-repealed-a-major-rule-limiting-climate-pollution-from-power-pl/1827298452407262/,"This week, the EPA repealed a major rule limiting climate pollution from power plants, new Census data showed SNAP lifted more than 3 million Americans...",Not Available,https://external-iad3-1.xx.fbcdn.net/emg1/v/t13/9084722620612536309?url=https%3A%2F%2Fsubstackcdn.com%2Fimage%2Ffetch%2F%24s_%213yrd%21%2Cw_1200%2Ch_675%2Cc_fill%2Cf_jpg%2Cq_auto%3Agood%2Cfl_progressive%3Asteep%2Cg_auto%2Fhttps%3A%2F%2Fsubstack-post-media.s3.amazonaws.com%2Fpublic%2Fimages%2F389890f1-e77e-44d4-8655-4764977feaa9_3000x2000.webp&fb_obo=1&utld=substackcdn.com&dfr=1&_nc_sid=867500&_nc_ht=external-iad3-1.xx.fbcdn.net&stp=dst-jpg_p600x600_tt6&ccb=18-1&_nc_gid=OB71loSesub0dvmx-vs0Tw&_nc_zt=3&oh=06_Q3_DAfVXM_u1X7_AvCJZYE-YECuktTz5OJrXXa4mxPyT7Hzv&oe=6ABB59C3,N,,2026-09-27 16:59:23.406482
,Clean Energy ,2026-09-27 19:42:30+00:00,www.forudyog.com,Renewable energy manufacturing | forUdyog,Not Available,,,,,https://www.forudyog.com/categories/renewable-energy,"Category overview What this category covers Renewable-energy supply chains bring together electrical, electronic and structural manufacturing.
Product standards, outdoor service conditions and long-life performance shape capability evaluation.
Typical applications Solar systems Energy storage Wind equipment Power-conversion products Lifecycle stages Design Test & certify Source Manufacture Scale Production context Processes, capabilities and equipment Common processes Electrical assembly Metal fabrication Module integration Environmental testing Capability signals Outdoor durability Electrical integration Structural fabrication Environmental validation Machinery examples Module assembly equipment Electrical test systems Fabrication lines Environmental test chambers Material and evidence Materials and quality considerations Common materials Aluminium and steel Glass and encapsulants Copper conductors Electronic power components Certification context ISO 9001 Relevant BIS/IEC product standards Environmental management Electrical safety testing Certification names are educational examples.
Always verify the issuing body, legal entity, site, scope, validity and relevance to the specific work.","Category overview

What this category covers

Renewable-energy supply chains bring together electrical, electronic and structural manufacturing. Product standards, outdoor service conditions and long-life performance shape capability evaluation.

Typical applications

Solar systems

Energy storage

Wind equipment

Power-conversion products

Lifecycle stages

Design

Test & certify

Source

Manufacture

Scale

Production context

Processes, capabilities and equipment

Common processes

Electrical assembly

Metal fabrication

Module integration

Environmental testing

Capability signals

Outdoor durability

Electrical integration

Structural fabrication

Environmental validation

Machinery examples

Module assembly equipment

Electrical test systems

Fabrication lines

Environmental test chambers

Material and evidence

Materials and quality considerations

Common materials

Aluminium and steel

Glass and encapsulants

Copper conductors

Electronic power components

Certification context

ISO 9001

Relevant BIS/IEC product standards

Environmental management

Electrical safety testing

Certification names are educational examples. Always verify the issuing body, legal entity, site, scope, validity and relevance to the specific work.",https://www.forudyog.com/images/industrial/renewable-energy.webp,N,,2026-09-27 23:59:04.616935
,American Energy,2026-09-27 19:38:01+00:00,The Conversation,Floating power plants could offer coastal communities a reliable energy source. Here's how,Tina Soliman-Hunter,,,,,https://theconversation.com/floating-power-plants-could-offer-coastal-communities-a-reliable-energy-source-heres-how-289134,"Floating power plants are gaining traction worldwide as a way to provide reliable energy to islands, coastal towns and cities with limited space.
Power ships contain a large-scale power plant, which typically generate electricity from natural gas or hydrocarbons such as heavy oil.
Floating nuclear power plants like the Akademik Lomonosov produce enough energy to power a city of more than 200,000 people.
Here’s how Not a silver bullet The global interest in floating nuclear power plants raises several legal and regulatory questions.
The American Bureau of Shipping has developed the first comprehensive set of rules for floating nuclear power plants.","Renewables are reshaping the global energy sector.

Around the globe, we are installing solar panels and wind turbines with unprecedented speed with the aim of curbing climate change.

Renewable generation produces relatively little greenhouse gas emissions. However, solar and wind infrastructure have two major downsides: they can make landscapes less appealing in some people’s eyes and take up vast amounts of space.

That’s where floating power plants come in. These are floating vessels that carry on-board energy generation systems that channel electricity straight to an onshore power grid. Floating power plants are gaining traction worldwide as a way to provide reliable energy to islands, coastal towns and cities with limited space.

So how do these plants work? And what benefits could they bring?

What are floating power plants?

The concept of floating power plants is not new. In 1931, the cargo ship SS Jacona was converted into a floating power plant, capable of generating temporary electricity. It was the first vessel of its kind and supplied energy to coastal communities along the northeast tip of the United States, which often lost power in severe weather.

The development and use of these power plants, such as the converted WWII oil tanker, the USS Saranac, grew after the second world war. In the 1990s, major manufacturers including Westinghouse and Wärtsilä started building floating power barges as a way to provide energy to developing nations.

Floating power plants can offer a permanent supply of energy, including for whole cities such as Pevek in Russia and Luanda in Angola. They can also provide temporary power for specific activities such as mining, or during emergencies including natural disasters or when infrastructure fails.

There are two main types of floating power plants.

Ships

Power ships are self-propelled vessels that are often converted from single-hull bulk carriers, a type of cargo ship. Power ships contain a large-scale power plant, which typically generate electricity from natural gas or hydrocarbons such as heavy oil. These vessels navigate to coastal locations, often in developing countries, or wherever they are required.

The Turkish vessel, the MV Doğan Bey, was the first modern self-propelled power ship to become operational. Originally built in 1983 as cargo ship, this vessel was converted in 2010 and was immediately deployed to the power-desperate city of Basra in southern Iraq.

Read more: Renewables need land – and lots of it. That poses tricky questions for regional Australia

Barges

Power barges are flat-bottomed vessels that don’t have a motor. These are towed wherever they are needed and generate power once connected to local electrical infrastructure.

Barges fitted with solar panels and batteries are known as solar power barges. These are particularly useful in river or remote coastal communities, such as Maine in the northeast US, as they can provide energy for near-shore fishing activities such as aquaculture and oyster farming.

Solar power barges differ from floating solar arrays, such as the one found at the Drouin wastewater plant in southern Australia. Unlike barges, this solar array floats directly on a lagoon of wastewater and is not transportable.

Read more: ‘Failure is not an option’: after a lost decade on climate action, the 2020s offer one last chance

Going nuclear

Both power ships and power barges have their downsides.

Solar power barges are limited in how much power they can generate, with ranges of just a few megawatts (MW) up to 50MW. And they can only operate in certain places. For example, a solar power barge may work well in sun-drenched countries such as Australia or Japan, but not in Arctic regions that can go without sunlight for roughly four months of the year.

Existing power ships are propelled by emissions-intensive crude oil and other hydrocarbons. But as the world races to decarbonise the energy sector, these ships will likely go out of fashion.

Given these limitations, attention is shifting to a new type of system: floating nuclear power plants.

These plants generate electricity using a compact nuclear reactor. The first working floating nuclear power plant was the Akademik Lomonosov, developed by Russia in the 2010s and powered by two modified nuclear reactors. It was deployed to the remote Siberian city of Pevek in 2019.

Floating nuclear power plants like the Akademik Lomonosov produce enough energy to power a city of more than 200,000 people. They remove the need for diesel and the health and environmental risks of black soot, which are particularly harmful to Arctic communities. Their compact design, which allows each reactor to be refuelled separately, ensures power generation is constant.

For these reasons, interest in floating nuclear power plants is growing, with communities across the Mediterranean coast, Norway, Japan and India exploring the potential benefits.

However, nuclear power poses environmental risks, including the improper disposal of spent fuel and the remote chance of core meltdown.

And with only one plant in operation, it’s still early days for the floating nuclear power plant sector. However, Russia and other countries such as South Korea are currently developing plants for both domestic and international markets.

Read more: How could Australia actually get to net zero? Here’s how

Not a silver bullet

The global interest in floating nuclear power plants raises several legal and regulatory questions.

are these vessels technically ships or power plants?

how safe are they and what safety regulation is needed?

are they governed by international law, including the “law of the sea”, and who is responsible for any safety risks or environmental damage?

At present, we don’t have any clear answers to these questions. The American Bureau of Shipping has developed the first comprehensive set of rules for floating nuclear power plants.

These requirements are a promising start. However, as Russia and other countries start experimenting with these plants, both national and international legal frameworks must ensure they are used safely and effectively.",https://images.theconversation.com/files/756424/original/file-20260827-60-mxwzzk.jpg?ixlib=rb-4.1.1&rect=0%2C99%2C2121%2C1060&q=45&auto=format&w=1356&h=668&fit=crop,N,,2026-09-27 16:59:13.757369
,American Energy,2026-09-27 19:19:26+00:00,OilPrice.com,The AI Data Center Boom Faces a New Reality Check | OilPrice.com,ZeroHedge,,,,,https://oilprice.com/Energy/Energy-General/The-AI-Data-Center-Boom-Faces-a-New-Reality-Check.html,"Only about half of data center capacity scheduled for the next one to two years is expected to come online on time amid delays and cancellations, it said.
Questions persist around the scale, timing and location of new data center load.
The question of just how much data center capacity is going to come online, and when, is particularly urgent in Texas, which has paused new data center interconnections pending an audit of its 474-GW queue.
Rábago said “cross-jurisdictional cooperation” could help state regulators develop more accurate data center load projections, but he’s not aware of any such efforts.
That’s bad news for the speculative neocloud data center operators that lease computing capacity to hyperscalers, Arun said, but it’s not necessarily an indication that evidence-based data center load forecasts are overshooting the mark.","“A fraction of proposed data centers will get built. Utilities are wising up.”

That was the headline on a May 2025 Utility Dive article that explored the conundrum speculative data center requests pose for U.S. electric utilities. More than a year later, it’s unclear how much has changed.

Community opposition has emerged as a major barrier to data center development, with other challenges including construction labor shortages, long lead times for critical electrical equipment, limited power availability in key markets and uncertainty around consumer demand for artificial intelligence tools.

More than $170 billion in AI data center capacity has been “blocked, withdrawn, or stalled” by community opposition since January 2024, the energy advisory company Relae, formerly Carbon Direct, said in June.

That’s a sizable chunk of the roughly $581 billion Goldman Sachs expects the big tech companies known as hyperscalers to spend in the U.S. on AI infrastructure, including data center construction, this year.

Yet market analysts see no sign that the AI-driven construction boom will disappear anytime soon, despite challenges.

Goldman Sachs said in May it sees U.S. data center power demand more than doubling from its 2025 levels to reach 66 GW in 2027. Only about half of data center capacity scheduled for the next one to two years is expected to come online on time amid delays and cancellations, it said.

The Electric Power Research Institute, a research nonprofit, said in February that data centers will represent 9% to 17% of U.S. electricity demand in 2030 and up to 20% by 2035.

Questions persist around the scale, timing and location of new data center load. If anything, the uncertainty is growing amid public backlash to data centers that is fueling state-led efforts to impose stricter rules on data center development, up to and including moratoriums on new facilities in some places.

Firmer answers would benefit not only the utility planners and regulators ensuring that the electric grid is neither over- nor under-built, but also the millions of other customers who could bear the consequences of a disorderly buildout, industry experts say.

Texas hits the brakes on large loads as states assert control

Many utilities and their regulators have turned to large-load tariffs to try and weed out speculative load by requiring minimum contract durations, minimum billing demand and collateral requirements, upfront payments for impact studies, exit fees and specific ramp schedules. Some states have also introduced incentives for developers that bring their own capacity, agree to be flexible in their energy use or commit to state clean energy or economic development goals.

The question of just how much data center capacity is going to come online, and when, is particularly urgent in Texas, which has paused new data center interconnections pending an audit of its 474-GW queue. That’s more than five times the Texas grid’s recent all-time peak demand record of a little over 90 GW set this summer.

Few experts expect all that load to materialize. Pablo Vegas, president and CEO of the Electric Reliability Council of Texas, is among the skeptics.

“We believe this forecast to be higher than expected future load growth,” Vegas said in an April statement, citing uncertainty around protocols for identifying, verifying and incorporating large load demand into long-range planning. Vegas said ERCOT would work with the Public Utilities Commission of Texas to adjust its forecasting methodology.

Thomas Gleeson, the PUCT’s chairman, was more blunt in an appearance on the Energy Capital podcast in June.

“The projections are extremely high, and what we know is that a lot of that load will not actually come here. A lot of it is speculative,” Gleeson said in comments made before the interconnection pause.

The sheer number of large-load interconnection requests compounds the state’s challenge. Texas’s load growth — not only from large computing and industrial loads, but also garden-variety residential and commercial demand — is leading to congestion in load pockets that previously had capacity to spare, Gleeson said.

That creates unwelcome uncertainty for large-load customers eager to put steel in the ground.

“That has been the problem we have been trying to solve for the past eight or so months — that when [a customer has] an interconnection agreement and they are ready to move forward, they know that the capacity will be there to serve them so they can make proper business decisions,” Gleeson said.

Texas has developed “gating” conditions to discourage speculative interconnection requests, balance load and capacity and “make sure that no one is harmed by these large loads,” Gleeson said.

Last summer, Gov. Greg Abbott, R, signed Senate Bill 6, a sweeping measure requiring prospective large-load customers to demonstrate site control, substantially cover necessary grid upgrades, disclose duplicative interconnection requests elsewhere in Texas and accept curtailment during firm load shed events, among other provisions.

On June 18, the PUCT adopted a cluster study framework for prospective loads larger than 75 MW that officials said would streamline a “lengthy and repetitive” sequential study process as ERCOT stakeholders work to develop a comprehensive transmission planning framework later this year. ERCOT said at the time that it expected to publish a final transmission plan for the first study cluster, known as “Batch Zero,” in late 2027.

Gleeson said on the podcast that the cluster study and transmission planning frameworks will mitigate uncertainty for large loads, grid operators and generation owners across Texas. Together, they assure loads that “once they interconnect, they will get the electricity they need to fully energize,” and they assure other stakeholders that “all the loads coming here are real and will stay,” he said.

But before the state could announce the first study cluster, Abbott in August effectively directed the grid operator to freeze new interconnection approvals until it completes an audit of all data centers in the queue. ERCOT responded by delaying the Batch Zero process.

The grid operator has since said that it aims to complete the audit by December. In the meantime, Bloomberg NEF estimated that the interconnection “pause” could delay 20% of the total U.S. data center pipeline, and possibly more if it extends into next year.

Uncertainty in regulated markets, too

Large-load uncertainty is a headache in regulated utility markets, too. There, it’s up to vertically integrated utilities — with increasing scrutiny from state policymakers and regulators — to sort out speculative requests from those more likely to get built.

Brad Viator, president of Power for Tomorrow, a trade association for vertically integrated utilities, insists they are up to the challenge.

In an email, Viator said many utilities are raising load interconnection study fees as request volume increases. They’re also structuring electric service agreements to prevent large loads from ramping power demand “in ways that would strand costs or compromise reliability for other customers,” such as by requiring customers to pay upfront for substation upgrades and other infrastructure. And they’re keeping generation that would be required to support a large new customer out of load forecasts until the contract is “actually executed or near execution,” he said.

“The structure is designed to ensure that by the time a customer reaches a contract — and certainly before any new generation is committed — the utility has high confidence they’re dealing with a real project, not a tire-kicker,” Viator said.

For legitimate large-load customers, vertically integrated utilities’ ownership of generation, transmission and distribution ensures adequate generation and grid capacity, maintaining reliability as they interconnect, Viator said. He said that’s one factor in regulated utilities’ comparatively short interconnection queues — one to five years compared with eight or more in deregulated portions of the PJM Interconnection, he said.

“In markets like PJM, where new generation simply isn’t getting built, you can’t move customers through the queue because there’s no new generation to serve them,” Viator said.

Some regulators and consumer advocates have raised concerns, however, that the return on equity in the vertically integrated model incentivizes spending on new infrastructure more than it does scrutiny of potential large loads.

Karl Rábago, principal at Rábago Energy and a former commissioner at the Texas Public Utility Commission, said because vertically integrated utilities own power plants, poles and wires across sometimes vast territories, they have more leverage over regulators, and the for-profit companies among them have strong financial incentives to build more.

“I get no sense that utilities are excited about serving this load as much as they are excited about spending the capital necessary to serve the load,” Rábago said. “They are promising big [earnings per share] growth … to shareholders, and the transmission and generation [they build] to serve data centers is the only way to get that.”

Their data center load growth projections — those shared publicly, at least — thus deserve some skepticism, he said.

“If they have good estimates of load growth — realistically discounting for the opposition that is gaining traction — it is not in their interest to share,” Rábago said.

Some independent grid modelers seem to agree. In November, Grid Strategies, a power sector consulting firm, said the aggregate data center load forecasts that utilities submitted to the Federal Energy Regulatory Commission came in about 40% higher than credible industry projections for data center development through 2030.

Rábago said “cross-jurisdictional cooperation” could help state regulators develop more accurate data center load projections, but he’s not aware of any such efforts. Right now, “utilities are playing the tune that makes regulators dance — if you don’t let us do this, the grid could collapse under all that load,” he said.

Utilities look to smaller data centers as scrutiny of large loads intensifies

Some investor-owned utilities appear to be angling for smaller data centers that can interconnect to the grid more easily, arouse less community opposition and appear likely to become more common as AI use increases.

In late March, for example, NorthWestern Energy filed a large-load tariff proposal with the Montana Public Service Commission that would exempt loads under 50 MW from direct regulatory oversight. And in May, Florida Gov. Ron DeSantis, R, signed a law requiring data centers over 50 MW to cover the full cost of connecting to the grid, aligning with large-load tariffs state regulators approved for Florida Power & Light, a vertically integrated NextEra subsidiary.

NorthWestern Energy CEO Brian Bird said in a statement that his company’s proposal would “[position] our state to compete for high-quality economic development.”

But Anne Hedges, executive director for the Montana Environmental Information Center, told the Daily Montanan in April that the proposal created a loophole that would — in theory — allow NorthWestern to connect multiple 49-MW data centers without adequate ratepayer protections.

Such “vague” large-load tariffs maintain utilities’ leverage without shedding much light on future power demand from computing facilities, Rábago said.

“We really have no visibility on the shape of the whole market — what is the mean or mode of size distribution for data centers and where is it heading?” he said. “I feel like it is generally smaller than the large load size thresholds utilities are getting in large load tariffs.”

Data center load growth projections also depend on factors outside utilities’ control. One big wild card is customer demand for AI, cloud services and other products of data centers’ computing capacity.

In May, xAI said it would lease already-operating servers at its Memphis data center to Anthropic, the fast-growing company behind the Claude large-language models. Bloomberg reported on July 1 that Meta would launch a cloud computing business — similar to Microsoft’s Azure and Amazon’s AWS — that could help it recoup the many billions of dollars it has spent on computing equipment over the past several years.

The developments suggest xAI and Meta have more computing capacity than they need for themselves in the near term, though not necessarily that no one else has use for it. As Bain & Co. put it in October, hyperscalers are moving from an initial “scramble” for AI computing capacity into a more “disciplined, selective and execution-focused phase of growth.”

The upshot of this transition from hype to execution is that “the ‘wildcat’ predictions for data centers are dead in the water,” said Advait Arun, senior associate for capital markets at the Center for Public Enterprise.

“The only ones that are getting built are ones that are, upfront, supported by hyperscaler cash,” which is “barrelling through a lot of problems” facing the industry, Arun said.

That’s bad news for the speculative neocloud data center operators that lease computing capacity to hyperscalers, Arun said, but it’s not necessarily an indication that evidence-based data center load forecasts are overshooting the mark.

The transmission fault that caused 1.5 GW of data center load to trip offline in Virginia in 2024, and the North American Electric Reliability Corp.’s more recent warning that large computing facilities may pose systemic reliability risks, are evidence that the grid needs to expand to accommodate even modest data center growth, he said.

“I think utilities shouldn’t be concerned with overbuilding. There’s a baseline level of new investment into interregional transmission and large-scale capacity that’s necessary for resilience,” Arun said.

“Now, that’s not to say ratepayers won’t feel the bite,” he added. “And that’s a big problem with the way the system works.”

By Brian Martucci of UtilityDive via Zerohedge

More Top Reads From Oilprice.com

India Says It Will Keep Exporting Diesel

Netherlands Pushes to Scrap EU Gas Storage Mandate After $1.14 Billion Bill

Ukraine Drone Strike Knocks Out Russia's Novoshakhtinsk Refinery",https://d32r1sh890xpii.cloudfront.net/article/1200x675/2026-09-25_npxiu9ldhx.jpg,N,,2026-09-27 16:59:19.695840
,EPA,2026-09-27 19:04:14+00:00,24-7 Press Release Newswire,Front Range Painters Encourages Owners of Pre-1978 Colorado Springs Homes to ...,Not Available,,,,,https://www.24-7pressrelease.com/press-release/539059/front-range-painters-encourages-owners-of-pre-1978-colorado-springs-homes-to-understand-federal-lead-safe-painting-rules,"COLORADO SPRINGS, CO, September 27, 2026 /24-7PressRelease/ -- Homeowners planning to repaint older houses in Colorado Springs may not realize that federal rules can apply to the project before the first coat goes on.
The same questions apply indoors, where colorado springs interior painting projects in older homes often involve window trim, doors and stairways.
The rule can also apply when original painted cabinets are sanded or stripped during cabinet painting colorado springs projects in pre-1978 kitchens.
Front Range Painters is a residential painting company based in Colorado Springs, Colorado, owned by Danny Manriquez.
Front Range Painters serves Colorado Springs and nearby communities within about 25 minutes of the city.","COLORADO SPRINGS, CO, September 27, 2026 /24-7PressRelease/ -- Homeowners planning to repaint older houses in Colorado Springs may not realize that federal rules can apply to the project before the first coat goes on. Front Range Painters, one of several painting companies colorado springs homeowners turn to for residential work, is encouraging owners of homes built before 1978 to learn how those rules work and what to ask before any painting begins.

According to the U.S. Environmental Protection Agency, homes built before 1978 are likely to contain lead-based paint, the year the federal government banned consumer uses of lead-containing paint.

The EPA's Renovation, Repair and Painting Rule requires firms paid to perform projects that disturb lead-based paint in pre-1978 homes, child care facilities and preschools to be EPA-certified. It also requires them to use certified renovators and follow lead-safe work practices.

The rule applies to common painting prep, including surface preparation that disturbs existing paint. Under the rule, contractors must give occupants the EPA's ""Renovate Right"" pamphlet before work begins.

The EPA identifies certain practices as prohibited on these projects. These include open-flame burning, using high-speed power sanders or grinders without HEPA exhaust controls, and operating heat guns at 1,100 degrees Fahrenheit or higher.

""When we look at an older home, the first question isn't the color. It's when the house was built,"" said Danny Manriquez, owner of Front Range Painters. ""That one answer changes how the prep gets done, how the site gets set up and how the cleanup gets handled.""

The issue is especially relevant for exterior projects, where years of weather exposure can leave older paint peeling or flaking. Before hiring any of the exterior painters colorado springs has to offer, homeowners can ask whether the firm is EPA-certified and how it plans to contain paint chips and dust. The EPA maintains an online search tool that lists certified renovation firms.

The same questions apply indoors, where colorado springs interior painting projects in older homes often involve window trim, doors and stairways. The rule can also apply when original painted cabinets are sanded or stripped during cabinet painting colorado springs projects in pre-1978 kitchens.

""Most people just want the house to look good again, and that's fair,"" Manriquez said. ""But if you've got an older home, spend two minutes asking your painter about lead before anybody starts scraping. A good contractor will have a straight answer.""

Front Range Painters is encouraging homeowners with questions about an older home to review the EPA's guidance and to discuss the home's age with any contractor during the estimate stage.

Front Range Painters is a residential painting company based in Colorado Springs, Colorado, owned by Danny Manriquez. The company provides interior painting, exterior painting and cabinet painting services. Front Range Painters serves Colorado Springs and nearby communities within about 25 minutes of the city.

# # #",https://www.24-7pressrelease.com/images/icon-247pressrelease.jpg,N,,2026-09-27 18:59:40.386228
,Louisiana and Evs,2026-09-27 18:41:34+00:00,Yahoo News,Trump slashes Biden-era fuel economy standards for cars - Yahoo,Jean Chemnick,,,,,https://www.yahoo.com/news/politics/articles/trump-slashes-biden-era-fuel-204414174.html,"President Donald Trump announced Saturday that he has approved new fuel economy standards for passenger vehicles, in another move meant to take aim at Biden-era policies supporting electric vehicles.
Trump said in a Truth Social post that he ""just approved new Fuel Economy Standards that TERMINATE Sleepy Joe Biden and Pete Boot-EDGE-EDGE's ridiculous EV Mandate.
The new regulation is expected to slash fuel economy standards for passenger vehicles by nearly one-third through model year 2031.
The National Highway Traffic Safety Administration's proposed redo of so-called Corporate Average Fuel Economy standards for cars and light-duty trucks would require the sector to average about 34.5 miles per gallon through model year 2031.
The courts will decide whether the government can or must require carmakers to improve their fuel economy or invest in electrification.","President Donald Trump announced Saturday that he has approved new fuel economy standards for passenger vehicles, in another move meant to take aim at Biden-era policies supporting electric vehicles.

Trump said in a Truth Social post that he ""just approved new Fuel Economy Standards that TERMINATE Sleepy Joe Biden and Pete Boot-EDGE-EDGE's ridiculous EV Mandate. The Dumocrats cost our Great Auto Manufacturers $Billions, forced Americans into cars they never wanted, and wasted Billions on Chargers that were never built.""

The announcement comes as the White House faces increased scrutiny for high gas prices — hovering just under $4.50 a gallon on average in the U.S. Saturday — rising car prices and a tough midterm election on the horizon.

""These new Standards will take the waste out of building cars in America. That means LOWER PRICES, saving families thousands on a new, beautiful, and safe car — Far better than the Environmental Monsters that we were building heretofore. Every Manufacturer, from General Motors to Ford to Stellantis, has called me wanting to build here, and now they can!"" Trump wrote.

The final rule was not immediately available, and officials from the White House did not immediately respond to questions. Transportation Secretary Sean Duffy amplified Trump's post on social media, adding, ""A major victory for America's auto workers is COMING MONDAY.""

The new regulation is expected to slash fuel economy standards for passenger vehicles by nearly one-third through model year 2031.

The National Highway Traffic Safety Administration's proposed redo of so-called Corporate Average Fuel Economy standards for cars and light-duty trucks would require the sector to average about 34.5 miles per gallon through model year 2031. The rule replaces Biden-era standards, which demanded fleetwide averages of 50.4 mpg.

The revision is one more nail in the coffin for Biden administration electric vehicle incentives.

But experts say its comparatively less important than EPA's move in February to scuttle all climate rules for motor vehicles — including the scientific finding that underpinned them. That's in part because Congress approved language in last year's tax and spending megabill that set aside penalties that carmakers previously paid for failing to meet the fleetwide fuel economy averages.

Joshua Linn, a professor at the University of Maryland, said the One Big Beautiful Bill Act's repeal of noncompliance penalties transformed the CAFE standards into a ""suggestion.""

""It's like the agency's asking nicely, 'here's where you could be if you added this much technology and made your gasoline cars this much more efficient,'"" said Linn, who is also a senior fellow at Resources for the Future. ""But there's no penalty if you don't do it.""

Whether manufacturers choose to meet those standards or not will now be based on business considerations, not government requirements.

NHTSA's revised standards will almost certainly be challenged in court, as EPA's repeal of vehicle emissions rules and the so-called endangerment finding for greenhouse gases has been.

The courts will decide whether the government can or must require carmakers to improve their fuel economy or invest in electrification. But the rollbacks and Congress' move last year to gut consumer tax incentives for electric vehicles has widened the gap between U.S. transportation policy and global trends favoring EVs.

Dan Becker, director of the Safe Climate Transport Campaign at the Center for Biological Diversity, said the Trump repeals wouldn't do the U.S. car industry any favors.

""This is at a time when the rest of the world is moving to Chinese advanced technology electric vehicles,"" he said. ""So, this essentially says, 'okay, Detroit, you can fail to compete into oblivion.'""",https://www.yahoo.com/favicon.ico?b0867f93a36b360e,N,,2026-09-27 16:59:33.632978
,Detroit and Evs,2026-09-27 18:31:39+00:00,The Motley Fool,Ford Motor vs. Tesla: What Revenue Trends Reveal About These Automotive Titans | The Motley Fool,"Robert Izquierdo, www.facebook.com",,,,,https://www.fool.com/coverage/charts/2026/09/27/ford-motor-vs-tesla-what-revenue-trends-reveal-about-these-automotive-titans/,"Ford Motor: Massive Scale Amid Fluctuating Revenue Trends Ford Motor Company (F +0.87%) primarily generates revenue by designing, manufacturing, financing, and servicing a broad spectrum of combustion and electric vehicles (EVs), including trucks, commercial vans, and sport utility vehicles for global retail consumers and large institutional fleet operators.
Tesla: Recent Quarters Highlight Revenue Growth Acceleration Tesla (TSLA -1.54%) earns the vast majority of its revenue by producing and distributing electric sedans and sport utility vehicles directly to retail consumers worldwide, alongside developing comprehensive solar power generation systems and industrial energy storage solutions.
Quarterly Revenue Trends for Ford Motor and Tesla Data source: Financial Modeling Prep.
Foolish Take A look at the revenue trends for Ford Motor Company and Tesla offer key insights about both businesses.
I'm doubtful Ford would have delivered these improvements if Tesla had not blazed a path that proved automotive manufacturers could do better.","Ford Motor: Massive Scale Amid Fluctuating Revenue Trends

Ford Motor Company (F +0.87%) primarily generates revenue by designing, manufacturing, financing, and servicing a broad spectrum of combustion and electric vehicles (EVs), including trucks, commercial vans, and sport utility vehicles for global retail consumers and large institutional fleet operators.

During the third quarter, it announced a new multi-energy vehicle manufacturing joint venture with Geely Auto located in Spain, and it separately initiated a safety recall covering certain trucks in the United States and Canada to address improperly secured fuel tank hardware components.

Tesla: Recent Quarters Highlight Revenue Growth Acceleration

Tesla (TSLA -1.54%) earns the vast majority of its revenue by producing and distributing electric sedans and sport utility vehicles directly to retail consumers worldwide, alongside developing comprehensive solar power generation systems and industrial energy storage solutions.

In September, it officially launched a dedicated robotaxi commercial service operating within a geofenced area in Texas, while also commencing high-volume production and direct customer deliveries of its commercial electric truck from a dedicated Nevada manufacturing facility.

F & TSLA : Performance Comparison

Key Financial Metrics

F – Ford Motor Company

$ 12.71

+ 0.87 % ( + $ 0.11 )

TSLA – Tesla

$ 372.11

– 1.54 % ( - $ 5.83 )

Market Cap

$51B

52wk Range

$ 11.11 - $ 17.78

Gross Margin

8.00 %

P/E Ratio

-7.34

EPS (TTM)

$ -1.73

Dividend & Yield

$0.60 (4.72%)

Market Cap

$1.5T

52wk Range

$ 297.38 - $ 498.83

Gross Margin

18.85 %

P/E Ratio

345.73

EPS (TTM)

$ 1.08

Dividend & Yield

N/A

F – Ford Motor Company

$ 12.71

+ 0.87 % ( + $ 0.11 )

Market Cap

$51B

52wk Range

$ 11.11 - $ 17.78

Gross Margin

8.00 %

P/E Ratio

-7.34

EPS (TTM)

$ -1.73

Dividend & Yield

$0.60 (4.72%)

TSLA – Tesla

$ 372.11

– 1.54 % ( - $ 5.83 )

Market Cap

$1.5T

52wk Range

$ 297.38 - $ 498.83

Gross Margin

18.85 %

P/E Ratio

345.73

EPS (TTM)

$ 1.08

Dividend & Yield

N/A

Why Revenue Matters for Investors

Revenue provides an essential baseline measurement of market demand before accounting for business expenses. Closely tracking this top-line financial figure helps investors understand the total scale and growth trajectory of a business.

Quarterly Revenue Trends for Ford Motor and Tesla

Data source: Financial Modeling Prep. Data as of Sept. 25, 2026.

Foolish Take

A look at the revenue trends for Ford Motor Company and Tesla offer key insights about both businesses. Ford's revenue towers over its electric vehicle rival given it's over a century old, but I admire how Tesla's innovative approaches to the automotive industry pushed the older carmaker toward strengthening margins and capital efficiency.

In the second quarter, Ford's adjusted EBIT was up 17% year over year to $2.5 billion even though sales dropped from 2025. It's targeting $1 billion in cost reductions for 2026 as well. The venerable auto manufacturer now offers software subscription services, which grew about 50% year over year in Q2, adding a new source of revenue.

I'm doubtful Ford would have delivered these improvements if Tesla had not blazed a path that proved automotive manufacturers could do better. The company's $28.2 billion in Q2 sales is an impressive 26% year-over-year increase considering federal EV tax credits expired in September of 2025. By comparison, Ford's EV division generated only $1 billion in Q2 revenue, falling 56% year over year.",https://g.foolcdn.com/image/?url=https%3A%2F%2Fg.foolcdn.com%2Fcharts%2Fproduction%2Fprocessed%2Ff-tsla%2Fquarter%2Frevenue%2Fbar%2Fprimary%2Fstandard%2Flimit-8%2Flatest%2Ff-tsla_quarter_revenue_bar_primary_standard_limit8.png&w=1200&op=resize,N,,2026-09-27 15:00:24.963167
,Texas American Energy ,2026-09-27 18:28:53+00:00,YouTube,Texas Overtook California as the Top Solar Power Generator | WION Pulse - YouTube,Not Available,,,,,https://www.youtube.com/watch?v=3mKKKXKeY64,"Texas has overtaken California to become the top solar power generator in the United States, marking a major shift in America’s renewable energy landscape. T...",Not Available,https://i.ytimg.com/vi/3mKKKXKeY64/maxresdefault.jpg,N,,2026-09-27 15:00:30.096808
,EVs,2026-09-27 18:19:35+00:00,BigGo Finance,Cornwall Lithium Project to Create Over 100 Jobs With £43 Million Investment,BigGo Finance,,,,,https://finance.biggo.com/news/052f294c-4cba-4da2-8394-c9a412b62efa,"A geothermal company is investing about £43 million in a lithium extraction facility in Cornwall, a project the UK government expects will create more than 100 jobs and reduce the country's exposure to Chinese battery supply chains.
The investment is expected to create nearly 50 direct jobs and support about 80 more across the supply chain.
""Hot on the heels of over £1bn of automotive investment secured already this month, this latest win is a big step towards building our industrial resilience,"" he said.
The Cornwall project is one of two lithium initiatives the government has moved to unlock, with nearly £230 million in private investment now flowing into projects in Cornwall and Teesside combined, GEL said.
The focus instead is on diversification and reducing single-country dependencies -- a framework that positions projects like GEL's Cornwall facility as strategic assets rather than complete solutions.","A geothermal company is investing about £43 million in a lithium extraction facility in Cornwall, a project the UK government expects will create more than 100 jobs and reduce the country's exposure to Chinese battery supply chains.

The facility, planned by Geothermal Engineering Limited (GEL), is slated to enter commercial production in 2029. It will extract lithium carbonate from geothermal brine underground, with initial output forecast at around 1,500 tonnes per year -- enough to power more than 180,000 typical electric vehicle batteries, according to government officials.

The project has received an offer in principle worth nearly £10 million through the government's DRIVE35 Automotive Transformation Fund. The investment is expected to create nearly 50 direct jobs and support about 80 more across the supply chain.

Business Secretary Jonathan Reynolds framed the announcement as part of a broader push to strengthen industrial resilience. ""Hot on the heels of over £1bn of automotive investment secured already this month, this latest win is a big step towards building our industrial resilience,"" he said.

That £1 billion figure -- approximately $1.3 billion -- reflects investment announced this month from Bentley, McLaren and Nissan, according to officials.

Reynolds also pointed to the geopolitical dimension. In remarks to The Telegraph, he said the mine would help ""reduce our dependence on China,"" the world's largest supplier of lithium. China currently accounts for 88 percent of Europe's lithium-ion battery imports, according to a recent report.

""It's going to make a significant contribution to that, but it's also going to unlock domestic economic capability and strength,"" Reynolds said. He added that the government's critical minerals strategy is not about achieving self-sufficiency, which he called unrealistic, but about reducing vulnerabilities and dependencies on any single country.

Michael Collins, the UK's former deputy head of national security strategy and co-author of the report on Chinese green technology dependence, warned that ""Europe risks sleepwalking into a series of economic and geopolitical national security problems because of over-reliance on Chinese low-carbon technology.""

The Cornwall project is one of two lithium initiatives the government has moved to unlock, with nearly £230 million in private investment now flowing into projects in Cornwall and Teesside combined, GEL said.

Demand for lithium is projected to surge by 1,100 percent by 2035, driven largely by the transition to zero-emission vehicles. Ryan Law, chief executive of GEL, said the UK has an important opportunity to develop resources, technology and expertise for a domestic lithium supply.

""Lithium is fundamental to the technologies underpinning the automotive sector's transition to zero-emission vehicles,"" Law said. ""At GEL, we are proud to be at the forefront of establishing a new UK lithium industry, demonstrating how Cornwall's geothermal brine can provide a reliable and sustainable source of this critical mineral.""

He added that the company was ""proud to be building that capability here in Cornwall, bringing jobs and new investment to the local area.""

The facility has the potential to scale up to produce tens of thousands of tonnes in the future, which officials said would give a significant boost to UK EV battery manufacturing and support the country's progress toward net zero.

Julian Hetherington, automotive transformation and engagement director at APC and Zenzic, said extracting lithium domestically diminishes dependence on international supply chains. ""In addition, the lithium extraction is expected to spark significant economic growth, especially in Cornwall where a vibrant materials cluster is developing at pace,"" Hetherington said.

The project taps into Cornwall's long mining heritage. Reynolds noted that ""Cornwall has a proud mining heritage, and companies like Geothermal Engineering are helping to write its next chapter in unlocking the South West's industrial potential.""

The announcement comes as the UK government seeks to position the country as a producer rather than just an innovator in critical technologies. ""Britain isn't just a country for innovation and ideas. It's a country that produces, and we're building a modern economy rooted in the industries where we're already strong and that local communities are proud of,"" Reynolds said.

Project DetailFigureGEL investment in Cornwall facility£43 millionGovernment grant offer (DRIVE35)Nearly £10 millionDirect jobs createdNearly 50Supply chain jobs supportedAbout 80Annual lithium carbonate outputAbout 1,500 tonnesEV batteries powered per yearOver 180,000Expected demand increase by 20351,100%Total private investment unlocked (Cornwall + Teesside)Nearly £230 million

Note: Figures as provided by Geothermal Engineering Limited and UK government officials.

The Cornwall development is part of a wider government effort to secure critical mineral supply chains that underpin the automotive, clean energy and advanced manufacturing sectors. The DRIVE35 Automotive Transformation Fund, which provided the grant offer, is designed to support the UK's transition to zero-emission vehicle production.

For investors and the domestic battery industry, the project represents a step toward reducing import dependence at a time when geopolitical tensions have highlighted the risks of concentrated supply chains. If the facility scales as projected, it could provide a meaningful domestic source of lithium carbonate for UK EV battery manufacturers, though initial output of 1,500 tonnes per year remains modest relative to total UK demand.

The government's critical minerals strategy, which Reynolds referenced, acknowledges that full self-sufficiency is not achievable. The focus instead is on diversification and reducing single-country dependencies -- a framework that positions projects like GEL's Cornwall facility as strategic assets rather than complete solutions.

Construction and development of the facility are expected to proceed over the next several years, with commercial production targeted for 2029.",https://img.biggo.com/ateTE08Ezlyu90mEOkk7dkJWqtjWx_Z9QQFs8i8QnpA/fit/1200/0/sm/0/aHR0cHM6Ly9pbWcuYmdvLm9uZS9uZXdzLWltYWdlL2FpX2dlbmVyYXRlZC8yMDI2LTA5LzA1MmYyOTRjLTRjYmEtNGRhMi04Mzk0LWM5YTQxMmI2MmVmYV8xNzkwNTMzNTQ2X2RlZmF1bHQuanBn.jpg,N,,2026-09-27 14:58:58.828891
,Clean Energy ,2026-09-27 18:04:24+00:00,mauinow.com,Hawaiʻi Green Business Awards Program honors local businesses and events for ...,,,,,,https://mauinow.com/2026/09/27/hawaiʻi-green-business-awards-program-honors-local-businesses-and-events-for-sustainability-practices/,... Jobs · Recent Job Listings · Job Alerts · Post a Job ... energy efficiency as a key solution in accelerating Hawaiʻi's move to renewable energy.,Not Available,,Y,,2026-09-27 14:59:10.703167
,North Carolina Environment,2026-09-27 18:01:33+00:00,www.planetizen.com,Newsom kills bill requiring polluting factories near schools to undergo environmental review,Zachary Whalen,,,,,https://www.planetizen.com/news/2026/09/138495-newsom-kills-bill-requiring-polluting-factories-near-schools-undergo,"In defense of looser regulations intended to quicken development, California Gov.
Gavin Newsom vetoed a bill on Sept. 18 that would have required “more polluting facilities built near homes and schools to undergo environmental review,” Alejandra Reyes-Velarde writes for Cal Matters.
“[The bill] would have narrowed an exemption of the California Environmental Quality Act that covers a broad swath of advanced manufacturing sites.
Only facilities handling the final stages of production would have kept the exemption,” Reyes-Velarde writes.
In his veto letter, Newsom said the proposed bill would have practically nullified the manufacturing exception, writing, “Protecting communities and strengthening California’s advanced manufacturing economy are not mutually exclusive goals.”","In defense of looser regulations intended to quicken development, California Gov. Gavin Newsom vetoed a bill on Sept. 18 that would have required “more polluting facilities built near homes and schools to undergo environmental review,” Alejandra Reyes-Velarde writes for Cal Matters.

“[The bill] would have narrowed an exemption of the California Environmental Quality Act that covers a broad swath of advanced manufacturing sites. Only facilities handling the final stages of production would have kept the exemption,” Reyes-Velarde writes.

In his veto letter, Newsom said the proposed bill would have practically nullified the manufacturing exception, writing, “Protecting communities and strengthening California’s advanced manufacturing economy are not mutually exclusive goals.”",https://www.planetizen.com/files/images/shutterstock_2150003241.jpg,N,,2026-09-27 16:59:26.736595
,American Energy,2026-09-27 17:42:14+00:00,www.timesunion.com,Some facts about battery energy storage as projects roil communities - Times Union,Not Available,,,,,https://www.timesunion.com/capitol/article/as-battery-projects-emerge-here-s-what-new-22403018.php,Lithium-ion battery installations — grand versions of the power source inside smartphones — make up nearly 30% of the new energy added to the U.S grid ...,Not Available,,N,,2026-09-27 15:00:21.844579
,Indiana American Energy ,2026-09-27 17:34:32+00:00,www.pressreader.com,Indiana low-income solar programs win legal battle over $130M funding - PressReader,Not Available,,,,,https://www.pressreader.com/usa/the-indianapolis-star/20260927/281728391441896,Digital newsstand featuring 7000+ of the world’s most popular newspapers & magazines. Enjoy unlimited reading on up to 5 devices with 7-day free trial.,Not Available,,N,,2026-09-28 07:02:12.226619
,American Energy,2026-09-27 17:26:36+00:00,POLITICO,The startup bringing the SpaceX playbook to nuclear power - POLITICO,"Francisco ""A.J."" Camacho",,,,,https://www.politico.com/news/2026/09/27/the-startup-bringing-the-spacex-playbook-to-nuclear-power-01084143,"General Matter, a startup helmed by one of the first employees of Elon Musk's rocket company, is hoping to help drive a revival in the U.S. nuclear industry.",Not Available,https://www.politico.com/dims4/default/resize/1200/quality/90/format/jpg?url=https%3A%2F%2Fstatic.politico.com%2Ffc%2Ff7%2F7de5c4f140d8bb0efcb0de6249c7%2Fpolitico-general-matter-368.jpg,N,,2026-09-27 14:01:12.457303
,North Carolina and Evs,2026-09-27 17:18:44+00:00,Charged EVs,OBE Power secures new equity investment to expand its North American EV charging network,Charles Morris,,,,,https://chargedevs.com/newswire/obe-power-secures-new-equity-investment-to-expand-its-north-american-ev-charging-network/,"US charging network operator OBE Power has secured a major new equity investment from North Sky Capital.
The investment complements OBE Power’s existing credit facility with Gresham House.
OBE Power will use the new capital to accelerate its expansion of its North American EV charging network, with a focus on multifamily, hospitality, healthcare, commercial and other destination-based properties.
“OBE Power’s business model is focused on deploying, owning, operating and managing EV charging infrastructure for property owners and institutional partners, allowing hosts to provide EV charging solutions without making significant capital investments or assuming operational complexity,” the company explains.
“We are proud to welcome North Sky Capital as a strategic partner, given its deep understanding of the renewable energy and sustainable infrastructure sectors,” said Luis Paul, cofounder and Managing Director of OBE Power.","US charging network operator OBE Power has secured a major new equity investment from North Sky Capital. The investment complements OBE Power’s existing credit facility with Gresham House.

OBE Power will use the new capital to accelerate its expansion of its North American EV charging network, with a focus on multifamily, hospitality, healthcare, commercial and other destination-based properties.

“OBE Power’s business model is focused on deploying, owning, operating and managing EV charging infrastructure for property owners and institutional partners, allowing hosts to provide EV charging solutions without making significant capital investments or assuming operational complexity,” the company explains.

“We are proud to welcome North Sky Capital as a strategic partner, given its deep understanding of the renewable energy and sustainable infrastructure sectors,” said Luis Paul, cofounder and Managing Director of OBE Power. “With this strategic investment, OBE Power has secured the capital foundation required to support its ambitious expansion goals over the next three to five years.”

“North Sky Capital has evaluated the EV charging sector for several years, and we believe OBE Power presents a compelling and well-structured expansion opportunity in the market,” said Adam Bernstein, Managing Director of North Sky Capital.",https://chargedevs.com/wp-content/uploads/2026/09/obepower.jpg,N,,2026-09-27 14:01:32.768179
,American Energy,2026-09-27 17:10:04+00:00,energymixweekender.substack.com,Gas Power Plants for AI Data Centres Are a Risky Bet with Your Retirement Savings,"The Energy Mix Weekender, Mitchell Beer",,,,,https://energymixweekender.substack.com/p/gas-power-plants-for-ai-data-centres,"The Canada Pension Plan Investment Board (CPPIB) is making a risky bet on gas to power the buildout of data centres for artificial intelligence (AI).
CPPIB’s Strategy to Invest in Gas-Powered AI Infrastructure CPPIB’s AI investment strategy is playing out in a series of recent moves to develop data centres and power them with gas.
The company is facing intense backlash and accusations of environmental racism for installing dozens of unpermitted gas turbines to power its data centres.
But gas-powered CPPIB data centre investments contradict this statement.
CPPIB’s Bet on Gas-Powered Data Centres Undermines Our Retirement Security Considering its inadequate approach to managing climate risks, CPPIB’s AI investment strategy is troubling.","Our guest author this week is Patrick DeRochie, Senior Manager at Shift: Action for Pension Wealth and Planet Health. This post originally appeared as a Shift Quarterly Update.

The Canada Pension Plan Investment Board (CPPIB) is making a risky bet on gas to power the buildout of data centres for artificial intelligence (AI).

By supplying the insatiable demand for energy associated with AI via gas-powered data centres, CPPIB is contradicting its own Climate Change Principles, crowding out renewable energy, and locking in carbon pollution that increases climate risks to the Canada Pension Plan (CPP) and its members.

CPPIB is the pension manager for the $864-billion CPP, mandated to invest in the best interests of 22 million Canadians. A CPPIB executive recently told Canadians that climate change is “the single biggest source of risk for the fund.” The pension manager says it aims to “invest for a whole-economy transition required by climate change.”

But CPPIB’s strategy for data centres contradicts its stated climate approach. CPPIB executives have repeatedly said that they plan to capitalize on AI’s skyrocketing demand for energy by investing in data centres, power transmission, and generation—regardless of the source of power. CPPIB’s CEO has repeatedly said the fund would continue investing in oil and gas.

CPPIB’s commitment to continued fossil fuel investment ignores the blaring warnings from scientists that fossil fuels must be rapidly phased out to avoid dangerous climate tipping points. Gas-powered AI is part of the problem: a recent peer-reviewed study concludes that without climate-aligned policy steering, the AI buildout will increase the carbon intensity of the global economy and reinforce fossil fuel incumbency.

CPPIB’s AI investment strategy also ignores warnings from American gas investors that project cancellations, construction challenges, regulatory delays, and political opposition are constraining the buildout of data centres and gas demand growth.

CPPIB’s Strategy to Invest in Gas-Powered AI Infrastructure

CPPIB’s AI investment strategy is playing out in a series of recent moves to develop data centres and power them with gas.

In 2025, CPPIB invested $416 million to help finance a massive data centre complex for Elon Musk’s xAI (now SpaceX) in Tennessee and Mississippi. The company is facing intense backlash and accusations of environmental racism for installing dozens of unpermitted gas turbines to power its data centres. The U.S. National Association for the Advancement of Colored Peoples and the Southern Environmental Law Centre are suing xAI over the harmful gas-powered infrastructure, with xAI saying that if the lawsuit is successful, shutting down the gas turbines would “inflict catastrophic harms” on the company’s AI services.

Last fall, CPPIB announced a $1.4-billion investment to take a minority stake in AlphaGen, a major American fossil fuel power producer that says it’s “well positioned to benefit from AI and electrification-related power demand growth.”

In Wyoming, CPPIB-owned Tallgrass Energy is partnering with Big Tech companies to build a giant data centre campus to be powered by new gas plants and supplied by Tallgrass’ pipeline network. Tallgrass is also hoping to use its pipeline network to supply gas to Kevin O’Leary’s controversial proposed data centre in drought-stricken Utah.

Another CPPIB-backed company, VoltaGrid, is planning to deploy more than 7.5 gigawatts of gas-fired turbines to power data centres, falsely claiming that they are “environmentally responsible.” The company’s gas-powered data centres are facing political opposition, regulatory delays and court challenges in Georgia, Texas, and New Brunswick, while VoltaGrid’s data centre development plans in Washington were recently cancelled due to public opposition.

CPPIB’s investment strategy is also playing out in Alberta, where the provincial government is making it virtually impossible to power data centres with renewable energy. In February, CPPIB signed a Memorandum of Understanding with TransAlta and Brookfield to advance a data centre that would be powered by gas.

Fossil Fuel-Entangled CPPIB Directors Have Competing Obligations

Don’t expect CPPIB’s board to rein in CPPIB’s strategy to finance gas-powered data centres. CPPIB director Barry Perry simultaneously serves as the chair of Capital Power, which is executing a strategy to weaken Canada’s clean electricity regulation so it can power data centres with its gas plants. Another CPPIB director, Elizabeth Cannon, serves on the board of Canadian Natural Resources Ltd., Canada’s second largest gas producer.

These dual roles can lead to competing obligations between maximizing returns for gas company shareholders and acting in the best long-term interests of CPP members, creating potential conflicts of interest and raising questions about whether CPPIB directors are independently assessing climate-related financial risks.

CPPIB Needs a Responsible AI Policy

There are also examples of CPPIB investing in AI infrastructure and companies that have climate targets. This summer, CPPIB formed a $1-billion strategic partnership with CtrlS Datacentres Ltd., a data centre operator in India committed to using 100% renewable energy by 2030 and achieving net-zero by 2040. Last week, CPPIB invested $1.8 billion to take a 51% stake in atNorth, boasting about the company’s “100% renewable energy integration” and its target to “drive decarbonization of global operations by 2040.”

CPPIB’s Climate Change Principles seem to matter for some data centre investments, and not for others. A CPPIB executive said in May that the pension manager conducts due diligence to ensure data centre developers have “a responsible plan for power supply and water rights” and that its AI investment decisions “are based on the practices established” in the World Economic Forum (WEF)’s Responsible AI Playbook for Investors.

But gas-powered CPPIB data centre investments contradict this statement. The WEF playbook itself is silent on the AI industry’s approach to energy and water use, and barely mentions climate change. Similarly, the federal government’s new Responsible Data Centre Development Principles suggest that “priority should be given” to “sustainable, low-impact technologies” and “low-emissions energy sources” without describing what that means.

The AI boom will have dramatic social, environmental, and economic consequences for Canadians. CPPIB must disclose a responsible AI policy that ensures its investments in AI technology, infrastructure, and companies are aligned with the long-term interests of CPP members.

CPPIB’s Bet on Gas-Powered Data Centres Undermines Our Retirement Security

Considering its inadequate approach to managing climate risks, CPPIB’s AI investment strategy is troubling. The pension manager’s investment decisions could either accelerate the buildout of renewable energy—or prolong the use of gas, lock in carbon pollution for decades, and contribute to dangerous global heating that harms ecosystems and communities, stunts economic growth, and destabilizes the financial system.

CPPIB has no disclosed climate action plan, no net-zero emissions commitment, no targets to reduce portfolio emissions, no goals to invest more in profitable climate solutions, and no exclusions on financing the primary drivers of climate change—oil, gas, and coal. The investment manager is facing a lawsuit brought by young Canadians, who allege that CPPIB is failing to adequately manage climate risks while investing billions in the expansion of fossil fuels.

Millions of Canadians are already feeling the impacts of climate-fuelled wildfires, heatwaves, floods, and storms. Yet CPPIB is using our retirement savings to make the climate crisis even worse. With a mandate to protect Canadians’ financial security decades into the future, CPPIB’s gamble to power the AI boom with gas is reckless, imprudent, and irresponsible.

Chart of the Week

RIP SMRs: Is It the End of the Line for Small Modular Nuclear Reactors?

Alberta Rural Municipality Hosting Massive Data Centre Defers Conflict of Interest Bylaw

Seniors Arrested, Charged With Trespassing During Climate Protest on Parliament Hill

As Climate Risks Grow, Experts Redefine the Scope of Adaptation

Federal Court Rejects Ottawa’s Bid to Quash Climate Case

El Niño-Driven Heat Could Cause Nearly Half a Million More Deaths, Group Says

Building Clean Abroad: Using Climate Finance to Diversify Canada’s Trade

COP31 Host Türkiye, Co-President Australia Falling Short on Clean Energy, Electrification Pledge

Role-Playing the ‘Oil EndGame’ Shows Looming Disorder Without Clear Transition Planning

District of Squamish rejects $142M Woodfibre LNG tax deal (Canadian Broadcasting Corporation)

How sea level rise poses an ‘existential threat’ to humans, heritage and nature (Carbon Brief)

Nepal’s Gen Z Is Taking on the World’s Polluters Over Climate Disasters (New York Times)

There might be no economic case for expanding the Port of Churchill, but that may not be the point (Canadian Broadcasting Corporation)

‘Planetary boundaries’ necessary for flourishing of life have been massively breached, scientists warn (The Guardian)

EU ministers to discuss taxing windfall profits of energy companies as oil prices surge (Reuters)

Trump’s EPA must reinstate $7 billion grant program for solar panels, judge rules (Washington Post)

China’s clean tech exports avoided more CO2 than UK emitted last year (Reuters)

Tea shortage warning as climate crisis sees production plummet and prices soar (The Independent)

‘Post-Disaster Gentrification’ Proliferates in Florida Towns as Costs Soar Following Hurricanes (Inside Climate News)

California’s Largest Hotel and Convention Center Plans Combined Heat and Power Microgrid (Microgrid Knowledge)","https://substackcdn.com/image/fetch/$s_!skCQ!,w_1200,h_675,c_fill,f_jpg,q_auto:good,fl_progressive:steep,g_auto/https%3A%2F%2Fsubstack-post-media.s3.amazonaws.com%2Fpublic%2Fimages%2Fb3669701-9b90-46f8-a433-5d7e67699b88_800x600.jpeg",N,,2026-09-27 14:01:15.244466
,Clean Energy ,2026-09-27 16:53:05+00:00,National Gas,New research finds that Humber residents back clean energy investment to revitalise the region,Not Available,,,,,https://www.nationalgas.com/media/news/new-research-finds-humber-residents-back-clean-energy-investment-revitalise-region,"After the Humber Hydrogen project was explained to residents, support for Humber Hydrogen outweighed opposition by around five to one.
Humber Hydrogen can help deliver this ambition by creating and attracting new jobs, supporting industry and driving economic growth.
More in Common was commissioned to conduct this research by National Gas on behalf of Humber Hydrogen.
Economic analysis The analysis reflects how we anticipate the Humber Hydrogen network – its projects and up to 90 miles of pipeline – will operate at inception.
Economic analysis The analysis reflects how we anticipate the Humber Hydrogen network – its projects and up to 90 miles of pipeline – will operate at inception.","The report by Humber Hydrogen and More in Common – The case for hydrogen in the Humber: Results from polling and focus groups – was launched at the Yorkshire and Humber Regional Reception at the Labour Party Conference on Saturday 26 September. Government ministers heard how locating Britain’s first hydrogen cluster in the Humber could support thousands of jobs and attract significant investment to Britain.

Leading energy companies behind Humber Hydrogen are calling on the UK Government to open the competition for Britain's first hydrogen network at the Autumn Budget, warning that further delays risk undermining industry confidence and delaying investment, jobs and growth in the Humber. Senior leaders have said that without opening this competition the Humber could miss out on this vital opportunity to retain industry and attract investment to the region.

Economic analysis commissioned by Humber Hydrogen shows that Britain's first hydrogen cluster in the Humber could support more than 54,000 jobs during construction, safeguard up to 4,000 jobs in key industries such as steel and chemicals, support 700 apprenticeships and generate £17 billion of economic growth.

Key data provided by the More in Common report shows that:

Residents are concerned about future opportunities for young people. 75 per cent say there are few employment opportunities for young people and 88 per cent of 18-24 year-olds say opportunities for young people are lacking. More than half (51 per cent) of people from the region think their local area is worse than it was ten years ago, with many blaming the deterioration of the local area on the decline of traditional industries.

Whilst people in Yorkshire and the Humber express scepticism about net zero, they are supportive of investment in clean energy as a credible route to bring back jobs, deliver economic growth and regional prosperity. While just 41 per cent support the UK's net zero target, most residents in Yorkshire and the Humber think that government investment in generating cleaner forms of energy in their local area would be a good thing (61 per cent).

After the Humber Hydrogen project was explained to residents, support for Humber Hydrogen outweighed opposition by around five to one.

The call for investment extends beyond the East Coast of England. The British public also support investment in the region, with 34 per cent of Britons saying increased investment in less prosperous areas of Britain like Yorkshire and the Humber would benefit the whole country.

Speaking in a focus group, Nelson from Doncaster said:

“I think one of the problems with a lot of northern places, northern cities, is the fact that people have to go to other cities like Leeds and Manchester in order to get high paying jobs. And to stop that, we need better jobs in the region.”

Speaking on behalf of the cluster, Ian Radley, Chief Commercial Officer at National Gas, said:

“People across Yorkshire and the Humber are calling on renewed investment in the region's industries to secure skilled opportunities for the next generation. Humber Hydrogen can help deliver this ambition by creating and attracting new jobs, supporting industry and driving economic growth.

“We’re calling on the UK Government to back the Humber as the home of Britain’s first hydrogen cluster. The region already has the industrial base, skills and infrastructure to lead Britain's hydrogen economy.

“The Autumn Budget is a pivotal moment to provide industry with greater certainty about the future of hydrogen in Britain. Without clear policy support, Britain risks missing a significant investment opportunity, putting jobs, key industries and our position as a global leader in hydrogen at risk.""

Hydrogen can enhance Britain’s energy security by providing flexible, cleaner energy for our power system and industries. As an alternative fuel to natural gas, it can be used to decarbonise power generation and hard-to-electrify industries such as heavy manufacturing, chemicals and steel production. It can also be used as a feedstock for high-value products such as ammonia and Sustainable Aviation Fuel (SAF).

The first-of-its-kind hydrogen cluster in East Yorkshire and North Lincolnshire would be delivered by four of Britain’s leading energy companies – Centrica, Equinor, National Gas, and SSE Thermal. Together they bring expertise in hydrogen transport, production, usage and storage to support the region’s industries, reduce emissions, and create jobs.

The Humber is the leading candidate for the UK Government’s £500 million Hydrogen Transport and Storage Business Model thanks to its strong hydrogen industry and potential with:

Six power stations in the region, investing in more than 4GW hydrogen-to-power – that’s more than 10 per cent of Britain’s average electricity demand.

Two blue and five green hydrogen projects, owned by different producers, delivering approximately 3GW of low carbon hydrogen.

65 per cent of the UK’s total potential new-build storage capacity for hydrogen is in East Yorkshire. Natural salt caverns at Aldbrough are already used for gas storage and will be adapted and expanded with new caverns for hydrogen storage, helping to create one of the largest facilities of its kind in the world.

You can download the full report here.

Further quotes from those who participated in the focus group conversations.

""I think it would be a good investment… Obviously if it becomes the hydrogen hub and apparently hydrogen is meant to be the future… then you're obviously going to attract more people to the area. And with more people in the area, obviously that causes your high streets and everything to thrive."" Cian, Accountant (Food Manufacturer)

“If it brings employment, then it can only be a good thing. If you’ve got people with degrees that are able to help assist with that, then they will stay in that area or come back if they’ve done and got a degree, they’ll come back to the Humber region and they’ve got money then to spend. So it all helps with the economy.” Martha, Admin, Scunthorpe

More in Common research methodology

These findings are based on a mixed methods research project involving nationally representative quantitative research across Great Britain, and separate, regionally representative quantitative research across the Yorkshire and the Humber. More in Common was commissioned to conduct this research by National Gas on behalf of Humber Hydrogen. More in Common is a member of the British Polling Council and abides by their rules. Data Tables can be found on More in Common’s website.

The regional Yorkshire and Humber poll had a sample size of 1,552, including 240 Yorkshire and the Humber residents who had a connection to the energy sector. Fieldwork for this poll took place between 04-18 August 2026. The national poll had a sample size of 2,010. Fieldwork for this poll took place between 14-17 August 2026. The regional poll was weighted to be representative of Yorkshire and the Humber according to age and gender interlocked, ethnicity, education level and 2024 General Election vote. The national poll was weighted according to age and gender interlocked, region, 2024 General Election vote, ethnicity, and education level.

Three focus groups were conducted in Yorkshire and the Humber area across two rounds of research. The first was with residents with a connection to the energy sector. The second and third were with 2024 Labour voters who were considering Reform and 2024 Conservative voters who were considering Reform. These groups took place on 30 July and 27 August 2026. The names of focus group participants have been changed. Economic analysis The analysis reflects how we anticipate the Humber Hydrogen network – its projects and up to 90 miles of pipeline – will operate at inception. The economic impact analysis undertaken as part of this study calculates direct, indirect and induced GVA and job impacts associated with hydrogen production, transport and storage, and hydrogen to power projects, considering development (2026-28), construction (2029-38) and a 30-year operational phase starting from 2033. Emissions reductions are estimated based on the carbon intensity of natural gas being displaced by peak annual production of low-carbon hydrogen from 2040. The data does not reflect the Humber’s CCS projects, hydrogen for home heating, hydrogen for heavy transport, nor future expansion potential. Additional future users may emerge and add greater value but are not reflected in this analysis, to reduce unsubstantiated assumptions. We have developed these figures with the support of KPMG LLP using a fact-based quantification of benefits using industry benchmarks and data provided by the Humber Hydrogen partnership.

Economic analysis

The analysis reflects how we anticipate the Humber Hydrogen network – its projects and up to 90 miles of pipeline – will operate at inception. The economic impact analysis undertaken as part of this study calculates direct, indirect and induced GVA and job impacts associated with hydrogen production, transport and storage, and hydrogen to power projects, considering development (2026-28), construction (2029-38) and a 30-year operational phase starting from 2033. Emissions reductions are estimated based on the carbon intensity of natural gas being displaced by peak annual production of low-carbon hydrogen from 2040.

The data does not reflect the Humber’s CCS projects, hydrogen for home heating, hydrogen for heavy transport, nor future expansion potential.

Additional future users may emerge and add greater value but are not reflected in this analysis, to reduce unsubstantiated assumptions.

We have developed these figures with the support of KPMG LLP using a fact-based quantification of benefits using industry benchmarks and data provided by the Humber Hydrogen partnership.",https://www.nationalgas.com/themes/nationalgas/favicon.ico,N,,2026-09-27 23:59:09.293391
,Clean Energy ,2026-09-27 16:45:40+00:00,www.globaltimes.cn,"China's green drive fuels global shift to clean energy, says expert",Not Available,,,,,https://www.globaltimes.cn/page/202609/1371399.shtml,"China's strong technical engineering expertise, manufacturing capacities, comprehensive supply chains and abundant resources put it in a unique ...",Not Available,,N,,2026-09-27 14:59:41.906792
,EVs,2026-09-27 16:28:59+00:00,tribune.net.ph,Looking at the electric vehicle (EV) with new layman's eyes | Daily Tribune,Kathy Moran,,,,,https://tribune.net.ph/amp/story/2026/09/27/looking-at-the-electric-vehicle-ev-with-new-laymans-eyes,"In the recent past — maybe a year ago I would have been the person who would have said that a Hybrid Electric Vehicle (HEV) was the best option.
Excellent performance: Compared to EVs, gas-powered vehicles don‘t accelerate as quickly.
The components of an EV’s lithium-ion batteries have to be mined, and electric car batteries aren’t easily recycled, which adds to a growing worldwide e-waste problem.
But if your situation allows you to invest in an electric car over a gas-powered one, there’s certainly a right answer.
Consider these: Getting an electric vehicle in Manila helps reduce severe urban air pollution and lowers greenhouse gas emissions compared to traditional gas and diesel vehicles.","I was recently talking to a friend about the scary possibility that EVs are ruling the motoring world.

No, I have nothing against EVs — but I do not know much about them — and, like most folks, when we don’t know a lot about a car, we look for answers. In the recent past — maybe a year ago I would have been the person who would have said that a Hybrid Electric Vehicle (HEV) was the best option.

You know, that one that runs on gas and charges when stopped on battery. Personally, I am still partial to an HEV… But then again, maybe not.

And, no, this is not an expert review of EVs — more like what I have experienced in my drives around Metro Manila and beyond.

EVs boom

Gas prices are unpredictable and they fluctuate significantly depending on the state of global affairs.

So, like me, if part of you thinks EVs are a fleeting fad, think again. I read that it is expected (predictions, predictions) that 40 percent (if you believe the statistics of the International Energy Agency) of new car sales will be all-electric by 2030.

With the end of war nowhere near and the relative environmental friendliness of an EV compared to gas-powered alternatives, you may be wondering if now’s the time to invest in one.

How do EVs work?

Most vehicles use internal combustion engines powered by gasoline or diesel. EVs rely on electric motors, and their power is stored in large batteries built into each vehicle.

There are a lot of factors to weigh when deciding whether or not to invest in an EV. Let’s examine the most common.

Pros (Here is what I observed)

Instant torque: Electric motors deliver maximum pulling power immediately from a standstill, providing rapid and smooth acceleration.

Quiet operation: EVs run much more silently than gas-powered cars, greatly reducing cabin noise and local noise pollution.

Excellent performance: Compared to EVs, gas-powered vehicles don‘t accelerate as quickly. EVs can reach their max speeds in just a few seconds because their motors can get full torque, thanks to much simpler engines.

They rely on fewer parts than gas-powered vehicles: This means easier maintenance (If the parts are available). Many EV models also offer smoother handling, making for a comfortable ride.

Cons (From what I have observed)

Charging isn’t always convenient. Charging stations aren’t yet as common as gas stations. You often have to plan charging stops ahead of time (and even have a plan B if a charging station isn’t functional). Fully charging your vehicle can also take a while — between 30 minutes and 12 hours (I exaggerate), depending on the car’s battery and the charging station’s speed.

I normally have a long conversation about the location of a charging station. I am pleasantly surprised that I am told it is easier to find a station nowadays.

Battery manufacturing processes still have an environmental impact. While much better for the environment than conventional vehicles, EVs contain parts that involve some unsustainable practices. The components of an EV’s lithium-ion batteries have to be mined, and electric car batteries aren’t easily recycled, which adds to a growing worldwide e-waste problem.

So, is the EV really better for the environment?

No vehicle is going to help the environment — they all produce waste and require components that, in one way or another, are responsible for CO2 emissions. But if your situation allows you to invest in an electric car over a gas-powered one, there’s certainly a right answer.

Again, electric cars are approximately 50 percent better for the environment than gas-powered cars because they produce fewer total emissions.

Consider these: Getting an electric vehicle in Manila helps reduce severe urban air pollution and lowers greenhouse gas emissions compared to traditional gas and diesel vehicles.

CityZero tailpipe emissions: EVs produce no harmful exhaust gases like carbon monoxide, nitrogen oxides, or particulate matter while driving.

Combating traffic smog: Manila suffers from heavy traffic congestion. Replacing gas and diesel cars, buses, and jeepneys with EVs directly cuts down the toxic smog trapped along crowded metro roadways.

Deciding to invest in an EV

There are a lot of factors that should go into your decision to buy an EV. Income, convenience and driving habits are a few. But remember, the farther away your home is from a charging station, the less practical it is to invest in an EV. However, if a greener commute is a top concern and you’re a two-car household, having an EV is great for shorter trips around town and allows you to reserve your gas-powered vehicle for longer road trips.

If sustainability, your carbon footprint and clean transportation are key factors and you’re ready to invest in an EV, then it’s a great step toward a more carbon-neutral lifestyle.

It seems that the EV industry is charging ahead, fueled by the unsure gas prices because one never really knows when the war will end. And, from the looks of it… there doesn’t seem to be an end coming soon.

Until the next detour.",https://images.assettype.com/tribune/2026-09-27/5o299vzz/viberimage2026-09-2716-55-26-868.jpg?w=1200&auto=format,N,,2026-09-27 18:59:21.118934
,EVs,2026-09-27 16:28:57+00:00,Daily Tribune,Looking at the electric vehicle (EV) with new layman's eyes - Daily Tribune,"Kathy Moran, Daily Tribune",,,,,https://tribune.net.ph/2026/09/27/looking-at-the-electric-vehicle-ev-with-new-laymans-eyes,"In the recent past — maybe a year ago I would have been the person who would have said that a Hybrid Electric Vehicle (HEV) was the best option.
Excellent performance: Compared to EVs, gas-powered vehicles don‘t accelerate as quickly.
The components of an EV’s lithium-ion batteries have to be mined, and electric car batteries aren’t easily recycled, which adds to a growing worldwide e-waste problem.
But if your situation allows you to invest in an electric car over a gas-powered one, there’s certainly a right answer.
Consider these: Getting an electric vehicle in Manila helps reduce severe urban air pollution and lowers greenhouse gas emissions compared to traditional gas and diesel vehicles.","I was recently talking to a friend about the scary possibility that EVs are ruling the motoring world.

No, I have nothing against EVs — but I do not know much about them — and, like most folks, when we don’t know a lot about a car, we look for answers. In the recent past — maybe a year ago I would have been the person who would have said that a Hybrid Electric Vehicle (HEV) was the best option.

You know, that one that runs on gas and charges when stopped on battery. Personally, I am still partial to an HEV… But then again, maybe not.

And, no, this is not an expert review of EVs — more like what I have experienced in my drives around Metro Manila and beyond.

EVs boom

Gas prices are unpredictable and they fluctuate significantly depending on the state of global affairs.

So, like me, if part of you thinks EVs are a fleeting fad, think again. I read that it is expected (predictions, predictions) that 40 percent (if you believe the statistics of the International Energy Agency) of new car sales will be all-electric by 2030.

With the end of war nowhere near and the relative environmental friendliness of an EV compared to gas-powered alternatives, you may be wondering if now’s the time to invest in one.

How do EVs work?

Most vehicles use internal combustion engines powered by gasoline or diesel. EVs rely on electric motors, and their power is stored in large batteries built into each vehicle.

There are a lot of factors to weigh when deciding whether or not to invest in an EV. Let’s examine the most common.

Pros (Here is what I observed)

Instant torque: Electric motors deliver maximum pulling power immediately from a standstill, providing rapid and smooth acceleration.

Quiet operation: EVs run much more silently than gas-powered cars, greatly reducing cabin noise and local noise pollution.

Excellent performance: Compared to EVs, gas-powered vehicles don‘t accelerate as quickly. EVs can reach their max speeds in just a few seconds because their motors can get full torque, thanks to much simpler engines.

They rely on fewer parts than gas-powered vehicles: This means easier maintenance (If the parts are available). Many EV models also offer smoother handling, making for a comfortable ride.

Cons (From what I have observed)

Charging isn’t always convenient. Charging stations aren’t yet as common as gas stations. You often have to plan charging stops ahead of time (and even have a plan B if a charging station isn’t functional). Fully charging your vehicle can also take a while — between 30 minutes and 12 hours (I exaggerate), depending on the car’s battery and the charging station’s speed.

I normally have a long conversation about the location of a charging station. I am pleasantly surprised that I am told it is easier to find a station nowadays.

Battery manufacturing processes still have an environmental impact. While much better for the environment than conventional vehicles, EVs contain parts that involve some unsustainable practices. The components of an EV’s lithium-ion batteries have to be mined, and electric car batteries aren’t easily recycled, which adds to a growing worldwide e-waste problem.

So, is the EV really better for the environment?

No vehicle is going to help the environment — they all produce waste and require components that, in one way or another, are responsible for CO2 emissions. But if your situation allows you to invest in an electric car over a gas-powered one, there’s certainly a right answer.

Again, electric cars are approximately 50 percent better for the environment than gas-powered cars because they produce fewer total emissions.

Consider these: Getting an electric vehicle in Manila helps reduce severe urban air pollution and lowers greenhouse gas emissions compared to traditional gas and diesel vehicles.

CityZero tailpipe emissions: EVs produce no harmful exhaust gases like carbon monoxide, nitrogen oxides, or particulate matter while driving.

Combating traffic smog: Manila suffers from heavy traffic congestion. Replacing gas and diesel cars, buses, and jeepneys with EVs directly cuts down the toxic smog trapped along crowded metro roadways.

Deciding to invest in an EV

There are a lot of factors that should go into your decision to buy an EV. Income, convenience and driving habits are a few. But remember, the farther away your home is from a charging station, the less practical it is to invest in an EV. However, if a greener commute is a top concern and you’re a two-car household, having an EV is great for shorter trips around town and allows you to reserve your gas-powered vehicle for longer road trips.

If sustainability, your carbon footprint and clean transportation are key factors and you’re ready to invest in an EV, then it’s a great step toward a more carbon-neutral lifestyle.

It seems that the EV industry is charging ahead, fueled by the unsure gas prices because one never really knows when the war will end. And, from the looks of it… there doesn’t seem to be an end coming soon.

Until the next detour.",https://images.assettype.com/tribune/2026-09-27/5o299vzz/viberimage2026-09-2716-55-26-868.jpg?w=1200&auto=format,N,,2026-09-27 14:59:05.364304
,Clean Energy ,2026-09-27 16:04:22+00:00,The Killeen Daily Herald,Harker Heights Training Center brings together veterans and clean energy careers,"Daelan Cheh, Herald Staff",,,,,https://kdhnews.com/business/harker-heights-training-center-brings-together-veterans-and-clean-energy-careers/article_551b58fd-fe0b-468f-a0c1-e9b7ff6bb392.html,"HARKER HEIGHTS — A Harker Heights training facility is using utility-scale solar inverters and battery-storage equipment to address two workforce gaps at once: an energy industry short on qualified technicians,",Not Available,https://bloximages.newyork1.vip.townnews.com/kdhnews.com/content/tncms/assets/v3/editorial/0/f1/0f1a0345-3d4b-475b-bcd5-3264898a1c55/6ab83d389116c.image.jpg?crop=1763%2C926%2C0%2C124&resize=1200%2C630&order=crop%2Cresize,N,,2026-09-27 14:59:46.312241
,Clean Energy ,2026-09-27 16:02:05+00:00,www.bridgedetroit.com,"El-Sayed, Rogers face voter opposition to data centers in crucial Senate race - BridgeDetroit",Not Available,,,,,https://www.bridgedetroit.com/el-sayed-rogers-face-voter-opposition-to-data-centers-in-crucial-senate-race/,This will only take a few seconds...,This will only take a few seconds...,"data:;base64,=",N,,2026-09-27 12:59:31.584160
,American Energy,2026-09-27 15:54:55+00:00,Yahoo News,EPA Power Plant Rollback To Add 123 Million More Tons of CO2 - Yahoo,Felicity Bradstock,,,,,https://www.yahoo.com/news/politics/articles/epa-power-plant-rollback-add-150000307.html,"This effectively removes any limits on emissions from coal and gas plants and reduces the government's ability to curb this pollution.
The EPA expects the new move to result in an additional 123 million metric tonnes of carbon dioxide released into the atmosphere over the next decade.
Meanwhile, the EPA released a statement in which it said, ""Models continue to show that GHG (greenhouse gas) emissions from power plants have no material impact on global climate change.
Collectively, this phenomenon is commonly referred to as climate change.
Electricity generation in the United States alone accounts for a quarter of the country's greenhouse gas emissions.","The U.S. Environmental Protection Agency (EPA) announced in September that it will relinquish its authority to regulate greenhouse gas emissions from power plants under the Clean Air Act, a tool previously used to tackle climate change. This effectively removes any limits on emissions from coal and gas plants and reduces the government's ability to curb this pollution.

When the carbon pollution standards for power plants were introduced under the Biden administration in 2024, the EPA said it expected the new rules to reduce greenhouse gas emissions by 1 billion tonnes by 2027 and provide $370 billion in net benefits. The stricter standards were also expected to prevent 1,200 premature deaths and 360,000 asthma attacks in 2035 alone by improving air quality.

The EPA expects the new move to result in an additional 123 million metric tonnes of carbon dioxide released into the atmosphere over the next decade. The new EPA analysis does not factor in the financial benefit of lives saved through reduced air pollution in its calculations; therefore, it estimates the move will save power plant operators $370 million in direct compliance costs, demonstrating where the Trump administration's priorities lie.

The decision followed President Trump's earlier-in-the-year move to overturn the foundational 2009 EPA endangerment finding that greenhouse gases pose a significant threat to public health and the environment. In February, the EPA also scrapped pollution standards for cars and trucks.

EPA administrator Lee Zeldin said the Trump administration made the rule change to end the ""war on coal"". Zeldin said, ""Americans will see a decrease in electricity prices, but this is just the beginning,"" during a G20 meeting in Houston in September. He added, ""We are working to go even further so that American energy can be fully unleashed. Realising the full potential of American energy means more jobs, lower prices and a more prosperous America.""

Meanwhile, the EPA released a statement in which it said, ""Models continue to show that GHG (greenhouse gas) emissions from power plants have no material impact on global climate change. In fact, if all carbon dioxide were eliminated tomorrow, there would be no meaningful climate impact.""

The statement from the EPA is strongly at odds with the latest climate science. In fact, the U.S. Energy Information Administration stated in 2024, ""Scientists know with virtual certainty that high levels of greenhouse gases in the atmosphere tend to warm the planet. In computer-based models, rising concentrations of greenhouse gases result in a rising average surface temperature of the Earth over time. Rising temperatures may produce changes in precipitation patterns, storm severity, and sea level. Collectively, this phenomenon is commonly referred to as climate change.""*'

More recently, a University of California at Merced and the Union of Concerned Scientists study found that ""climate change from all climate-warming greenhouse gas emissions over the last 70 years has resulted in a 36 per cent decline in annual average mountain snowpacks, the major source of surface water in Western [U.S.] states.""

Electricity generation in the United States alone accounts for a quarter of the country's greenhouse gas emissions. If the sector were a country, it would be the fifth-largest carbon polluter worldwide, after China, the United States, India, and Russia.

Related: Beijing's Iran Oil Trade Draws Fresh Criticism From Capitol Hill

Environmental groups were quick to respond to the latest rule change with legal action. Holly Bender, chief programme officer at the Sierra Club, stated: ""This is full-throated climate denial while the climate crisis happens in real time, and a shocking betrayal of the American public."" Bender added, ""The Sierra Club will fight back against this reckless and dangerous proposal with everything we have in the courts, in Congress, and in communities across the country.""

The move goes hand in hand with the Trump administration's plans to double down on natural gas development and to save coal plants across the country that were previously set to retire. Both the supply and demand of U.S. natural gas are expected to rise to record highs this year and next, to outpace China's gas development, according to the U.S. Energy Information Administration (EIA).

At the same time, the move follows a recent United Nations announcement warning that the world is set to overshoot the 1.5°C goal to limit warming above pre-industrial levels. The recent UN report warns that rising temperatures will lead to more extreme weather events, such as heat waves and floods, as well as glacier melt, rising sea levels, and coral bleaching. Changes in crucial global systems could also occur, such as the weakening or collapse of ocean currents that carry heat northward from the tropics, with the potential to ""reshape the world forever.""

As the UN and several other global institutions warn of the severely detrimental effects of climate change, driven by greenhouse gas emissions, the Trump administration is acting in contradiction to international climate science. Trump administration's moves to weaken air quality standards across various sectors are expected to drive up U.S. greenhouse gas emissions over the coming years, as many other countries around the globe are racing to bring emissions down.

By Felicity Bradstock for Oilprice.com

More Top Reads From Oilprice.com

Nigeria Joins IEA As Crude Output Hits Six-Year High

North Carolina Regulators Reject Duke Energy Gas Power Plant

Brazil's Energy Mix Goes Green Even As Oil Production Climbs

Oilprice Intelligence brings you the signals before they become front-page news. This is the same expert analysis read by veteran traders and political advisors. Get it free, twice a week, and you'll always know why the market is moving before everyone else.",https://s.yimg.com/lo/mysterio/api/6d2b2a05fba518506f4c2bc460fbbacb0c008b1a357ca107d71c2a1d9da32b84/lightyear_networkapi/resizefill_w1200%3Bquality_80%3Bformat_jpg/https%3A%2F%2Fmedia.zenfs.com%2Fen%2Foilprice.com%2Fe5c121f35c972e7d5369a426a095709f.jpg,N,,2026-09-27 12:02:43.879225
,North Carolina American Energy ,2026-09-27 15:43:32+00:00,Arizona Daily Sun,"Letter to the Editor: Water, forests and dark skies need Austin Aslan's long-term thinking",Not Available,,,,,https://azdailysun.com/news/local/letter-to-the-editor-water-forests-and-dark-skies-need-austin-aslans-long-term-thinking/article_0791a5a0-1acc-4e49-bf04-922b48c5289b.amp.html,"As a professional astronomer, Master Gardener, and former member of the Flagstaff Water Commission, I am strongly focused on how this city manages its natural resources.
I've watched that same commitment in Austin Aslan during his years on the City Council, which is why I will vote for him again this year.
One of the unique strengths Austin brings to Council is his focus on the long-term and his willingness to do the associated hard work.
As Chair of the Coconino Plateau Water Advisory Board, Austin has pushed for forward-looking water planning.
Our water future, our forests, and our dark skies need the kind of long-term thinking Austin Aslan demonstrates.","As a professional astronomer, Master Gardener, and former member of the Flagstaff Water Commission, I am strongly focused on how this city manages its natural resources. I've watched that same commitment in Austin Aslan during his years on the City Council, which is why I will vote for him again this year.

One of the unique strengths Austin brings to Council is his focus on the long-term and his willingness to do the associated hard work. As Chair of the Coconino Plateau Water Advisory Board, Austin has pushed for forward-looking water planning. In his role on Council, his work has helped secure federal funding for projects like the Rio de Flag flood control effort. These are examples of Austin's commitment to tackling big problems and recognizing emerging challenges.

Austin has a MS in conservation biology, and that sustainability training shows in his work on Council. He champions dark-sky protection and wildfire resilience alongside the difficult but necessary work that keeps a city livable. Often, the easy political move would be to defer a hard call (such as water infrastructure improvements) to the next council, but Austin is dedicated to facing needs head-on. Austin understands that Flagstaff residents need leaders who work toward real solutions, even when those solutions impact current finances.

Our water future, our forests, and our dark skies need the kind of long-term thinking Austin Aslan demonstrates.

TIMOTHY ELLSWORTH BOWERS

Flagstaff",https://bloximages.chicago2.vip.townnews.com/azdailysun.com/content/tncms/assets/v3/editorial/c/f5/cf5800ff-2f24-5c5a-84a0-5a95ae6fe494/5dd32b5a02cef.image.jpg?crop=700%2C368%2C0%2C16,N,,2026-09-27 14:01:27.646472
,EVs,2026-09-27 15:35:26+00:00,Attack of the Fanboy,What Are Trump's New Fuel Economy Standards for Cars? - Attack of the Fanboy,Towhid Rafid,,,,,https://attackofthefanboy.com/news/the-federal-government-built-one-of-its-biggest-tools-to-curb-gasoline-use-and-boost-evs-the-trump-administration-moved-to-dismantle-it/,"Federal mileage rules that have guided new cars and light trucks for decades are set for a sharp cutback.
A proposed rule issued in December instead called for an average of 34.5 miles per gallon in model year 2031, the Times reported.
Congress has already removed fines for companies that miss the targets, the Times reported, and the paper said that the change left the Monday action largely symbolic.
Lawmakers last year repealed tax credits of up to $7,500 for new electric cars and blocked California from imposing its own stricter auto-pollution limits.
The group had previously argued that the Biden rules were hard for many of its members to meet.","Federal mileage rules that have guided new cars and light trucks for decades are set for a sharp cutback. The New York Times reported that the Trump administration planned to take that step on Monday through a final Transportation Department rule.

President Trump said on Saturday on social media that he had “just approved new Fuel Economy Standards.” He also said President Joseph R. Biden Jr. had put in place an “E.V. mandate.” The Times described that claim as false. Transportation Secretary Sean Duffy said in a separate social media post that the announcement would come Monday.

The Times said the rule was expected to weaken standards that have pressed automakers to squeeze more miles from gasoline models and to sell more electric vehicles.

New 2031 target sits far below the Biden-era mileage requirement

Congress first created the mileage program in 1975 after an oil embargo by Middle Eastern countries, the Times reported. Automakers have since increased the range of conventional cars on a tank of gas and added more hybrid and electric models.

Under the Biden administration, the standard stood at 50.4 miles per gallon for cars and light trucks. A proposed rule issued in December instead called for an average of 34.5 miles per gallon in model year 2031, the Times reported.

Mr. Trump said easing the rules would lower the price of new cars by thousands of dollars. Congress has already removed fines for companies that miss the targets, the Times reported, and the paper said that the change left the Monday action largely symbolic.

The Times also noted that drivers have faced higher pump prices since U.S.-Israeli attacks on Iran began in February. AAA put the national average at $4.48 a gallon on Saturday.

The mileage rollback sits alongside other recent federal changes, the Times reported. In February, the Environmental Protection Agency ended all federal limits on planet-warming pollution from cars. Lawmakers last year repealed tax credits of up to $7,500 for new electric cars and blocked California from imposing its own stricter auto-pollution limits.

Ending the fines had already saved automakers hundreds of millions of dollars, the Times reported. The paper said the latest move could steer more production toward large pickup trucks and sport utility vehicles, which it described as the most profitable models in the short term.

The Times reported that U.S. firms that slow electric vehicle work could fall behind foreign rivals. It said electric vehicle sales have grown quickly outside the United States as fuel prices rose during the war in the Middle East.

Transportation is the country’s largest source of greenhouse gases, such as carbon dioxide, the Times reported. Beyond cars, the administration’s rollback of climate initiatives includes plans to dismantle a $368 million deep ocean monitoring system.

The Biden administration tightened mileage rules as part of its climate plan. Mr. Trump has called climate change a “hoax” and made criticism of electric vehicles a regular campaign theme. He said Biden-era policy would ban ordinary cars and force drivers into electric models. The Times described those claims as false.

The Sierra Club said Saturday that it planned to sue. Katherine Garcia, director of the group’s Clean Transportation for All campaign, said, “Americans need relief from high costs, but instead Trump is giving automakers a free pass on pollution and handing families the bill – at the pump and with their health.” She also said, “The Sierra Club will fight this senseless rollback every step of the way.”

The Alliance for Automotive Innovation, which represents most major carmakers, did not immediately comment, the Times reported. The group had previously argued that the Biden rules were hard for many of its members to meet.",https://attackofthefanboy.com/wp-content/uploads/2026/09/Photo-by-Engin_Akyurt_1790520622427.jpg,N,,2026-09-27 12:59:19.296563
,EPA,2026-09-27 15:30:22+00:00,the Guardian,Datacenter developers accused of skirting key US pollution rules - The Guardian,"Tom Perkins, www.theguardian.com, tom-perkins",,,,,https://www.theguardian.com/us-news/2026/sep/27/datacenter-developers-us-pollution-rules,"Datacenter developers are manipulating the EPA’s air pollution permitting process to avoid emission controls and scrutiny of their projects, environmental advocates allege.
In a statement, an Amazon spokesperson said the company “appropriately applied for and obtained an air permit for our datacenter project”.
It in effect created a scenario in which one natural gas power plant would have operated with two minor permits, attorneys wrote.
The federal limit for a minor permit for hazardous air pollution is 25 tons per year.
The project’s developers proposed releasing between 20.2 and 24.2 tons of hazardous air pollution from each of the grids, meaning that together they would have released as much as 44 tons of hazardous air pollution.","Datacenter developers are manipulating the EPA’s air pollution permitting process to avoid emission controls and scrutiny of their projects, environmental advocates allege.

Companies need federal permits to emit a range of pollutants. In their permit applications, some in big tech are avoiding “major” reviews by dividing their emissions sources into separate, multiple “minor” sources that require less regulatory oversight, the advocates say.

This helps datacenters avoid public scrutiny, and permit applications are typically approved much faster. It also likely saves tech companies money, and avoids the hassle and cost of potential pollution controls, advocates say. Datacenters can be significant sources of nitrogen oxide, ozone, heavy metals, particulate matter, greenhouse gas and other dangerous air pollutants.

In North Carolina, Amazon and utility giant Duke Energy are installing 649 diesel generators to back up a new hyperscale center. They submitted two permits, and avoided a major review despite being in a low income area that already suffers from high levels of air pollution.

In New Mexico, the Project Jupiter datacenter developers attempted to circumvent a major review by proposing two natural gas “microgrids” for either side of the facility and submitting two “minor” permits. The overall project would have released enough pollution to trigger a major review.

In Frederick, Maryland, four datacenters with separate minor permits, including one by Amazon, operate on a single campus with a master developer, regulatory documents show. In other instances, data center developers have staggered minor permit requests over months that cumulatively emit as much pollution as a major source, advocates say.

These regulatory maneuvers make it less clear how much pollution residents living near the facilities are exposed to, and the move amounts to “lego permitting”, said Michael Koerber, a retired deputy director of the EPA’s Office of Air Quality Planning and Standards, which worked on permitting.

“They want to fly under the radar,” said Koerber, who now volunteers with the Environmental Protection Network nonprofit. “The more attention they have, the more difficult it gets to get the permit. They have consultants who are very good and know where the shortcuts are.”

Koerber noted that the situation is not unique to the data center industry. Cheryl Vetter, a former EPA employee who worked with Koeber and left the agency last year, said it was not common for data centers to use this tactic until after she left.

In a statement, an Amazon spokesperson said the company “appropriately applied for and obtained an air permit for our datacenter project”.

Under the Clean Air Act, companies building a project that will be a “major” source of air pollution, like some hyperscale data centers, are typically supposed to undergo a more stringent air emissions review. Among other protections, it is supposed to ensure that the pollution the facility would add to the local airshed would not violate air quality limits when combined with the air pollution already in the region.

This process can be lengthy, may require pre-construction monitoring, and, if the proposed data center is found to violate limits, may require companies to take steps to limit their pollution, like adding scrubbers to their smokestacks.

The Project Jupiter datacenter plans to divide its natural turbines into minor permits was “nothing short of preposterous”, attorneys with the New Mexico Environmental Law Center wrote in March comments submitted to state regulators. The firm is representing community members who would be impacted by the proposed plans’ pollution.

It in effect created a scenario in which one natural gas power plant would have operated with two minor permits, attorneys wrote. The permit application points to why the data center’s developers, Austin-based BorderPlex, attempted to do two permits.

The federal limit for a minor permit for hazardous air pollution is 25 tons per year. The project’s developers proposed releasing between 20.2 and 24.2 tons of hazardous air pollution from each of the grids, meaning that together they would have released as much as 44 tons of hazardous air pollution.

In regulatory documents, Maslyn Locke, an attorney working on the case, wrote that the “audacious attempt to arbitrarily distinguish two halves of the same source is insulting to both [regulators] and community members, as it is so clearly an attempt to avoid air pollution control requirements.”

The developer withdrew the application in April amid fierce community pushback, Locke said. The New Mexico environment department also opposed the proposal, a spokesperson told the Guardian. However, Locke told the Guardian there was no public evidence that regulators opposed it until now. New plans for the data center have been held up by the state supreme court over procedural problems, Locke said.

Vetter said the law allows for divided permits in some instances. Permits can be divided if two companies are polluting at the same location, but not if all the polluting activities are under common control. The sources must also be adjacent, though the definition of “adjacent” can include those that do not share a border, but operate as part of the same facility.

Amazon and Duke’s North Carolina plans call for nearly 250 tons per year of nitrogen oxides, carbon monoxide, and volatile organic compounds. Amazon is proposing to emit about 98 tons of particulate matter annually, and 6.4 tons per year of hazardous air pollutants, including benzene and formaldehyde.

The heavily industrial region is already burdened by pollution from a Duke power plant and other plastic pellet factory, the Southern Environmental Law Center (SELC) wrote in comments to North Carolina state regulators.

Heart disease, cancer, and respiratory disease are among the leading causes of death in the region, and the datacenter’s diesel generators’ particulate matter and hazardous pollutants will almost certainly increase those problems, advocates warn.

It appears the companies split the permits to avoid a major review, Kathleen Sullivan, a SELC attorney, told the Guardian. North Carolina regulators wrote that Duke’s generators are providing temporary power for about a year, and that Duke is operating them separately from Amazon’s generators. But the companies did not provide to regulators lease agreements and contracts, and some documents suggest Amazon controls all the generators, Sullivan alleged.

In its statement, Amazon said: “The separate permitting of Amazon’s and Duke’s respective projects reflects the actual ownership and operational structure.”

“They should be – and are – permitted under separate air permits,” the spokesperson said.

Even if some of the generators are only temporary, high levels of exposure to the dangerous pollutants for even an hour can cause health problems, and the plans should undergo more meaningful scrutiny, Sullivan added.

She said state regulators are “simply trusting two extremely wealthy and politically powerful companies without any verification”.

“North Carolina regulators failed to protect people’s health and the air we all breathe by blindly accepting the companies’ self-interested statements instead of doing their job to investigate the key facts,” Sullivan said.","https://i.guim.co.uk/img/media/0d9eccfbab474046c6e4c1599e03589423153f93/126_0_3781_3024/master/3781.jpg?width=1200&height=630&quality=85&auto=format&fit=crop&precrop=40:21,offset-x50,offset-y0&overlay-align=bottom%2Cleft&overlay-width=100p&overlay-base64=L2ltZy9zdGF0aWMvb3ZlcmxheXMvdGctZGVmYXVsdC5wbmc&enable=upscale&s=72e138b60c410967df5b56bce3786d52",N,,2026-09-27 12:02:55.939790
,Louisiana American Energy ,2026-09-27 15:04:16+00:00,OilPrice.com,EPA Power Plant Rollback To Add 123 Million More Tons of CO2 | OilPrice.com,Felicity Bradstock,,,,,https://oilprice.com/Energy/Energy-General/EPA-Power-Plant-Rollback-To-Add-123-Million-More-Tons-of-CO2.html,"The U.S. Environmental Protection Agency (EPA) announced in September that it will relinquish its authority to regulate greenhouse gas emissions from power plants under the Clean Air Act, a tool previously used to tackle climate change.
This effectively removes any limits on emissions from coal and gas plants and reduces the government’s ability to curb this pollution.
The EPA expects the new move to result in an additional 123 million metric tonnes of carbon dioxide released into the atmosphere over the next decade.
Trump administration's moves to weaken air quality standards across various sectors are expected to drive up U.S. greenhouse gas emissions over the coming years, as many other countries around the globe are racing to bring emissions down.
By Felicity Bradstock for Oilprice.com More Top Reads From Oilprice.com Nigeria Joins IEA As Crude Output Hits Six-Year High North Carolina Regulators Reject Duke Energy Gas Power Plant Brazil's Energy Mix Goes Green Even As Oil Production Climbs","The U.S. Environmental Protection Agency (EPA) announced in September that it will relinquish its authority to regulate greenhouse gas emissions from power plants under the Clean Air Act, a tool previously used to tackle climate change. This effectively removes any limits on emissions from coal and gas plants and reduces the government’s ability to curb this pollution.

When the carbon pollution standards for power plants were introduced under the Biden administration in 2024, the EPA said it expected the new rules to reduce greenhouse gas emissions by 1 billion tonnes by 2027 and provide $370 billion in net benefits. The stricter standards were also expected to prevent 1,200 premature deaths and 360,000 asthma attacks in 2035 alone by improving air quality.

The EPA expects the new move to result in an additional 123 million metric tonnes of carbon dioxide released into the atmosphere over the next decade. The new EPA analysis does not factor in the financial benefit of lives saved through reduced air pollution in its calculations; therefore, it estimates the move will save power plant operators $370 million in direct compliance costs, demonstrating where the Trump administration’s priorities lie.

The decision followed President Trump’s earlier-in-the-year move to overturn the foundational 2009 EPA endangerment finding that greenhouse gases pose a significant threat to public health and the environment. In February, the EPA also scrapped pollution standards for cars and trucks.

EPA administrator Lee Zeldin said the Trump administration made the rule change to end the “war on coal”. Zeldin said, “Americans will see a decrease in electricity prices, but this is just the beginning,” during a G20 meeting in Houston in September. He added, “We are working to go even further so that American energy can be fully unleashed. Realising the full potential of American energy means more jobs, lower prices and a more prosperous America.”

Meanwhile, the EPA released a statement in which it said, “Models continue to show that GHG (greenhouse gas) emissions from power plants have no material impact on global climate change. In fact, if all carbon dioxide were eliminated tomorrow, there would be no meaningful climate impact.”

The statement from the EPA is strongly at odds with the latest climate science. In fact, the U.S. Energy Information Administration stated in 2024, “Scientists know with virtual certainty that high levels of greenhouse gases in the atmosphere tend to warm the planet. In computer-based models, rising concentrations of greenhouse gases result in a rising average surface temperature of the Earth over time. Rising temperatures may produce changes in precipitation patterns, storm severity, and sea level. Collectively, this phenomenon is commonly referred to as climate change.”*'

More recently, a University of California at Merced and the Union of Concerned Scientists study found that “climate change from all climate-warming greenhouse gas emissions over the last 70 years has resulted in a 36 per cent decline in annual average mountain snowpacks, the major source of surface water in Western [U.S.] states.”

Electricity generation in the United States alone accounts for a quarter of the country’s greenhouse gas emissions. If the sector were a country, it would be the fifth-largest carbon polluter worldwide, after China, the United States, India, and Russia.

Related: Beijing's Iran Oil Trade Draws Fresh Criticism From Capitol Hill

Environmental groups were quick to respond to the latest rule change with legal action. Holly Bender, chief programme officer at the Sierra Club, stated: “This is full-throated climate denial while the climate crisis happens in real time, and a shocking betrayal of the American public.” Bender added, “The Sierra Club will fight back against this reckless and dangerous proposal with everything we have in the courts, in Congress, and in communities across the country.”

The move goes hand in hand with the Trump administration’s plans to double down on natural gas development and to save coal plants across the country that were previously set to retire. Both the supply and demand of U.S. natural gas are expected to rise to record highs this year and next, to outpace China’s gas development, according to the U.S. Energy Information Administration (EIA).

At the same time, the move follows a recent United Nations announcement warning that the world is set to overshoot the 1.5°C goal to limit warming above pre-industrial levels. The recent UN report warns that rising temperatures will lead to more extreme weather events, such as heat waves and floods, as well as glacier melt, rising sea levels, and coral bleaching. Changes in crucial global systems could also occur, such as the weakening or collapse of ocean currents that carry heat northward from the tropics, with the potential to “reshape the world forever.”

As the UN and several other global institutions warn of the severely detrimental effects of climate change, driven by greenhouse gas emissions, the Trump administration is acting in contradiction to international climate science. Trump administration's moves to weaken air quality standards across various sectors are expected to drive up U.S. greenhouse gas emissions over the coming years, as many other countries around the globe are racing to bring emissions down.

By Felicity Bradstock for Oilprice.com

More Top Reads From Oilprice.com

Nigeria Joins IEA As Crude Output Hits Six-Year High

North Carolina Regulators Reject Duke Energy Gas Power Plant

Brazil's Energy Mix Goes Green Even As Oil Production Climbs",https://d32r1sh890xpii.cloudfront.net/article/1200x675/2026-09-25_ongv0jpiur.jpg,N,,2026-09-27 12:03:46.208957
,Texas American Energy ,2026-09-27 14:56:19+00:00,www.dallasnews.com,"D-FW Business Datebook: Dallas Fed gives updates on manufacturing, service and energy sectors",Not Available,,,,,https://www.dallasnews.com/business/article/d-fw-business-datebook-22441742.php,The American Middle · We Recommend · Al Día · Today's e-Edition · Puzzles ... The North Texas stop for the Texas Venture Fest will be at the Kiln ...,Not Available,,N,,2026-09-27 12:03:34.266599
,Detroit and Evs,2026-09-27 14:44:33+00:00,The Daily Star,US to finalize sharply lower vehicle fuel economy standards | The Daily Star,Washington,,,,,https://www.thedailystar.net/business/news/us-finalize-sharply-lower-vehicle-fuel-economy-standards-4284101,"The US Transportation Department on Monday will finalize sharply lower vehicle fuel economy standards through 2031, reversing a push by the Biden administration to force automakers to build more electric vehicles, officials said on Saturday.
President Donald Trump said he had approved new fuel economy standards for cars and trucks, which he said will lower the price of new vehicles.
The new standards would cut the cost of new vehicles but increase fuel consumption and carbon dioxide emissions for decades, according to the department's own estimates.
Under Democratic President Joe Biden, the government sought to push automakers to build more electric vehicles to meet rising fuel-efficiency standards.
The Trump administration in December proposed retroactively revising down the 2022 model year fuel economy standard and then raising it between 0.25 percent and 0.5 percent annually through 2031.","The US Transportation Department on Monday will finalize sharply lower vehicle fuel economy standards through 2031, reversing a push by the Biden administration to force automakers to build more electric vehicles, officials said on Saturday.

President Donald Trump said he had approved new fuel economy standards for cars and trucks, which he said will lower the price of new vehicles. ""A major victory for America's auto workers is coming Monday,"" Transportation Secretary Sean Duffy said.

The new standards would cut the cost of new vehicles but increase fuel consumption and carbon dioxide emissions for decades, according to the department's own estimates.

Trump's push comes as American drivers are grappling with sharply higher fuel prices since the start of the US-Israeli war with Iran at the end of February.

Under Democratic President Joe Biden, the government sought to push automakers to build more electric vehicles to meet rising fuel-efficiency standards.

Biden increased required fuel efficiency for cars by 8 percent annually for model years 2024 and 2025, 10 percent for 2026 and 2 percent annually from 2027 to 2031.

The Trump administration in December proposed retroactively revising down the 2022 model year fuel economy standard and then raising it between 0.25 percent and 0.5 percent annually through 2031.

The Transportation Department proposed a fleetwide average of 34.5 miles per gallon (14.7 km per liter) by 2031, down from 50.4 miles per gallon (21.4 km per liter) under Biden.

It estimated its proposal would cut average new vehicle costs by $930 each.

But it would increase fuel consumption by around 100 billion gallons through 2050, fuel spending by $185 billion and carbon dioxide emissions by about 5 percent, the department said.

Trump's move will make it easier for automakers to sell consumers less efficient vehicles.

""Lowering standards will accelerate what (Trump) has already been doing: handing the clean tech future to China and forcing Americans to pay more at the pump,"" said Pete Buttigieg, who headed the Transportation Department under Biden.

Biden focused on reducing US greenhouse gas emissions and fossil fuel use, accelerating a transition to clean energy and making the US a global leader in clean-energy technology and manufacturing.",https://www.thedailystar.net/sites/default/files/styles/social_share/public/2026-03/AFP%20US%20oil%20mar7.26.jpg,N,,2026-09-28 02:00:15.004896
,Clean Energy ,2026-09-27 14:30:53+00:00,X (formerly Twitter),"INVEST UP on X: ""Uttar Pradesh highlighted its manufacturing and clean energy ambitions ...",x.com,,,,,https://x.com/_InvestUP/status/2104124093117366305,"Uttar Pradesh highlighted its manufacturing and clean energy ambitions during Invest UP roundtables on the second day of UPITS 2026.
 Discussions focused on an 8–10 GW renewable energy pipeline, development of electric vehicle clusters, new investment opportunities and stronger supply chains across…",Not Available,https://pbs.twimg.com/media/HTNZm2Jb0AAnr-Q?format=webp&name=large,N,,2026-09-27 14:01:09.302510
,Clean Energy ,2026-09-27 14:25:19+00:00,Yahoo News,New lithium mine 'to create more than 100 jobs' - Yahoo,Chloe Parkman - South West,,,,,https://www.yahoo.com/news/world/articles/lithium-mine-create-more-100-140924171.html,"A new lithium mine is set to create more than 100 jobs under government plans, bosses say.
Geothermal Engineering Limited said it would invest about £43m in a lithium extraction facility in Cornwall, which it planned to bring into commercial production in 2029.
The move came as demand for lithium was expected to increase by 1,100% by 2035 and would support hundreds of jobs and shore up Britain's supplies of lithium, it added.
Julian Hetherington, automotive transformation and engagement director, APC and Zenzic, said extracting lithium in the UK diminished dependence on supply chains.
More on this story Earth's heat to power 10,000 homes in renewable energy first for UK Lithium project boost as single regulator appointed Lithium mining project on hold amid funding issues Related internet links","A new lithium mine is set to create more than 100 jobs under government plans, bosses say.

Geothermal Engineering Limited said it would invest about £43m in a lithium extraction facility in Cornwall, which it planned to bring into commercial production in 2029.

Officials said it was part of government plans to boost industrial resilience and help secure vital supply chains backing automotive, clean energy and advanced manufacturing sectors.

CEO Dr Ryan Law said the UK had an important opportunity to develop resources, technology and expertise for a domestic lithium supply, and they were ""proud to be building that capability here in Cornwall, bringing jobs and new investment to the local area.""

Demand to increase

The government has taken action to unlock nearly £230m of private investment into two lithium projects in Cornwall and Teesside, the company said.

Lithium is needed for making batteries for electric vehicles.

The move came as demand for lithium was expected to increase by 1,100% by 2035 and would support hundreds of jobs and shore up Britain's supplies of lithium, it added.

Officials said the investment in Cornwall would create nearly 50 direct jobs and support about 80 more across the supply chain, after receiving an offer in principle worth nearly £10m through the Government's DRIVE35 Automotive Transformation Fund.

'Industrial resilience'

Business Secretary Jonathan Reynolds said the most would help unlock the region's ""industrial potential"".

""Hot on the heels of over £1bn of automotive investment secured already this month, this latest win is a big step towards building our industrial resilience,"" he said.

Officials said £1bn of investment was announced this month from Bentley, McLaren and Nissan.

The facility is expected to produce around 1,500 tonnes of technical-grade lithium carbonate from geothermal brine underground each year – enough to power more than 180,000 typical EV car batteries.

More news stories for Cornwall

Listen to the latest news for Cornwall

Officials said the facility had the potential to scale to produce tens of thousands of tonnes in the future, and the lithium produced would give a huge boost to the UK's EV battery manufacturing, shoring up crucial supply chains and moving Britain forward in the transition towards net zero.

Julian Hetherington, automotive transformation and engagement director, APC and Zenzic, said extracting lithium in the UK diminished dependence on supply chains.

""In addition, the lithium extraction is expected to spark significant economic growth, especially in Cornwall where a vibrant materials cluster is developing at pace,"" Hetherington added.

Follow BBC Cornwall on X, Facebook and Instagram. Send your story ideas to spotlight@bbc.co.uk.

More on this story

Earth's heat to power 10,000 homes in renewable energy first for UK

Lithium project boost as single regulator appointed

Lithium mining project on hold amid funding issues

Related internet links",https://s.yimg.com/lo/mysterio/api/0c421d9dbfc1dc0fc551f21a91f4f02ff1dd781261ed8f4c528302954a09e5a6/lightyear_networkapi/resizefill_w1200%3Bquality_80%3Bformat_jpg/https%3A%2F%2Fmedia.zenfs.com%2Fen%2Fbbc_us_articles_995%2Ff690b155e90017e6ec3329bb4f04b066.jpg,N,,2026-09-27 14:59:50.492149
,Clean Energy ,2026-09-27 14:20:19+00:00,X (formerly Twitter),"DD News on X: ""India's solar revolution is creating 1,00,000+ jobs. The growth of clean ...",x.com,,,,,https://x.com/DDNewslive/status/2104210519171408378,"India’s solar revolution is creating 1,00,000+ jobs. 

The growth of clean energy is opening opportunities across manufacturing, installation and operations. 

#12YearsOfMakeInIndia",Not Available,https://pbs.twimg.com/media/HTOoTspbYAAWKnr?format=webp&name=large,N,,2026-09-27 12:02:36.521582
,American Energy,2026-09-27 14:13:08+00:00,AutoNotion,A 705-megawatt reactor that keeps a third of New Brunswick's lights on came off the grid ...,Luis Reyes,,,,,https://www.autonocion.com/us/reactor-off-grid-pencil-line/,"When a nuclear plant makes the news, you probably expect the problem to be something dramatic.
NB Power, the public utility that runs the plant, shut its 705-megawatt reactor down the next day.
NB Power says it’s since collected about 53 gallons (200 liters) of heavy water, most of it as vapor.
NB Power initially described the leak as small.
NB Power isn’t blind to any of this.","When a nuclear plant makes the news, you probably expect the problem to be something dramatic. What took Atlantic Canada’s only nuclear plant off the grid this month was an instrument line three-eighths of an inch across, roughly the width of a pencil, and nobody spotted it. Air monitors inside the reactor building did.

On Sept. 10, monitoring systems at the Point Lepreau Nuclear Generating Station in New Brunswick, the Canadian province just across the border from Maine, picked up a rise in tritium inside the reactor building.

NB Power, the public utility that runs the plant, shut its 705-megawatt reactor down the next day. On Sept. 14, the utility confirmed the source, CBC News reported: heavy water had been leaking from a 3/8-inch instrumentation line in the reactor’s heat transport system. NB Power says it’s since collected about 53 gallons (200 liters) of heavy water, most of it as vapor.

And it’s the timing that makes this one sting. The station had been back on the grid for all of three days when it went dark again, according to CTV News, capping a summer in which the plant’s maintenance schedule pretty much fell apart.

So what actually leaked?

Point Lepreau is a CANDU reactor, Canada’s homegrown design, and CANDUs run on heavy water instead of the regular kind. Heavy water’s basically ordinary water built around a heavier form of hydrogen, and its job is to carry heat away from the reactor to boilers, where regular water gets turned into the steam that spins the turbines.

On its own, heavy water isn’t radioactive. After years circulating through an operating reactor, though, it picks up tritium, a radioactive form of hydrogen, and airborne tritium’s exactly what the monitors flagged on Sept. 10. So the detection side of the plant did its job, and frankly that’s the reassuring half of this story.

NB Power initially described the leak as small. Kathleen Duguay, the utility’s head of community affairs and nuclear regulatory protocol, went further on Radio-Canada, describing it in French as “just a few drops coming out of the instrumentation line,” in CBC’s translation.

So how do a few drops turn into 53 gallons?

NB Power spokesperson Tracey Stephenson gave CBC an answer on Sept. 22: most of the heavy water escaped as vapor rather than dripping out as liquid, so the total doesn’t look like what you’d expect from a liquid leak, and station systems recovered and collected it. The utility says the material stayed inside the reactor building at all times and that the leak posed no risk to workers, the public or the environment.

Not everyone loves how the information came out. NB Power’s Sept. 14 release announcing the shutdown said the station was being taken offline to repair a small instrumentation line, and it didn’t mention that anything had leaked.

Energy researcher Susan O’Donnell told CBC she’s concerned about how little the utility disclosed at first, and argued that anything short of full transparency around radioactive material erodes public trust. The Canadian Nuclear Safety Commission, which keeps inspectors stationed at the plant, says it knew about the leak from Sept. 10 onward.

The plant had barely gotten back to work

I’d argue those three days matter more than the gallons. Here’s the summer timeline, so you can judge for yourself. Point Lepreau, which is 43 years old, went into a planned maintenance outage on April 10 that was supposed to wrap up by Aug. 7. It didn’t.

As crews worked through startup on Aug. 21 and steam began circulating through the turbines, they spotted steam escaping around a reheater gasket on the conventional, non-nuclear side of the plant. NB Power kept the station running while it assessed the problem, then took it fully offline at the end of August to replace the gasket, framing the repair as insurance against surprises in the winter months, when it needs the plant most.

The station made it back onto the grid in the second week of September. Three days later, the tritium readings climbed and it was gone again. Joel Armstrong, Point Lepreau’s deputy site vice-president, told CBC the shutdown wasn’t driven by the size of the leak. The line sits in a spot workers can’t reach while the reactor is running, so fixing it meant taking the whole plant down.

Small parts knocking enormous machines offline is a bit of a theme in this business. We’ve covered three control rods dropping inside a Florida reactor, and Lepreau just added a blown turbine gasket and a 3/8-inch line to the list.

Downtime at Lepreau adds up fast

Point Lepreau supplies about a third of New Brunswick’s electricity when it’s running properly. NB Power rates the station at 660 megawatts net (705 gross), enough for more than 333,000 homes, and when it’s down, the utility leans on more expensive fossil-fuel plants or buys power from Quebec and Maine. NB Power executives have told the province’s Energy and Utilities Board that an unplanned outage at Lepreau costs about $1 million a day outside the winter peak.

That math got run before the leak even existed. In early September, a Telegraph-Journal analysis republished by NB Media Co-op estimated the gasket delay alone would likely cost about $50 million, which works out to roughly $127 for each of the utility’s 393,000 direct customers. Rates in the province have already climbed more than a quarter in four years. You can imagine how a second unplanned shutdown lands.

The plant’s track record doesn’t help. Lepreau averaged a 74 percent capacity factor between fiscal 2016 and 2025, against an industry norm above 90, which just means it produced about three-quarters of the electricity it theoretically could while most of its peers manage nine-tenths. Its worst year in the past decade came in at 27 percent.

NB Power isn’t blind to any of this. Its own annual report warned this summer that some major equipment at the station has run well beyond its typical 30-year design life and that “the aged equipment has the potential to cause a major outage due to sudden failure.”

The reactor’s core was largely rebuilt about 14 years ago, but many of the auxiliary components around it, including instrumentation lines, have been in place since the plant opened in the 1980s, Global News reported. Ontario utilities run multiple CANDU units side by side at sites like Darlington; New Brunswick has exactly one reactor, which is why every shutdown here shows up on people’s power bills.

NB Power hasn’t said what made the line fail. Armstrong told CBC that drawing conclusions this early would be premature while crews focus on a safe repair, and the utility hasn’t committed to a restart date beyond an official telling Global News the station is expected to stay offline for weeks.

As of Sept. 22, the Canadian Nuclear Safety Commission says no workers have been reported with radiation doses above regulatory limits, and the reactor that keeps a third of New Brunswick’s lights on is still sitting dark.",https://www.autonocion.com/us/wp-content/uploads/2026/07/Point-Lepreau-Nuclear-Station.jpg,N,,2026-09-27 12:02:47.174893
,Indiana American Energy ,2026-09-27 14:09:15+00:00,BigGo Finance,U.S. ESS Industry Targets 1TWh Storage Capacity by 2032 to Meet AI Power Demand,BigGo Finance,,,,,https://finance.biggo.com/news/9c235458-6ad7-4997-815a-ec8f78e72266,"The U.S. energy storage industry has set a target to expand energy storage system (ESS) installations to 1TWh (terawatt-hour) by storage capacity by 2032.
U.S. energy storage capacity grew from 1.5GW at the end of 2020 to 52GW by mid-2026.
Building on its preemptively established production capacity, the company plans to secure more than 50GWh of ESS LFP battery production capacity in North America by the end of this year.
SK On is accelerating the conversion of some existing EV battery production lines at its Georgia plant to ESS LFP battery production.
Industry observers note that expanding ESS storage capacity to 1TWh in the U.S. market alone represents substantial new demand for the battery industry.","The U.S. energy storage industry has set a target to expand energy storage system (ESS) installations to 1TWh (terawatt-hour) by storage capacity by 2032. The plan aims to supplement power supply shortages amid surging electricity demand driven by artificial intelligence (AI) data centers, manufacturing expansion, and electrification.

The U.S. Energy Storage Coalition (ESC) recently released a report titled ""Opportunities in the Terawatt-Hour Era,"" setting a goal to expand U.S. ESS installations to 225GW by output and 1TWh by storage capacity by the end of 2032. One TWh is equivalent to 1,000GWh. The ESC is an industry coalition comprising major U.S. grid-scale battery manufacturers and ESS developers, owners, and operators.

If this target is realized, output would increase by more than 300% and energy storage capacity by more than 500% compared to current levels. U.S. energy storage capacity grew from 1.5GW at the end of 2020 to 52GW by mid-2026. The ESC estimates that expanding to 225GW by 2032 would require an average annual growth rate of 25% over the next five years.

In the United States, power demand is rising rapidly, led by AI data centers, while the growing share of solar and wind power in the generation mix is increasing output volatility. The ESC explained that ESS can supply stored electricity during peak demand periods and improve utilization of the existing power grid.

The economic benefits are also expected to be substantial. The ESC estimates that if U.S. ESS storage capacity expands beyond 850GWh, power system costs could be reduced by more than $250 billion (approximately 338.6 trillion won) over the next decade. ESS can lower peak power costs, reduce grid congestion, and ease the burden of additional investment in generation and transmission infrastructure.

The U.S. ESS market is already showing steep growth. According to analysis by the Solar Energy Industries Association (SEIA) and Benchmark Mineral Intelligence, the United States installed 20.2GWh of new ESS capacity in the second quarter of this year, a record for any quarter. New installations in the first half of the year totaled 30.8GWh.

South Korean Battery Makers Leverage Local Production to Target the Market

As the U.S. ESS market expands, South Korean battery makers are accelerating business growth using their local production facilities. Since ESS primarily uses lithium iron phosphate (LFP) batteries, which offer higher fire safety and lower costs, South Korean companies are focusing on securing production capacity and supply chains.

LG Energy Solution (373220.KS) began full operations at its Lansing, Michigan plant last month, completing five local ESS production hubs—four in the United States and one in Canada. Building on its preemptively established production capacity, the company plans to secure more than 50GWh of ESS LFP battery production capacity in North America by the end of this year.

Samsung SDI (006400.KS) acquired GM's entire stake in their joint venture Synergy Cells last month, securing its first standalone battery plant in North America in Indiana. The company plans to establish ESS battery production lines at the facility. Samsung SDI has been expanding its presence in the U.S. since last year by signing large-scale ESS battery supply contracts with major energy companies. Earlier, the company converted existing EV lines at its StarPlus Energy (SPE) joint venture plant with Stellantis in Indiana to ESS production, beginning mass production of NCA (nickel-cobalt-aluminum) batteries last year, with plans to begin LFP battery production in the fourth quarter of this year.

SK On is accelerating the conversion of some existing EV battery production lines at its Georgia plant to ESS LFP battery production. Last month, the company signed a five-year contract with U.S. ESS company Neovolta Power to supply 9GWh of LFP pouch-type battery cells from 2027 through 2031. SK On has also recently signed LFP cathode material supply agreements for ESS with L&F and POSCO Future M, laying the groundwork for ESS battery production in the United States.

Industry observers note that expanding ESS storage capacity to 1TWh in the U.S. market alone represents substantial new demand for the battery industry. The outlook is that South Korean battery makers with local production bases and competitive advantages will have opportunities to further expand their ESS businesses.",https://img.biggo.com/V8-vPe2Qc2qmwmW-NZfvoSi5SNnH3C5ahnzt_JoEmAE/fit/1200/0/sm/0/aHR0cHM6Ly9pbWcuYmdvLm9uZS9uZXdzLWltYWdlL2FpX2dlbmVyYXRlZC8yMDI2LTA5LzljMjM1NDU4LTZhZDctNDk5Ny04MTVhLWVjOGY3OGU3MjI2Nl8xNzkwNDk2NjAwX2RlZmF1bHQuanBn.jpg,N,,2026-09-27 15:59:59.581257
,Louisiana American Energy ,2026-09-27 14:00:14+00:00,YouTube,'It's the new Louisiana Purchase': Carla Sands hails Greenland deal | America Right Now,Not Available,,,,,https://www.youtube.com/watch?v=tBpR2ZrTJNM,Former U.S. Ambassador to Denmark Carla Sands and former National Security Council chief of staff Alex Gray joined “America Right Now” to discuss President D...,Not Available,https://i.ytimg.com/vi/tBpR2ZrTJNM/maxresdefault.jpg,N,,2026-09-27 10:58:41.337834
,Detroit and Evs,2026-09-27 13:53:33+00:00,TechStory,Hyundai Expected to Outsell Ford in Third Quarter as Detroit Automakers Lack Hybrids,Shailja Jha,,,,,https://techstory.in/hyundai-expected-to-outsell-ford-in-third-quarter-as-detroit-automakers-lack-hybrids/,"Hyundai is expected to outsell Ford in the United States during the third quarter for the first time ever, according to a new forecast from Cox Automotive.
One of the factors behind the expected change is the growing demand for hybrid vehicles.
Its broader electrified lineup gives customers the ability to choose between gasoline-powered vehicles, hybrids, plug-in hybrids and fully electric models.
Ford and GM have taken a different approach in recent years, placing substantial emphasis on the transition to electric vehicles.
At the same time, Toyota’s narrowing gap with GM shows that the competitive impact of hybrids extends beyond Hyundai and Ford.","Hyundai is expected to outsell Ford in the United States during the third quarter for the first time ever, according to a new forecast from Cox Automotive. The projected shift would mark a significant milestone for the South Korean automaker and highlight the growing importance of hybrid vehicles in the American auto market.

Cox Automotive analysts expect Hyundai to move ahead of Ford in quarterly U.S. sales as consumers increasingly look for vehicles that offer better fuel economy without requiring a complete transition to electric vehicles. The forecast comes as automakers face changing consumer preferences, elevated vehicle prices and continued sensitivity to gasoline costs.

The potential sales crossover is particularly notable because Ford has long been one of the dominant players in the U.S. automotive industry. Hyundai, meanwhile, has spent years expanding its presence in the country through a broader vehicle lineup, new technology and increased investment in its American operations.

One of the factors behind the expected change is the growing demand for hybrid vehicles. Hybrids combine a conventional gasoline engine with an electric motor, allowing vehicles to achieve better fuel efficiency while retaining many of the characteristics of traditional gasoline-powered cars. They have increasingly become an attractive option for consumers who want to reduce fuel expenses but are not ready to switch completely to battery-electric vehicles.

Cox Automotive analysts said Ford and General Motors are seeing sales lag partly because they do not offer as many hybrid vehicles as some of their competitors. Both Detroit automakers have invested heavily in electric vehicles as part of their long-term strategies, but their relatively limited hybrid portfolios have left them with fewer products in a segment that is gaining momentum.

The shift is important because the U.S. auto market has not moved uniformly toward fully electric vehicles. While EV sales have expanded over the past several years, many consumers continue to consider factors such as vehicle prices, charging availability, driving range and convenience. Hybrids can address some of these concerns by providing improved fuel efficiency without requiring drivers to depend entirely on charging infrastructure.

Hyundai has positioned itself to benefit from this demand by offering hybrid versions of several popular models. Its broader electrified lineup gives customers the ability to choose between gasoline-powered vehicles, hybrids, plug-in hybrids and fully electric models.

That flexibility could prove increasingly important as consumers make purchasing decisions based on individual needs rather than following a single technology trend. Drivers who travel long distances or do not have convenient access to charging infrastructure may find hybrids more practical, while customers seeking maximum fuel savings or zero tailpipe emissions may choose electric vehicles.

Toyota remains the strongest example of the success of this strategy. The Japanese automaker has been a leader in hybrid vehicles for decades and has built a broad range of hybrid models across different vehicle categories. Its established position in the hybrid market has helped it maintain strong demand as American consumers increasingly consider fuel efficiency.

Cox Automotive also expects Toyota to continue narrowing the sales gap with General Motors. GM has remained the leading U.S. automaker by sales, but Toyota’s performance has put increasing pressure on the Detroit company.

Toyota’s success demonstrates how early investment in hybrid technology can provide an advantage when market conditions change. The company began developing and selling hybrid vehicles at a time when the technology was still relatively new, eventually making hybrid powertrains a major part of its product strategy.

Ford and GM have taken a different approach in recent years, placing substantial emphasis on the transition to electric vehicles. Both companies have invested billions of dollars in EV development, manufacturing facilities and battery technology. They have also introduced electric versions of popular vehicle categories, including trucks and SUVs.

However, the slower-than-expected adoption of some electric vehicles has complicated that strategy. Consumers have continued to show interest in gasoline-powered vehicles and hybrids, creating a market in which automakers need to offer multiple powertrain options.

For Ford, the expected third-quarter result would represent a notable change in the company’s competitive position. Ford has traditionally ranked among the top-selling automakers in the United States, supported by strong demand for its trucks, SUVs and commercial vehicles. Moving behind Hyundai in quarterly sales would therefore underscore how quickly the market can change when consumer preferences shift.

Hyundai’s potential rise is also part of a broader transformation in the American auto industry. International automakers have steadily expanded their share of the U.S. market, challenging traditional Detroit manufacturers across several segments. Hyundai has strengthened its reputation through investments in design, technology, safety and electrified vehicles, while also expanding its manufacturing footprint in the United States.

The increasing popularity of hybrids could force automakers to reconsider how they balance investments among gasoline, hybrid and electric technologies. While the long-term industry trend continues toward electrification, the transition may involve several stages rather than a direct shift from gasoline engines to fully electric vehicles.

Hybrid vehicles could play an important role during that transition. They allow automakers to offer improved fuel efficiency while giving consumers an option that does not require major changes to their driving habits.

The third-quarter figures will determine whether Hyundai actually surpasses Ford, but the forecast already points to a broader change in the U.S. automotive market. The competition is no longer simply about which company can sell the most gasoline-powered cars or introduce the newest electric vehicle. Automakers must increasingly respond to consumers who want different combinations of efficiency, affordability, performance and convenience.

Hyundai’s expected move ahead of Ford would therefore be more than a change in quarterly rankings. It would reflect the growing influence of hybrid vehicles and the challenges facing manufacturers whose product strategies have focused heavily on either traditional gasoline vehicles or fully electric models.

At the same time, Toyota’s narrowing gap with GM shows that the competitive impact of hybrids extends beyond Hyundai and Ford. As fuel costs and vehicle efficiency remain important considerations for American buyers, manufacturers with strong hybrid offerings could continue to attract consumers who are looking for an alternative between conventional gasoline vehicles and fully electric cars.

The developments suggest that the U.S. auto market is entering a more diverse phase of electrification, where hybrids, plug-in hybrids, EVs and traditional vehicles compete alongside one another. For automakers, having the right mix of these technologies may become just as important as the strength of individual models.",https://techstory.in/wp-content/uploads/2026/09/Image-8-3.jpg,N,,2026-09-27 12:02:59.349891
,EVs,2026-09-27 13:46:50+00:00,Autocar Professional,"JSW's Ampstar, China-Linked Auto PLI, Ashok Leyland's Battery Plan, Honda's Engine Talks",Angitha Suresh,,,,,https://www.autocarpro.in/news/weekly-wrap-jsws-ampstar-china-linked-auto-pli-ashok-leylands-battery-plan-hondas-engine-talks-134924,"Passenger Vehicles Tata Motors Launches Aeris to Bring Buyers Back to Sedans Tata Motors launched the Aeris compact sedan , replacing the Tigor in its personal-buyer portfolio.
Tata EV Demand Outpaces Supply, Commodity Costs Add Pressure Tata Motors Passenger Vehicles said electric vehicles now account for around 25% of its sales , compared with roughly 14% last year.
The company plans to increase annual output at the facility from around 16,000 vehicles in 2026 to more than 43,000 by 2028.
The company is targeting production of 500-1,000 vehicles in the current financial year and has outlined an ambition to reach 100,000-truck capacity by 2030.
Bharat Forge Raises ₹2,000 Crore Through QIP Bharat Forge raised approximately ₹2,000 crore through a qualified institutional placement, allotting about 1.06 crore equity shares.","India’s automotive industry saw a busy week between September 21 and 27, with new products, manufacturing investments and technology plans taking centre stage.

Tata Motors launched the Aeris compact sedan as it seeks to attract buyers who might otherwise choose a premium hatchback or compact SUV. Suzuki outlined a wider technology roadmap for India, including lower-cost advanced driver assistance systems (ADAS), new powertrains and faster vehicle development. Honda is in talks to source engines for a future compact SUV.

In commercial vehicles, JSW Group formally entered the electric truck and bus market with its Ampstar brand and outlined plans for a substantial manufacturing scale-up. Ather Energy, meanwhile, set out the volume and profitability expectations for its new entry-level scooter.

The week also brought fresh investments across automotive components and semiconductors, Hero Motors’ stock market debut and industry reflections on the first anniversary of GST 2.0.

Here is a round-up of the key developments during the week.

Passenger Vehicles

Tata Motors Launches Aeris to Bring Buyers Back to Sedans

Tata Motors launched the Aeris compact sedan , replacing the Tigor in its personal-buyer portfolio. Introductory prices start at ₹5.29 lakh for the petrol version and ₹6.29 lakh for the CNG version.

The company is positioning the Aeris as an alternative to premium hatchbacks, offering features including six airbags as standard, ventilated front seats and an integrated dashcam on select variants. Tata has also separated its private and fleet propositions, with the Aeris reserved for personal buyers and the Xpres range continuing to serve fleet operators.

An analysis of the product strategy examined how Tata hopes to retain customers who enter showrooms considering a sedan but eventually leave with an SUV.

Tata EV Demand Outpaces Supply, Commodity Costs Add Pressure

Tata Motors Passenger Vehicles said electric vehicles now account for around 25% of its sales , compared with roughly 14% last year. Managing Director Shailesh Chandra said demand for its EVs is nearly three times the supply currently available.

The company also warned of further commodity cost pressure . Chandra said the impact could be equivalent to an additional 3% of revenue in the July-September quarter, following an increase equivalent to around 4% of revenue in the first quarter.

Honda Explores Engines; Renault Sets Duster Hybrid Launch

Honda Cars India is in talks with Horse Powertrain to source a 1.2-litre engine for a future compact SUV, with petrol, hybrid and CNG options under consideration. Honda has not confirmed the proposed sourcing arrangement or product programme.

Renault, meanwhile, confirmed October 17 as the launch date for the Duster strong-hybrid . The 1.8-litre petrol-electric powertrain will join the SUV’s existing turbo-petrol options.

Suzuki Plans Wider ADAS Adoption and New Powertrains

Suzuki Motor Corporation outlined plans to make core ADAS functions standard on future vehicles in India , including affordable models. It is developing a lower-cost system built around cameras and integrated electronics, although the company has not announced the first models or a rollout date.

The Japanese automaker also confirmed development of a plug-in range-extender system for compact cars and a new direct-injection turbocharged engine for markets including India. Its broader engineering roadmap includes cutting vehicle weight by around 100 kg by 2030 and halving new-model development time.

Mahindra Updates Thar; Maybach Facelift Set for India

Mahindra launched the Thar OG, an updated version of its three-door SUV, with introductory prices starting at ₹10.32 lakh. The model gets a revised platform, suspension and steering, along with additional equipment.

At the luxury end of the market, Mercedes-Benz confirmed an October 5 India launch for the facelifted Mercedes-Maybach S-Class. The update brings revised styling, technology and personalisation options.

Stellantis Takes Full Control of India Assembly Venture

Stellantis acquired the CK Birla Group’s remaining stake in Stellantis Automobiles India, taking full ownership of its Thiruvallur assembly operation. The company plans to increase annual output at the facility from around 16,000 vehicles in 2026 to more than 43,000 by 2028.

Commercial Vehicles

JSW Unveils Ampstar, Outlines Electric CV Capacity Plans

JSW Greentech launched Ampstar, its electric commercial vehicle brand, showcasing a 55-tonne tractor-trailer and an electric bus.

Its Chhatrapati Sambhajinagar facility has an initial installed capacity of 15,000 heavy electric commercial vehicles annually. The company is targeting production of 500-1,000 vehicles in the current financial year and has outlined an ambition to reach 100,000-truck capacity by 2030.

JSW said the ₹2,500-crore plant could generate ₹12,000 crore in annual vehicle revenue at full utilisation, which management expects to take five to seven years.

Chairman Sajjan Jindal also outlined a strategy to build automotive R&D capabilities in India, while drawing on technologies already proven in China’s electric vehicle market.

VECV’s New CEO Outlines Growth Strategy

In an interview with Autocar Professional, VECV Managing Director and CEO B. Srinivas outlined his plans for the company after spending 32 years in the organisation. His priorities include expanding Eicher’s presence in heavy-duty trucks, improving vehicle uptime through connected technologies and developing products across multiple fuel types.

Ashok Leyland Evaluates Battery Project in Maharashtra

Ashok Leyland is evaluating an EV battery manufacturing project in Bhandara, Maharashtra, which could involve an investment of ₹10,000-15,000 crore, according to a Times of India report citing Union Minister Nitin Gadkari. The investment remains a proposal, with no final project commitment announced in the report.

Volvo CE Plans Localised Wheel Loaders for 2027

Volvo Construction Equipment said it plans to introduce locally manufactured medium wheel loaders in India in 2027 .

The move is part of a portfolio restructuring following its global exit from Chinese joint-venture partner SDLG. Volvo CE is seeking to address a gap between its existing premium wheel loaders and demand in the broader Indian market.

Cityflo Prepares to Expand Bus Operations

Premium commute operator Cityflo said 120 of its 150 routes are cash positive. The company expects revenue of around ₹300-320 crore this year, compared with about ₹130 crore last year. It plans to add roughly 1,000 buses annually over the next three years, including up to 250 electric buses.

The corporate vehicle leasing market presents a different growth opportunity. A report on India’s field workforce and fleet leasing explored why many companies continue to rely on employees’ personal two-wheelers rather than dedicated vehicle fleets. Leasing operator Ayvens pointed to corporate salary structures, regulatory hurdles and vehicle economics as barriers to wider adoption.

Electric Mobility and Two-Wheelers

Ather Bets on Konarc to Drive Its Next Growth Phase

Ather Energy expects the ₹99,999 Konarc to account for around 50-60% of its portfolio over the next two years as it targets buyers currently using petrol scooters.

Chief Business Officer Ravneet Phokela also said the new scooter delivers better margins than the Rizta, supported by the lower cost structure of Ather’s EL platform.

Its initial rollout remains limited by supply, with production expected to improve after the commissioning and ramp-up of its new manufacturing facility.

Honda Announces Prices for QC3 Electric Scooter and CB500

Honda Motorcycle and Scooter India announced pricing for its QC3 electric scooter, CB500 motorcycle and updated CB350 range.

The QC3 is priced at ₹1.35 lakh, while the CB500 starts at ₹2.75 lakh. The refreshed CB350 range starts at ₹1.95 lakh. The launches mark the retail rollout of products introduced as part of Honda’s expanded portfolio earlier this year.

Ultraviolette Raises $85 Million; Zelio Plans ₹168-Crore Fundraise

Electric motorcycle maker Ultraviolette raised $85 million in fresh funding to support production expansion, next-generation EV platforms and international growth. The company is targeting entry into the US market in 2027 and has outlined plans for manufacturing capacity of up to five lakh vehicles annually.

Zelio E-Mobility also received board approval to raise up to ₹167.96 crore through equity shares and convertible warrants, subject to the required approvals. The proposed funds will support manufacturing expansion, including a planned electric three-wheeler facility in Patan, Haryana, and a wider retail network.

Electric Scooter Exports Jump 450%

Exports of made-in-India electric scooters rose nearly 450% year-on-year to 15,418 units in April-August 2026. TVS Motor led with 6,702 units, followed by Bajaj Auto with 4,818 and Ather Energy with 3,573. Together, the three companies accounted for around 98% of electric scooter exports during the period.

Tata Power and Mahindra Outline Charging Network Expansion

Tata Power has deployed more than 2.5 lakh home chargers and operates over 6,700 public charging points across India, according to Virendra Goyal, Head of Business Development, EV Charging. In a video interview with Autocar Professional, Goyal discussed charging costs, utilisation and the company’s targets of 10,000 public chargers and 7.5 lakh home chargers by 2030.

Mahindra, meanwhile, said its Charge_iN network has reached 50 operational stations, with more than 200 live charging points. The company has also commissioned its first joint fast-charging site with HPCL on the Mumbai-Pune Expressway. It aims to expand to 250 stations and approximately 1,000 charging points by December 2027.

Components, Tyres and Investments

JK Tyre and CEAT Prepare for the Next Expansion Phase

JK Tyre is undertaking a ₹4,980-crore brownfield expansion in passenger-car and truck and bus radial tyres, alongside ₹1,130 crore of projects already under implementation. The new programme is expected to increase combined capacity by about 24% through 2029. Management said capacity constraints had prevented it from fully servicing some export orders, while it continues to focus on premium tyres and fleet services.

CEAT Specialty, meanwhile, is preparing to raise capacity at its Ambernath plant from 105 tonnes per day to 160 tonnes per day. The expansion comes as CEAT integrates the CAMSO business acquired from Michelin, giving it access to construction tyres, tracks, new customers and distribution channels. The next task is to increase utilisation across the acquired operations.

Kaynes Plans $50 Million Automotive Chip Lab

Kaynes Semicon is investing around $50 million in a reliability and failure-analysis laboratory as it builds its automotive semiconductor business. The facility is expected to become operational in December and will initially focus on automotive chip qualification before expanding into space-grade applications.

Bharat Forge Raises ₹2,000 Crore Through QIP

Bharat Forge raised approximately ₹2,000 crore through a qualified institutional placement, allotting about 1.06 crore equity shares. The fundraising adds to a week of capital-raising activity among companies preparing for manufacturing and technology investments.

Endurance and Sedemac Add Manufacturing Capacity

Endurance Technologies commenced production at its approximately ₹401-crore facility in Chhatrapati Sambhajinagar. The plant has an initial casting capacity of 900 tonnes per month, scalable to 1,100 tonnes.

Powertrain and mechatronics supplier Sedemac also began limited commercial production at its third Pune manufacturing facility, with the remaining lines to be operationalised in phases.

Hero Motors Makes Market Debut

Hero Motors listed at ₹82.10 on the BSE, below its IPO issue price of ₹84 per share, before recovering during the first trading session. The ₹1,000-crore offering had been subscribed 6.66 times. The company closed its debut session with a BSE market capitalisation of around ₹4,474 crore.

Policy and Industry Developments

Auto Industry Marks One Year of GST 2.0The industry reflected on one year of GST 2.0, with automakers and dealers pointing to stronger demand following last year’s rate rationalisation.

FADA said vehicle retail exceeded three crore units during October 2025-August 2026, growing nearly 20% year-on-year, compared with growth of less than 5% in the corresponding earlier period. Industry executives also highlighted improving demand for entry-level cars.

Auto PLI Applications Involving Chinese Investment Could Be Considered

The government is likely to consider existing auto PLI applications involving Chinese investment once the necessary foreign direct investment approvals are secured, according to a media report.

The report said the move could cover applications involving JSW MG Motor India and Tata AutoComp’s joint ventures with Chinese companies. The government is not planning to reopen the scheme for fresh applications.

Proposed EU Scrap Restrictions Raise Supply Concerns

India’s automotive recycling chain could face a new raw-material challenge after the European Commission proposed excluding India from the list of non-OECD markets authorised to receive EU metal waste.

If adopted, the proposed restriction would take effect from May 2027. It could affect access to imported metal scrap used by India’s secondary aluminium industry, an important supplier to automakers. The proposal has not yet completed the EU adoption process.

New Rules for Mobile CNG and CBG Refuelling

The government notified rules for mobile CNG and compressed biogas refuelling units, setting out conditions covering ownership, operation, safety systems and permitted applications.

Separately, Maruti Suzuki commissioned a 300kW green hydrogen pilot plant at Manesar. The facility uses surplus solar power to produce hydrogen that is blended with natural gas for manufacturing operations.",https://img.autocarpro.in/autocarpro/e972b302-0d03-48a7-b811-003ddabb25af_Untitled-design-_73_.png,N,,2026-09-27 14:01:05.224149
,Clean Energy ,2026-09-27 13:35:45+00:00,Manufacturing Today India,SWELECT rolls out 5 kW to 50 kW hybrid inverter range - Manufacturing Today India,Staff,,,,,https://www.manufacturingtodayindia.com/swelect-rolls-out-5-kw-to-50-kw-hybrid-inverter-range,"SWELECT Energy Systems Limited has rolled out its SWEES EN+ hybrid inverter range for Commercial and Industrial (C&I) customers, with systems ranging from 5 kW to 50 kW and the ability to scale beyond 50 kW.
The range is designed around the load profiles, solar generation and energy storage requirements of businesses.
SWEES EN+ integrates solar generation, battery storage and grid supply within a single system.
The rollout adds hybrid inverters to SWELECT’s wider energy solutions portfolio, which includes solar manufacturing, engineering, procurement and construction (EPC), power electronics and energy storage.
The SWEES EN+ range is positioned to accommodate businesses that need to combine on-site solar generation, battery storage and grid power within their energy management systems.","SWELECT Energy Systems Limited has rolled out its SWEES EN+ hybrid inverter range for Commercial and Industrial (C&I) customers, with systems ranging from 5 kW to 50 kW and the ability to scale beyond 50 kW.

The range is designed around the load profiles, solar generation and energy storage requirements of businesses. Customers can begin with a system sized to their current energy needs and add capacity as their operations expand.

SWEES EN+ integrates solar generation, battery storage and grid supply within a single system. The company said the approach is intended to help businesses make greater use of on-site solar generation while adding energy storage for backup requirements.

The range has received certification from the Bureau of Indian Standards (BIS) under the Compulsory Registration Scheme (CRS), enabling its rollout in Q2 FY27.

Scalable systems for energy management

SWELECT said the inverter range has been developed in response to changing energy requirements among C&I businesses, including the need to manage electricity costs and power reliability.

Rather than offering a standard configuration, the company said its systems are designed according to individual customer load profiles and applications. This allows the configuration to be adjusted according to operational requirements and future energy needs.

Dr Arulkumar Shanmugasundaram, CEO and Managing Director, SWELECT Energy Systems Limited, said the BIS certification has enabled the company to roll out the SWEES EN+ range from 5 kW to 50 kW, with scalability forming a key part of the product design.

The rollout adds hybrid inverters to SWELECT’s wider energy solutions portfolio, which includes solar manufacturing, engineering, procurement and construction (EPC), power electronics and energy storage.

The company said its experience across these areas will support the development of integrated energy solutions for commercial and industrial applications. The SWEES EN+ range is positioned to accommodate businesses that need to combine on-site solar generation, battery storage and grid power within their energy management systems.",https://www.manufacturingtodayindia.com/cloud/2026/09/27/swelect.jpg,N,,2026-09-27 10:58:24.852968
,Indiana and Evs,2026-09-27 13:31:38+00:00,"LiveNOW from FOX | Breaking News, Live Events",Trump declares end to 'EV mandate' with new fuel economy standards | LiveNOW from FOX,Nick Viviani,,,,,https://www.livenowfox.com/news/trump-declares-end-ev-mandate-new-fuel-economy-standards,"President Donald Trump has signed off on new fuel economy standards that he claims will end a Biden-era push for carmakers to build more electric vehicles.
Big picture view: On Monday, the U.S. Department of Transportation is expected to approve new, dramatically reduced emissions standards that will last through 2031.
In a post announcing his support for the move, Trump said ""these new Standards will take the waste out of building cars in America.""
The backstory: Trump blasted the current fuel economy standards, arguing that they cost manufacturers billions of dollars, wasted billions on chargers, and forced people to buy vehicles that they did not want.
The new standards are expected to cut the cost of building new vehicles, but will drive up fuel consumption and carbon dioxide emissions for decades, the U.S. Department of Transportation predicts.","President Donald Trump has signed off on new fuel economy standards that he claims will end a Biden-era push for carmakers to build more electric vehicles.

Big picture view:

On Monday, the U.S. Department of Transportation is expected to approve new, dramatically reduced emissions standards that will last through 2031. In a post announcing his support for the move, Trump said ""these new Standards will take the waste out of building cars in America.""

What they're saying:

""That means LOWER PRICES, saving families thousands on a new, beautiful, and safe car – Far better than the Environmental Monsters that we were building heretofore,"" Trump wrote in his post. ""Every Manufacturer, from General Motors to Ford Stellantis, has called me wanting to build here, and now they can!""

The backstory:

Trump blasted the current fuel economy standards, arguing that they cost manufacturers billions of dollars, wasted billions on chargers, and forced people to buy vehicles that they did not want.

The new standards are expected to cut the cost of building new vehicles, but will drive up fuel consumption and carbon dioxide emissions for decades, the U.S. Department of Transportation predicts.

RELATED: Trump rescinds nearly $1B in funds approved by Congress: Why senators say it's illegal

By the numbers:

According to Reuters, the new proposal would require an automaker’s fleetwide fuel economy average to be 34.5 miles per gallon by 2031, a sharp decrease from the 50.4 miles per gallon under the current regulations.

Reducing the restrictions is predicted to shave $930 off the cost of an average new vehicle, Reuters reported. Conversely, the new standards are expected to result in 100 billion more gallons of fuel to be consumed, an extra $185 billion spent on fuel, and an increase in carbon dioxide emissions by 5%, according to DOT numbers.

The other side:

Reuters quoted former Transportation Secretary Pete Buttigieg, who led the agency under President Joe Biden, as saying ""lowering standards will accelerate what (Trump) has already been doing: handing the clean tech future to China and forcing Americans to pay more at the pump.""",https://images.foxtv.com/static.livenowfox.com/www.livenowfox.com/content/uploads/2026/09/1200/630/gettyimages-2296609764-ev-mandate.jpg?ve=1&tl=1,N,,2026-09-27 12:59:48.325385
,Clean Energy ,2026-09-27 13:31:02+00:00,www.reddit.com,Trump administration admits it canceled $7.6 billion in clean energy projects 'based solely ... - Reddit,Not Available,,,,,https://www.reddit.com/r/energy/comments/1wrhgd5/trump_administration_admits_it_canceled_76/,"When an administration demonstrates similar reasoning as a petulant child, then you know something's not right.",Not Available,,N,,2026-09-27 15:59:54.065766
,Clean Energy ,2026-09-27 13:08:50+00:00,Bucks County Beacon,Protecting Ratepayers from Data Centers Is Only a Start. We Need to Upgrade Our Energy ...,Tim Hayes,,,,,https://buckscountybeacon.com/2026/09/protecting-ratepayers-from-data-centers-is-only-a-start-we-need-to-upgrade-our-energy-infrastructure-to-lower-costs/,"Last March, I helped pass HB1834, the bill that helped start the conversation about data center protections, through the State House.
She voted against these guardrails, continuing her support for data centers after voting to give them millions in tax breaks.
One of the most important data center guardrails I’ve fought for is protecting ratepayers from utility cost increases by requiring data centers to supply their own energy.
They require data centers to bring energy from outside or fund the infrastructure development necessary to pull their weight.
HB1834 required data centers to partially power themselves with clean energy, but EO2026-05 only encourages it.","Last March, I helped pass HB1834, the bill that helped start the conversation about data center protections, through the State House. Unfortunately, it died in the Senate.

As State Policy Manager for an environmental advocacy group, I spearheaded an advocacy movement to inform legislators in Harrisburg just how vital these protections were for Pennsylvanians. While the bill earned support on both sides of the aisle, my opponent Shelby Labs sided with data center developers and utility companies over her constituents. She voted against these guardrails, continuing her support for data centers after voting to give them millions in tax breaks.

I’m grateful for the Shapiro administration’s latest executive order (EO2026-05) establishing some of the protections we fought for with HB1834, but I’m running for State House because our community needs a Representative in Harrisburg who will codify those protections, not do the bidding of AI companies.

One of the most important data center guardrails I’ve fought for is protecting ratepayers from utility cost increases by requiring data centers to supply their own energy. Ratepayer protections act as a road block for utility companies: they can’t raise your bill just because a data center has added to demands on the grid. Energy supply requirements ease that demand. They require data centers to bring energy from outside or fund the infrastructure development necessary to pull their weight. These measures work to prevent everyday working families from shouldering the intense demands of power hungry data centers, but they won’t stop costs from going up on their own.

The PJM grid supports the energy usage of thirteen states, and already we’re seeing the edges of what the framework can handle. Part of the reason behind electricity rates climbing year after year is the constant upgrades necessary to keep our infrastructure up and running. Regardless of the protections we attempt to place around data centers, their existence will further strain our energy supply and eventually raise our rates.

We must invest in improvements to our existing grid while looking toward renewable, clean energy supplies as a solution. Our grid is sagging under its responsibility, and it’s time to work on offloading that pressure. Legislators are looking into best practices in distributing energy demand during non-peak hours, but this only lessens the issue. Increasing our clean energy capacity and fixing our power grid’s infrastructure can divert pressure from our grid entirely and lower our utility costs while creating good union jobs.

HB1834 required data centers to partially power themselves with clean energy, but EO2026-05 only encourages it. Mega corporations, big tech, and the billionaires behind data centers need Pennsylvania. They need our land, our space, our developed infrastructure, but it’s time they pay for it. Our community should see the benefits, not simply the downsides, of data centers if they want to call our state home. Far from a tax break, I support requirements to ensure data centers bolster our renewable energy availability. Let’s ensure the costs of data centers are paid for by the billionaires who insist on building them, while Pennsylvanians reap the benefits of an unburdened energy grid and the advantages afforded by investments in our clean energy capabilities.",https://buckscountybeacon.com/wp-content/uploads/2025/12/Tim-Hayes-pic-1024x683.jpg,N,,2026-09-27 10:58:37.980408
,Clean Energy ,2026-09-27 13:01:18+00:00,www.planetizen.com,NYCHA's green future? Officials open 'showroom' apartment with sustainable features,Jeanmarie Evelly,,,,,https://www.planetizen.com/news/2026/09/138496-nychas-green-future-officials-open-showroom-apartment-sustainable-features,"This story was originally published by the nonprofit news site City Limits.
Want a tour of NYCHA’s climate-friendlier future?
On Monday, the city unveiled a model apartment in Brooklyn designed to show off new, green technology being installed at select public housing developments across the city—heating and cooking equipment that uses clean energy instead of polluting fossil fuels.
“The technologies in this model apartment show how we are delivering a stronger, more sustainable future for public housing,” Mamdani said in a statement Tuesday.
Others can contact NYCHA’s Asset & Capital Management Division’s Strategic Partnerships team.","This story was originally published by the nonprofit news site City Limits.

Want a tour of NYCHA’s climate-friendlier future?

On Monday, the city unveiled a model apartment in Brooklyn designed to show off new, green technology being installed at select public housing developments across the city—heating and cooking equipment that uses clean energy instead of polluting fossil fuels.

The showroom, opened at the Brooklyn Navy Yard, aims to “give NYCHA residents, design-build teams, property managers and other stakeholders an opportunity to see and experience the technologies firsthand as they plan and carry out future public housing renovations,” according to an announcement from the city.

The equipment includes triple-pane insulated windows, heat pumps and far-infrared radiant (FIR) heating panels—which use electricity to warm and cool apartments—as well as induction stoves to replace gas cooking appliances, which experts say reduce pollution from buildings and improve air quality in residents’ homes.

It comes five months after Mayor Zohran Mamdani released a multi-billion dollar, five-year sustainability plan for NYCHA, which aims to make the green upgrades a key part of renovations as the housing authority chips away at its roughly $78 billion repair backlog.

That plan—which so far, is only about half funded—calls for the installation of heat pumps at 20,000 NYCHA apartments and adding induction stoves in another 10,000 units, among other resiliency improvements, like electric vehicle charging stations.

“The technologies in this model apartment show how we are delivering a stronger, more sustainable future for public housing,” Mamdani said in a statement Tuesday. “Cleaner heat, better cooling and modern appliances can make homes more comfortable while helping us build a city that is ready for the climate challenges ahead.”

Pollution from buildings accounts for roughly 70 percent of New York City’s greenhouse gas emissions, which drive climate change.

Several NYCHA developments have already gotten the upgrades: heat pumps are being used, or will be soon, at the Woodside Houses, Morrisania Air Rights, Claremont Consolidated, Beach 41st Street Houses, Bay View Houses and Campos Plaza II, while a pilot program will test out induction stoves at an initial 100 public housing apartments.

Both the stove and heat pump models were sourced through contests, launched in partnership with the state, that challenged companies to submit proposals for electric appliances that could be installed en masse in multifamily buildings.

Officials said the model apartment at the Brooklyn Navy Yard “will continue to be updated as new products become available, creating a living showcase for the technologies that can help modernize NYCHA homes.”

NYCHA residents who want to view the model apartment can arrange a tour through their tenant association, a spokesperson for the housing authority said. Others can contact NYCHA’s Asset & Capital Management Division’s Strategic Partnerships team.

This article was republished from City Limits, an independent, investigative news source.",https://www.planetizen.com/files/images/Brooklyn-Navy-Yard-Sustainability-Model-Unit-Ribbon-Cutting_LB_20260921_0012-scaled.jpg,N,,2026-09-27 12:59:34.572425
,Detroit Environment,2026-09-27 12:50:55+00:00,WDIV,Sea level rise is reshaping a California beach town and threatening a key rail line - ClickOnDetroit,Associated Press,,,,,https://www.clickondetroit.com/gallery/news/2026/09/27/sea-level-rise-is-reshaping-a-california-beach-town-and-threatening-a-key-rail-line/,Sea level rise is reshaping a California beach town and threatening a key rail line,Not Available,"https://bc.gmg.io/image/upload/c_thumb,q_auto,w_700,f_jpg/media/gmg/K5PTX2EGBZFJJOYGW6HH7CNG3E.jpg?api_key=clickondetroit_06f87fefb2123598",N,,2026-09-27 14:01:19.217924
,Texas Environment,2026-09-27 12:44:50+00:00,Fortune,This billionaire is pouring his fortune into a Texas ghost town of about 25 people,Sydney Lake,,,,,https://fortune.com/2026/09/27/with-no-heirs-to-leave-it-to-this-billionaire-is-pouring-his-fortune-into-a-texas-ghost-town-of-about-25-people/,"Shafter, Texas, is a ghost town in a county that just keeps getting emptier.
Since late 2020, his Tidewater and Big Bend Foundation has taken in nearly $67 million in contributions, according to IRS filings compiled by ProPublica.
That includes $20.6 million in the fiscal year ending November 2024, when the foundation reported $62.5 million in net assets.
The foundation’s signature project is Shafter, the former silver-mining town where about 25 people live, according to the Big Bend Sentinel.
By early 2025, Poindexter had bought several Shafter properties and offered to restore the historic church at the town’s entrance, the Big Bend Sentinel reported.","But what happens when an ultrawealthy person has no descendants?

In the case of 81-year-old billionaire John Poindexter, he’s getting creative and funneling some of his wealth into a quite unexpected cause: a super small town in West Texas.

Shafter, Texas, is a ghost town in a county that just keeps getting emptier. Presidio County had an estimated 5,433 residents in 2025, down 11.4% since 2020 and down from 7,818 in 2010, Census Bureau data shows. The median household income is just $43,802 (about half the median U.S. income), nearly one in five residents lives in poverty, and only about 1.6 people live per square mile.

But Poindexter, a Houston manufacturing magnate, is betting on it anyway. Since late 2020, his Tidewater and Big Bend Foundation has taken in nearly $67 million in contributions, according to IRS filings compiled by ProPublica. That includes $20.6 million in the fiscal year ending November 2024, when the foundation reported $62.5 million in net assets.

The foundation’s signature project is Shafter, the former silver-mining town where about 25 people live, according to the Big Bend Sentinel. The plans, according to the Times, call for a resort and living history museum anchored by a rebuilt saloon, general store, and post office, with about a dozen adobe homes available for overnight rentals.

When the Times asked why his family won’t inherit his wealth instead, Poindexter said: “I’ve never been married, I have no children.” That’s a different path from Warren Buffett, who has directed his $140 billion wealth to four of his family’s foundations so they can choose how to spend it. With no children to hand the reins to, Poindexter is building his own. Poindexter’s foundation will eventually own all of his properties, the Times reported, including the 30,000-acre Cibolo Creek Ranch where Justice Antonin Scalia died in 2016.

‘The place is going to boom’

Shafter’s Presidio Mine operated from 1883 to 1942 and produced 35.2 million ounces of silver, according to Black Bear Minerals, which now owns it. After the mine closed, the town emptied out.

By early 2025, Poindexter had bought several Shafter properties and offered to restore the historic church at the town’s entrance, the Big Bend Sentinel reported. Not every resident is sold on the plan, but a new restaurant and shop would likely be welcome. For now, the closest place to buy groceries is Presidio, which is 19 miles away. Shafter resident and water board president David Long told the Sentinel the preservation efforts could spur more people to move to the ghost town.

“This is a wake-up call for sure, for people to start considering what’s going to happen to the town,” Long told the Sentinel. “Once we get a dependable, good water system in here, the place is going to boom.”

How Poindexter made his fortune and dedicated it to restoration

Poindexter served in Vietnam, received two Silver Stars and two Purple Hearts, and spent 14 years in finance before founding J.B. Poindexter & Co. in 1985. He remains its sole owner. While his net worth isn’t public, the Times characterized him as a billionaire.

His company grew from $40 million in revenue in 1994 to more than $2.7 billion in annualized revenue through more than 40 acquisitions, according to a 2024 EY announcement naming him a regional Entrepreneur of the Year. The company builds the bodies of UPS’s brown delivery trucks and says it produces 66% of the step vans in the U.S. class five delivery market.

Poindexter isn’t the first rich American to try to restore a town’s past.

The Shafter plan is “kind of the same as Colonial Williamsburg, where you can actually stay in town and then some of the structures will just be museum visiting,” Henry Thompson, an officer of Poindexter’s foundation, told the Big Bend Sentinel.

The Colonial Williamsburg restoration dates back to 1926, when John D. Rockefeller Jr. began quietly buying up properties in the former Virginia capital, according to the Colonial Williamsburg Foundation. He insisted on staying anonymous, and a year later he committed $5 million to restore the whole town. Not everyone was on board. When the Rockefellers were finally revealed as the donors at a town meeting, at least one resident stood up to object. Poindexter, meanwhile, is taking a much more public approach. He invited about 200 guests to Shafter over Labor Day weekend, the Times reported.

It’s also a different bet from the ones today’s tech billionaires are making. A group of Silicon Valley investors spent roughly $800 million buying up Solano County farmland to build California Forever, an entirely new city, and faced plenty of local backlash along the way. In other words, they want to build the future from scratch. Poindexter wants to bring back the past.

“I think that we’ve forgotten our origins,” he told the Times. “We’ve forgotten this enormous debt we have to prior generations.”","https://fortune.com/img-assets/wp-content/uploads/2026/09/GettyImages-510188418-e1790356940879.jpg?resize=1200,600",N,,2026-09-27 12:03:02.335672
,Detroit Environment,2026-09-27 12:33:01+00:00,WDIV,Sea level rise is reshaping a California beach town and threatening a key rail line - ClickOnDetroit,"Amy Taxin, Associated Press",,,,,https://www.clickondetroit.com/news/national/2026/09/27/sea-level-rise-is-reshaping-a-california-beach-town-and-threatening-a-key-rail-line/,The beach in this small Southern California community has been shrinking due to rising ocean waters.,Not Available,"https://bc.gmg.io/image/upload/c_thumb,q_auto,w_700,f_jpg/media/gmg/K5PTX2EGBZFJJOYGW6HH7CNG3E.jpg?api_key=clickondetroit_06f87fefb2123598",N,,2026-09-27 14:01:22.205326
,Clean Energy ,2026-09-27 12:17:55+00:00,The Japan Times,Nepal's hydropower ambitions face climate reality check - The Japan Times,"The Japan Times, Jiji, No Author, int-no_author",,,,,https://www.japantimes.co.jp/environment/2026/09/27/energy/nepal-hydropower-focus/,"Nepal’s hydropower boom has long been touted as a cornerstone of economic growth and renewable energy, but the devastating flood in August exposed its vulnerability.
More than 90% of Nepal’s electricity comes from hydropower, but extensive damage to its river projects has prompted questions about its energy security as climate and geological risks intensify.
Nepal’s energy sector accounted for about half of the infrastructure damage from the disaster, according to government assessments.
Seven hydropower projects were directly hit while generation was halted at others, removing 410 MW from the national grid.
Much of Nepal’s hydropower infrastructure lies along steep river valleys fed by glaciers — terrain exposed to floods, landslides and cascading geological hazards.","Nepal’s hydropower boom has long been touted as a cornerstone of economic growth and renewable energy, but the devastating flood in August exposed its vulnerability.

The disaster triggered by a glacial mountain collapse on the China-Nepal border killed more than 1,400 people and left thousands missing — while knocking 410 megawatts (MW), or about 10% of the generation capacity, out of Nepal’s power system.

More than 90% of Nepal’s electricity comes from hydropower, but extensive damage to its river projects has prompted questions about its energy security as climate and geological risks intensify.

“Hydropower has been a major driving force in growth of the country ... generating jobs and income,” Uttam Bhlon Lama, senior vice president of the Independent Power Producers’ Association (IPPAN), said.

“It was bringing huge hope and future prospects to the people,” he said, adding that the country would now have to rethink its dam-building spree.

“We have to prepare ... This is our new normal.”

Over the past decade, the Himalayan nation has increased hydropower output more than fourfold to about 4,120 megawatts, according to government figures, helping connect nearly all its 30 million people to the grid.

The country had previously moved to export surplus electricity to neighboring India and Bangladesh, seeking to turn its glacier-fed rivers into a source of revenue. Authorities suspended electricity exports after the disaster.

The major destruction of hydropower infrastructure underscored the risks of that strategy in a region where glaciers are retreating, permafrost is thawing and extreme hazards are becoming harder to predict.

Nepal’s energy sector accounted for about half of the infrastructure damage from the disaster, according to government assessments.

Seven hydropower projects were directly hit while generation was halted at others, removing 410 MW from the national grid.

Six hydropower projects under construction, with a combined capacity of 508 MW, were also damaged.

Rescuers have continued searching hydropower tunnels for hundreds of missing workers, engineers and other personnel, weeks after the disaster.

The scale of the damage has prompted calls for a rethink of how projects are designed and built.

The disaster has “taught us serious lessons for the future,” Energy, Water Resources and Irrigation Minister Biraj Bhakta Shrestha told parliament on Wednesday.

“We must not only take stock of the damage but also learn from it and develop systems to reduce future risks,” he said.

The World Bank warned that Nepal needs to build a hydropower system capable of anticipating, absorbing and recovering from increasingly complex Himalayan hazards.

Scientists say the August disaster was caused by a complex chain of geological and climatic factors rather than a single extreme weather event.

According to the World Weather Attribution group, the massive rock-and-ice collapse was shaped by long-term warming, glacier retreat and geological instability.

Much of Nepal’s hydropower infrastructure lies along steep river valleys fed by glaciers — terrain exposed to floods, landslides and cascading geological hazards.

“Powerhouses need to be moved higher up from the riverbeds to protect them against floods, we need better evacuation plans and stocked safehouses,” IPPAN’s Lama said.

“We should explore remotely operated systems so people are not stuck inside in case anything happens.”

The flooding has also renewed calls for diversifying the power mix in Nepal, which lacks coal or gas-fired generation capacity.

“Nepal’s electricity system, currently strained and heavily dependent on hydropower, could be made more robust through well-planned additions of solar electricity,” Germany’s development agency GIZ said in a 2024 report.

The challenge extends beyond Nepal.

Glaciers in the wider Himalayan and Hindu Kush ranges are a crucial water source for around 240 million people in the mountainous regions, as well as for another 1.65 billion people in the South Asian and Southeast Asian river valleys below.

Basanta Raj Adhikari, director at the Centre for Disaster Studies at Tribhuvan University, said the Himalayas must be monitored regionally for hotspots to develop early warning systems.

“I call it the fate of the Himalayan people,” he said.

“It can happen anywhere in the world but the Himalayas are experiencing adverse impacts due to climate change and anthropogenic activity,” he said.

“We have to design climate-resilient infrastructures. That is our top priority because we are (facing) existential threat.”",https://www.japantimes.co.jp/japantimes/uploads/images/2026/09/27/565231.jpg?v=3.1,N,,2026-09-27 12:59:38.056952
,American Energy,2026-09-27 11:31:17+00:00,WIRED,The Data Center Backlash Should Also Be a Climate Reckoning. It Isn't Yet | WIRED,Molly Taft,,,,,https://www.wired.com/story/data-center-backlash-climate-reckoning/,"Lots of folks might take the opportunity, as the protesters did, to yell at a data center executive if given the chance.
Local concerns—the kind Sivaram and Cavness seemed to be responding to—have dominated the larger national conversation around data center dissent.
“Climate Week could basically be ‘AI and data center week,” cofounder and managing partner at VoLo Earth told the Wall Street Journal.
“Climate Week could basically be ‘AI and data center week,” cofounder and managing partner at VoLo Earth told the Wall Street Journal.
What We’re Writing If the data center gas buildout keeps raring ahead, the climate is going to need all the help it can get.","Welcome to the latest edition of Power Play! From now until the midterms, senior writer Molly Taft will be sharing their thoughts every Sunday on this political season’s hottest issue: data centers. We welcome reader comments, and will be answering questions from the comments section in future editions.

The post-lunchtime Climate Week panel featuring tech executives working on AI and data centers was only about a minute into the discussion when a man stood up a few rows over from me in the audience and started yelling.

“The idea that we can keep running on fracked gas is a lie!” he exclaimed as security tackled him.

The panel tried to get back to business after the protester was removed—only to be interrupted again when another person stood up. That’s how things proceeded for the next 10 minutes as protesters with the group Extinction Rebellion NYC staggered interruptions, yelling about various harms of AI over the speakers onstage, who tried valiantly to continue their conversation.

For nearly a decade, Extinction Rebellion groups have used public protest to draw attention to the climate emergency, staging disruptions at corporate-friendly events like this one at Climate Week. Usually, these types of interruptions draw polite silences or subtle eyerolls from panelists waiting for them to stop.

But this experience seemed particularly frustrating to these panelists. Cully Cavness, the cofounder and president of data center infrastructure company Crusoe, confessed to the session’s moderator that he was still thinking about the interruption several minutes after security had taken the last protester out.

I get why they were on edge. The protest at the panel was a microcosm of the tough couple of months for data center defenders, with public opinion at rock-bottom levels and moratoriums popping up in red and blue states. It’s understandable why tech folks would be tense.

Cavness, at one point, said that he assumed most of the protesters probably didn’t even live near a data center and didn’t understand the benefits they could bring to the local tax base. Emerald AI’s Varun Sivaram forged ahead talking about how data centers could become “good citizens,” to work on the grid to lower bills and bring more clean energy online.

“Careful what you wish for,” Sivaram cautioned the now-absent protesters near the end of the session, warning that depriving communities of data centers could deprive them of good actors to help transform the grid.

Lots of folks might take the opportunity, as the protesters did, to yell at a data center executive if given the chance. But unlike the Extinction Rebellion NYC members, climate change almost certainly wouldn’t be the first thing on their minds. Data centers were a hot topic at Climate Week, but it’s also a self-selecting event where people care about one particular issue.

Local concerns—the kind Sivaram and Cavness seemed to be responding to—have dominated the larger national conversation around data center dissent. Poll after poll show that climate is one of the last data center-related environmental concerns on the list for many voters behind water, energy use (and its impact on bills), and local air and noise pollution. Even some climate folks—notably investors—see the state of the atmosphere as a backseat issue. “Climate Week could basically be ‘AI and data center week,” cofounder and managing partner at VoLo Earth told the Wall Street Journal. “It’s all about energy, and most of us as climate investors, myself included, are focused on the energy system.”

During Climate Week, I also caught up with William Lawrence, who is currently locked in a tight race for Michigan’s 7th congressional district. Lawrence knows the climate crisis well—he’s one of the original founders of the Sunrise Movement climate activist group. He’s also made data center opposition, as well as opposition to AI, a cornerstone of his pitch to voters, which helped him win a tough Democratic primary.

Lawrence says there are at least three hyperscalers building projects in his district, and he just released a wide-ranging platform to stop AI development. The platform says that data centers “threaten our air, water and quality of life,” but makes no mention of climate change. When I ask him about the omission, he says that there are Michiganders coming to him with climate concerns about data centers, although water concerns and energy bills tend to rank higher. He says that in general, there’s a strong “environmental consciousness” animating the data center movementt—which may include climate, but isn’t always expressed exclusively in terms of worries about emissions.

“We have a small amount of billionaires and political insiders who have made it impossible to feel confident about the future,” he says. “They’ve destabilized our ecological system. They’ve destabilized the political order.”

Sivaram’s point that the massive influx of electricity demand from data centers could help to transform our electricity sector for the better is true. Unfortunately, that’s not what’s happening on the ground, where data centers are facilitating a massive fossil fuel buildout that’s happening faster than expected.

A day before the panel, at a different briefing, I watched BloombergNEF analysts talk about the group’s projections of a massive new influx of demand for fossil fuel power over the coming years, driven primarily by data centers. Data centers, according to BNEF’s analysis, will likely comprise more than 5 percent of global electricity demand by 2035, tripling their needs now. The majority of that demand will be met by new and existing natural gas plants, and could raise the power sector’s emissions by 6 percent in less than 10 years.

That doesn’t even account for gas power plants being built off the grid to service data centers. A separate BNEF analysis of 99 proposed on-site gas power plants found that they could increase US power sector emissions by 20 to 33 percent if they’re all built, posing a major climate threat. Declines in emissions from coal plant retirements will be more than offset by new gas emissions, and more coal plants are staying online thanks to the new demand.

Even if data centers pull off the PR turnaround of the century and ease concerns about water use and energy bills, the fossil fuel buildout still looms as one of the biggest consequences of their buildout. Extinction Rebellion may, at the end of the day, be right: all those added emissions mean that even those of us who aren’t living near data centers will end up feeling their impacts.

The post-lunchtime Climate Week panel featuring tech executives working on AI and data centers was only about a minute into the discussion when a man stood up a few rows over from me in the audience and started yelling.

“The idea that we can keep running on fracked gas is a lie!” he exclaimed as security tackled him.

The panel tried to get back to business after the protester was removed—only to be interrupted again when another person stood up. That’s how things proceeded for the next 10 minutes as protesters with the group Extinction Rebellion NYC staggered interruptions, yelling about various harms of AI over the speakers onstage, who tried valiantly to continue their conversation.

For nearly a decade, Extinction Rebellion groups have used public protest to draw attention to the climate emergency, staging disruptions at corporate-friendly events like this one at Climate Week. Usually, these types of interruptions draw polite silences or subtle eyerolls from panelists waiting for them to stop.

But this experience seemed particularly frustrating to these panelists. Cully Cavness, the cofounder and president of data center infrastructure company Crusoe, confessed to the session’s moderator that he was still thinking about the interruption several minutes after security had taken the last protester out.

I get why they were on edge. The protest at the panel was a microcosm of the tough couple of months for data center defenders, with public opinion at rock-bottom levels and moratoriums popping up in red and blue states. It’s understandable why tech folks would be tense.

Cavness, at one point, said that he assumed most of the protesters probably didn’t even live near a data center and didn’t understand the benefits they could bring to the local tax base. Emerald AI’s Varun Sivaram forged ahead talking about how data centers could become “good citizens,” to work on the grid to lower bills and bring more clean energy online.

“Careful what you wish for,” Sivaram cautioned the now-absent protesters near the end of the session, warning that depriving communities of data centers could deprive them of good actors to help transform the grid.

Lots of folks might take the opportunity, as the protesters did, to yell at a data center executive if given the chance. But unlike the Extinction Rebellion NYC members, climate change almost certainly wouldn’t be the first thing on their minds. Data centers were a hot topic at Climate Week, but it’s also a self-selecting event where people care about one particular issue.

Local concerns—the kind Sivaram and Cavness seemed to be responding to—have dominated the larger national conversation around data center dissent. Poll after poll show that climate is one of the last data center-related environmental concerns on the list for many voters behind water, energy use (and its impact on bills), and local air and noise pollution. Even some climate folks—notably investors—see the state of the atmosphere as a backseat issue. “Climate Week could basically be ‘AI and data center week,” cofounder and managing partner at VoLo Earth told the Wall Street Journal. “It’s all about energy, and most of us as climate investors, myself included, are focused on the energy system.”

During Climate Week, I also caught up with William Lawrence, who is currently locked in a tight race for Michigan’s 7th congressional district. Lawrence knows the climate crisis well—he’s one of the original founders of the Sunrise Movement climate activist group. He’s also made data center opposition, as well as opposition to AI, a cornerstone of his pitch to voters, which helped him win a tough Democratic primary.

Lawrence says there are at least three hyperscalers building projects in his district, and he just released a wide-ranging platform to stop AI development. The platform says that data centers “threaten our air, water and quality of life,” but makes no mention of climate change. When I ask him about the omission, he says that there are Michiganders coming to him with climate concerns about data centers, although water concerns and energy bills tend to rank higher. He says that in general, there’s a strong “environmental consciousness” animating the data center movementt—which may include climate, but isn’t always expressed exclusively in terms of worries about emissions.

“We have a small amount of billionaires and political insiders who have made it impossible to feel confident about the future,” he says. “They’ve destabilized our ecological system. They’ve destabilized the political order.”

Sivaram’s point that the massive influx of electricity demand from data centers could help to transform our electricity sector for the better is true. Unfortunately, that’s not what’s happening on the ground, where data centers are facilitating a massive fossil fuel buildout that’s happening faster than expected.

A day before the panel, at a different briefing, I watched BloombergNEF analysts talk about the group’s projections of a massive new influx of demand for fossil fuel power over the coming years, driven primarily by data centers. Data centers, according to BNEF’s analysis, will likely comprise more than 5 percent of global electricity demand by 2035, tripling their needs now. The majority of that demand will be met by new and existing natural gas plants, and could raise the power sector’s emissions by 6 percent in less than 10 years.

That doesn’t even account for gas power plants being built off the grid to service data centers. A separate BNEF analysis of 99 proposed on-site gas power plants found that they could increase US power sector emissions by 20 to 33 percent if they’re all built, posing a major climate threat. Declines in emissions from coal plant retirements will be more than offset by new gas emissions, and more coal plants are staying online thanks to the new demand.

Even if data centers pull off the PR turnaround of the century and ease concerns about water use and energy bills, the fossil fuel buildout still looms as one of the biggest consequences of their buildout. Extinction Rebellion may, at the end of the day, be right: all those added emissions mean that even those of us who aren’t living near data centers will end up feeling their impacts.

What We’re Writing

If the data center gas buildout keeps raring ahead, the climate is going to need all the help it can get. This week, I covered the launch of a new startup that aims to use supercritical CO2 technology to make dirty data center gas turbines more efficient. It’s been studied for decades as a potential energy solution, but it’s yet to be successfully commercialized. The founders hope that deep-pocketed data center operators that are also hungry for power will bet on the tech to meet some of their energy needs and help bring down costs. Eventually, they want to expand the use of the technology to supercharge clean energy sources, like nuclear.

What We’re Reading

Google will launch an experimental satellite next week outfitted with computer chips to test how data centers may perform in space. The company says the satellite will stay in orbit for a year; its equipment will answer ""simple queries,"" the New York Times reports.

Oracle has sent a force majeure notice, which could allow it to delay payments to the developer of its data center project in New Mexico, which has been plagued by multiple local environmental challenges and permitting issues. Bloomberg broke the story.

Should Native American tribes support data center development? It's an issue splitting candidates and leaders all over the country; TIME has the story.","https://media.wired.com/photos/6ab67c97580ac2113d437689/191:100/w_1280,c_limit/092526-Power%20Play.jpg",N,,2026-09-27 09:00:45.722457
,EPA,2026-09-27 11:23:05+00:00,www.marketscale.com,EPA's $251M WIFIA loan funds Las Virgenes Pure Water - MarketScale,MarketScale,,,,,https://www.marketscale.com/industries/engineering-and-construction/epas-251m-loan-funds-first-local-water-supply-for-105000-las-virgenes-customers,"The Las Virgenes-Conejo region of Los Angeles and Ventura counties is expected to get its first local water supply from a new purification project, according to WaterWorld.
The money goes to the Pure Water Project, an advanced water purification facility that will turn recycled water into drinking water.
EPA expects it to give the region its first local supply and add capacity and reliability for about 105,000 customers.
Starting principal repayment around the time the asset starts working lines up debt service with the thing the debt paid for.
Why the region wants its own supply Right now the region relies on water imported from Northern California.","The Las Virgenes-Conejo region of Los Angeles and Ventura counties is expected to get its first local water supply from a new purification project, according to WaterWorld. A $251 million federal loan will help fund it.

WaterWorld reported on Sept. 21 that the U.S. Environmental Protection Agency approved a Water Infrastructure Finance and Innovation Act (WIFIA) loan to the Las Virgenes-Triunfo Public Financing Authority. The money goes to the Pure Water Project, an advanced water purification facility that will turn recycled water into drinking water. EPA expects it to give the region its first local supply and add capacity and reliability for about 105,000 customers.

The loan amount grabs attention. For anyone who manages capital programs at a water utility, though, the more useful detail is how the loan gets paid back.

Principal waits for the plant

Under the WIFIA terms, principal payments are deferred until after construction is substantially complete. EPA estimates that timing alone saves the authority about $13.6 million over the life of the loan and softens the hit to customer water bills.

A purification plant delivers no water until it's built. Starting principal repayment around the time the asset starts working lines up debt service with the thing the debt paid for. That suggests the repayment schedule deserves the same attention in a utility's financing talks as the loan size and the rate.

Why the region wants its own supply

Right now the region relies on water imported from Northern California. The improvements are also intended to help the region keep water flowing through droughts, wildfires and other disruptions, and to strengthen emergency response. EPA says lower demand on those imported supplies could leave more water for farms in Central California. EPA counts the project toward the goals of its Water Reuse Action Plan 2.0.

Las Virgenes-Triunfo is borrowing $251 million, and EPA expects the deferred repayment structure alone to save it about $13.6 million.

For agencies at the far end of long import lines, a plant that makes water from recycled supply is one of the few supply projects they can build inside their own service area.

The loan is only part of the cost

The $251 million isn't necessarily the full price of the project. The reporting reviewed here doesn't show the total construction cost or a cost per acre-foot.

That limits how far other utilities can take the $13.6 million figure. Deferred principal is a real saving, but ratepayers' bills depend on the whole capital stack, and one favorable term on one piece of it doesn't set the price of the water.

When repayment starts

Substantial completion is the milestone that matters most here. The deferral ends there and principal payments begin. For utilities weighing similar reuse projects, it is the point to watch.","https://res.cloudinary.com/marketscalecms/image/upload/f_auto,q_auto/v1/payload/media/news-cover-epas-251m-loan-funds-first-local-water-supply-for-105000-las-virgenes-customers?_a=BAMAABhM0",N,,2026-09-27 08:00:43.326430
,EPA,2026-09-27 10:59:46+00:00,www.facebook.com,The US Environmental Protection Agency expects to complete its latest human health risk ...,Not Available,,,,,https://www.facebook.com/CENews/posts/the-us-environmental-protection-agency-expects-to-complete-its-latest-human-heal/1532288035597751/,The US Environmental Protection Agency expects to complete its latest human health risk assessment of the widely-used herbicide glyphosate in 2027.,Not Available,https://external-iad3-1.xx.fbcdn.net/emg1/v/t13/128366743895855184?url=https%3A%2F%2Fs7d1.scene7.com%2Fis%2Fimage%2FCENODS%2FSept--25-Policy-Watch---622142%3AWidescreen%3F%24responsive%24%26qlt%3D90%2C0%26resMode%3Dsharp2%26fmt%3Dwebp%26op_sharpen%3D1&fb_obo=1&utld=scene7.com&dfr=1&_nc_sid=867500&_nc_ht=external-iad3-1.xx.fbcdn.net&stp=dst-jpg_p600x600_tt6&ccb=18-1&_nc_gid=hWYH57aZO_OXhlcpETXKMg&_nc_zt=3&oh=06_Q3_DARQvvWit6PHrcZL5kPCEECZUhHOSs3TRi9xUYVQDO1S0&oe=6ABB148D,N,,2026-09-27 12:59:43.256815
,Clean Energy ,2026-09-27 10:23:29+00:00,environmentaljobs.com,Home Energy Rebate Program Coordinator - Environmental Jobs,Not Available,,,,,https://environmentaljobs.com/job/home-energy-rebate-program-coordinator/,"Virginia Energy’s State Energy Office seeks a Home Energy Rebate Program Coordinator to support development and implementation of the Home Energy Rebates program and statewide energy efficiency goals.
Key duties include launching and managing federally funded residential energy efficiency programs, ensuring compliance with federal and Virginia requirements, and overseeing contractor performance and documentation.
The role also involves close coordination with Virginia Energy staff and external partners across solar, weatherization, energy efficiency, workforce development, and clean energy financing.
Knowledge of coordinated energy efficiency efforts, including utility demand-side management programs.
Ability to set program priorities and balance resources against program needs.","Virginia Energy’s State Energy Office seeks a Home Energy Rebate Program Coordinator to support development and implementation of the Home Energy Rebates program and statewide energy efficiency goals. The coordinator will serve as a subject matter expert, collaborating with internal teams, state agencies, utilities, regulators, contractors, and industry partners. Key duties include launching and managing federally funded residential energy efficiency programs, ensuring compliance with federal and Virginia requirements, and overseeing contractor performance and documentation. The role also involves close coordination with Virginia Energy staff and external partners across solar, weatherization, energy efficiency, workforce development, and clean energy financing.

Virginia Energy’s mission is to lead the Commonwealth to a safe, reliable and responsible energy future with greater emphasis on renewable energy programs and economic development, as well as implement the Virginia’s Energy Plan to ensure the Commonwealth has abundant, reliable, affordable and clean energy.

Come be a part of an agency that makes a difference. We have offices in Big Stone Gap, Charlottesville, and Richmond, Virginia.

Minimum Qualifications

Knowledge of current and emerging energy conservation resources and technologies, and financing methods and programs.

Ability to manage multiple projects and contracts simultaneously, including contractor oversight, compliance monitoring, and follow-up on performance or expenditure concerns.

Ability to communicate effectively orally and in writing, and to analyze invoices, expenditure reports, budgets, audit findings, performance reports, and supporting documentation with accuracy and attention to detail.

Strong knowledge of computer business and communications application software such as Microsoft Office and Google products and applications.

Ability to establish and maintain effective working relationships with customers and internal and external stakeholders.

Knowledge of coordinated energy efficiency efforts, including utility demand-side management programs.

Ability to set program priorities and balance resources against program needs.

Ability to interact effectively with federal, state, and local government officials and representatives of private sector consultants, vendors, and contractors.

Hiring Range: $73,000 – $83,000",https://environmentaljobs.com/wp-content/uploads/2021/12/cropped-EJFAVICON-32x32.png,N,,2026-09-27 09:00:41.058893
,American Energy,2026-09-27 10:19:19+00:00,The Conversation,Africa's mineral strength is wasted if countries don't work together – new report,"Gideon Ndubuisi, Elvis Korku Avenyo, Solomon Owusu, Woubet Kassa",,,,,https://theconversation.com/africas-mineral-strength-is-wasted-if-countries-dont-work-together-new-report-290306,"However, most African countries still export transition minerals in raw or lightly processed form rather than turning them into higher-value materials, components and finished products.
Collective mineral strength, shallow value capture Our research found deposits, reserves, or production of at least one transition mineral in 48 African countries.
Notably, apart from South Africa, Nigeria and the DRC, most African countries exported less than 1% of each mineral globally.
African countries could strengthen their position in mineral markets by coordinating their trade policies rather than acting separately.
It imported over 30% of those exports on average, and was the second biggest buyer of six other green transition minerals.","Green technologies are mineral-intensive: electric vehicles, batteries, solar panels, wind turbines and grids need cobalt, lithium, copper, manganese, graphite and rare earths. The International Energy Agency estimates that electric cars require six times more minerals than a petrol or diesel car. A wind power plant requires about nine times more minerals than a gas-fired plant.

As the global green transition speeds up, the growing demand for green technologies and minerals creates an opening for Africa, which has deposits of several of the minerals needed.

Read more: Zimbabwe’s lithium is in demand for making batteries: how to make sure benefits flow to the local economy

Yet just having these minerals in the ground does not automatically create industries or shared prosperity. In fact, developing countries endowed with minerals often struggle to benefit economically from mining.

We are scholars of how countries build industries and reshape their economies. Our latest study, commissioned by the World Bank, explored how far African countries have moved beyond mining the minerals needed for the energy transition. We examined whether they are processing and refining these minerals or making components for green technologies that use them.

Our analysis followed four steps. First, we identified the transition minerals found in each African country. Second, we examined trade data to see which countries export these minerals and where they are sold.

Third, we looked at where African countries participate in the value chain of green technology. We wanted to find out whether they only mine the mineral and then export it raw, or whether they process it before selling it or produce a final product for sale, such as solar panels. Fourth, we reviewed national and regional mineral and industrial policies.

Read more: A new class of metals could transform Africa’s clean energy economy – scientists explain

We found that African countries have deposits of 41 minerals that are used across bioenergy, electricity networks and infrastructure, batteries, energy storage and electric vehicles, and carbon capture and storage. These minerals are also sought after for fuel cells and hydrogen, geothermal energy, heat pumps, hydropower, nuclear power, solar power and wind power.

However, most African countries still export transition minerals in raw or lightly processed form rather than turning them into higher-value materials, components and finished products.

Read more: Has finance for green industry had an impact in Africa? What’s happened in 41 countries over 20 years

African countries therefore have only a very small presence in the green-technology industries that depend on these minerals. As a result, Africa’s mineral wealth has not yet led to high levels of industrial activity, well-paid jobs, higher incomes or wide improvements in living standards.

We found that national and regional institutions are taking steps to change this, but most initiatives are still at an early stage.

Collective mineral strength, shallow value capture

Our research found deposits, reserves, or production of at least one transition mineral in 48 African countries. South Africa had 24 of the 41 minerals; Nigeria and the Democratic Republic of Congo (DRC) each had 14.

Collectively, Africa holds about 96% of global platinum group metal reserves, 77% of phosphate reserves, and 55% of cobalt reserves. Phosphate and cobalt are used in electric vehicle batteries, while platinum is used in technologies that produce and use green hydrogen.

Yet most countries individually accounted for only small global shares. This matters because small national volumes can make it harder for a country acting alone to influence buyers, attract large processing plants, build complete supply chains or compete with established producers elsewhere.

Read more: DRC is the world’s largest producer of cobalt – how control by local elites can shape the global battery industry

Trade data reinforces these findings. Notably, apart from South Africa, Nigeria and the DRC, most African countries exported less than 1% of each mineral globally. For several minerals, such as nickel, rare earths, silver and lithium, Africa’s five largest exporters together supplied less than 10% of world exports.

African countries could strengthen their position in mineral markets by coordinating their trade policies rather than acting separately. Private companies hold mining licences, but permission to extract minerals does not always include an unrestricted right to export them. Governments may therefore have some scope to coordinate trade rules. How this would work alongside companies’ existing rights, and whether it would require their agreement, needs to be further studied.

Read more: Lithium in the Sahel: how armed groups are exploiting the global scramble for the critical mineral

A deeper weakness identified in our study is limited local processing of minerals. This mainly happens in a few countries such as South Africa, Democratic Republic of Congo, Zambia and Zimbabwe. The processing these countries do often involves crushing and concentrating ore, rather than making products from the mineral.

African countries lose out because of this. For example, Congolese cobalt can sell for US$5.80 per kilogram at the point of extraction. But after local refining, the price increases to US$16.20 per kilogram, nearly tripling its value.

A green economy built on old dependencies

Asia (China in particular) is the leading importer of 16 minerals from Africa. It imported over 30% of those exports on average, and was the second biggest buyer of six other green transition minerals.

Our research found that China absorbed over 40% of Africa’s annual mineral ore exports. This shows that Africa is repeating a familiar pattern: mining raw materials while other countries turn them into more valuable products.

Read more: China and the US are in a race for critical minerals. African countries need to make the rules

The history of Africa, plus low industrialisation levels, means that African countries are also almost invisible in green technology value chains. Between 2017 and 2023, Africa’s global patent share across the technologies studied remained below 0.4%, while its export share was below 1% in every category. African countries currently participate in the green economy more as consumers, rather than producers.

African governments are asserting agency

We also found that African governments are changing mining laws, restricting exports, taking ownership stakes and forming partnerships to gain more from their minerals. They want more processing, investment, jobs and income to stay at home. Most are acting individually, although some are working together across borders.

Acting alone has limits. Many countries supply too little to influence large international buyers. If one country demands higher prices or local processing, buyers can shop elsewhere.

Many also lack reliable electricity, affordable loans, transport and skilled workers to process minerals and make components.

What needs to happen next

Africa is very strong in minerals as a continent. However, deeper regional cooperation would help African countries build industries, not simply trade more easily with one another, a central thesis of a related study, Integrating Africa: From Threads to Hubs. Pooling mineral supplies, markets, infrastructure and skills could lower costs and give them more power when negotiating with global companies. A shared processing centre serving countries across Africa would also help the continent.

Read more: Why Africa needs a green bank to fund climate action and build its own renewable technology

To make this happen, African finance and mineral institutions and national governments must agree on common priorities and similar rules about how minerals are processed, and how environmental damage is managed.

Development finance has a role to play. Regional development banks and other African financiers could help fund shared electricity, transport and mineral-processing infrastructure, while universities and businesses develop the technical skills these industries need.

Partnerships with foreign governments and companies should also go beyond extracting and exporting minerals. They should include commitments to process more minerals in Africa, share technology and know-how, train workers, and help local firms become suppliers to emerging green industries.",https://images.theconversation.com/files/761388/original/file-20260922-50-ghqviy.jpg?ixlib=rb-4.1.1&rect=0%2C1388%2C8660%2C4330&q=45&auto=format&w=1356&h=668&fit=crop,N,,2026-09-27 12:59:40.418680
,Detroit and Evs,2026-09-27 10:05:50+00:00,autoevolution,Your Next General Motors EV Could Run Batteries With Fully Recycled Cathode Material,"Mircea Panait, www.autoevolution.com, mircea-panait",,,,,https://www.autoevolution.com/news/your-next-general-motors-ev-could-run-batteries-with-fully-recycled-cathode-material-276189.html,"This cathode material comes from battery packs originating from older BEVs.
The pathway to using fully recycled cathode material took years to build.
It has to be refined into active cathode material, namely the layer of the battery cell whose nickel, cobalt, and manganese content drives cost, performance, and safety.
The refinement process resulted in more than 12 metric tons (26,455 pounds) of new active cathode material.
Testing showed that cells built from the recycled material performed as well as cells made from new stock.","Detroit's largest automaker has confirmed that its battery-electric vehicles now ship with traction batteries that may contain 100 percent recycled nickel, cobalt, and manganese. This cathode material comes from battery packs originating from older BEVs. The first vehicles produced with such batteries rolled off the assembly lines at Spring Hill Assembly and Factory ZERO earlier this month.

The pathway to using fully recycled cathode material took years to build. General Motors collaborated with partners across cell manufacturing, materials processing, and the recycling side of the biz to recover critical minerals from retired packs and return them to completely new cells. The roster includes LG Energy Solution, Ultium Cells, and Cirba Solutions.

As per the largest automaker of the Detroit Big Three, no fewer than 80 end-of-life batteries were recovered by Cirba Solutions. After disassembly, the packs were then processed, converting their contents into a black mass containing the cathode and anode materials. That mass cannot be used on its own.

It has to be refined into active cathode material, namely the layer of the battery cell whose nickel, cobalt, and manganese content drives cost, performance, and safety. The refinement process resulted in more than 12 metric tons (26,455 pounds) of new active cathode material. Before any of it went into a cell, it had to clear the same quality, performance, and safety validation GM applies to virgin material.

Testing showed that cells built from the recycled material performed as well as cells made from new stock. Ultium Cells, namely the GM joint venture with LG Energy Solution, then produced the cells. Workers ultimately assembled them into all-new modules and packs at the Spring Hill and Factory ZERO plants.

Raw materials are among the largest cost drivers in a battery cell in the automotive industry, so recovering them can push cell costs down over time while cutting reliance on newly mined material. Shoring up the supply chains also needs to be considered. GM claims that current recycling processes can recover up to 95 percent of the nickel, cobalt, and manganese in an end-of-line pack.

Depending on process conditions and chemistry, up to 80 percent of the lithium can be recovered as well. Future processes are certain to push those numbers higher. All told, more than 70 percent of battery components are recycled. Packs can also move into stationary energy storage before they're torn down for materials.

GM and Redwood Materials are deploying no fewer than 10,000 second-life batteries into energy infrastructure, including the largest second-life battery microgrid in North America. Additional deployments are planned inside the automaker's US manufacturing footprint, and General Motors isn't alone in chasing this.

Both Tesla and Porsche are betting on battery recycling, and we also have to remember that Rivian is working with Redwood Materials to run its Illinois-based factory on second-life battery storage. For General Motors, the pilot's real output is data. Partners involved in the program expect nearly 14 million electric vehicle batteries reaching end-of-life status by 2040.

Given how many batteries will hit end of life over the next decade and beyond, General Motors' program gives the company a foundation of experience to build on as volumes grow. The pilot supports larger goals of cutting the carbon footprint of battery materials and reducing costs to consumers, with more details to be shared by GM at Climate Week NYC.",https://s1.cdn.autoevolution.com/images/news/your-next-general-motors-ev-could-run-batteries-with-fully-recycled-cathode-material-276189_1.jpg,N,,2026-09-27 06:59:17.023876
,Clean Energy ,2026-09-27 10:01:07+00:00,Spherical Insights,France's Cleantech Funding Boom: €1.4 Billion Signals a Market Moving Toward Scale,Spherical Insights,,,,,https://www.sphericalinsights.com/blogs/france-s-cleantech-funding-boom-1.4-billion-signals-a-market-moving-toward-scale,"Energy investment spans multiple technologies, including renewable power generation, energy storage, smart grids, energy-efficiency solutions, low-carbon fuels and advanced nuclear technologies.
Market Stats Energy accounted for 39% of France’s €1.4 billion ( US$1.64 billion) cleantech funding in H1 2026, making it the largest investment category.
Government Funding Is Shaping Commercialization Government support is playing a significant role in the development of the French cleantech market.
Investment Is Spread Across Multiple Cleantech Segments Although energy captures the largest share, France's cleantech market is increasingly diversified.
Future opportunities are expected to emerge across renewable energy, nuclear technologies, energy storage, smart grids, sustainable mobility, circular economy and green industrial processes.","France’s cleantech sector is gaining momentum as investors and public institutions support decarbonisation, renewable energy, resource efficiency and sustainable technologies, strengthening the country’s low-carbon industrial ecosystem.

France’s cleantech sector is attracting strong investment as companies, investors and public institutions increase spending on decarbonisation, energy security, renewable energy and resource efficiency. French cleantech companies raised €1.4 billion (US$1.64 billion) during the first half of 2026, comprising €830 million (US$971 million) in private equity and €565 million (US$661 million) through debt, grants, guarantees and loans. Government support accounted for €215 million (US$252 million) of the funding, highlighting the role of public finance in accelerating emerging technologies.

Energy was the largest investment category, representing 39% of total funding, equivalent to approximately €546 million ( US$639 million). Resources and environmental management accounted for 21%, or around €294 million (US$344 million), while agriculture and food represented 19%, equivalent to approximately €266 million (US$311 million). The funding mix is significant because cleantech businesses often require substantial upfront capital for technology development, demonstration projects, manufacturing facilities and infrastructure before reaching commercial scale. The growing availability of private equity alongside government grants, loans and guarantees is helping companies move from early-stage development toward industrial deployment. The investment momentum also reflects France’s broader push to strengthen low-carbon infrastructure and reduce dependence on fossil fuels.

The key challenge now is converting this capital into commercial projects, manufacturing capacity, revenues, employment and export opportunities, determining how effectively France can build a competitive domestic cleantech industry.

Energy Emerges as the Largest Investment Segment

Energy emerged as the largest investment segment in France’s cleantech sector during H1 2026, accounting for 39% of total funding. Based on the €1.4 billion raised across the sector, this represents approximately €546 million ( US$639 million) directed toward energy-related technologies. Resources and environmental management accounted for 21%, while agriculture and food represented 19%. Energy investment spans multiple technologies, including renewable power generation, energy storage, smart grids, energy-efficiency solutions, low-carbon fuels and advanced nuclear technologies.

The diversity of these investments reflects France’s need to expand low-carbon electricity capacity while supporting the electrification and decarbonisation of industry and transport. Innovative nuclear technology is also attracting substantial capital, with approximately €165 million (US$193 million) in private funding during H1 2026, according to Cleantech for France. This highlights the distinctive structure of France’s energy-transition market, where investment is distributed across both established and emerging low-carbon technologies rather than concentrated in renewables alone.

The combination of renewable energy, nuclear power, storage and grid technologies is creating opportunities across the wider energy ecosystem, from electricity generation and transmission to energy management, infrastructure development and industrial decarbonisation.

Market Stats

Energy accounted for 39% of France’s €1.4 billion ( US$1.64 billion) cleantech funding in H1 2026, making it the largest investment category.

Energy attracted approximately €330 million (US$386 million) in private-equity investment, representing nearly 40% of total private-equity funding.

Innovative nuclear energy attracted approximately €165 million (US$193 million) in private funding during H1 2026, including fundraising by Calogena, Jimmy and newcleo.

France’s France 2030 programme allocated more than €180 million (US$211 million) to its first two innovative small-reactor projects announced in March 2026.

France has committed approximately €1.2 billion (US$1.40 billion) through France 2030 to support the development of its nuclear sector, including innovative small-reactor technologies.

Government Funding Is Shaping Commercialization

Government support is playing a significant role in the development of the French cleantech market. Of the €565 million (US$661 million) raised through debt, grants, guarantees and loans during H1 2026, €215 million (US$252 million) came from government grants. Public funding is particularly relevant to capital-intensive technologies because it can reduce the financial risk associated with demonstration and industrialisation. This is important in areas such as renewable infrastructure, hydrogen, batteries, carbon-management technologies and industrial decarbonisation, where commercial projects can require substantial upfront investment.

France also has an established public investment ecosystem through Bpifrance. Its cleantech, smart-city and impact funds have almost €300 million (US$351 million) under management and can invest between €500,000 (US$585,000) and €10 million (US$11.7 million) in Series A to Series C financing alongside private investors. Its portfolio includes companies working in smart mobility, renewable energy, smart grids, green chemistry, agritech, circular economy and smart buildings.

Another important instrument is Bpifrance’s SPI industrialisation fund, which manages approximately €800 million ( US$936 million), with individual investments ranging from €10 million ( US$11.7 million) to €160 million (US$187 million). Such public investment can help cleantech companies overcome the “valley of death” between prototype development and mass production by providing capital for manufacturing capacity and industrial-scale deployment.

Investment Is Spread Across Multiple Cleantech Segments

Although energy captures the largest share, France's cleantech market is increasingly diversified. Resources and environmental management account for 21% of investment, while agriculture and food represent 19%.

This creates several distinct market opportunities.

Circular economy and resource management can include recycling, waste treatment, material recovery and eco-design. Increasing pressure to reduce raw-material consumption can create demand for technologies that improve material efficiency.

Agritech and sustainable food technologies represent another important opportunity. Companies are developing solutions aimed at improving agricultural productivity while reducing environmental impacts and resource consumption.

Mobility is also developing as a cleantech investment category. In September 2026, VINCI Concessions, Epopee Gestion and Ademe Investissement mobilized €90 million (US$105 million) for an initial rollout of 20 high-power charging stations for electric heavy goods vehicles in France and Europe. The stations are designed around high-power and Megawatt Charging System technology for electric freight vehicles.

Meanwhile, France is also investing in floating offshore wind infrastructure. In July 2026, the government announced €260 million (US$304 million) in public funding for floating-wind infrastructure at five French ports, with total investment across those ports expected to approach €1.17 billion (US$1.37 billion).

These developments show that the cleantech opportunity extends beyond startups developing individual technologies. Infrastructure, logistics, industrial equipment and enabling technologies can also capture significant investment.

Unlock exclusive market insights. Blog news—Download the Brochure now and dive deeper into the future of the Market

Competitive Landscape: Who Is Capturing the Capital?

France's cleantech competitive landscape includes startups, industrial corporations, utilities, infrastructure companies, financial investors and government-backed institutions.

Bpifrance currently reports a cleantech, smart-city and impact portfolio containing 25 technology and service startups. Its portfolio companies have raised more than €450 million (US$512.6 million) from international financial and corporate investors, demonstrating how public investment can help attract additional private capital.

At the larger end of the market, established companies are also becoming important participants in the transition. Industrial corporations have the financial resources, manufacturing infrastructure and customer relationships needed to commercialize technologies at scale.

This creates a competitive environment with several layers:

Startups compete through technological innovation.

Growth-stage companies compete on commercialization and scaling.

Industrial companies leverage manufacturing and distribution capabilities.

Energy companies provide infrastructure and project-development expertise.

Financial investors determine which technologies receive growth capital.

Government institutions influence market development through grants, guarantees and strategic investment.

For market researchers, mapping these participants is critical. A competitive landscape should track funding rounds, technology focus, partnerships, patents, production capacity, customer contracts and geographic expansion, rather than relying solely on company valuations.

The Market Is Moving from Innovation Toward Industrial Scale

The biggest question facing the French cleantech market is whether €1.4 billion (US$1.59 billion) of financing can translate into commercially viable businesses and large-scale infrastructure.

This transition is particularly important for physical technologies. A startup can demonstrate a working battery, electrolyser, carbon-capture system or renewable-energy component, but scaling production requires factories, equipment, skilled workers, supply chains and long-term customers.

Bpifrance's industrialization strategy explicitly targets this challenge. Its SPI fund focuses on projects requiring significant capital and facing technology, industrial and commercial risks, with the objective of transforming innovative technologies into industrial activity and employment.

The European funding environment is also supporting this transition. In March 2026, the European Commission awarded €2.7 billion (US$3.08 billion) to 54 clean-industry projects across 17 countries and 17 industrial sectors through the Innovation Fund. The projects cover renewable energy, manufacturing, refineries, cement and lime, and net-zero mobility.

For French companies, access to both national and European financing can potentially expand the capital available for industrial-scale projects.

Key Risks and Market Challenges

Despite strong funding activity, the market faces several risks.

The first is capital intensity. Companies may require hundreds of millions of euros to move from pilot projects to commercial production.

The second is technology risk. A technology that works successfully at laboratory or pilot scale may not necessarily achieve competitive economics at industrial scale.

Third, regulatory uncertainty can affect project timelines and investment decisions.

Fourth, companies face supply-chain risks, particularly where technologies depend on critical minerals, specialized components or imported equipment.

Finally, increasing competition means French companies must compete not only domestically but also with companies from the United States, China, Germany and other European markets.

Unlock exclusive market insights. Blog news—Download the Brochure now and dive deeper into the future of the Market

Future Outlook

France’s cleantech sector is expected to maintain strong growth as government policies, private investment and industrial demand accelerate the transition toward a low-carbon economy. Future opportunities are expected to emerge across renewable energy, nuclear technologies, energy storage, smart grids, sustainable mobility, circular economy and green industrial processes. Increasing demand for energy security and reduced fossil-fuel dependence could support continued investment in clean infrastructure and enabling technologies. Public funding is also expected to remain important in supporting emerging technologies move from demonstration to commercial-scale deployment. The sector’s long-term development will depend on converting investment into manufacturing capacity, commercially viable projects, skilled employment and stronger export opportunities.",https://www.sphericalinsights.com/assets/img/sphericalinsights-logo.png,N,,2026-09-27 12:02:40.631085
,Texas Environment,2026-09-27 09:38:39+00:00,www.dallasnews.com,"Letters — Texas manufacturing, military deals, bigotry, ERCOT, climate",Not Available,,,,,https://www.dallasnews.com/opinion/letters-to-the-editor/article/texas-manufacturing-military-bigotry-ercot-22446976.php,"Letters — Texas manufacturing, military deals, bigotry, ERCOT, climate. Readers point out the decrease in manufacturing jobs in Texas, question ...",Not Available,,N,,2026-09-27 06:59:48.814217
,Clean Energy ,2026-09-27 09:21:43+00:00,www.the-sun.com,Millions to get $75 refunds on energy bills this month under state program - The Sun,Not Available,,,,,https://www.the-sun.com/money/17062849/americans-energy-bill-utility-state-califronia-climate-credit/,"Verifying your device, please wait Verification failed.
Please try again.","Verifying your device, please wait

Verification failed. Please try again.",,N,,2026-09-27 05:58:23.659348
,Clean Energy ,2026-09-27 09:21:32+00:00,The State,Georgia emissions could rise after EPA rule repeal | The State,"Emily Jones, For WABE, Courtesy Georgia Power Company",,,,,https://www.thestate.com/news/article317399790.html,"It gives existing coal plants the option to either use technology designed to capture carbon emissions or to close entirely, with a deadline of 2032 to comply.
For new natural gas plants, utilities would need to either install carbon capture or simply run the plants less often.
In their lawsuit, groups including the Natural Resources Defense Council and American Public Health Association argue the proposed change threatens public health and the environment.
Georgia's emissions future Georgia Power continues to use its two coal plants, plus power from Plant Gaston in Alabama.
This article originally appeared on Savannah Morning News: Georgia emissions could rise after EPA rule repeal Reporting by Emily Jones, For WABE / Savannah Morning News USA TODAY Network via Reuters Connect Reuters_USATLocal_GANews","This coverage is made possible through a partnership between WABE and Grist, a nonprofit environmental media organization.

As environmental and public health groups challenge a Trump administration proposal to repeal climate-related standards for power plants, advocates in Georgia warn the rollback is likely to increase greenhouse gas emissions in the state.

The rule the U.S. Environmental Protection Agency wants to repeal was finalized during the Biden Administration. It gives existing coal plants the option to either use technology designed to capture carbon emissions or to close entirely, with a deadline of 2032 to comply. For new natural gas plants, utilities would need to either install carbon capture or simply run the plants less often.

In a statement announcing the change, the EPA said it will ""unleash the full potential of America's vast energy resources, including coal and natural gas.""

""The Trump Administration has come in to protect American energy and to make sure you can afford to keep the lights on,"" said EPA Administrator Lee Zeldin in the statement.

In their lawsuit, groups including the Natural Resources Defense Council and American Public Health Association argue the proposed change threatens public health and the environment.

""Clean air is a basic human right. Power plant pollution threatens the health of millions of Americans and fuels climate change, worsening extreme heat, poor air quality, and other serious health risks,"" said Georges C. Benjamin, CEO of the American Public Health Association, in a statement.

Retiring, then extending coal

In Georgia, where Georgia Power currently operates two coal-fired power plants, the Biden-era rule, which most experts agree was geared toward phasing out coal by requiring either costly technology or closure, was starting to have an effect.

In its 2022 long-term plan, Georgia Power, the state's largest electricity utility, determined that it was too expensive to keep its coal plants running with carbon capture systems. At the time, it had three coal plants in operation in Georgia, plus units at a plant in Alabama that use coal as a backup. The utility asked for permission from state regulators to retire the entire fleet of coal plants, and ultimately got approval to close all but one: Plant Bowen, in Bartow County.

When Trump came back into office, though, the calculus changed. According to Maggie Shober of the Southern Alliance for Clean Energy, utilities have been planning for the repeal of the Biden-era rule since President Donald Trump was elected to a second term.

""Everybody understood it was not going to stay in effect,"" she said.

Indeed, in 2025, Georgia Power got approval from the Georgia Public Service Commission to put off retiring two power plants - one of its own, and one operated by its sister company, Alabama Power. The agreement extended the life of one coal unit at Plant Scherer, near Macon, and four at Plant Gaston, in Alabama. Plant Gaston primarily runs on natural gas, with coal as a backup.

At the same time, the agreement also called for the company to pursue compliance with the Biden-era rule for Plant Bowen and Plant Scherer.

During hearings leading up to the decision, Georgia Power officials told the PSC that in order to account for the regulatory uncertainty, the company ran nine planning scenarios, three of which included compliance with the rule and six of which did not.

""These scenarios provide a flexible framework for the company to evaluate its options among differing plausible future scenarios, positioning it to make informed resource planning decisions,"" Jeff Grubb, the utility's director of resource policy and planning, said in his testimony at the hearing.

In 2024, the most recent year for which the U.S. Energy Information Administration has published data, Plant Bowen emitted nearly 11 million tons of carbon dioxide, and Plant Scherer emitted more than eight million tons, placing them in the top 25 of the most carbon-emitting power plants in the country. Plant Gaston emitted more than two million tons that year.

Georgia's emissions future

Georgia Power continues to use its two coal plants, plus power from Plant Gaston in Alabama. And, as a result of the rising demand from data centers, the utility is building out new capacity to generate power with natural gas, which is largely composed of methane.

Without the EPA restrictions, Shober said emissions from those new gas turbines could more than double. Under the Biden-era rule, the utility would have been able to run them about 40 percent of the time without adding expensive carbon-capture technology, producing about four million tons of carbon dioxide a year, according to Shober. Running 85 percent of the time, as they'd likely be able to do under normal operations if the EPA's proposed changes go through, she estimated the turbines would produce 8.5 million tons.

Georgia Power's parent company, Southern Company, did not grant an interview or answer specific questions. A spokesperson sent a statement saying the company ""supports regulatory certainty with a durable framework that leads to reliable and affordable electricity for our customers."" The statement made no mention of the company's greenhouse gas reduction goal of net zero by 2050.

The EPA's rule change isn't final yet. There will be a public comment period, plus the lawsuit challenging the change will have to move through the court system.

This article originally appeared on Savannah Morning News: Georgia emissions could rise after EPA rule repeal

Reporting by Emily Jones, For WABE / Savannah Morning News

USA TODAY Network via Reuters Connect

Reuters_USATLocal_GANews",https://www.mcclatchy-wires.com/public/incoming/wl4svn/picture317399769/alternates/LANDSCAPE_1200/32354326-6c82-44cb-b49e-62cc5a9c0d0d,N,,2026-09-27 05:58:26.491990
,American Energy,2026-09-27 09:19:06+00:00,The Cool Down,"US utilities earn F as coal retirements fall, gas plans rise, and climate goals backslide",Aaron Goldstein,,,,,https://www.thecooldown.com/green-business/us-utilities-coal-retirements-gas-plans-climate-goals/,"A new Sierra Club analysis says that the nation's largest electric utilities are sliding backward on clean energy.
Rather than accelerating coal retirements and renewable development, many of these utilities are keeping dirty fuels in the mix and scaling back climate action promises.
By extending the life of coal plants and approving new gas facilities, utilities are saddling customers with years of fuel and maintenance spending that will be reflected in their power bills.
• In Utah, a major utility made the disappointing step backward of keeping coal plants running.
• Major energy companies are backing away from climate action commitments as fossil fuel expansion regains federal support.","A new Sierra Club analysis says that the nation's largest electric utilities are sliding backward on clean energy.

Rather than accelerating coal retirements and renewable development, many of these utilities are keeping dirty fuels in the mix and scaling back climate action promises.

These changes will be felt among the American public in the form of costlier power, more pollution, and increasing climate-related expenses.

Here's what to know

In the Sierra Club's latest Dirty Truth Report, it gave 76 of the country's biggest utilities an F and said 41% have pulled back from climate action goals in the last two years.

To score the companies, the group reviewed utility plans as of mid-2026 and focused on three areas: how fast coal plants are being retired, whether new gas plants are being added, and how quickly clean energy is expanding to replace fossil fuels and serve growing electricity demand.

""We studied the 50 parent companies that own the most fossil fuel generation, comprised of 76 operating companies, which collectively own half of all remaining coal and gas generation in the U.S. … The utilities studied scored 7/100, earning an F, worsening their overall score by 11 points since 2021,"" the Sierra Club summarized.

Across all three measures, the outlook was bleak. Utilities now project that only 25% of coal-fired generating capacity will close by the end of the decade, compared with 29% in 2025, 30% in 2024, and 35% in 2023. This is insufficient to protect Americans from the worst health and economic impacts of toxic air and climate change.

The utilities are also planning so much additional gas generation that it would equal roughly one-quarter of typical U.S. electricity demand, with much of that growth tied to expected AI data center demand.

""Utilities' lack of proactive planning contributed to the timing and cost pressures that utilities now cite as justifications to remain reliant on fossil fuels,"" the Sierra Club explained. ""By delaying action, utilities wasted opportunities to capitalize on clean energy tax credits for the cheaper, cleaner energy needed to replace old, expensive coal plants and serve growing electricity demand.""

More background

Because these companies control over half of the nation's coal and fossil gas generation fleet, their choices have a major impact on emissions, air pollution, and the speed at which cleaner energy infrastructure can be built.

By extending the life of coal plants and approving new gas facilities, utilities are saddling customers with years of fuel and maintenance spending that will be reflected in their power bills.

At the utility level, the clearest fixes are the same ones the Sierra Club used in its grading system: retire coal plants faster; stop building new gas capacity; and replace that generation with more solar, wind, and battery storage.

Residents can weigh in during public utility commission proceedings, support local and state policies that expand renewable energy, and ask hard questions when companies make climate promises that do not match their investment plans.

Where can I learn more?

These stories offer more details on the utility decisions and policy shifts reshaping the U.S. power mix.

• In Utah, a major utility made the disappointing step backward of keeping coal plants running.

• The Department of Energy ordered a shift toward fossil fuels that could slow cleaner power growth.

• Major energy companies are backing away from climate action commitments as fossil fuel expansion regains federal support.",https://www.thecooldown.com/wp-content/uploads/2026/09/iStock-623296954.jpg,N,,2026-09-27 12:02:50.820383
,Indiana and Evs,2026-09-27 09:13:03+00:00,intellectia.ai,Trump's New Fuel Economy Standards to Lower Car Prices | Intellectia.AI,Not Available,,,,,https://intellectia.ai/news/stock/trumps-new-fuel-economy-standards-to-lower-car-prices,"AI tools for market research and trading Copyright © 2026 Intellectia.AI.
All Rights Reserved.
Intellectia provides software tools for market research and connected accounts.
They do not constitute investment advice or a recommendation to buy or sell any security or financial product.
Trading involves risk, including possible loss of principal.","AI tools for market research and trading

Copyright © 2026 Intellectia.AI. All Rights Reserved.

Intellectia provides software tools for market research and connected accounts. All content and AI-generated information are for informational purposes only. They do not constitute investment advice or a recommendation to buy or sell any security or financial product. Trading involves risk, including possible loss of principal. Past performance does not guarantee future results.",https://intellectia.ai/favicon.ico?favicon.02w-r25d8cmx2.ico,N,,2026-09-27 05:58:48.631793
,American Energy,2026-09-27 09:02:58+00:00,Inside Climate News,The Trump Administration's Critical Minerals Agenda Comes for America's 'Forgotten ...,"Derek Harrison, Wyatt Myskow, Johanna Hansel, Carla Samon Ros, Amy Green",,,,,https://insideclimatenews.org/news/27092026/trump-critical-minerals-agenda-threatens-wildlife-corridor/,"The remote McDermitt Caldera could end up home to multiple such projects.
The McDermitt Lithium project that would mine the lek where Fite stood is one of the first mines to be fast-tracked during the second Trump term.
And it undertook no evaluation of the cumulative impacts lithium mining will have across the McDermitt Caldera.
The McDermitt Caldera is rich with wildlife, he said, especially at its northern end where Jindalee is approved to drill.
The BLM’s environmental assessment noted two active sage-grouse leks in the project area and an additional 25 leks within four miles of the project’s approved drilling area.","This investigation was reported in a collaboration between Inside Climate News and Columbia Journalism Investigations.

MCDERMITT CALDERA, Ore.—On a cold and overcast spring morning, Katie Fite stood in one of the country’s last sage-grouse strongholds, contemplating the wooden stakes in the ground that she fears warn of its destruction.

Every spring, males of the chunky bird species with spiky tail feathers come to a dwindling number of locations to strut, pop their inflatable white neck pouches and make a “paloop, paloop” sound in an attempt to court a mate. As their name suggests, sage-grouse need sagebrush, the green-brown shrub that once dominated arid Western landscapes. But both the bird and its habitat are rapidly disappearing due to climate change, invasive species, wildfires and energy development.

Now a mining company wants to extract lithium here.

Millions of sage-grouse once filled the West, but federal data shows their numbers have plummeted 80 percent since 1965 as more than a million acres of the sagebrush landscape they depend on is lost every year. They’ve long teetered toward the endangered-species list.

“We want to save sage-grouse?” Fite, public lands director for WildLands Defense, asked as she walked through the mating area, known as a lek, on the public lands where the McDermitt Lithium project would dig. “This is not how we do it. This is a travesty.”

The project’s owner agreed to avoid drilling during the sage-grouse breeding season in an effort to avoid impacting a species that is easily put off mating if conditions aren’t just right. But there is so little sagebrush habitat left in the country, Fite said, that “you can’t even pretend to mitigate this.”

Today, the U.S. has only one operating lithium mine—Albemarle’s Silver Peak in Nevada. By 2030, at least six new mining projects are predicted to be extracting lithium from American soil and another 13 will soon follow, according to a database compiled by Columbia Journalism Investigations and Inside Climate News. Scores more are proposed, their wooden stakes marking companies’ claims.

This element of the energy transition—lithium is used in batteries for electric vehicles and energy storage—poses stark dilemmas in the communities atop the so-called white gold. Mining it uses and displaces water, and much of it is found in water-scarce regions. Tribal nations repeatedly harmed by past extraction are disproportionately located on or near lithium-rich lands.

And then there’s vulnerable wildlife. The McDermitt Caldera’s basin is rolling hills of sagebrush and rare native wildflowers growing on strangely yellow soils in an ancient volcanic depression on the Oregon-Nevada border, its springs providing a home to threatened Lahontan cutthroat trout just as its sagebrush sustains sage-grouse. Further south in Nevada, a fully approved lithium mine, Ioneer’s Rhyolite Ridge, has faced controversy over its siting at the world’s only location of an endangered buckwheat. And scores of other proposed projects are near vulnerable species in wild, intact landscapes.

President Donald Trump is both undercutting endangered-species protections and boosting the country’s domestic mining industry, leaving plants and animals in lithium areas particularly exposed. Though the Trump administration has abandoned U.S. climate efforts and attacked the energy transition, it’s streamlining and fast-tracking permitting for lithium mines whose demand rests on that shift.

The remote McDermitt Caldera could end up home to multiple such projects.

Some of the mining claims are for projects in very early stages. But Thacker Pass, a lithium mine permitted by the first Trump administration, is under construction on the Nevada side of the caldera. The McDermitt Lithium project that would mine the lek where Fite stood is one of the first mines to be fast-tracked during the second Trump term.

All told, the Trump administration approved fast-tracking for 10 lithium mines across the country since last year. It’s doing so under a 2015 law launching the FAST-41 program that streamlines permits for large infrastructure projects. But Trump officials created an outgrowth they’re calling the “transparency program” that skips a number of requirements under the law, including coordination with local governments.

The McDermitt Lithium project tried to get into FAST-41 in 2023 but was denied by the Biden administration, according to documents from the federal agency managing the program and obtained by Inside Climate News and CJI.

The project, owned by Australian mining company Jindalee’s subsidiary HiTech Minerals Inc., is a prime example of the administration’s push to quicken mining permitting across the board. Even before McDermitt Lithium made it into FAST-41, the federal Bureau of Land Management (BLM) gave the public just five days in March 2025 to comment on the company’s proposed exploratory drilling—one of the first steps in creating a new mine.

Public backlash forced the BLM to extend the comment period to 31 days, still far shorter than usual, and the project was then added to the fast-track program to further speed its way through permitting.

In December, the BLM approved Jindalee’s plan to drill at 168 sites and build 21.5 miles of access roads across 73 of the 7,200 acres of public land the project’s site encompasses. Now, the Oregon Natural Desert Association, Great Old Broads for Wilderness and Great Basin Resource Watch are suing the BLM over its project approval, alleging the agency failed to properly evaluate the mine’s environmental impacts to species like the sage-grouse.

“When they provided at first only a five-day comment period, they were certainly making it clear that they had no interest in what the public had to say, which is certainly an indication that perhaps they’re not conducting the kind of hard-look analysis that’s required [under the country’s environmental laws],” said Ryan Houston, the executive director of the Oregon Natural Desert Association.

Records of communications between BLM staffers obtained via a public records request by the Oregon Natural Desert Association and shared with Inside Climate News and CJI reveal regional staff were surprised by the project’s short comment period. The decision to limit the time for public input, they wrote, came from higher-ranking officials.

“Staff are ‘pausing’ their review of the HiTech [environmental assessment] and it will be completed at a higher level,” one staffer wrote in a message, adding that she was unsure how, with such a fast timeline, the agency would be able to incorporate the minimum reclamation requirements to restore the land after drilling is completed. “Seems it changes daily and keeps getting worse,” she added.

A different staffer asked, “How is that timeline allowed?”

Jindalee CEO Ian Rodger said in a statement to CJI and Inside Climate News that the company was pleased to be added to the fast-track list but was not aware of the decision to shorten the public comment process. He said Jindalee supported the decision to extend it.

The project is currently only conducting exploratory drilling, not yet digging a full-scale mine, Rodger added. He said the company is committed to continued community and tribal consultation. In April, Jindalee’s HiTech Minerals announced plans with Constellation Acquisition Corp. to form US Elemental Inc. and go public. Jindalee, which will retain majority ownership of HiTech, plans to support the BLM in its legal defense of the project.

Larisa Bogardus, a BLM spokesperson, said the agency determined it would be “beneficial” to extend the initial comment period after evaluating the first batch of public comments. The project’s fast-track inclusion does not predetermine the permitting process’ outcome, she added.

But the environmental groups’ lawsuit alleges the project’s fast tracking resulted in its permits not meeting the requirements of the National Environmental Policy Act. The BLM only conducted an environmental assessment for the project, and not a more intensive impact review, which are required for more environmentally damaging projects and have been done for similar mineral exploration projects, Houston said.

That led to inadequacies in the review. The agency conducted no study on whether pumping 31.5 million gallons of groundwater would draw down the aquifer, harming local streams vital for wildlife. It evaluated only direct impacts to sage-grouse habitat, rather than the landscape affected across the project’s 7,200 acres. And it undertook no evaluation of the cumulative impacts lithium mining will have across the McDermitt Caldera.

Experts say mining in the U.S. could be done with fewer environmental impacts than if the nation relies on imports from other countries, where much of its current lithium supply originates. But rollbacks of both environmental protections and community engagement make that less likely, they say.

In August, Oregon’s mining regulator issued the final permits needed for the project’s exploratory drilling to commence, with no public comment period. Despite that, more than 8,000 people from Oregon and beyond sent letters to state officials opposing the permit.

The final permit requires Jindalee to meet certain conditions before proceeding, such as developing a plan with the state to mitigate impacts to sage-grouse and to coordinate with the Burns Paiute Tribe, one of the tribes concerned about the project.

Alex Lopez, a spokesperson for Oregon’s mining regulator, said in a statement that exploration permits do not require a public comment period and that compliance with permit conditions is evaluated over the project’s life by multiple agencies.

Before the project received approval to drill, the Oregon Department of Fish and Wildlife told the state mining regulator and BLM that it has serious concerns about the project’s impacts to sage-grouse, given it “falls completely within core sage-grouse habitat” and the area holds “the only [prioritized] population which has had an increasing trend over the past 30 years, making this one of the true sage-grouse strongholds in the state.”

In a release to investors, Jindalee said it expects to begin drilling by the end of September. The release made no mention of the state-mandated conditions the company must meet first.

Supercharging a Powerful Industry

The McDermitt Caldera, an area larger than New York City with just a few hundred people living in communities along its edges, had a fiery birth roughly 16 million years ago. The volcanic hotspot below Yellowstone erupted through a number of volcanoes, one of which collapsed into its empty magma chamber. Surrounded by mountains, the basin-shaped caldera became a roughly 25-mile-long lake, and seismic activity left major deposits of mercury, uranium and lithium ore below it.

The caldera’s more recent history has been shaped by America’s approach to mining.

On federal lands—more than half of Oregon and roughly 80 percent of Nevada—the practice is governed by a Reconstruction-era law, the Mining Act of 1872. The law is one of the ways the nation incentivized white settlers to move West into lands long occupied by tribes, declaring that “all valuable mineral deposits in lands belonging to the United States” are “free and open to exploration and purchase.”

To this day, all that’s needed to stake a mining claim on public lands is to plant literal stakes in the ground, file the paperwork and pay a fee. Companies pay no royalties for the minerals extracted from the lands owned by American taxpayers, something other extractive industries, like fossil fuel developers, are required to do.

Though mines once dug by pickaxes and hauled by mules are now open pits thousands of feet deep and as wide as towns, excavated with massive vehicles and explosives, the law has not changed. It’s made mining a consistent top use of the nation’s public lands. In the McDermitt Caldera, now-closed mercury mines left behind strange-colored pools of water and piles of waste; for decades, high arsenic levels from the activity made water in the border community of McDermitt unsafe to drink.

“This is an area in which the law [and the industry built around it] is so complex there is no appetite for meaningful reform,” said Jamie Pleune, a mining-permitting expert and associate professor of law at the University of Utah’s Wallace Stegner Center. “It is very easy to conduct mineral exploration, and the law creates an entitlement that overrides other rights and concerns.”

That’s the baseline the Trump administration is supercharging, using emergency powers and recent court decisions weakening environmental laws to remake federal reviews of mineral extraction.

“Thanks to President Trump’s bold leadership, American lithium production is going to skyrocket,” U.S. Energy Secretary Chris Wright said in a press release announcing the federal government’s 5 percent stake in Lithium Americas as part of a renegotiated $2.26 billion federal loan to the company.

Some of that could backfire on companies, in part through litigation.

“It doesn’t matter how fast you push your permit,” Pleune said. “If you don’t have a social license, your project is going to encounter delays, and those delays are going to cost you money.”

The McDermitt Caldera is riddled with new boreholes, evidence of noisy drilling that’s detrimental to the dwindling sage-grouse. A lithium operation here would likely pump millions of gallons of water out of a desert aquifer in an area where earlier mining harmed water quality. Environmentalists and Indigenous people fear that mining will also degrade the springs supporting the threatened trout and ancestral hunting and gathering grounds for nearby tribes, while ranchers watch mining companies lay claim to the last bit of land on which they can graze their cattle.

“When you fast track, you miss out on so much,” said Chanda Callao, an organizer with People of Red Mountain, a coalition of Fort McDermitt Paiute, Shoshone and Bannock tribal members and allies working to protect their ancestral lands in the caldera. Lithium mines threaten sacred spaces, burial grounds and places to hunt and gather traditional medicines, she said, and the companies and government “don’t inform the community of what’s happening, and [they] don’t give people that opportunity to steer the mine or to fight back against it.”

“This area is basically under siege,” said Terry Crawforth, a former director of the Nevada Department of Wildlife who lives in the area. The McDermitt Caldera is rich with wildlife, he said, especially at its northern end where Jindalee is approved to drill. “The families who have been here for 100 years farming, their kids are not going to see it.”

“If the mine goes through, I know I’m done,” said Nick Wilkinson, a local rancher whose family has lived in the area since the 1800s and whose cattle graze the land Jindalee claimed.

Wilkinson and other ranchers have worked closely with federal agencies, state officials and environmentalists to protect the Lahontan cutthroat trout—whose protections pushed ranchers off high-elevation habitat they once grazed—and sage-grouse. Jindalee’s claims are in the Wilkinson family’s low-elevation range. If that’s lost, it’s over for the ranch, Wilkinson said. There’s nowhere left for them to graze their cattle.

Before the project’s latest batch of exploratory drilling was approved, he met with Jindalee to seek a path forward. So far, he said, the company has refused to work with him. Contractors for the mine have torn up the roads and burst the water pipe for his cows three times by driving over it with heavy equipment, he said. And the mining laws allowed them to degrade the habitat he said he’s helped protect for years by maintaining area roads and fences and helping run a crew that by his count has put out roughly 30 wildfires over the past decade.

Rodger, Jindalee’s CEO, said the company is increasing its engagement with local ranchers, has supported road repairs caused by its activities and added language to its contracts with contractors “to respect private property, report and remedy damages, and operate in a manner to minimize impacts to the ongoing ranching activities.”

Wilkinson said it’s clear to him that the mine will do more harm to the sensitive species in the area than his cattle ever could. He said he’s “dumbfounded” it’s being allowed after millions of dollars in restoration work and longstanding efforts by local ranchers, and he fears he’ll lose the home where his parents are buried.

“My family’s invested their life here to create fish habitat and sage-grouse habitat and still make a living off a renewable resource,” he said. “And nobody cares. As I look back on it, I’m just like, ‘I don’t even know why I did it.’”

“White Gold in Those Hills”

Fite, of WildLands Defense, has visited the caldera regularly since 2023, documenting the wildlife and the activities of the miners while camping with her two cattle dogs—Skye and Roo.

“These days, you see odd soils and worry someone’s going to come in, saying ‘There’s white gold in those hills,’” she said as she drove her silver Toyota 4Runner to a yellow-colored hill within Jindalee’s exploration area in the caldera.

In Jindalee’s claimed area, hills made of unique clay soils support multiple sensitive wildflower species listed by the BLM, like Cooper’s goldflower and Pueblo Mountains buckwheat. Below the ridges, drilling is permitted to start soon in clearings where male sage-grouse gather for their mating dances. Pygmy rabbits nest in nearby fields rich in sagebrush. Just 200 feet away, other claims riddle streams supporting the threatened Lahontan cutthroat trout and all the rest of the local wildlife.

McDermitt Creek and its tributaries flow into Nevada’s Quinn River Valley basin. The water supply here is like a financial institution in trouble, more of its resources being withdrawn than replenished. For the last four decades, the Nevada Division of Water Resources has denied applications to pump even more groundwater from the basin. But that information, the environmental groups suing the federal government allege in their lawsuit, was omitted by the BLM as part of its approval of exploratory drilling for lithium.

The BLM’s environmental assessment noted two active sage-grouse leks in the project area and an additional 25 leks within four miles of the project’s approved drilling area. The activity will have short-term effects on the population, the BLM found, and may lead to population decline. But a seasonal shutdown and mitigation efforts post-drilling should avoid long-term issues, the agency stated. Impacts to water resources, it says, will be short term and have no effect on other users.

The disturbance of soils for the 168 drill sites will disrupt and fragment habitat and make the areas vulnerable to invasive weeds like cheatgrass, Fite said. Noise and lights will force sage-grouse to abandon leks. Since the birds return to the same lek year after year, it’s a major blow to the species when one is lost.

If the drilling finds enough lithium to make it worthwhile to dig, it will be followed by an open-pit strip mine.

“Any fool can tell you this is important sagebrush habitat,” Fite said. “There is no way to mitigate a mine out here.”

The site of Jindalee’s claims has the highest quality sage-grouse habitat designated by the state, said Skyler Vold, the conservation coordinator for the species with the Oregon Department of Fish and Wildlife—so good that the population has grown in recent years.

The reason for that is simple: “There’s no big human presence” in the area, Vold said. “Sage-grouse really don’t like us and our noise.”

The caldera is one of the few places with little development, few recent severe wildfires and where invasive species have not taken hold. Just drilling in the area would be a major detriment to the population, Vold said, and his agency is concerned about the project.

Oregon has a system to incentivize developers to stay away from sensitive species like the sage-grouse: If they don’t, they have to pay. During an April 2024 meeting between the state wildlife agency and Jindalee, notes taken by a contractor for the company, obtained via a records request, show those mitigation fees could “exceed $10 million.” That price “seems disproportionate” with the project’s impact, the consultant noted; the state responded that the goal is to avoid sage-grouse being placed on the endangered species list.

Jindalee has another option, though, and that’s the path it’s pursuing, according to the state. The company would purchase conservation credits through a mitigation bank program intended to provide a net benefit for the affected species and in essence replace the sage-grouse habitat lost from the drilling.

A final agreement is expected soon and could prove far cheaper than the mitigation fees. Environmentalists worry the mitigation bank will function like carbon credits: a tool that enables companies to keep harming the environment.

As Fite surveyed a patch of land near yet more mining claims with Skye and Roo, she said people don’t need to be experts to recognize the caldera is a unique and wild place. Other than the occasional miner or rancher, you could walk from the site of Jindalee’s project to Thacker Pass 20 miles south and not see a soul, she said. That’s why it’s a stronghold for many of the West’s iconic but declining species.

“This is the forgotten wildlife corridor,” she said.

Landscapes like this, she said, are the places land managers work to protect—until they’re told a mine takes precedence.

Gray clouds overhead had cleared, and water trickled down from Nevada’s Montana Mountains to a meadow of sagebrush in their foothills. The land was a lush green from recent rains, and a sea of rolling sagebrush hills surrounded Fite as she walked up a mountainside, joining the birds in song.

“Chewee, chewee, chewee, chewee,” she called out with the rock wren. “Churt, churt, churt” for the “loud-mouth” meadowlark. The long “meewww” of the spotted towhee.

On a barbed-wire fence to prevent cattle from grazing into the higher elevations, reflective markers intended to stop the sage-grouse from flying into it had faded from years in the sun.

In the valley below, more mining claims dotted the ground.

Wyatt Myskow reported this story for Inside Climate News. Johanna Hansel and Carla Samon Ros were fellows at Columbia Journalism Investigations, the investigative-reporting unit at the Columbia Journalism School. Inside Climate News and CJI provided editing, graphic illustration and other support.

Additional support was provided by the National Press Foundation and the National Press Club Journalism Institute.",https://insideclimatenews.org/wp-content/uploads/2026/09/DSC_0399-1024x683.jpg,N,,2026-09-27 08:00:40.009660
,Texas American Energy ,2026-09-27 08:56:58+00:00,www.pressreader.com,Bad news for Texas: Republicans are now anti-growth | Austin American-Statesman | PressReader,Not Available,,,,,https://www.pressreader.com/usa/austin-american-statesman/20260927/281672556866565,Digital newsstand featuring 7000+ of the world’s most popular newspapers & magazines. Enjoy unlimited reading on up to 5 devices with 7-day free trial.,Not Available,,N,,2026-09-28 02:00:18.769986
,EVs,2026-09-27 08:32:38+00:00,koreabizwire.com,"America's Next Battery Boom May Be About the Grid, Not Cars - Korea Bizwire",Not Available,,,,,http://koreabizwire.com/americas-next-battery-boom-may-be-about-the-grid-not-cars/359917,This page has been blocked by Microsoft Edge,This page has been blocked by Microsoft Edge,,N,,2026-09-27 04:59:12.900749
,North Carolina and Evs,2026-09-27 08:14:27+00:00,The National Desk,"Trump says he approved rollback of Biden-era fuel economy rules, cutting mpg targets","EMMA KOPPELMAN | The National News Desk, EMMA KOPPELMAN, The National News Desk, www.facebook.com",,,,,https://thenationaldesk.com/news/americas-news-now/trump-says-he-approved-rollback-of-biden-era-fuel-economy-rules-cutting-mpg-targets,"President Donald Trump said Saturday he has approved that would roll back Biden-era vehicle efficiency rules, a shift he said will lower vehicle prices and give automakers more room to build the kinds of vehicles many Americans buy.
Trump said the change would lower vehicle prices, save families thousands on new cars and help automakers expand U.S. manufacturing.
The rollback is expected to give automakers more flexibility to produce gasoline-powered pickups and SUVs, which generally have lower fuel efficiency but higher profit margins.
The Biden-era standards were designed to cut fuel use and emissions while encouraging more fuel-efficient, hybrid and electric vehicles.
NHTSA previously estimated its proposed rollback could reduce the average upfront price of a new vehicle by about $930.","President Donald Trump said Saturday he has approved that would roll back Biden-era vehicle efficiency rules, a shift he said will lower vehicle prices and give automakers more room to build the kinds of vehicles many Americans buy.

The final rule was not immediately released, and the administration has not publicly detailed the new requirements.

A prior proposal from the National Highway Traffic Safety Administration would lower the fleetwide fuel-economy target for cars and light trucks to about 34.5 miles per gallon by model year 2031. That would be down from 50.4 mpg under Biden-era standards.

Trump said the change would lower vehicle prices, save families thousands on new cars and help automakers expand U.S. manufacturing. The rollback is expected to give automakers more flexibility to produce gasoline-powered pickups and SUVs, which generally have lower fuel efficiency but higher profit margins.

The Biden-era standards were designed to cut fuel use and emissions while encouraging more fuel-efficient, hybrid and electric vehicles. The rules did not require consumers to buy electric vehicles.

NHTSA previously estimated its proposed rollback could reduce the average upfront price of a new vehicle by about $930. But that proposal was also projected to increase fuel consumption by roughly 100 billion gallons through 2050, add about $185 billion in fuel costs and raise carbon dioxide emissions by about 5%.

Environmental groups criticized the move, arguing that less fuel-efficient vehicles could mean higher costs at the gas pump and more pollution.

Transportation Secretary Sean Duffy said a “major victory for America’s auto workers” was coming Monday, suggesting further details or an announcement may follow.",https://thenationaldesk.com/resources/media2/16x9/8256/986/0x430/90/70c91167-77fa-41b4-b8ba-a4870ed16986-GettyImages2265652413.jpg,N,,2026-09-27 08:00:46.707879
,EVs,2026-09-27 08:11:12+00:00,GOV.UK,New lithium mine in Cornwall to unlock Britain's industrial potential and support skilled jobs,"Department for Business, Innovation, Science and Trade",,,,,https://www.gov.uk/government/news/new-lithium-mine-in-cornwall-to-unlock-britains-industrial-potential-and-support-skilled-jobs,"New lithium mine in Cornwall will ramp up UK’s industrial resilience, support over 100 jobs and help make Britain better off.
Investments follows £1bn secured for UK automotive this month alone, supporting hundreds of jobs as part of the Prime Minister’s mission to reindustrialise Britain.
Geothermal Engineering Limited (GEL) will invest around £43 million in a new cutting-edge lithium extraction facility in Cornwall.
The move comes as demand for lithium is expected to increase by 1,100% by 2035 and will support hundreds of jobs and shore up Britain’s supplies of lithium.
Hot on the heels of over £1 billion of automotive investment secured already this month, this latest win is a big step towards building our industrial resilience.","New lithium mine in Cornwall will ramp up UK’s industrial resilience, support over 100 jobs and help make Britain better off.

Government is taking action to ensure UK has strong supply of critical mineral to back key supply chains for AI, advanced manufacturing and clean energy sectors.

Investments follows £1bn secured for UK automotive this month alone, supporting hundreds of jobs as part of the Prime Minister’s mission to reindustrialise Britain.

A new mine in Cornwall is set to open as the government ramps up efforts to boost industrial resilience and help secure vital supply chains backing the automotive, clean energy and advanced manufacturing sectors.

Geothermal Engineering Limited (GEL) will invest around £43 million in a new cutting-edge lithium extraction facility in Cornwall. The investment will create nearly 50 direct jobs and support around 80 more across the supply chain, after receiving an Offer in Principle worth nearly £10 million through the Government’s DRIVE35 Automotive Transformation Fund.

The move comes as demand for lithium is expected to increase by 1,100% by 2035 and will support hundreds of jobs and shore up Britain’s supplies of lithium. This critical mineral is essential for powering electric vehicle batteries, which is why the government has now taken action to unlock nearly £230 million of private investment into two lithium projects in Cornwall and Teesside.

With the UK boasting amazing natural resources, and Cornwall at the centre of one of the most important historic mining regions in both the country and Europe – this investment will help unlock the South West’s industrial potential as part of the Prime Minister’s mission to reindustrialise this country.

This builds on Tees Valley Lithium’s £185 million investment to establish one of Europe’s largest lithium refineries in Teesside. This investment will support hundreds of jobs and strengthen the UK’s battery supply chain, following a government Offer in Principle for £18.3 million through DRIVE35.

The investments are made possible by the Government’s Modern Industrial Strategy and represent a major step forward in the UK’s transition to electric vehicles and another strong vote of confidence in Britain’s automotive sector. This is in addition to £1 billion of investment announced already this month from Bentley, McLaren and Nissan.

Business Secretary Jonathan Reynolds said:

Cornwall has a proud mining heritage, and companies like Geothermal Engineering are helping to write its next chapter in unlocking the South West’s industrial potential.

Britain isn’t just a country for innovation and ideas. It’s a country that produces, and we’re building a modern economy rooted in the industries where we’re already strong and that local communities are proud of.

Hot on the heels of over £1 billion of automotive investment secured already this month, this latest win is a big step towards building our industrial resilience.

Dr Ryan Law, CEO of GEL said:

Lithium is fundamental to the technologies underpinning the automotive sector’s transition to zero-emission vehicles. At GEL, we are proud to be at the forefront of establishing a new UK lithium industry, demonstrating how Cornwall’s geothermal brine can provide a reliable and sustainable source of this critical mineral.

We believe the UK has an important opportunity to develop the resources, technology and expertise needed to establish a domestic lithium supply, giving the country greater control over an increasingly important raw material and we are proud to be building that capability here in Cornwall, bringing jobs and new investment to the local area.

With commercial production set to begin on GEL’s Cornwall project in 2029, the facility is expected to produce around 1,500 tonnes of technical-grade lithium carbonate from geothermal brine underground each year – enough to power more than 180,000 typical EV car batteries.

The facility has the potential to scale to producing tens of thousands of tonnes in the future, and the lithium produced will give a huge boost to the UK’s EV battery manufacturing, shoring up crucial supply chains and moving Britain forward in the transition towards net zero.

Julian Hetherington, Automotive Transformation & Engagement Director, APC and Zenzic, said:

The project aligns with the UK’s Critical Minerals Strategy 2035 by expanding domestic production of critical minerals, reducing reliance on imports. Extracting lithium in the UK is vital for several reasons: it diminishes dependence on supply chains dominated by China and supports the production of electric vehicle batteries, essential for the UK’s transition to renewable energy use in zero emission vehicles.

In addition, the lithium extraction is expected to spark significant economic growth, especially in Cornwall where a vibrant materials cluster is developing at pace, while enhancing resilience by diversifying the supply chain and mitigating risks tied to concentrated global lithium production and processing.

Background",https://www.gov.uk/assets/frontend/govuk-opengraph-image-4196a4d6333cf92aaf720047f56cfd91b3532d7635fc21ebcf0d5897df6b5f77.png,N,,2026-09-27 04:59:15.725202
,Louisiana and Evs,2026-09-27 08:03:50+00:00,Big News Network.com,Africa's mineral strength is wasted if countries don't work together - new report,Not Available,,,,,https://www.bignewsnetwork.com/news/279335130/africa-mineral-strength-is-wasted-if-countries-dont-work-together-new-report,"Our research found deposits, reserves, or production of at least one transition mineral in 48 African countries.
African countries could strengthen their position in mineral markets by coordinating their trade policies rather than acting separately.
It imported over 30% of those exports on average, and was the second biggest buyer of six other green transition minerals.
Our research found deposits, reserves, or production of at least one transition mineral in 48 African countries.
It imported over 30% of those exports on average, and was the second biggest buyer of six other green transition minerals.","Share article

Print article

Green technologies are mineral-intensive: electric vehicles, batteries, solar panels, wind turbines and grids need cobalt, lithium, copper, manganese, graphite and rare earths. The International Energy Agency estimates that electric cars require six times more minerals than a petrol or diesel car. A wind power plant requires about nine times more minerals than a gas-fired plant.

As the global green transition speeds up, the growing demand for green technologies and minerals creates an opening for Africa, which has deposits of several of the minerals needed.

Read more: Zimbabwe's lithium is in demand for making batteries: how to make sure benefits flow to the local economy

Yet just having these minerals in the ground does not automatically create industries or shared prosperity. In fact, developing countries endowed with minerals often struggle to benefit economically from mining.

We are scholars of how countries build industries and reshape their economies. Our latest study, commissioned by the World Bank, explored how far African countries have moved beyond mining the minerals needed for the energy transition. We examined whether they are processing and refining these minerals or making components for green technologies that use them.

Our analysis followed four steps. First, we identified the transition minerals found in each African country. Second, we examined trade data to see which countries export these minerals and where they are sold.

Read more: A new class of metals could transform Africa's clean energy economy - scientists explain

Third, we looked at where African countries participate in the value chain of green technology. We wanted to find out whether they only mine the mineral and then export it raw, or whether they process it before selling it or produce a final product for sale, such as solar panels. Fourth, we reviewed national and regional mineral and industrial policies.

We found that African countries have deposits of 41 minerals that are used across bioenergy, electricity networks and infrastructure, batteries, energy storage and electric vehicles, and carbon capture and storage. These minerals are also sought after for fuel cells and hydrogen, geothermal energy, heat pumps, hydropower, nuclear power, solar power and wind power.

However, most African countries still export transition minerals in raw or lightly processed form rather than turning them into higher-value materials, components and finished products.

Read more: Has finance for green industry had an impact in Africa? What's happened in 41 countries over 20 years

African countries therefore have only a very small presence in the green-technology industries that depend on these minerals. As a result, Africa's mineral wealth has not yet led to high levels of industrial activity, well-paid jobs, higher incomes or wide improvements in living standards.

We found that national and regional institutions are taking steps to change this, but most initiatives are still at an early stage.

Our research found deposits, reserves, or production of at least one transition mineral in 48 African countries. South Africa had 24 of the 41 minerals; Nigeria and the Democratic Republic of Congo (DRC) each had 14.

Collectively, Africa holds about 96% of global platinum group metal reserves, 77% of phosphate reserves, and 55% of cobalt reserves. Phosphate and cobalt are used in electric vehicle batteries, while platinum is used in technologies that produce and use green hydrogen.

Yet most countries individually accounted for only small global shares. This matters because small national volumes can make it harder for a country acting alone to influence buyers, attract large processing plants, build complete supply chains or compete with established producers elsewhere.

Read more: DRC is the world's largest producer of cobalt - how control by local elites can shape the global battery industry

Trade data reinforces these findings. Notably, apart from South Africa, Nigeria and the DRC, most African countries exported less than 1% of each mineral globally. For several minerals, such as nickel, rare earths, silver and lithium, Africa's five largest exporters together supplied less than 10% of world exports.

African countries could strengthen their position in mineral markets by coordinating their trade policies rather than acting separately. Private companies hold mining licences, but permission to extract minerals does not always include an unrestricted right to export them. Governments may therefore have some scope to coordinate trade rules. How this would work alongside companies' existing rights, and whether it would require their agreement, needs to be further studied.

Read more: Lithium in the Sahel: how armed groups are exploiting the global scramble for the critical mineral

A deeper weakness identified in our study is limited local processing of minerals. This mainly happens in a few countries such as South Africa, Democratic Republic of Congo, Zambia and Zimbabwe. The processing these countries do often involves crushing and concentrating ore, rather than making products from the mineral.

African countries lose out because of this. For example, Congolese cobalt can sell for US$5.80 per kilogram at the point of extraction. But after local refining, the price increases to US$16.20 per kilogram, nearly tripling its value.

Asia (China in particular) is the leading importer of 16 minerals from Africa. It imported over 30% of those exports on average, and was the second biggest buyer of six other green transition minerals.

Our research found that China absorbed over 40% of Africa's annual mineral ore exports. This shows that Africa is repeating a familiar pattern: mining raw materials while other countries turn them into more valuable products.

Read more: China and the US are in a race for critical minerals. African countries need to make the rules

The history of Africa, plus low industrialisation levels, means that African countries are also almost invisible in green technology value chains. Between 2017 and 2023, Africa's global patent share across the technologies studied remained below 0.4%, while its export share was below 1% in every category. African countries currently participate in the green economy more as consumers, rather than producers.

We also found that African governments are changing mining laws, restricting exports, taking ownership stakes and forming partnerships to gain more from their minerals. They want more processing, investment, jobs and income to stay at home. Most are acting individually, although some are working together across borders.

Acting alone has limits. Many countries supply too little to influence large international buyers. If one country demands higher prices or local processing, buyers can shop elsewhere.

Many also lack reliable electricity, affordable loans, transport and skilled workers to process minerals and make components.

Africa is very strong in minerals as a continent. However, deeper regional cooperation would help African countries build industries, not simply trade more easily with one another, a central thesis of a related study, Integrating Africa: From Threads to Hubs. Pooling mineral supplies, markets, infrastructure and skills could lower costs and give them more power when negotiating with global companies. A shared processing centre serving countries across Africa would also help the continent.

Read more: Why Africa needs a green bank to fund climate action and build its own renewable technology

To make this happen, African finance and mineral institutions and national governments must agree on common priorities and similar rules about how minerals are processed, and how environmental damage is managed.

Development finance has a role to play. Regional development banks and other African financiers could help fund shared electricity, transport and mineral-processing infrastructure, while universities and businesses develop the technical skills these industries need.

Partnerships with foreign governments and companies should also go beyond extracting and exporting minerals. They should include commitments to process more minerals in Africa, share technology and know-how, train workers, and help local firms become suppliers to emerging green industries.

Share article

Print article

Green technologies are mineral-intensive: electric vehicles, batteries, solar panels, wind turbines and grids need cobalt, lithium, copper, manganese, graphite and rare earths. The International Energy Agency estimates that electric cars require six times more minerals than a petrol or diesel car. A wind power plant requires about nine times more minerals than a gas-fired plant.

As the global green transition speeds up, the growing demand for green technologies and minerals creates an opening for Africa, which has deposits of several of the minerals needed.

Read more: Zimbabwe's lithium is in demand for making batteries: how to make sure benefits flow to the local economy

Yet just having these minerals in the ground does not automatically create industries or shared prosperity. In fact, developing countries endowed with minerals often struggle to benefit economically from mining.

We are scholars of how countries build industries and reshape their economies. Our latest study, commissioned by the World Bank, explored how far African countries have moved beyond mining the minerals needed for the energy transition. We examined whether they are processing and refining these minerals or making components for green technologies that use them.

Our analysis followed four steps. First, we identified the transition minerals found in each African country. Second, we examined trade data to see which countries export these minerals and where they are sold.

Read more: A new class of metals could transform Africa's clean energy economy - scientists explain

Third, we looked at where African countries participate in the value chain of green technology. We wanted to find out whether they only mine the mineral and then export it raw, or whether they process it before selling it or produce a final product for sale, such as solar panels. Fourth, we reviewed national and regional mineral and industrial policies.

We found that African countries have deposits of 41 minerals that are used across bioenergy, electricity networks and infrastructure, batteries, energy storage and electric vehicles, and carbon capture and storage. These minerals are also sought after for fuel cells and hydrogen, geothermal energy, heat pumps, hydropower, nuclear power, solar power and wind power.

However, most African countries still export transition minerals in raw or lightly processed form rather than turning them into higher-value materials, components and finished products.

Read more: Has finance for green industry had an impact in Africa? What's happened in 41 countries over 20 years

African countries therefore have only a very small presence in the green-technology industries that depend on these minerals. As a result, Africa's mineral wealth has not yet led to high levels of industrial activity, well-paid jobs, higher incomes or wide improvements in living standards.

We found that national and regional institutions are taking steps to change this, but most initiatives are still at an early stage.

Our research found deposits, reserves, or production of at least one transition mineral in 48 African countries. South Africa had 24 of the 41 minerals; Nigeria and the Democratic Republic of Congo (DRC) each had 14.

Collectively, Africa holds about 96% of global platinum group metal reserves, 77% of phosphate reserves, and 55% of cobalt reserves. Phosphate and cobalt are used in electric vehicle batteries, while platinum is used in technologies that produce and use green hydrogen.

Yet most countries individually accounted for only small global shares. This matters because small national volumes can make it harder for a country acting alone to influence buyers, attract large processing plants, build complete supply chains or compete with established producers elsewhere.

Read more: DRC is the world's largest producer of cobalt - how control by local elites can shape the global battery industry

Trade data reinforces these findings. Notably, apart from South Africa, Nigeria and the DRC, most African countries exported less than 1% of each mineral globally. For several minerals, such as nickel, rare earths, silver and lithium, Africa's five largest exporters together supplied less than 10% of world exports.

African countries could strengthen their position in mineral markets by coordinating their trade policies rather than acting separately. Private companies hold mining licences, but permission to extract minerals does not always include an unrestricted right to export them. Governments may therefore have some scope to coordinate trade rules. How this would work alongside companies' existing rights, and whether it would require their agreement, needs to be further studied.

Read more: Lithium in the Sahel: how armed groups are exploiting the global scramble for the critical mineral

A deeper weakness identified in our study is limited local processing of minerals. This mainly happens in a few countries such as South Africa, Democratic Republic of Congo, Zambia and Zimbabwe. The processing these countries do often involves crushing and concentrating ore, rather than making products from the mineral.

African countries lose out because of this. For example, Congolese cobalt can sell for US$5.80 per kilogram at the point of extraction. But after local refining, the price increases to US$16.20 per kilogram, nearly tripling its value.

Asia (China in particular) is the leading importer of 16 minerals from Africa. It imported over 30% of those exports on average, and was the second biggest buyer of six other green transition minerals.

Our research found that China absorbed over 40% of Africa's annual mineral ore exports. This shows that Africa is repeating a familiar pattern: mining raw materials while other countries turn them into more valuable products.

Read more: China and the US are in a race for critical minerals. African countries need to make the rules

The history of Africa, plus low industrialisation levels, means that African countries are also almost invisible in green technology value chains. Between 2017 and 2023, Africa's global patent share across the technologies studied remained below 0.4%, while its export share was below 1% in every category. African countries currently participate in the green economy more as consumers, rather than producers.

We also found that African governments are changing mining laws, restricting exports, taking ownership stakes and forming partnerships to gain more from their minerals. They want more processing, investment, jobs and income to stay at home. Most are acting individually, although some are working together across borders.

Acting alone has limits. Many countries supply too little to influence large international buyers. If one country demands higher prices or local processing, buyers can shop elsewhere.

Many also lack reliable electricity, affordable loans, transport and skilled workers to process minerals and make components.

Africa is very strong in minerals as a continent. However, deeper regional cooperation would help African countries build industries, not simply trade more easily with one another, a central thesis of a related study, Integrating Africa: From Threads to Hubs. Pooling mineral supplies, markets, infrastructure and skills could lower costs and give them more power when negotiating with global companies. A shared processing centre serving countries across Africa would also help the continent.

Read more: Why Africa needs a green bank to fund climate action and build its own renewable technology

To make this happen, African finance and mineral institutions and national governments must agree on common priorities and similar rules about how minerals are processed, and how environmental damage is managed.

Development finance has a role to play. Regional development banks and other African financiers could help fund shared electricity, transport and mineral-processing infrastructure, while universities and businesses develop the technical skills these industries need.

Partnerships with foreign governments and companies should also go beyond extracting and exporting minerals. They should include commitments to process more minerals in Africa, share technology and know-how, train workers, and help local firms become suppliers to emerging green industries.",,N,,2026-09-27 19:00:06.175225
,American Energy,2026-09-27 07:58:32+00:00,www.arkansasonline.com,"Promise seen in mixing farming, solar energy production projects | The Arkansas Democrat-Gazette",ANDREW HAZZARD The Sahan Journal,,,,,https://www.arkansasonline.com/news/2026/sep/27/promise-seen-in-mixing-farming-solar-energy/,"Growing between rows of solar panels offers similar yields to standard farming, according to Iowa State University Professor Ajay Nair.
Iowa State researchers have tried various fruits and vegetables in the solar garden, and for the most part are seeing the same yield as in comparison plots.
The cows benefit from the solar panels' shade, with researchers finding less heat stress in the herd.
She has about an acre and a half total: one acre in the solar garden and half an acre in an adjacent plot.
In the solar garden she planted vegetables that benefit from shade: onions, collard greens, green beans and scallions.","Winifred Sylvah picked a handful of plump cucumbers on a cold, wet September morning as raindrops trickled off rows of solar panels in the background.

They've been a productive plant for Sylvah on a new plot of land at a solar farm in Big Lake, Minn. She's already harvested about 140 pounds of cucumbers, with rows more waiting to be picked. Sylvah is one of three farmers working the land in between and outside the rows of a 1-megawatt solar array in Big Lake.

The Big Lake Farm is an example of agrivoltaics, a technique of mixing farming and solar power generation. The two interests are often pitted against each other in rural areas, but the rows of flourishing crops between rows of solar panels shows there's enough sun to go around.

The farm is a partnership between The Food Group -- a Minnesota-based nonprofit organization that helps emerging farmers and fights hunger -- U.S. Solar and Conexus Energy. It allows farmers like Sylvah to affordably lease farmland while providing an additional use for land that would otherwise be fenced-in rows of panels.

The project started as a pilot in 2023, but this year was made permanent with Sylvah and two other farmers entering 10-year leases on the land. She wasn't sure what to make of farming between panels, but after hearing from pilot project farmers and seeing new infrastructure like irrigation systems and a walk-in cooler to store freshly picked produce come to the land, Sylvah was up for the challenge.

""I decided to take a chance,"" Sylvah said.

The program expansion comes as federal officials slash support for emerging farmers. In March, the U.S. Department of Agriculture announced $300 million in cuts for a grant program focused on supporting land and market access for new farmers, defunding three programs aimed at helping farmers of color in Minnesota, MPR News reported. The cuts are part of the Trump administration's eradication of federal spending aimed at diversity, equity and inclusion efforts.

""Because racial equity is a core value for our organization and how we've set up our programming, we aren't going to actively pursue federal grants for the next couple years,"" Food Group Executive Director Sophia Lenarz-Coy told Sahan Journal.

Accessing land is a challenge for emerging farmers. The Food Group's Big River Farms in Marine on St. Croix, Minn., is a popular incubator program for emerging farmers, many of whom are immigrants. But once they leave, farmers who can't afford to buy land often lease plots for a year at a time, which doesn't allow them the certainty to become certified organic or the chance to adapt to the soil over the years.

""What's nice about people having longer term leases is they'll have a little more time to experiment,"" Lenarz-Coy said.

Growing between rows of solar panels offers similar yields to standard farming, according to Iowa State University Professor Ajay Nair. Nair has helped lead research on agrivoltaics in Ames, where a partnership with utility firm Alliant Energy led to a 10-acre solar garden lined with rows of crops.

Iowa State researchers have tried various fruits and vegetables in the solar garden, and for the most part are seeing the same yield as in comparison plots.

""Any grower can commercially grow their produce within an agrivoltaic system,"" Nair told Sahan Journal.

There's more space between solar rows than many assume, Nair said. Wires are deep underground and typically don't prohibit tilling the land, and some plants benefit from rotating shade. As long as irrigation is in place, it's a perfectly viable place to farm, he said.

There are co-benefits between farmers and solar firms, Nair said. Solar companies build large fences around their projects, which is useful for farmers. Farmers are on the land consistently and can tell the company right away if a panel has been damaged in a storm or if anything is amiss on the property. It also helps ease rural land politics by allowing solar and agriculture to co-exist.

""Having some sort of an agriculture system in there gives them the social license to operate,"" Nair said.

Most agrivoltaic projects in the United States focus on livestock grazing, not produce farming. In western Minnesota, researchers at the University of Minnesota-Morris have run a successful cattle agrivoltaics plot for the past eight years.

Some 275 cows munch grass in between rows of a 500-kilowatt solar array in Morris, Minn., said animal science Professor Brad Heins. The cows benefit from the solar panels' shade, with researchers finding less heat stress in the herd. That helps keep the cows healthier and more productive, Heins said.

""I think it's garnered a lot of interest in Minnesota and around the world,"" Heins said.

Sylvah came to Minnesota from Sierra Leone as a student in the 1980s. She worked in banking for more than 30 years before retirement. But she always loved growing food and has fond memories of tending the family vegetable garden with her grandmother.

She grew vegetables at home and got involved in a community garden, but when she retired she decided to make farming her profession. She got involved with The Food Group and worked a plot at Big River Farms.

The Big Lake farm is much closer to her home in Otsego. And it gives her the chance to get to know the land. She has about an acre and a half total: one acre in the solar garden and half an acre in an adjacent plot.

Sylvah has a large mix of crops. In the solar garden she planted vegetables that benefit from shade: onions, collard greens, green beans and scallions. They all did well, she said.

She's learned from this season. She didn't put down fabric to discourage weeds, but she will next year after spending too much time maintaining her beds.

Her banking background shines through: Sylvah is always thinking about the market for anything she grows. She's developed a following for her West African crops. Her okra, sweet potato greens, collard greens and eggplant are in high demand, she said.

""I make sure I know people are interested in what I'm growing,"" Sylvah said.

She has some bitter balls, a West African eggplant that Sylvah said is popular in Minnesota's Liberian community, but she's not selling any this year and instead hopes to get seeds for a larger haul next season. In late August, she put down new rows of green beans, planning a late fall harvest.

""I always will do my last harvest for Thanksgiving,"" she said.

Sylvah sells her food through a Community Support Agriculture program and to local public school districts in Albertville, Minn., and Buffalo, Minn., harvesting and delivering to the schools herself this fall.",https://wehco.media.clients.ellingtoncms.com/imports/adg/photos/213725916_1GD-Solar-0927_t1200.jpg?57a0c2296240c280e9492005c3cad63e7cbe80f4,N,,2026-09-27 09:00:50.867388
,Indiana and Evs,2026-09-27 07:04:33+00:00,Demócrata,Trump approves new fuel efficiency standards and reverses incentives for electric cars in the US,"Agencias, www.democrata.es",,,,,https://www.democrata.es/en/international/trump-approves-new-fuel-efficiency-standards-and-reverses-incentives-for-electric-cars-in-the-us/,"The President of the United States, Donald Trump, has communicated the entry into force of a new package of rules on fuel efficiency for vehicles sold in the country, measures that, he has emphasized, ""nullify"" the ""ridiculous"" policies supporting electric cars promoted by his Democratic predecessor, Joe Biden.
""It’s a great day for workers in the automotive sector and car buyers in the United States,"" Trump stated in a message disseminated through his social media.
""I just approved new fuel efficiency standards that nullify the ridiculous decision on electric vehicles,"" he added, in direct reference to the measures pushed by the previous Administration.
In his speech, the Republican leader blamed the Democratic Party for causing the motor industry to lose ""billions of dollars"" and for ""forcing Americans to use cars they never wanted.""
The president has also assured that ""all manufacturers"" have already contacted him to ""express their desire"" to produce on U.S. soil.","The President of the United States, Donald Trump, has communicated the entry into force of a new package of rules on fuel efficiency for vehicles sold in the country, measures that, he has emphasized, ""nullify"" the ""ridiculous"" policies supporting electric cars promoted by his Democratic predecessor, Joe Biden.

""It’s a great day for workers in the automotive sector and car buyers in the United States,"" Trump stated in a message disseminated through his social media. ""I just approved new fuel efficiency standards that nullify the ridiculous decision on electric vehicles,"" he added, in direct reference to the measures pushed by the previous Administration.

In his speech, the Republican leader blamed the Democratic Party for causing the motor industry to lose ""billions of dollars"" and for ""forcing Americans to use cars they never wanted."" He also criticized that ""they spent billions of dollars on chargers that were never built.""

The current occupant of the White House has not specified the concrete content of the new rules nor the planned timeline for their implementation, although he has defended that these decisions ""will end the waste in automobile manufacturing in the United States.""

According to Trump, the regulatory review will translate into relief for consumers: ""That means lower prices, saving families thousands of dollars when buying a new, beautiful, and safe vehicle; far superior to those 'environmental monsters' that were being manufactured until now,"" he emphasized.

The president has also assured that ""all manufacturers"" have already contacted him to ""express their desire"" to produce on U.S. soil. ""Now they can do it,"" he insisted, before highlighting that his Administration ""is investing more than $100 billion (about €87.770 billion) in American vehicles.""

""That is just the beginning. Factories are coming back, jobs are coming back to Michigan, Ohio, Indiana, South Carolina, and the rest of the country,"" Trump proclaimed, taking the opportunity to thank the work done by the Secretaries of Transportation and Commerce, Sean Duffy and Howard Lutnick, whom he pointed out as key pieces in this regulatory shift.",https://www.democrata.es/uploads/s1/32/39/34/3/fotonoticia-20260927085913-1920_23_1200x630.jpeg,N,,2026-09-27 04:59:49.363905
,Indiana American Energy ,2026-09-27 06:51:39+00:00,매일경제,U.S. ESS Targets 1 TWh by 2032 to Meet Power Demand in the AI Era - MK,"한지연, www.mk.co.kr",,,,,https://www.mk.co.kr/en/business/12161904,"The U.S. energy storage industry has set a goal of expanding energy storage system (ESS) installations to 1 TWh (terawatt-hours) by 2032.
As electricity demand rises rapidly because of AI data centers and other factors, the industry plans to use ESS to supplement insufficient power supply capacity.
The U.S. ESS market is growing rapidly.
The country's energy storage capacity rose from 1.5 GW at the end of 2020 to 52 GW in mid-2026.
Electricity demand in the United States is surging as AI data centers and manufacturing expand and electrification accelerates.","The U.S. energy storage industry has set a goal of expanding energy storage system (ESS) installations to 1 TWh (terawatt-hours) by 2032. As electricity demand rises rapidly because of AI data centers and other factors, the industry plans to use ESS to supplement insufficient power supply capacity.

The U.S. energy storage coalition (ESC) set a target of expanding the country's ESS capacity to 225 GW in output and 1 TWh in storage capacity by the end of 2032 in a recent report titled “The Opportunity of the Terawatt-Hour Era.” ESC is an industry coalition involving major U.S. grid-scale battery manufacturers, as well as ESS developers, owners and operators. One TWh equals 1,000 GWh.

The U.S. ESS market is growing rapidly. The country's energy storage capacity rose from 1.5 GW at the end of 2020 to 52 GW in mid-2026. ESC said an average annual growth rate of 25% over the next five years would be needed to expand that capacity to 225 GW by 2032.

Electricity demand in the United States is surging as AI data centers and manufacturing expand and electrification accelerates. At the same time, the growing share of renewable power generation, including solar and wind, has increased fluctuations in electricity output. ESC explained that ESS can supply stored electricity during periods of high demand, helping address peak demand and improve the utilization of the existing power grid.

ESC also projected substantial economic benefits. If U.S. ESS storage capacity expands to more than 850 GWh, electricity system costs could be reduced by more than $250 billion over the next 10 years. ESS can lower peak power costs and grid congestion while reducing the burden of additional investment in generation and transmission facilities.

As the U.S. ESS market grows, Korean battery manufacturers are moving to expand their businesses by using local production facilities. LG Energy Solution plans to use five production sites in North America as ESS manufacturing bases and expand its North American ESS production capacity to more than 50 GWh by the end of this year. Samsung SDI began mass-producing NCA (nickel-cobalt-aluminum) batteries last year after converting an existing electric vehicle line at the Indiana plant of StarPlus Energy, its joint venture with Stellantis, for ESS production. It also plans to begin producing LFP (lithium iron phosphate) batteries in the fourth quarter of this year. SK On will convert part of its plant in State of Georgia (GA) into an LFP production line for ESS and begin mass production in the second half of the year.

This article has been translated by GripLabs Mingo AI.",https://pimg.mk.co.kr/news/cms/202609/27/news-p.v1.20260715.6464c63a644549658741445ccbd44d5a_R.jpg,N,,2026-09-27 03:57:48.486008
,Clean Energy ,2026-09-27 06:50:38+00:00,The Chosun Daily,South Korea's Industries Capitalize on U.S. Policy Shift,Choi Eun-kyung,,,,,https://www.chosun.com/english/industry-en/2026/09/27/L3SSHCFIXZD23NDIEYQQCDJNZM/,"South Koreas Industries Capitalize on U.S. Policy Shift Shipbuilding, SMR, batteries align with U.S. efforts to reduce Chinese supply chain dependence",Not Available,https://www.chosun.com/resizer/v2/IW4IRMCS6ZACTB6KBYXMBTWIXY.jpg?auth=04de2d3bd70652e36d6ab8ecac04a6b1be47e22a0cc3da5704edb94ab8a036e5&width=980&height=514&smart=true,N,,2026-09-27 05:58:31.064253
,EVs,2026-09-27 06:43:42+00:00,Oduu,Trump Administration Set to Scale Back US Vehicle Fuel Rules - SuaraGarut.ID,Ashley Morgan,,,,,https://suaragarut.id/en/trump-administration-scale-back-fuel-rules,"President Donald Trump announced on September 26, 2026, that his administration will roll back federal fuel economy standards for automobiles, with the Transportation Department scheduled to unveil the official rule on Monday.
The policy shift targets Corporate Average Fuel Economy (CAFE) standards updated in 2024 under former President Joe Biden.
""just approved new Fuel Economy Standards,"" said Donald Trump, President of the United States.
""TERMINATE,"" said Donald Trump, President of the United States.
That means LOWER PRICES, saving families thousands on a new, beautiful, and safe car,"" said Donald Trump, President of the United States.","President Donald Trump announced on September 26, 2026, that his administration will roll back federal fuel economy standards for automobiles, with the Transportation Department scheduled to unveil the official rule on Monday.

The policy shift targets Corporate Average Fuel Economy (CAFE) standards updated in 2024 under former President Joe Biden. Those regulations aimed to raise overall fleet fuel efficiency from 39.1 miles per gallon to roughly 50.4 miles per gallon by model year 2031, encouraging automakers to expand electric vehicle production.

Administration officials previously signaled a preference for lower efficiency thresholds. In December 2025, a proposal was outlined that would reduce the fleetwide requirement to roughly 34.5 miles per gallon by 2031, representing a cut of more than 30 percent from the Biden-era rule.

In a post on social media, Trump criticized the previous efficiency mandates and described the regulatory rollback as a benefit for consumers and domestic manufacturing.

""just approved new Fuel Economy Standards,"" said Donald Trump, President of the United States.

The president argued that the existing targets placed unnecessary financial burdens on auto manufacturers and constrained choices for buyers.

""TERMINATE,"" said Donald Trump, President of the United States.

He characterized the Biden-era rule as an undue government preference for electric models over petrol-powered vehicles.

""These new Standards will take the waste out of building cars in America. That means LOWER PRICES, saving families thousands on a new, beautiful, and safe car,"" said Donald Trump, President of the United States.

Transportation Secretary Sean Duffy confirmed the timing of the forthcoming policy release on social media.

""COMING MONDAY,"" said Sean Duffy, Transportation Secretary.

Though the previous administration introduced strict efficiency benchmarks, federal law does not mandate consumers to purchase electric vehicles or ban gas-powered cars. Congress also eliminated fines for carmakers failing to meet fuel standards and previously rolled back consumer tax credits for electric vehicles under the One Big Beautiful Bill Act.

The announcement arrives as drivers face higher fuel costs across the country. According to the AAA motor club, the national average price for a gallon of gas reached $4.48 on Saturday following US-Israeli attacks on Iran in February.",https://cdn.suaragarut.id/media/images/2026/09/HnrN5IpIsD.jpeg?location=1&width=1200&height=674&quality=80&watermark=1,N,,2026-09-27 04:59:20.433158
,American Energy,2026-09-27 06:40:17+00:00,The Korea Times,"Korea's US investment triggers 2nd wave of orders for ESS, power gear makers","Lee Min-hyung, www.koreatimes.co.kr",,,,,https://www.koreatimes.co.kr/amp/business/companies/20260927/koreas-us-investment-triggers-2nd-wave-of-orders-for-ess-power-gear-makers,"Korea’s power infrastructure investment in the U.S. could also benefit major power equipment makers here, as new power plants and data centers require transmission and distribution infrastructure, including transformers and circuit breakers.
All three have expanded their U.S. orders in response to growing investment in the country’s aging power grid.
The planned investment raises expectations that Korea’s investment in U.S. power generation will lead to additional orders for Korean suppliers.
“Stable electricity storage and transmission systems are becoming inseparable parts of AI data centers,” an industry official said.
“Korea’s U.S. power investment will pave the way for such players to grab bigger orders from major Big Tech clients there.”","Korea’s planned power infrastructure investment in the United States could generate a second wave of orders for Korean battery and power equipment makers, as surging electricity consumption from artificial intelligence (AI) data centers drives demand for energy storage systems (ESS) and grid equipment.

Last week, the Korean government announced its first U.S. strategic investment project, part of a $350 billion investment package. The project worth $22.3 billion is centered on building a natural gas-fired power plant in Encinal, Texas, to meet rising electricity demand from semiconductor plants and AI data centers.

The project is also expected to create additional demand for equipment needed to store, distribute and stabilize power, enabling relevant system makers to attract more orders from the world’s largest economy.

ESS is one of the largest pillar under the project. Korean battery makers — LG Energy Solution, Samsung SDI and SK On — identify ESS as their major revenue areas while the electric vehicle industry is stuck in a chasm.

ESS can store electricity when demand is low and discharge it during peak periods, helping data centers manage sharp fluctuations in power consumption and maintain a stable supply.

The need for such systems could become more pronounced around data centers that receive electricity from the new gas-fired power plant. ESS also helps stabilize power delivery between the newly built generation facilities and data centers.

Battery makers’ strategic shift toward ESS is already becoming evident.

LG Energy Solution was selected as an ESS partner for Nvidia’s AI factory program, positioning its lithium-ion phosphate (LFP)-based storage systems for AI data center applications. SK On, meanwhile, signed a 1.07 trillion won contract with POSCO Future M for LFP cathode materials, as it expands its ESS business in the U.S.

Samsung SDI is also seeing stronger demand for energy storage batteries. iM Securities expected the company’s ESS sales to rise about 32 percent in the third quarter from the previous quarter, and the firm’s sales are also projected to soar 33 percent between July and September from a year earlier on the favorable ESS market environment.

Korea’s power infrastructure investment in the U.S. could also benefit major power equipment makers here, as new power plants and data centers require transmission and distribution infrastructure, including transformers and circuit breakers.

HD Hyundai Electric, LS Electric and Hyosung Heavy Industries are among the Korean companies positioned to benefit from higher demand for high-voltage equipment. All three have expanded their U.S. orders in response to growing investment in the country’s aging power grid.

The planned investment raises expectations that Korea’s investment in U.S. power generation will lead to additional orders for Korean suppliers. As more factories and data centers are built around the project, demand for power infrastructure is widely expected to extend beyond the initial investment.

“Stable electricity storage and transmission systems are becoming inseparable parts of AI data centers,” an industry official said.

“Korea’s U.S. power investment will pave the way for such players to grab bigger orders from major Big Tech clients there.”",https://newsimg.koreatimes.co.kr/2026/09/27/d7073724-a3a9-401e-84f4-194dc4c95277.jpg,N,,2026-09-27 05:58:37.446874
,Clean Energy ,2026-09-27 06:38:49+00:00,ETGovernment.com,"UP widens investment pitch with AI, semiconductors, clean energy and GCCs","ETGovernment Desk, ET Government, www.ETGovernment.com",,,,,https://government.economictimes.indiatimes.com/amp/news/technology/up-widens-investment-pitch-with-ai-semiconductors-clean-energy-and-gccs/134515011,"Join the community of 2M+ industry professionals Subscribe to our Daily, Weekly, and Evening NewsLetter, Take a look","Join the community of 2M+ industry professionals

Subscribe to our Daily, Weekly, and Evening NewsLetter, Take a look","https://etimg.etb2bimg.com/thumb/msid-134515011,imgsize-799385,width-1200,height=627,overlay-etgovernment,resizemode-75/news/technology/up-widens-investment-pitch-with-ai-semiconductors-clean-energy-and-gccs.jpg",N,,2026-09-27 05:58:34.227433
,Texas American Energy ,2026-09-27 06:30:27+00:00,YouTube,Texas Turns Its Energy Story Towards Solar | WION - YouTube,Not Available,,,,,https://www.youtube.com/watch?v=go6ogRs_TUs,"Texas was once synonymous with American oil. Today, the state that helped power the United States with crude is becoming a powerhouse in another part of the ...",Not Available,https://i.ytimg.com/vi/go6ogRs_TUs/maxresdefault.jpg,N,,2026-09-27 07:00:24.250862
,Detroit and Evs,2026-09-27 06:15:44+00:00,Detroit Free Press,U.S. to finalize sharply lower vehicle fuel economy standards,David Shepardson,,,,,https://www.freep.com/story/money/cars/2026/09/26/us-finalize-sharply-lower-vehicle-fuel-economy-standards/91965255007/,"WASHINGTON − The U.S. Transportation Department on Monday, Sept. 28 will finalize sharply lower vehicle fuel economy standards through 2031, reversing a push by Joe Biden's administration to force automakers to build more electric vehicles, officials said on Sept. 26.
The new standards would cut the cost of new vehicles but increase fuel consumption and carbon dioxide emissions for decades, according to the department's own estimates.
President Donald Trump said he had approved new fuel economy standards for cars and trucks, which he said will lower the price of new vehicles.
Under Democratic President Biden, the government sought to push automakers to build more electric vehicles to meet rising fuel efficiency standards.
The Trump administration ⁠in December proposed retroactively revising down the 2022 model year fuel economy standard and then raising it between 0.25% and 0.5% annually through 2031.","WASHINGTON − The U.S. Transportation Department on Monday, Sept. 28 will finalize sharply lower vehicle fuel economy standards through 2031, reversing a push by Joe Biden's administration to force automakers to build more electric vehicles, officials said on Sept. 26.

The new standards would cut the cost of new vehicles but increase fuel consumption and carbon dioxide emissions for decades, according to the department's own estimates.

President Donald Trump said he had approved new fuel economy standards for cars and trucks, which he said will lower the price of new vehicles. ""A major victory for America's auto ⁠workers is coming Monday,"" Transportation Secretary Sean Duffy said.

Trump's push comes as American drivers are grappling with sharply higher fuel prices since the start of the U.S.-Israeli war with Iran at the end of February.

He said he will lower the price of new vehicles. ""A major victory for America's auto ⁠workers is coming Monday,"" Transportation Secretary Sean Duffy said.

Under Democratic President Biden, the government sought to push automakers to build more electric vehicles to meet rising fuel efficiency standards. Biden increased required fuel efficiency for cars by 8% annually for model years 2024 and 2025, 10% for 2026 and 2% annually from 2027 to 2031.

The Trump administration ⁠in December proposed retroactively revising down the 2022 model year fuel economy standard and then raising it between 0.25% and 0.5% annually through 2031.

The Transportation Department proposed a fleetwide average of 34.5 miles per gallon by 2031, down from 50.4 miles per gallon under Biden. It estimated its proposal would cut average ⁠new vehicle costs by $930 each.

But it would increase fuel consumption by around 100 billion gallons through 2050, fuel spending by $185 billion and carbon dioxide emissions by about 5%, the department said.

Trump's move will make it easier for automakers to sell ⁠consumers less efficient vehicles. ""Lowering standards will accelerate what (Trump) has already been doing: handing the clean tech future to China and forcing Americans to pay more at the pump,"" said Pete Buttigieg, who headed the Transportation ⁠Department under Biden.

Biden focused on reducing US greenhouse gas emissions and fossil fuel use, accelerating a transition to clean energy, and making the US a global leader in clean-energy technology and manufacturing.

Reporting by David Shepardson and Jasper Ward in Washington; Editing by Sergio Non, Andrea Ricci and Sanjeev Miglani","https://www.freep.com/gcdn/authoring/authoring-images/2026/09/11/PDTF/91711507007-20260902-t-190218-z-1331502172-mt-1-usatoday-29720516-rtrmadp-3-agaspumpispicturedinoklahomacitysept-22026.jpg?crop=5359,3015,x0,y354&width=3200&height=1801&format=pjpg&auto=webp",N,,2026-09-27 02:57:56.898890
,Detroit and Evs,2026-09-27 05:55:22+00:00,NST Online,US to finalise sharply lower vehicle fuel economy standards,Not Available,,,,,https://www.nst.com.my/business/economy/2026/09/1541952/us-finalise-sharply-lower-vehicle-fuel-economy-standards,What To Read Next,What To Read Next,https://storage.googleapis.com/origin-awsassets.nst.com.my/images/socialmedia/755E6ED15D232E03FD1E5612B30B2365_data.jpg,N,,2026-09-27 02:58:03.828901
,North Carolina American Energy ,2026-09-27 05:42:58+00:00,WXLV,"Trump says he approved rollback of Biden-era fuel economy rules, cutting mpg targets","EMMA KOPPELMAN | The National News Desk, EMMA KOPPELMAN, The National News Desk",,,,,https://abc45.com/news/nation-world/trump-says-he-approved-rollback-of-biden-era-fuel-economy-rules-cutting-mpg-targets,"President Donald Trump said Saturday he has approved new fuel economy standards that would roll back Biden-era vehicle efficiency rules, a shift he said will lower vehicle prices and give automakers more room to build the kinds of vehicles many Americans buy.
That would be down from 50.4 mpg under Biden-era standards.
Trump said the change would lower vehicle prices, save families thousands on new cars and help automakers expand U.S. manufacturing.
The rollback is expected to give automakers more flexibility to produce gasoline-powered pickups and SUVs, which generally have lower fuel efficiency but higher profit margins.
The Biden-era standards were designed to cut fuel use and emissions while encouraging more fuel-efficient, hybrid and electric vehicles.","President Donald Trump said Saturday he has approved new fuel economy standards that would roll back Biden-era vehicle efficiency rules, a shift he said will lower vehicle prices and give automakers more room to build the kinds of vehicles many Americans buy.

The final rule was not immediately released, and the administration has not publicly detailed the new requirements.

A prior proposal from the National Highway Traffic Safety Administration would lower the fleetwide fuel-economy target for cars and light trucks to about 34.5 miles per gallon by model year 2031. That would be down from 50.4 mpg under Biden-era standards.

Trump said the change would lower vehicle prices, save families thousands on new cars and help automakers expand U.S. manufacturing. The rollback is expected to give automakers more flexibility to produce gasoline-powered pickups and SUVs, which generally have lower fuel efficiency but higher profit margins.

The Biden-era standards were designed to cut fuel use and emissions while encouraging more fuel-efficient, hybrid and electric vehicles. The rules did not require consumers to buy electric vehicles.

NHTSA previously estimated its proposed rollback could reduce the average upfront price of a new vehicle by about $930. But that proposal was also projected to increase fuel consumption by roughly 100 billion gallons through 2050, add about $185 billion in fuel costs and raise carbon dioxide emissions by about 5%.

Environmental groups criticized the move, arguing that less fuel-efficient vehicles could mean higher costs at the gas pump and more pollution.

Transportation Secretary Sean Duffy said a “major victory for America’s auto workers” was coming Monday, suggesting further details or an announcement may follow.",https://abc45.com/resources/media2/16x9/8256/1320/0x430/90/70c91167-77fa-41b4-b8ba-a4870ed16986-GettyImages2265652413.jpg,N,,2026-09-27 04:59:45.301131
,EVs,2026-09-27 05:42:23+00:00,ThePrint,India is going electric without a grid and charging network ready for it - ThePrint,Kushan Mitra,,,,,https://theprint.in/opinion/dashboard/india-going-electric-without-grid-charging-network/3054548/,"In Europe, the share of battery electric vehicles in new car registrations touched an all-time high of 27.7 per cent in August, up from 17.8 percent in the same month last year.
It lacks one thing The charging hurdle The big caveat remains charging, particularly home charging.
The crisis of charging in apartment complexes has been highlighted by automotive influencers and even in articles out here in this publication.
‘Ather Node’ aimed to manage the load inside apartment complexes because, as Mehta mentioned, electric vehicles, both cars and two-wheelers, are becoming mainstream and everybody will want their own charger.
But Mehta recognised that it was unviable for an apartment complex to buy a new transformer for ₹50 lakh plus to enhance its load just because more people are buying electric vehicles.","And it isn’t just passenger vehicles, but also two-wheelers, three-wheelers, trucks and buses. Everything is going electric. And global geopolitics is playing a role as well.

And frankly, if we have learned any one thing from the current crisis in West Asia, it is that we cannot depend on a steady flow of crude oil or fully trust the US.

Although Donald Trump will go down in history as someone who did more to encourage electric vehicle adoption than hundreds of other politicians, with the exception of the Politburo of the Chinese Communist Party. Not in quite the way he intended, though.

Increasing electrification

Sales of electric vehicles have spiked in India, at a shade under 10 per cent of new car sales, and executives from Tata Motors, the country’s largest EV manufacturer, openly admit that demand far outstrips supply by almost three times. In Europe, the share of battery electric vehicles in new car registrations touched an all-time high of 27.7 per cent in August, up from 17.8 percent in the same month last year.

A trip to Europe a few weeks ago was eye-opening. Diesel prices at the pump in Germany touched the equivalent of Rs 260 per litre and recently have even hit Rs 300 per litre. India’s spare refining capacity, as highlighted by Minister of Petroleum and Natural Gas Hardeep Puri at a recent conference, has played a vital role in insulating Indians from the spikes of global fuel prices. But for how much longer?

Speaking at the launch of JSW Greentech, the JSW Group’s entry into electric commercial vehicles, last week, the conglomerate’s chairman, Sajjan Jindal, highlighted the global diesel crisis and mentioned that India must move towards electrifying even heavy-duty freight and tipper trucks. Electrifying the bus fleet is, of course, low-hanging fruit. And there are huge cost benefits to electrification as well, as Parth Jindal pointed out while conversing with me during a recent conversation, with operating costs declining by almost a third on electric vehicles and margins also dramatically improving.

But as I wrote at the start of this article, noted earlier, buying an electric vehicle is a no-brainer for urban commuting. Heck, new EVs like the MG Hector Tomahawk I drove recently can easily manage over 400-450 kilometres on a single charge, so even most medium-distance highway runs are easily doable. There are still too many caveats, however.

Also read: New Mercedes GLC 400 electric is big, fast, and feature-loaded. It lacks one thing

The charging hurdle

The big caveat remains charging, particularly home charging. The crisis of charging in apartment complexes has been highlighted by automotive influencers and even in articles out here in this publication. Speaking to others Conversations across the country suggest this is not an isolated problem in Gurugram or Noida, but a nationwide issue, with Resident Welfare Associations breaking out in civil war frequently at loggerheads with local authorities, who only add fuel to the fire with various municipal and building laws regarding charging equipment being in conflict that conflict with one another.

Add to this poor electricity supply and creaking grid infrastructure in some states like Punjab and Tamil Nadu, and the ‘no-brainer’ aspect becomes one of having ‘no brain cells whatsoever’ if you go electric. Although other states like Kerala have really taken to electrification.

In fact, at the Ather Community Day, one of the more interesting services that Chief Executive Tarun Mehta announced was ‘Ather Node’, essentially a load management system (LMS). Understanding that the number of electric transformers was limited, these are the big boxes you might see that bring down the high voltage transmission to the everyday voltage we use at home. ‘Ather Node’ aimed to manage the load inside apartment complexes because, as Mehta mentioned, electric vehicles, both cars and two-wheelers, are becoming mainstream and everybody will want their own charger.

But Mehta recognised that it was unviable for an apartment complex to buy a new transformer for ₹50 lakh plus to enhance its load just because more people are buying electric vehicles. So an LMS would increase or decrease the charging rate according to the amount of spare electricity available and automate the billing process. This was not something the two-wheeler manufacturer had conceived as a profit centre; instead, they would license it out to builders and charging point operators. Mehta recognised it as a crucial investment by Ather to spread electrification.

These are not isolated issues. Other start-ups should develop LMSs, and more electrical transformers have to be made to deal with the shortage. But most importantly, the Ministry of Power and state governments will play the biggest role in this. Fixing and improving the finances of state-run power utilities and distribution companies, along with a rapid move towards renewables and energy storage, are now urgently needed to keep the blood flow of Indian mobility going.

Talking of energy storage, I’ve been reading and watching far too many videos on the latter topic, and some developments, such as mass compressed-air storage and ‘Iron-Air Batteries’, where rusting and ‘unrusting’ iron is used to store electricity, are beyond fascinating. But that is something for another column.

Kushan Mitra is an automotive journalist based in New Delhi. He tweets @kushanmitra. Views are personal.

(Edited by Prashant)",https://staticprintenglish.theprint.in/wp-content/uploads/2023/01/Evs-Reuters.jpg,N,,2026-09-27 04:59:29.018214
,EVs,2026-09-27 05:14:03+00:00,ETAuto.com,"Trump scraps EV push, eases US fuel economy norms - ET Auto News","ET Auto, www.ETAuto.com",,,,,https://auto.economictimes.indiatimes.com/amp/news/industry/trump-scraps-ev-push-eases-us-fuel-economy-norms/134514807,"Your Privacy is Important to us We encourage you to review our Terms of Service, and Privacy Policy.
By continuing, you agree to the Terms listed here.
In case you want to opt out, please click ""Do Not Sell or Share My Personal Information"" link in the footer of this page.
Opt out of the sale or sharing of personal information We won't sell or share your personal information to inform the ads you see.
You may still see interest-based ads if your information is sold or shared by other companies or was sold or shared previously.","Your Privacy is Important to us

We encourage you to review our Terms of Service, and Privacy Policy.

By continuing, you agree to the Terms listed here. In case you want to opt out, please click ""Do Not Sell or Share My Personal Information"" link in the footer of this page.

Opt out of the sale or sharing of personal information

We won't sell or share your personal information to inform the ads you see. You may still see interest-based ads if your information is sold or shared by other companies or was sold or shared previously.","https://etimg.etb2bimg.com/thumb/msid-134514807,imgsize-52904,width-1200,height=627,overlay-etauto,resizemode-75/industry/trump-scraps-ev-push-eases-us-fuel-economy-norms.jpg",N,,2026-09-27 04:59:33.817233
,EVs,2026-09-27 05:03:03+00:00,www.journals.uchicago.edu,The Urban Equilibrium Effects of Electric Vehicle Tax Credits,Not Available,,,,,https://www.journals.uchicago.edu/doi/pdf/10.1086/740185?download=true,Electric vehicle. (EV) tax credits lower direct energy consumption and emissions via commuting but also cause important urban general equilibrium ...,Not Available,,N,,2026-09-27 08:00:06.088105
