id,name,published,outlet,title,authors,category,market,categoryorder,articleorder,url,description,text,image,error,sentiment,firstEyes
,Mississippi Today,2026-07-06 17:56:41+00:00,Mississippi Today,Former Jackson Mayor Lumumba set to plead guilty in public corruption case,Molly Minta,,,,,https://mississippitoday.org/2026/07/06/ex-mayor-lumumba-plea-corruption-fbi/,"Jackson Mayor Chokwe Antar Lumumba after losing his bid for reelection, Tuesday, April 22, 2025, at the RSVP Ice House in Jackson.","Audio recording is automated for accessibility. Humans wrote and edited the story.
Former Jackson Mayor Chokwe Antar Lumumba is set to plead guilty Monday to federal charges in a public corruption case, according to a court document. This comes a week after Hinds County District Attorney Jody Owens pleaded guilty to conspiracy in the same case that shook Mississippi’s capital city. 
A federal grand jury indicted Lumumba, Owens and former Jackson City Council Member Aaron Banks in 2024. Their trial was set to begin July 13.
Lumumba, a Democrat, was mayor from 2017 until mid-2025, when he lost his bid for reelection. Upon election, Lumumba had vowed to transform Jackson into “the most radical city on the planet.” 
Owens, a Democrat, was first elected in 2019 as the top prosecutor in Mississippi’s largest county. He resigned when he pleaded guilty last week. 
READ MORE: Hinds County District Attorney Jody Owens pleads guilty to conspiracy
Beginning as early as 2023, two undercover FBI agents posed as real estate developers. They sought to build a convention center hotel in downtown Jackson on a plot of land the city had previously obtained a federal loan to develop.
The undercover operation mimicked stings that federal authorities have brought in other cities. 
In Jackson, prosecutors allege the scheme worked like this: The agents, purporting to represent a company called Facility Solutions Team, funneled money through an unsuspecting Owens to Lumumba and Banks, who were then supposed to help the developers secure the city’s approval to use federal funds to build a downtown convention center hotel. 
In the indictment, prosecutors alleged that Lumumba accepted $50,000 in campaign donations in exchange for assisting the developers in obtaining the city’s blessing. 
The indictment alleges that while Lumumba was on a yacht off the coast of Florida, he discussed the payment Owens was going to give him on behalf of the developers. Then he placed a call asking a city employee to shorten the bid window for the hotel development. 
Lumumba described this action as “ministerial at best,” according to court documents, thus not in line with how federal law and the courts have defined an official action a public official must take as part of a quid pro quo. 
Two people have already pleaded guilty in the scheme: Another former City Council member, Angelique Lee, and Owens’ cousin and associate, Sherik “Marve” Smith, who pleaded to acting as a go-between for the district attorney with both Lumumba and Banks.
Federal investigators were drawn to Jackson as early as 2022 after years of public accusations of corruption among its leaders. In just one instance, a city councilmember wrote the U.S. Attorney’s Office asking them to investigate Lumumba while he was mayor.",https://cdn.mississippitoday.org/uploads/2025/04/21231830/Lumumba-loss-7.jpg,,,2026-07-06 13:59:54.534788
,Idaho Capital Sun,2026-07-06 17:48:24+00:00,Idaho Capital Sun,Western US emergency experts say FEMA response still favors East Coast hurricanes over Western fires,Patrick Lohmann,,,,,https://idahocapitalsun.com/2026/07/06/western-us-emergency-experts-say-fema-response-still-favors-east-coast-hurricanes-over-western-fires/,"A group of emergency management experts from Western states convening in Utah last week said Wednesday that the Federal Emergency Management Agency continues to prioritize hurricanes and other Eastern perils over much more common wildfires in the West. A bipartisan group of Western governors, including New Mexico Gov. Michelle Lujan Grisham and Idaho Gov. Br[...]","Emergency management experts from Western states discussed efforts at FEMA reform and the agency’s continued lack of wildfire focus. (Photo courtesy of Ellen Jaskol/Western Governors’ Association)A group of emergency management experts from Western states convening in Utah last week said Wednesday that the Federal Emergency Management Agency continues to prioritize hurricanes and other Eastern perils over much more common wildfires in the West.
A bipartisan group of Western governors, including New Mexico Gov. Michelle Lujan Grisham and Idaho Gov. Brad Little, gathered in Deer Valley, Utah, for the annual Western Governors’ Association conference. Their Wednesday discussion — “The Road Ahead for FEMA” — comes on the heels of a report the FEMA Review Council published in May that suggests, among other recommendations, the federal government should define its role as “supporting” versus “leading” state, local and tribal governments after disasters.
Western governors establish multi-state task force to update the region’s transmission lines

The report also notes that FEMA’s Hazard Mitigation Grant Program, which helps state and local governments prevent and limit damage from natural disasters, concentrates on hurricanes, floods and tornadoes, leaving “gaps” when it comes to wildfires, drought and earthquakes.
Ali Rye, the state director for New Mexico’s Department of Homeland Security and Emergency Management, said she found the report “disappointing” because state and local governments are already taking on as much as they can bear.
She also recounted a story of trying to meet with FEMA officials last week at a wildfire summit in Boise.
“We were super excited” to speak to officials including President Donald Trump’s nominee for FEMA administrator, Cameron Hamilton, “only for them to get on the screen and tell us that they were too busy to fly to Boise, and instead they had to sit there and brief the president on hurricanes,” she said.
In response, Rye noted that hurricanes are far less common than the wildfires running rampant through many Western states.
“We receive a wildfire every single year. And for many of us, especially for us sitting in this room, we don’t just receive one. We have four, five, six,” Rye said.
 Western officials urge more support from FEMA headquarters

Lujan Grisham at that point chimed in to note that the state has more than a dozen large, active wildfires, “and then countless other smaller ones” across the state. The New Mexico governor last week approved $500,000 for DHSEM to help support local efforts to combat the McCauley Springs Fire near Jemez Springs, as well as other wildfires throughout the state.
Idaho Gov. Little says state is preparing for challenging wildfire season as fund drops to $0

Rye and Lujan Grisham’s comments echoed those of other panelists who said Western states, particularly rural areas, continue to receive less support from FEMA headquarters. Those criticisms come amid ongoing efforts by Trump and the Department of Homeland Security to enact sweeping reforms of the agency.
“Everything that comes out of the federal government is East Coast-centric, or it’s population-dense programs and policies, and the Western states are just kind of an afterthought,” said Kris Hamlet, director of the Utah Division of Emergency Management. “Everything keeps going back to what’s happening in the hurricane states on the East Coast.”
Hamlet urged the governors to advocate as a coalition for more Western-state representation in FEMA decision making.
“We have debris flows and post-fire flooding and other things, but yet we’re waiting for the federal government to decide what they’re going to do with the review of these mitigation dollars that should be coming our way after we’ve had these big fires,” he said, before directing his comments to Hawaii Gov. Josh Green, a Democrat who is the new chair of the Western Governors’ Association. “So for me, Governor, I think just a seat at the table to be represented would go a long way.”

This story was originally produced by Source New Mexico, which is part of States Newsroom, a nonprofit news network which includes the Idaho Capital Sun, and is supported by grants and a coalition of donors as a 501c(3) public charity.
SUPPORT: YOU MAKE OUR WORK POSSIBLE",https://idahocapitalsun.com/wp-content/uploads/2026/07/West-govs-panel.jpg,,,2026-07-06 13:59:54.534788
,Missouri Independent,2026-07-06 17:27:24+00:00,Missouri Independent,First Columbia charter school targets 2027 opening amid lawsuit over Missouri law,Annie Goodykoontz,,,,,https://missouriindependent.com/2026/07/06/first-columbia-charter-school-targets-2027-opening-amid-lawsuit-over-missouri-law/,"Kansas City-based Frontier Schools is on track to open Columbia’s first charter school in the fall of 2027. At this point, Frontier Schools has hired a contractor and is looking for possible locations for the charter school in the city. The Missouri Board of Education approved the opening of the STEM-based elementary school in April, […]","Columbia Public Schools has said that Frontier STEM Academy is projected to take more than $4 million away from the local district in its first year, increasing to over $9 million by its fifth year (Spenser Heaps for Utah News Dispatch).Kansas City-based Frontier Schools is on track to open Columbia’s first charter school in the fall of 2027.
At this point, Frontier Schools has hired a contractor and is looking for possible locations for the charter school in the city.
The Missouri Board of Education approved the opening of the STEM-based elementary school in April, allowing it to become the first charter school to operate in Boone County.
Called Frontier STEM Academy, it will start with students in preschool through second grade and add an additional grade per year for at least the next three years. According to a report presented for approval in April, Frontier’s plan is to start with 40 preschool students, 96 kindergartners, 24 first graders and 24 second graders.
“Since receiving approval in April, our efforts have focused on the early planning stages of implementation, including facility exploration, and organizational planning,” Jennifer Gray, the director of communications and outreach with Frontier, wrote in an emailed response to questions.
Frontier has not begun to hire staff, Gray said. That process is likely to start closer to the open date.
The search for a location might be influenced by considering the target population. For Frontier, that’s “predominantly low-income kiddos,” said Noah Devine, the executive director of the Missouri Charter Public School Association.
He pointed to downtown and the north side of Columbia as possible locations. “Although, you’re going to be flexible,” he said. “And you know, renting or buying are both reasonable options.”
Devine said there are five “key activities” charter schools must complete in order to open a school. The first is physical location.
“You don’t have access to public-tax-dollar bond monies, so you have to get a little creative,” Devine said. “Sometimes it means leasing, or doing a loan, or doing a site search, which is what they’re doing right now.”
Whatever building Frontier chooses must comply with requirements set by the Missouri Department of Elementary and Secondary Education and the state.
The second move is hiring staff, including teachers and principals. In Frontier’s case, that would likely occur between October and May 2027, Devine said.
Columbia schools sue to block law expanding reach of Missouri charter schools

The third move is recruiting students to enroll. Devine said informational posters around town could start popping up this fall with enrollment information.
Another effort is community engagement, which Frontier is currently managing. Devine said this involves meeting with parents and gathering feedback from stakeholders to tailor the school’s model to fit the needs of its community.
Devine called the last move “organizational operations,” which involves everything that is “necessary, required and very critical,” for public schools. This includes sorting out federal grants, setting up payments with the state of Missouri and ensuring special education resources under Section B, among other things.
From approval to the school’s start date, 18 months is a reasonable time frame for any public school to open, Devine said.
From Frontier’s perspective, it has been working to develop the vision for its Columbia school for the “better part of 21 months,” Devine said, since it submitted an application in December and resubmitted it in March.
“This is a timeline that I think is very reasonable, and is generally in alignment for what we see, both in the charter school world, as well as just for all public schools, inclusive of charter schools,” he said.
Meanwhile, Columbia Public Schools has been granted judicial approval to continue challenging the law that allows charter schools to operate in Boone County. The district has resisted charter schools since the state law passed in 2024, suing the state in December and claiming the law is unconstitutional.
In a ruling last week, a Cole County Circuit Court judge said pursuing this legal remedy was an appropriate way to ultimately decide the issue of constitutionality. The next hearing in the case is Aug. 3.
The district is asking for a court ruling that would declare the provision in the law singling out Boone County unconstitutional and the application by Frontier Schools a violation of statutory requirements.
Since the state law was passed, two applications have been submitted to start charter schools in Columbia. In addition to Frontier, an application for a charter school proposed by Job Point and devoted to workforce training is still pending.
For many of those opposed to charter schools, funding is a major concern. The schools are financed by taxpayer dollars, which are allocated after students choose which school to attend. In Boone County, both state and local funding are included in the allocations.
Columbia Public Schools has said that Frontier STEM Academy is projected to take more than $4 million away from the local district in its first year, increasing to over $9 million by its fifth year.
This story originally appeared in the Columbia Missourian. It can be republished in print or online.",https://missouriindependent.com/wp-content/uploads/2026/06/031224_Junior-High-School_10-2048x1365-1-1024x683-1.jpg,,,2026-07-06 13:59:54.534788
,Indiana Capital Chronicle,2026-07-06 17:03:26+00:00,Indiana Capital Chronicle,Planned Parenthood decries block on Indiana Medicaid funding despite end of federal ban,Tom Davies,,,,,https://indianacapitalchronicle.com/2026/07/06/planned-parenthood-decries-block-on-indiana-medicaid-funding-despite-end-of-federal-ban/,Planned Parenthood remains cut off from Indiana Medicaid funding even with the expiration of a federal ban on such payments to abortion providers for any healthcare services.,"Planned Parenthood halted abortion services at its four licensed abortion clinics in Indianapolis, Bloomington, Lafayette and Merrillville. (Michael B. Thomas/Getty Images)Indiana’s Planned Parenthood affiliate remains cut off from state Medicaid funding even with the expiration of a federal ban on such payments to abortion providers for any healthcare services.
The nationwide funding ban that Republicans included in last year’s “big, beautiful” law expired July 4. That leaves states to determine whether Planned Parenthood can receive payment from the program for low-income individuals for non-abortion care.
Indiana officials, however, are seeking federal court approval to enforce a 2011 state law that prohibits any state funding to abortion-providing organizations.
Federal courts blocked that law from taking effect and Planned Parenthood continued receiving Indiana Medicaid payments for more than a decade before the federal ban was imposed last summer.
But recent court filings say Planned Parenthood has agreed to “remain suspended from Indiana’s Medicaid program” while awaiting a decision from the Chicago-based 7th Circuit Court of Appeals.
Jennifer Allen, CEO of Planned Parenthood Alliance Advocates, denounced the state’s court action, saying “Indiana is doing all it can to block patients from care.”
“This isn’t about abortion; Planned Parenthood has been banned from providing abortion in Indiana since 2022,” Allen said in a statement Monday. “It’s about whether people with low incomes get to see the provider they trust for essential health care like birth control, cancer screenings, STI testing and wellness exams. State leaders have made a political decision to cut people off from care — at a time when Indiana’s health care safety net has already stretched to a breaking point.”
Indiana Planned Parenthood faces clinic closures and state funding fight

Indiana’s House Enrolled Act 1210, approved in 2011, bars state agencies from contracting with or giving grants to any organization that performs abortions, or has a facility where abortions are performed. The law exempts hospitals and ambulatory surgical centers.
Planned Parenthood’s Indiana affiliate won a permanent injunction in 2013, with U.S. District Court Judge Tanya Walton Pratt ruling that using the ban to deny Planned Parenthood Medicaid funding was unlawful because it would deny patients “a free choice of medical provider.”
But the U.S. Supreme Court overturned that logic in 2025 when it agreed with attorneys arguing that federal Medicaid law didn’t spell that out.
That ruling prompted Indiana Attorney General Todd Rokita’s office to then seek dismissal of the order blocking the state funding ban.
The office argued in an appeals court filing last month for quick action on its request, arguing there was no reason for “keeping the injunction on life support.”
State data shows Indiana paid Planned Parenthood $1.6 million in 2025 and $1.7 million in 2024 for Medicaid services.
The attorney general’s office, however, said in a recent court filing that the state “has no intention of attempting to recoup past Medicaid payments” made to Planned Parenthood.
Pratt, the Indianapolis-based federal judge, said in a ruling last week that she was “inclined to grant” that state’s request to throw out her 2013 order blocking the Indiana funding ban but held off as the case was pending with the appeals court in Chicago.
Attorneys for both sides have filed legal arguments with the appeals court, which as of Monday had not issued any rulings or set a date for hearing oral arguments.
SUBSCRIBE: GET THE MORNING HEADLINES DELIVERED TO YOUR INBOX.",https://indianacapitalchronicle.com/wp-content/uploads/2023/08/GettyImages-1146785359-scaled-1-1024x682.jpg,,,2026-07-06 13:07:41.220452
,Iowa Capital Dispatch,2026-07-06 16:49:56+00:00,Iowa Capital Dispatch,Board revokes license of physician accused of inappropriate actions with young patients,Clark Kauffman,,,,,https://iowacapitaldispatch.com/2026/07/06/board-revokes-license-of-physician-accused-of-inappropriate-actions-with-young-patients/,"State regulators have revoked the license of a former Iowa physician who surrendered his California medical license amid allegations of inappropriate conduct with juvenile female patients. Last year, the Iowa Board of Medicine charged Dr. Najeeb Khalil Ahmed Ansari with violating the laws or rules governing the practice of medicine in another, unspecified st[...]","(Photo courtesy of the Iowa Board of Medicine)State regulators have revoked the license of a former Iowa physician who surrendered his California medical license amid allegations of inappropriate conduct with juvenile female patients.
Last year, the Iowa Board of Medicine charged Dr. Najeeb Khalil Ahmed Ansari with violating the laws or rules governing the practice of medicine in another, unspecified state; failure to report disciplinary action to the board, and failure to respond to a board investigation.
At the time, the board did not publicly disclose any information as to the circumstances that gave rise to the charges or when they occurred, except to say that Ansari was “an Iowa-licensed surgeon who practiced in the Coralville, Iowa, area at all times relevant to this order.”
SUBSCRIBE: GET THE MORNING HEADLINES DELIVERED TO YOUR INBOX.
However, in those same board documents, the board indicates Ansari’s license to practice medicine in Iowa, first issued in December 2019, expired in January 2022. Federal records indicate that while in Iowa, Ansari worked as a pediatrician at Ottumwa Regional Health Center.
Records from the Medical Board of California indicate that in 2023, Ansari was charged by that board with incompetence and negligence. The California board alleged that at least seven girls, all between the ages of 11 and 17, complained of Ansari’s conduct at a time when he was working as a pediatrician.
Court records and board documents indicate all seven complaints pertained to patient exams that took place in October 2020 at Fresno’s Clinica Sierra Vista Elm Avenue Women’s & Pediatric Clinic. According to the board, Ansari removed some of the patients’ underwear for them before performing genital exams.
The board alleges that in the case of one 15-year-old girl, he allegedly asked the girl to remove her underwear, but then, “when she did so slowly, he took over and stripped them off.” Ansari was alleged to have done the same thing to another 15-year-old girl, with the board alleging that when the patient “pulled her underwear down to her knees, (he) removed them the rest of the way.”
Ansari agreed to surrender his physician and surgeon license after the medical board alleged his behavior violated the standard of care expected of physicians and was evidence of incompetence and gross negligence. The board had also charged Ansari with failing to maintain adequate records by neglecting to document his patients’ medical histories.
As part of a settlement agreement with the board, Ansari agreed to pay the board $131,000 to offset the cost of its investigation before his California license can be reinstated.
The Iowa Board of Medicine recently concluded Ansari violated the standards of practice through his actions in California and that he also failed to report the California case to Iowa authorities as required and failed to cooperate with the Iowa board’s investigation. The board revoked Ansari’s Iowa license.
Currently, Ansari is being sued by his malpractice insurance provider, ProAssurance Specialty Insurance. In that case, the company alleges Clinica Sierra Vista fired Ansari in October 2020 after alleging he had “sexually abused multiple pediatric patients.”
The lawsuit seeks a court declaration that the insurer is not obligated to defend Ansari from legal claims filed against him by one of the teenaged patients and by the clinic. The insurer cites a coverage exemption in its policy that indicates “sexual abuse of a minor” does not constitute a covered incident arising out of professional medical services.
Court records show that in the six months since that lawsuit was initiated, Ansari, who is believed to be residing either in Florida or California, has not filed a response. On June 29, 2026, a federal judge issued an order stating that unless Ansari files a response by the first week of August, a default judgment will be entered against him in the case.
The Iowa Board of Medicine alleges Ansari did not respond to letters and calls from its investigators over the past 10 months.  The Iowa Capital Dispatch was not able to reach Ansari for comment.
SUPPORT: YOU MAKE OUR WORK POSSIBLE",https://iowacapitaldispatch.com/wp-content/uploads/2020/02/BOARD-OF-MEDICINE.jpg,,,2026-07-06 13:07:41.220452
,Arkansas Advocate,2026-07-06 16:16:18+00:00,Arkansas Advocate,Signatures submitted for Arkansas ballot measure on initiative process,"Andrew DeMillo, Antoinette Grajeda",,,,,https://arkansasadvocate.com/2026/07/06/signatures-submitted-for-arkansas-ballot-measure-on-initiative-process/,"Arkansas officials are reviewing thousands of signatures submitted in favor of a proposal to preserve the state’s initiative and referendum process to determine if it’ll qualify for the November ballot Protect AR Rights submitted 108,837 signatures Friday to the secretary of state’s office for its proposal, the Arkansas Ballot Measure Rights Amendment of 202[...]","Protestors sign petitions at the No Kings March in Little Rock, Arkansas on Saturday, March 28, 2026 (Photo by Katie Adkins/Arkansas Advocate).Arkansas officials are reviewing thousands of signatures submitted in favor of a proposal to preserve the state’s initiative and referendum process to determine if it’ll qualify for the November ballot
Protect AR Rights submitted 108,837 signatures Friday to the secretary of state’s office for its proposal, the Arkansas Ballot Measure Rights Amendment of 2026. The measure needs at least 90,704 valid signatures from registered voters to get on the ballot.
“Today’s submission is a testament to what people can accomplish when they come together to defend democracy,” Dara Gaines, field director for the campaign, said in a statement Friday. 
The secretary of state’s office has hired 15 people to assist in reviewing the petitions, spokesperson Samantha Boyd said. Reviewing the petitions could take a few weeks, she said. 
Protect AR Rights is one of three groups that collected signatures this spring for proposed constitutional amendments, but the only one that submitted petitions. The group said it will gather additional signatures if it qualifies for a cure period.
Both Protect AR Rights and Save AR Democracy proposed constitutional amendments to strengthen the state’s direct democracy process, which allows Arkansans to propose laws or constitutional amendments and place them on the ballot for a statewide vote.
Arkansas is one of 24 states that allows citizen-led initiatives. The majority-Republican Legislature has implemented restrictions on the initiative process in recent years, but some of the new laws have been blocked by federal courts. 
Arkansas Explained: How to propose a ballot measure

If approved by voters, the Protect AR Rights proposal would prohibit the Legislature from repealing or changing a constitutional amendment approved by voters. It would also enact several new protections to the initiative process. 
The supporters of the amendment argue it’s needed to combat state laws that make the initiative and referendum process more difficult. Proponents of the laws have said the restrictions are needed to protect the process’ integrity.
The third group, For AR Kids, proposed an education-focused constitutional amendment that would require private schools receiving state funds under Arkansas’ school voucher program to meet the same standards as public schools. The measure also called for universal access to early childhood education for 3- and 4-year-olds and education support for students living in poverty.
The group fell short of its signature goal, but said it succeeded in raising awareness about the concerns about the voucher program.
“The Arkansas Educational Rights Amendment may not appear on this year’s ballot, but the issues it sought to address have not disappeared,” said April Reisma, president of the Arkansas Education Association and the For AR Kids campaign.
For AR Families, a coalition of groups supporting the voucher program, had campaigned against the proposal and ran TV ads around the state. The coalition called the proposal failing to make the ballot “a decisive victory for Arkansas families, students, and taxpayers.”
The three ballot measure groups were part of a lawsuit challenging state laws restricting the petitioning process. A federal judge last week declared some of those laws unconstitutional and left in place a preliminary injunction that temporarily blocked some of the legislation. A trial in the suit is scheduled for July 28. 


Let us know what you think...",https://arkansasadvocate.com/wp-content/uploads/2026/03/kadkins_arkansasadvocate_nokings_03282026-147-1024x683.jpg,,,2026-07-06 13:07:41.220452
,Connecticut Mirror,2026-07-06 16:01:00+00:00,CT Mirror,Why Bridgeport’s anti-ethics faction is winning,Five Bridgeport Council members,,,,,https://ctmirror.org/2026/07/06/why-bridgeports-anti-ethics-faction-is-winning-galen/,A small faction of the Bridgeport City Council holds veto power over the appointment of three new Ethics Committee volunteers.,"Bridgeport’s City Council is poised to dash the public’s best chance in a generation at enacting fair governance reforms when we meet this evening at City Hall. 
The quiet effort to oppose and discredit ethics reform, which was overwhelmingly supported by ballot referendum this past November, is being led behind the scenes by Council leadership, including Council President Jeanette Herron.
At issue is the appointment of three highly qualified Bridgeport residents to the Ethics Commission, a body that approves applicants for all city boards and commissions, investigates and reviews ethical misconduct complaints against city officials and employees, and provides advisory guidance on ethical behavior.
However, a small anti-ethics faction effectively holds veto power over the confirmation process due to a requirement that commissioners be confirmed by a two-thirds majority vote of the council. This cadre, led by Herron, President Pro Tempore Ernest Newton, and Deputy Majority Leader Richard Ortiz, has quietly led an internal effort to whip votes against confirming these three applicants. This group has allied itself with Councilwoman Maria Pereira and her close friend Councilman Alfredo Castillo, putting defeat of any nominee perilously close at just two votes away.
The willingness to embrace Councilwoman Pereira – who has served as a hand grenade for this term’s policy agenda using legal and procedural tricks to slow down and degrade anything she opposes – is telling about the priorities of council leadership. This alliance and their antics have produced a strong cocktail of misinformation and played on traditional mistrust between neighborhoods, a political strategy that has provided the anti-ethics faction with additional cover for a “no” vote that opposes the public’s will.
The unfortunate result is that many of my colleagues who genuinely want ethics reform are now being squeezed into a “no” vote. Council leadership has spent considerable time and effort to successfully frame a “yes” vote as being against their wishes. This effort stands in direct contrast to their inaction in bringing the council together to discuss the divide over these nominees.
Nor has Leadership worked to articulate an alternative path forward for the Ethics Commission.
Volunteers bring critical expertise to commission
The three pending nominees would greatly bolster the capacities of the Ethics Commission by bringing decades of relevant expertise. Notably, none of my colleagues have attempted to block confirmation based on the qualifications or merit of the applicants, as doing so would obviously be a foolhardy exercise. The pending Ethics Commissioners are:
Rosella Criss, who brings over 25 years of expertise in corporate investigations, ethics, and compliance at Pitney Bowes, the American Cancer Society, and the School for Ethical Education,
Kristen Mennillo, who is a Connecticut Bar certified lawyer helping to represent residents of Success Village,
Faith Sweeney, who is the former Chair of the Charter Revision Commission with deep knowledge of Bridgeport’s ethics framework and brings over 30+ years of public school teaching experience
Efforts to sow mistrust in the process
Given the inability to discredit the actual applicants, the anti-ethics faction has resorted to amplifying efforts to generate confusion about their eligibility and sowing mistrust in the fairness of the confirmation process as tactics for whipping votes.
Unfortunately, their efforts have been effective. In a climate of poor internal communication amongst the council, where members do not caucus and regular committee meetings are often cancelled, it is easy for misinformation and mistrust to creep in. The fact that these Ethics Commission nominees followed the process as legally mandated by Bridgeport’s Charter -– submitted a notarized application to the mayor; passed a criminal background check; got approved (unanimously) by the current Ethics Commission; got approved by the Council’s Miscellaneous Matters Committee -– cannot overcome the vague suggestion by leadership that the process has been secretly “muddied” or “politicized.”
Sadly, only six of 20 members were at City Hall for the committee meeting where council members had the opportunity to interview these nominees (two joined online). Council members had months to review these applications and inform themselves about the qualifications of the nominees, which were referred to us by the Mayor’s office as a matter of public record. The issue was not the process. The issue is too few members engaged in the process or attended the meetings.
A pattern of opposing council independence
Efforts to oppose, slow-roll, and ignore good governance reforms by the anti-ethics faction are nothing new. Taken as a whole, these actions paint a picture of general ambivalence in moving forward voter-approved reforms geared at improving government responsiveness and accountability. 
For instance, in the last year alone the anti-ethics faction has:

September – Opposed the work of the Charter Revision Commission, by voting NO on their final report
December – Failed to prioritize moving forward any ordinances needed to implement updates to the new Charter after the new Council President was elected
January – Declined a request by the City Attorney for Council collaboration on updating the Code of Ethics ordinance at a public meeting
March – Made no effort to ensure appointment of all seven Ethics Commissioners, as mandated by the Charter (the Commission currently has only 3 active members)
April – Quietly tried to underfund the Director of the Office of Municipal Ethics and the Office of Legislative Services, key aspects of the new Charter, without informing the rest of the council. Thankfully the Budget Committee voted to reverse their efforts and funded those positions (although there is no progress toward hiring those vacancies.)
May – June – Led efforts to defeat confirmation of three nominees

These on-the-record efforts are a clear pattern for the public to see. And the absence of any alternative plan speaks volumes.
A missed opportunity for genuine reform?
Despite years of scandal and political stagnation, the adoption of an updated City Charter for the first time in 33 years brought a rare opportunity to set a fairer course for Bridgeport’s government. Alas, three years of effort to make these changes are seemingly being undone by six months of inaction.
At stake is more than just a (now) very public fight over the fate of these nominees, it is the character of how we want our city government to look moving forward. Will quality volunteers continue to step up to serve our community if they are shot down for political reasons? Will quality representatives serve on City Council if their legislative efforts are met with gossip and mistrust rather than informed discussion and debate?
So, rather than spreading mistruths and stonewalling the public, maybe council leadership should do as Councilman Aikeem Boyd suggested and just say publicly that they oppose ethics reform.
Otherwise, their actions (or lack, thereof) are screaming their opposition.
Come support confirmation of the Ethics Commissioners – 45 Lyon Terrace on July 6t (6:30 Public Speaking – 7 p.m. meeting).
Galen Murray, Dasha Spell, Aikeem Boyd, Aidee Nieves and Maria Valle are members of the Bridgeport City Council.",https://ctmirror.org/wp-content/uploads/2026/07/Bridgeport-City-Hall.jpg,,,2026-07-06 13:07:41.220452
,North Carolina Newsline,2026-07-06 16:00:40+00:00,NC Newsline,Catawba College Dr. Michael Bitzer on shifting political attitudes and America’s 250th anniversary,Clayton Henkel,,,,,https://ncnewsline.com/2026/07/06/catawba-college-dr-michael-bitzer-on-shifting-political-attitudes-and-americas-250th-anniversary/,"  There’s a longstanding pattern in American politics that in most off-year elections, the party of the president tends to lose support and right now, that’s looking more and more like what we’ll see this fall in North Carolina. According to new polling from the Catawba College YouGov Survey, support for President Trump, the Republican […]","Catawba College political scientist and pollster Michael Bitzer 
There’s a longstanding pattern in American politics that in most off-year elections, the party of the president tends to lose support and right now, that’s looking more and more like what we’ll see this fall in North Carolina. According to new polling from the Catawba College YouGov Survey, support for President Trump, the Republican U.S. Senate nominee Michael Whatley, and other GOP candidates generally has waned significantly – especially among unaffiliated voters.
So, what’s driving this shift and how significant is it? Recently NC Newsline sat down to discuss these questions and more with Catawba College political scientist and pollster, Michael Bitzer. And as our nation celebrates its 250th birthday, we also got a chance to ask Bitzer about his recent poll that gauged what North Carolinians think about one of the country’s most important founding documents and the principles it espoused.
Click here to listen to our full interview with Catawba College political scientist and pollster, Michael Bitzer.",https://ncnewsline.com/wp-content/uploads/2026/07/bitzer1.jpg,,,2026-07-06 13:07:41.220452
,Florida Phoenix,2026-07-06 15:52:02+00:00,Florida Phoenix,Goodbye eight and hello nine,Florida Phoenix staff,,,,,https://floridaphoenix.com/2026/07/06/goodbye-eight-and-hello-nine/,Year eight was a good one for the Florida Phoenix.  The Florida Society of News Editors recognized the Phoenix’s coverage of health care programs for people with intellectual and developmental disabilities. Third-generation reporter Liv Caputo joined the Phoenix staff in September and wasted no time digging into how the DeSantis administration spent hundreds[...],"The No Kings rally in Jacksonville included a march from Friendship Circle, across the John T. Alsop Jr. Bridge, and to the Duval County Courthouse. (Photo Christine Sexton/Florida Phoenix)Year eight was a good one for the Florida Phoenix. 
The Florida Society of News Editors recognized the Phoenix’s coverage of health care programs for people with intellectual and developmental disabilities.
Third-generation reporter Liv Caputo joined the Phoenix staff in September and wasted no time digging into how the DeSantis administration spent hundreds of millions of taxpayer dollars at “Alligator Alcatraz.”
The Phoenix was the only Florida news organization with statewide coverage of the No Kings Day rallies, with our reporters stationed at demonstrations from Miami to Tampa to Sopchoppy to Pensacola.
Our in-depth coverage of the dysfunctional 2026 regular session and the three subsequent special sessions was second to none.
Florida Phoenix staff outside the Florida Press Center in downtown Tallahassee. (Left to right: Liv Caputo, Michael Moline, Jay Waagmeester, Christine Sexton. Not pictured, Mitch Perry, who reports from St. Petersburg.)
And when it comes to the best, Phoenix columnists Craig Pittman and Diane Roberts are, we’d argue, the GOATs, offering insights on the workings of state government like only a native could (Pittman was born in Pensacola and Roberts, an eighth generation Floridian, in Tallahassee). Barrington Salmon, meanwhile, although not a native Floridian, writes with clear insight about racial politics.
Our enthusiasm as we enter year nine has not waned.
If you’ve got a suggestion for what we should report on during 2026, drop us a line. Our journalism is meant to serve all Floridians.
We cover immigration, health care, education, environmental, and other issues that shape Floridians’ lives. The Phoenix is part of States Newsroom, the nation’s largest state-focused nonprofit news organization, with reporting from every capital. We provide our coverage for free — no pop-ups, paywalls, or ads. We encourage other digital, print, and broadcast outlets to republish our content. That includes reporting from the States Newsroom Washington bureau — helpful for news organization without the resources for national reporting.
We don’t accept corporate donations or underwriting and we do not  accept donations from foreign governments or anonymous sources. Instead, our funding comes from institutional grants and donations from individuals.

SUPPORT: YOU MAKE OUR WORK POSSIBLE",https://floridaphoenix.com/wp-content/uploads/2026/03/IMG_6557-1-1024x768.jpg,,,2026-07-06 12:00:49.557431
,North Carolina Newsline,2026-07-06 15:45:24+00:00,NC Newsline,NC Black Alliance executive director Marcus Bass on recent partisan election changes,Clayton Henkel,,,,,https://ncnewsline.com/2026/07/06/nc-black-alliance-executive-director-marcus-bass-on-recent-partisan-election-changes/,"Republican leaders at the North Carolina General Assembly have pursued few objectives with more zeal than their crusade to overhaul state elections. Repeatedly, GOP leaders have advanced new laws that make voting more difficult and the oversight of elections more partisan. A new omnibus bill that sprang up at the legislature in recent weeks doubles […]","North Carolina Black Alliance Director Marcus Bass (Photo: Claire Michal/NC Newsline)Republican leaders at the North Carolina General Assembly have pursued few objectives with more zeal than their crusade to overhaul state elections. Repeatedly, GOP leaders have advanced new laws that make voting more difficult and the oversight of elections more partisan. A new omnibus bill that sprang up at the legislature in recent weeks doubles down on that strategy. To get a better idea of what’s been going on and what’s at stake, NC Newsline sat down for an extended conversation with the executive director of the North Carolina Black Alliance, Marcus Bass.
Bass said while such proposals may be dressed up and marketed as being about promoting election integrity, the real objectives aren’t that hard to discern.
Click here to listen to our full interview with North Carolina Black Alliance director Marcus Bass.",https://ncnewsline.com/wp-content/uploads/2026/07/bass.jpg,,,2026-07-06 12:00:49.557431
,Nebraska Examiner,2026-07-06 15:40:37+00:00,Nebraska Examiner,Effort to enact total abortion ban in Nebraska fails to submit signatures for a ballot initiative,Juan Salinas II,,,,,https://nebraskaexaminer.com/2026/07/06/effort-to-enact-total-abortion-ban-in-nebraska-fails-to-submit-signatures-for-a-ballot-initiative/,This is the second time Choose Life Now has tried and failed to get on the ballot with an initiative for a total ban on abortions.,"Absentee ballots are prepared to be mailed at the Wake County Board of Elections on Sept. 17, 2024, in Raleigh, North Carolina. North Carolina will send out absentee ballots to military and overseas citizens by Sept. 20. Other absentee ballots will be sent by Sept. 24 to voters who requested ballots by mail. Early voting begins Oct. 17. (Allison Joyce/Getty Images)LINCOLN — A ballot initiative that would have asked Nebraska voters to add a total ban on abortions to the state’s constitution will not be on the November ballot after failing to submit signatures needed.
The state currently bans most abortions after the first trimester, but includes exceptions for the life of the mother, as well as rape and incest. 
Nebraska Secretary of State Bob Evnen confirmed last week that the group – Choose Life Now – did not submit the required number of signatures to be on the ballot before his office closed on Thursday, which was the deadline.
The language of the proposed ballot initiative said “a preborn child is a person at every stage of development, beginning at fertilization. Wherever under Nebraska law the term ‘person’ is used or implied, it shall include such a child.”
The initiative also proposed to cross out voter-adopted constitutional language limiting legal abortions to the first trimester. 
SUBSCRIBE: GET THE MORNING HEADLINES DELIVERED TO YOUR INBOX.
In 2024, Nebraska voters were faced with a unique choice of deciding between opposing abortion-related proposals. Nebraska joined two other states, Florida and South Dakota, in rejecting ballot initiatives seeking to expand abortion rights after the U.S. Supreme Court overturned Roe v. Wade in 2022, a ruling that governed reproductive rights for nearly half a century.  
Choose Life Now didn’t immediately respond to a request for comment about its signature-gathering efforts. This is the second time the group tried and failed to get on the ballot. 
In order to get a proposed constitutional amendment on the ballot in Nebraska, a group must gather signatures from at least 10% of Nebraska voters. The signatures must include 5% of registered voters in at least 38 of the state’s 93 counties.
During its kick-off event last year, organizers called the ballot initiative a “spiritual battle” to stop the “culture of death” that comes with abortions. 
Executive Director of Planned Parenthood North Central States Andi Curry Grubb told Omaha NBC affiliate WOWT last year that Choose Life Now’s renewed effort would fail because it did not reflect the values or will of Nebraskans.
Nebraska Gov. Jim Pillen has previously said he would prefer a total abortion ban. The national GOP has softened its stance on abortion since the Dobbs decision, as bans became unpopular with the public.
SUPPORT: YOU MAKE OUR WORK POSSIBLE",https://nebraskaexaminer.com/wp-content/uploads/2024/09/VotingSept17-scaled-1-1024x683.jpg,,,2026-07-06 12:00:49.557431
,Kansas Reflector,2026-07-06 15:15:16+00:00,Kansas Reflector,Kansas Democrat outlines vision for governor that relies on community conversations to set agenda,Sherman Smith,,,,,https://kansasreflector.com/2026/07/06/kansas-democrat-outlines-vision-for-governor-that-relies-on-community-conversations-to-set-agenda/,"TOPEKA — Overland Park Mayor Curt Skoog’s vision for leading the state is to bring people together from local communities to determine priorities for lawmakers. Currently, the agenda is being set by Republican extremists in charge of the Legislature, he said on the Kansas Reflector podcast. Skoog, who is seeking the Democratic nomination for governor, […]","Overland Park Mayor Curt Skoog appears for a June 22, 2026, recording of the Kansas Reflector podcast in Topeka. (Photo by Anna Kaminski/Kansas Reflector)TOPEKA — Overland Park Mayor Curt Skoog’s vision for leading the state is to bring people together from local communities to determine priorities for lawmakers.
Currently, the agenda is being set by Republican extremists in charge of the Legislature, he said on the Kansas Reflector podcast.
Skoog, who is seeking the Democratic nomination for governor, sees his town’s commercial development during his 21 years in elected office as a blueprint for creating thriving communities. His sights are trained on Senate President Ty Masterson, who has the president’s endorsement in the GOP race for governor.
“This is not easy. This is not for the faint of heart,” Skoog said. “There is hard work ahead, and we have to bring the residents from across the state, citizens and Kansans across the state, together and establish our priorities.”
“That’s the way that we get this machine turned into a community conversation, instead of political bickering for 90 days,” he added, referring to the length of the legislative session.


Skoog contrasted his approach with Masterson’s failure to deliver property tax relief as the session ended in April. The way Skoog sees it, Masterson’s approach was to wait until the last minute and try to impose his will.
“I was sitting in the mayor’s office watching the dysfunctional Legislature again this year, and just couldn’t sit by and let Ty Masterson walk into the governor’s office,” Skoog said.
Skoog said he was approached a year ago by “a group of people that were concerned about the existing field.” That field would be Cindy Holscher and Ethan Corson, two state senators from Johnson County who are also seeking the Democratic nomination for governor. At the time, Skoog was busy running for reelection as mayor.
He said he was approached again at the start of this year but declined because a family member was dying. Shortly before the June 1 filing deadline, he said, he was approached again with “lots of information about the polling and what was going on.” This time, he joined the race.
“After a year of campaigning, Ethan was significantly behind Cindy, and people do not believe Cindy can win against Ty Masterson in November,” Skoog said. “And then on Memorial Day weekend, Donald Trump endorsed Ty Masterson on the Republican side, and that was the last straw.”
Overland Park Mayor Curt Skoog, center, speaks with reporters on June 1, 2026, at the Secretary of State’s Office in Topeka after filing as candidates for the Democratic primary for governor. His running mate, Fredonia physician Jennifer Bacani McKenney is on the right. His wife, Amy, is on the left. (Photo by Sherman Smith/Kansas Reflector)
Skoog said he respects both of his primary opponents. All three maintain they are the only candidate who can win in November.
Holscher’s populist positions have won support from Democratic voters. She opposed the massive incentive package to lure the Kansas City Chiefs across state lines and has called for a moratorium on building new data centers.
Corson has the benefit of endorsements from Democratic Gov. Laura Kelly and former Democratic Gov. Kathleen Sebelius, as well as Planned Parenthood and labor leaders.
But, Skoog said, “what you hear is Ethan has not been able to connect with voters.”
“I hear it everywhere I go. It’s that, ‘Hey, I’ve met Ethan. He’s an impressive guy, but I don’t feel like I connected with him, or I understand what his objective is in this race,’ ” Skoog said. “Cindy is running a grassroots race. She’s worked really hard. She has always worked hard, but what I hear from people across the state is, ‘I like many of the things she says, but her voting record will be attacked in November by Ty Masterson and the Republicans.’ ”
Skoog has the advantage of being an outsider to Statehouse politics.
He describes himself as a sixth-generation Kansan whose forefathers were homesteaders in Franklin and Wabaunsee counties. They fought for the the Union during the Civil War, he said.
He said he grew up as “a Bob Dole Republican” in Topeka, where his parents were involved with the Republican Party. He graduated from Topeka High School, earned a business degree at the University of Kansas, and moved to Overland Park.
He started off at the electric utility that became Evergy and now works for the Institute for Building Technology and Safety, a national nonprofit that provides business services to cities and counties.
“I worked on Bob Dole campaigns when I was young. I learned how to fold letters in a Bob Dole Senate race,” Skoog said. “Over time, it became clear that my values weren’t changing, but the Republican Party sure was.”
For example, he said, he believes elections should be free and fair. He wants to fully fund public schools, including special education. He wants to expand Medicaid and, with the help of his running mate, Fredonia physician Jennifer Bacani McKenney, ensure every Kansan has access to quality health care. He wants to preserve the state’s strong rural roots, which means fighting with the federal delegation about tariffs.
And he wants to make sure everybody is welcome in Kansas.
“This current legislature is pushing people away, right?” Skoog said. “They have in their rhetoric, it’s all about pointing to ‘them,’ and depending on the conversation, the ‘them’ changes from LGBTQ to immigrants to second-generation Americans, first-generation Americans, to minority groups, to different religious groups. And I want everybody to feel welcome, no matter when you came to this country.”
“It takes all of us to build a state that is thriving,” he added, “and we need to build thriving communities where our kids and grandkids want to stay and come back to, and we need others to join us in Kansas to fill the jobs, to start businesses, to work on farms and ranches, and we need to make sure that everybody is included in that mission.”",https://kansasreflector.com/wp-content/uploads/2026/06/P6220181e-1024x576.jpg,,,2026-07-06 12:00:49.557431
,Connecticut Mirror,2026-07-06 14:00:00+00:00,CT Mirror,"As Trump buyouts shake up offshore wind, states hope developers stay in the game",Alex Brown | Stateline,,,,,https://ctmirror.org/2026/07/06/trump-offshore-wind-states-developers/,"As President Donald Trump blocks new permits for offshore wind development, state leaders are hoping some companies will stay interested.","President Donald Trump has shown the immense power of the executive branch to stymie offshore wind development, as nearly all projects are in waters where federal agencies operate as the landlord.
Now, as the feds block new permits and dangle billion-dollar buyout offers to convince developers to walk away from their projects, state leaders are hoping some companies share their conviction that the industry can be revived after Trump leaves office.
“Any honest assessment of where we need to be to meet our climate goals depends on a thriving offshore wind sector,” said New York state Sen. Andrew Gounardes, a Democrat.
New York and many other East Coast states have set aggressive targets for offshore wind power, both to meet rising energy demands and transition to clean energy sources. But Trump’s attacks on the industry threaten to scare off companies from making the massive long-term investments required to pursue offshore wind projects.
“If there’s no business opportunity here, then they’re not going to stay here and invest here,” Gounardes said. “They’re not going to lay around with good intentions doing nothing, and we’re going to lose out because of that.”
Federal opposition
Last week, Trump’s Department of the Interior announced a $129 million deal with Duke Energy to relinquish its lease to build an offshore wind farm off the coast of North Carolina. The company pledged to reinvest the money into other forms of energy.
Since March, Trump officials have struck four such agreements totaling more than $2.5 billion to get developers to give up on their offshore wind plans. Some analysts say the federal government’s ability to blockade pending projects has caused some companies to reconsider their investments.
“If you have a lease that appears to be going nowhere for at least the next three years, you want to pivot to other options,” said Timothy Fox, managing director at ClearView Energy Partners LLC, an independent research firm. “There’s still a lot of leases out there, but the Trump administration has made this aggressive push, and we think there could be future similar announcements.”
According to Fox, developers hold leases for roughly two dozen other offshore wind areas, agreements that could be targeted for similar buyout deals.
While developers consider buyout offers from the federal government, state leaders say such deals are illegal. Seven states filed a lawsuit earlier this month saying the administration lacks the authority to cancel the leases and pay out funds, focused on a March deal with TotalEnergies to block a project off of New York.
The lawsuit challenges the administration’s use of a federal fund set aside to pay court judgments and settlements of lawsuits against the government. The deal, state attorneys general argue, “is not the result of a compromise settlement between adverse parties, but rather an agreement resulting from [federal officials’] pretextual national security concerns and TotalEnergies’ desire to receive unauthorized compensation for an expensive offshore wind lease.”
The state of California has also announced that it intends to file a lawsuit over another buyout targeting a lease area off the state’s Pacific coast.
Since taking office, Trump has halted permits and leases for other planned offshore wind projects, canceled hundreds of millions in funding to support manufacturing and ports and ended clean energy tax credits. His administration also issued stop-work orders for five offshore wind projects that were already under construction, but courts have overturned those orders and allowed work to resume.
Aside from the five wind farms currently being built, progress on dozens of other pending projects has ground to a halt.
“There’s little to be done if the federal government still controls the permits, leases and pace of development,” said Fox, the researcher.
State goals
The clash comes as many East Coast states have been counting heavily on the maturation of the offshore wind industry to meet their energy needs. Eight Atlantic states have committed to building more than 45 gigawatts of offshore wind by 2040 — enough to power more than 30 million homes. They’ve made major investments in ports, manufacturing facilities, transmission infrastructure and workforce training.
[RELATED: Revolution Wind provides first power to New England grid]
In addition to their climate goals, many states are facing surging energy demands, largely driven by data centers and artificial intelligence.
State leaders say that offshore wind farms can harness massive amounts of electricity, especially during nighttime and winter periods when solar power is in short supply. For heavily populated East Coast states, with limited areas to put sprawling energy projects on land, tapping into strong winds over the ocean has become a major part of their strategy.
“Offshore wind is key to a future that allows us to move off of fossil fuels,” said Maryland state Del. Lorig Charkoudian, a Democrat who has been a strong backer of offshore wind. “Every time the (Trump administration) makes these moves, it reminds me that their numbers show how much offshore (wind) would allow us to retire fossil fuel plants.”
Trump has long opposed offshore wind, falsely asserting that it harms whales, is unreliable and drives up energy costs. While offshore wind generation is intermittent, it has a much higher capacity factor than onshore renewables, meaning that it operates for longer periods at its maximum output level. New offshore wind projects have capacity factors that match some gas and coal-fired power plants, according to the International Energy Agency.
While still more expensive than onshore renewables, offshore wind projects globally produce electricity at a rate cheaper than natural gas and coal plants, according to Energy Solutions Intelligence, a digital consulting platform.
Backers and energy analysts say offshore wind in the U.S. should become cheaper over time as supply chains mature and investments in ports and other infrastructure pay off.
The Department of the Interior did not grant a Stateline interview request about its buyout deals for offshore wind projects, but the agency has claimed in statements that the deals will lower energy prices.
Changing plans
Many state leaders acknowledge that the delays caused by Trump’s opposition will cause them to miss their targets for building new projects over the next 5 to 10 years. But they say the industry is still essential for meeting their long-term climate goals and energy needs.
“I don’t think anyone is at the point of saying no offshore wind ever again,” said Gounardes, the New York lawmaker. “It might not be part of the alchemy in the near future, but it certainly must be part of the alchemy to meet our overall goals.”
For now, state leaders are hoping their ongoing commitments to offshore wind will convince developers to wait out the remainder of Trump’s term and stay in the U.S. market.
“[The buyouts] are a blow to the industry, but it’s not a death knell but there are other projects out there that are still in some stage of development,” said Sam Schacht, project director for offshore wind with the Clean Energy States Alliance, a nonprofit coalition of state energy agencies.
“There’s this bad news story happening about the attempts to erode these future projects, while at the same time there’s a very positive story about the projects that are under construction and producing power now and their ability to capably meet states’ power demands.”
While states play the waiting game with offshore wind, they’re making new plans to meet their energy needs in the near term. Lawmakers in Maryland have invested in battery storage, which Charkoudian described as a “no-regrets” option that can help meet energy needs today while complementing offshore wind once it comes online.
Other states, including New York and New Jersey, have looked at increasing subsidies for nuclear power.
“I wouldn’t say that they’re giving up on offshore wind, but states are pivoting to other carbon-free resources that  are favored by this administration, namely nuclear power,” said Fox, the energy researcher.
This story was first published July 6, 2026 by Stateline.",https://ctmirror.org/wp-content/uploads/2026/01/AP26013809809106-1024x683.jpg,,,2026-07-06 12:00:49.557431
,Alaska Beacon,2026-07-06 13:40:10+00:00,Alaska Beacon,NOAA eyes potential changes to Alaska sea lion protections as Trump urges boosted seafood harvests,Yereth Rosen,,,,,https://alaskabeacon.com/briefs/noaa-eyes-potential-changes-to-alaska-sea-lion-protections-as-trump-urges-boosted-seafood-harvests/,"Federal regulators plan to reevaluate fishing closure boundaries established to protect endangered Steller sea lions in Alaska, part of a national Trump administration push to cut regulation of U.S. commercial seafood harvests. The Steller sea lion protections are among a series of rules that the administration is seeking to relax or change to carry out […]","Steller Sea lions rest on a rocky ledge in Kenai Fjords National Park on July 31, 2013. The western population of Steller sea lions is listed as endangered, and fishery managers have imposed protection to limit the impacts to the animals from commercial seafood harvest. (Photo by Kaitlin Thoresen/National Park Service)Federal regulators plan to reevaluate fishing closure boundaries established to protect endangered Steller sea lions in Alaska, part of a national Trump administration push to cut regulation of U.S. commercial seafood harvests.
The Steller sea lion protections are among a series of rules that the administration is seeking to relax or change to carry out a mandate from President Donald Trump to increase catches, reduce regulation and ensure that the nation is “the world’s dominant seafood leader.”
The recommended changes were released on Thursday by the National Oceanic and Atmospheric Administration’s Fisheries service and are in response to Trump’s 2025 executive order titled “Restoring American Seafood Competitiveness.” They could affect oceans from New England and the Caribbean to the tropical Pacific and the Bering Sea. 
Several months of public consultations resulted in a list of recommendations that “we believe will reduce burdens on domestic fishing, increase production, stabilize markets, improve access, and enhance economic profitability,” NOAA Fisheries Assistant Administrator Eugenio Piñeiro Soler said in a statement.
Steller sea lions in Alaska have suffered a population decline that extended over several decades.
The no-fishing zones intended to protect them are established around sea lion rookeries, places where the animals gather to mate and raise their pups, and major haul-out sites. There are also transit restrictions in areas where the sea lions gather, as well as seasonal harvest limits on fish that are known to be Steller sea lion food: Atka mackerel, Pacific cod and pollock.
Named for naturalist Georg Wilhelm Steller, who sailed to Alaska with explorer Vitus Bering in the 18th century, Steller sea lions are the largest of the “eared seals,” a category that includes all sea lions and fur seals.
 

A Steller sea lion is seen in 2013 in Alaska. (Photo provided by NOAA Fisheries)
 

	The entire population, which ranges from Japan to California but is concentrated in Alaska, was listed as threatened in 1990. Seven years later, the population was divided; the western population from Prince William Sound to the Aleutians, which has had the most dramatic losses, was listed as endangered while the eastern population remained classified as threatened. By 2013 the eastern population had recovered sufficiently to warrant de-listing, but the western population remains classified as threatened and continues to face threats, according to NOAA Fisheries.
After Trump issued the executive order in April of 2015, NOAA Fisheries solicited comments from the regional fishery management councils and other organizations, as well as the general public.
The North Pacific Fishery Management Council, which manages harvests in federal waters off Alaska, responded to the solicitation with 20 recommended regulatory changes. Those included some changes to harvest timing, some changes to allocations among quota holders and some new allowances for record-keeping. A change to Steller sea lion protections was not on the list.
To Oceana, an environmental group focused on marine issues, the language in the NOAA list of recommendations was a bit vague, but any review of Steller sea lion conservation measures “must be grounded in the law and the best available science,” said Lauren Hynes, a marine scientist who is the organization’s North Pacific campaign manager.
“The western distinct population of Steller sea lions remains endangered, and recovery goals have not been met. If anything, more must be done to conserve and recover this vulnerable population and to protect their habitat and prey,” Hynes said by email.
Other Alaska-focused changes in the list of recommendations released Thursday by NOAA Fisheries were some tweaks to sablefish rules.
Trump has already taken other actions that overturn environmental protections to enable more commercial fishing in U.S. waters.
In February, he overturned a fishing ban in the Northeast Canyons and Seamounts Marine National Monument off the New England coast. On June 11, he overturned fishing bans in three protected areas in the Pacific, the Papahānaumokuākea Marine National Monument off Hawaii, the Mariana Trench Marine National Monument near the Mariana Islands and the Rose Atoll Marine National Monument near American Samoa.
SUPPORT: YOU MAKE OUR WORK POSSIBLE",https://alaskabeacon.com/wp-content/uploads/2026/07/9469238510_642c4f789b_o-1024x683.jpg,,,2026-07-06 09:57:32.909358
,Mississippi Today,2026-07-06 13:30:00+00:00,Mississippi Today,Defendants and victims see little change in Hinds County after DA Jody Owens’ departure,Molly Minta,,,,,https://mississippitoday.org/2026/07/06/hinds-da-office-work-continues/,The Hinds County Courthouse pictured in 2024.,"Audio recording is automated for accessibility. Humans wrote and edited the story.
The wheels of justice rattled on in the days after Hinds County District Attorney Jody Owens pleaded guilty to conspiracy and resigned from office. 
As the now-former district attorney cleaned out his office on the fifth floor of the Hinds County Courthouse, more routine scenarios unfolded in the courtrooms below. 
In Circuit Judge Debra Gibbs’s courtroom Wednesday, a 26-year-old man pleaded guilty to second-degree murder and received a 40-year sentence.
That same day, another man indicted for aiding and abetting the 26-year-old appeared in Circuit Judge Adrienne Wooten’s courtroom for a status hearing. To the judge’s irritation, the man’s attorney was absent and hadn’t properly notified the court, meaning the judge wouldn’t receive an update on the man’s case. 
She sighed audibly into the microphone and sent the man home. 
Defendants hadn’t checked in with their public defenders. Deputies yelled their names loudly into the courtroom hallways, to no avail. Young men waiting for their cases to be called sat in the audience, hunched over and alone. Families watched anxiously as their shackled loved ones faced the judge and were sent back to the Raymond Detention Center. 
Attorneys discussed plea offers, missing evidence and motions for continuances. The prosecutor, Deputy Chief Gwen Agho, assured Wooten that if the judge called a case to trial in August, “we can be ready.”
Hinds County District Attorney Jody Owens speaks outside the federal courthouse in Jackson after he pleaded guilty to a conspiracy charge on Monday, June 29, 2026. Credit: Richard Lake/Mississippi Today
For all the headlines generated by Owens’ alleged and admitted actions, the bulk of the work prosecuting cases in Hinds County is undertaken by some 15 assistant district attorneys in five courtrooms, oftentimes at docket calls just like this one. 
And the work of the district attorney’s office is continuing even as its leadership is in limbo. 
Whoever takes the reins next, the work of prosecuting cases will continue. State law says the governor will call an election to fill the office of a district attorney who has resigned. Republican Gov. Tate Reeves will make an emergency appointment to fill the vacancy until an election is held. 
“If the person who leads Ford Motor Company resigns, they still make cars,” said Matt Steffey, a professor at the Mississippi Christian University School of Law. 
After Owens, a Democrat, won election in 2019, critics sometimes commented that the former head of the Southern Poverty Law Center’s Mississippi branch wasn’t a career prosecutor and had never tried a case before. 
On paper, that’s what a district attorney does. According to state statute, the job of a district attorney is to handle “all criminal prosecutions and all civil cases in which the state or any county within his district may be interested.” 
But in Hinds County, more than 2,000 felony cases are resolved each year – by far the busiest criminal docket in the state. 
The district attorney can’t address the enormous case load alone on top of other duties, such as lobbying at the Capitol, serving on appointed commissions, signing checks, seeking grants and making budget requests to the board of supervisors. 
Not to mention campaigning for reelection. 
With that workload, the job of Hinds County district attorney becomes more about managing and delegating, said Jim Kitchens, a former Mississippi Supreme Court justice who was a district attorney earlier in this career. 
“Most of the trial work – the pick and shovel work, if you will – is done by assistant district attorneys,” he said. 
Of course, when tasked with prosecuting a high-profile case, Kitchens said the district attorney will sometimes step in. Owens did that a few times early on in his five and a half years in office, such as in the case of a Provine High School teacher who was convicted in November 2020 of fondling a student. 
But in the vast majority of cases, it is the assistant district attorneys who are tasked with carrying out the district attorney’s agenda. 
For Owens, that agenda was encompassed by the phrase, “Smart Justice.” During his initial campaign, Owens described the slogan as encompassing a number of policies that could reduce mass incarceration in Hinds County, including an increased emphasis on pre-trial diversion for people who had never been accused of a crime before, as well as sending more people to drug court. 
But when it came to prosecuting violent cases, the policy was more nuanced. In a 2023 annual report, Owens described “Smart Justice” as “evaluating every case in terms of the best result for both the victim and the community.”
To that end, despite campaign promises that his office would not charge people for “low-level marijuana possession,” Owens did not have a blanket policy against prosecuting certain drug crimes. Instead, assistant district attorneys evaluated whether a person had a criminal history or if they faced violent charges in addition to the drug offense, according to office policies. 
In most cases, assistant district attorneys were given latitude to make their own plea negotiations, said Joe Hemleben, a former assistant district attorney who worked under Owens from 2022 to 2025.
But in an effort to push back on the perception that Hinds County was not tough on violent offenses, Owens was involved in every plea decision for murder cases, with most offers starting at the maximum sentence of 40 years for second-degree murder. 
Prosecutors had to write a memo to Owens justifying why a plea deal was warranted, according to an office handbook. In response, Owens often pushed for longer sentences – a stance that rankled some defense attorneys who expected more mercy from a self-proclaimed “progressive prosecutor.” 
Another way Owens brought more uniformity to the office was through the adoption of an electronic case management system called Karpel. Under his predecessor, the controversial Robert Shuler Smith, the office worked with paper files. 
With the newer system, prosecutors can request case files from the police, who upload digital documents that can be automatically transferred to the defense. 
Still, issues with missing discovery persist for reasons beyond the district attorney’s control. 
Toward the end of Wooten’s docket call, the judge called a defendant named Sydney Wright to the stand. The shackled man walked from the jury box, where he had been sitting with the other detainees, to the podium to stand next to his attorney. 
“The status is basically the same,” said public defender Zach Adkins, who was assigned earlier this year to defend Wright against charges of aggravated assault and car burglary. 
Adkins explained that he would have trouble moving the case forward because the discovery he had received so far lacked two files he believed were important to Wright’s defense: a recording of an interview with one of Wright’s co-defendants, and a record reflecting an interaction Wright had with police before he was arrested where he had allegedly offered information Adkins believed might be used against him. 
Jackson Police Department Detective Stephanie Burse had referenced the incidents in her affidavit, but the prosecution didn’t include the documents in the file that Adkins received. 
The prosecution seemed just as confused as Adkins. 
“What should I be looking for, a report, a video?” asked Agho, the lead prosecutor in the courtroom. 
“I don’t know,” Adkins responded. “Something that documents the interaction.” 
Adkins then informed the judge that the name of one of Wright’s co-defendants was misspelled in the indictment. 
Wooten called the next case. Another defendant stood before her without his lawyer. 
“He didn’t know I had court today,” said the man facing a capital murder charge that carries life in prison without parole.",https://cdn.mississippitoday.org/uploads/2024/05/21234427/Raids2-scaled.jpg,,,2026-07-06 09:57:32.909358
,Connecticut Mirror,2026-07-06 13:00:00+00:00,CT Mirror,From Sheff v. O’Neill to the 97th District race,Adele Haeg | New Haven Independent,,,,,https://ctmirror.org/2026/07/06/wildaliz-bermudez-state-representative-ct/,"Wildaliz Bermúdez was one of 10 plaintiffs to sue CT in the landmark 1989 case Sheff v. O’Neill. Now, she's running for state representative.","Wildaliz Bermúdez can still remember testifying in state court at 6 years old — she was “so tiny” that her feet didn’t reach the floor of the witness box when she sat down in front of judges and representatives from the Board of Education.
She recalls telling them in her testimony: “Please don’t close my school.” 
Bermúdez’s was one of 10 Hartford public school families to sue the state of Connecticut in the landmark 1989 case Sheff v. O’Neill. Families and their lawyers — led by Elizabeth Sheff and her son Milo — argued that racial and socioeconomic segregation deprived their children of equal educational opportunities guaranteed by the state constitution. 
The Connecticut Supreme Court eventually found for Bermúdez and 17 other student plaintiffs in 1996, a decision that led to a settlement expanding “school choice” and magnet school programs statewide. 
Thirty-seven years after the start of that court case, Bermúdez is continuing to participate in a never-ending debate over how to bring general goals of equity into practice — now, as a candidate for state representative.
A former Hartford city council member, Bermúdez is currently the executive director of New Haven’s Fair Rent Commission. She has launched a campaign to represent the 97th General Assembly District, which covers parts of Fair Haven, Fair Haven Heights, Quinnipiac Meadows, the Annex, and Morris Cove. She is set to challenge first-term Morris Cove Alder Leland Moore, the local Democratic Party’s endorsed candidate in the state-rep race, in the Aug. 11 Democratic primary election.
[RELATED: Report: CT schools among the most segregated in the U.S.]
In a recent interview with the Independent, Bermúdez described a throughline from Sheff to her campaign for state office.
“It changed who I am,” Bermúdez said of Sheff v. O’Neill. “That’s what made my desire from a very young age to really be connected with the community and make our community better, because those are the core principles that were instilled in us through this Sheff v. O’Neill case.”
“Wildaliz Bermúdez represents a powerful civic arc from a child affected by state education policy to an adult seeking to shape public policy,” said former New Haven Board of Education President Carlos Torre. At a campaign event last month by the Grand Avenue Bridge, Torre held Bermúdez’s notes for her as she spoke to the crowd about her priorities if elected state rep — first among them funding for New Haven Public Schools, which her daughter Avilene attends.
Bermúdez’s daughter Avilene is 9 — three years older than Bermúdez was when Sheff plaintiffs first asked: How can the state of Connecticut ensure that its students have equal access to education, whatever neighborhood they live in?
‘Apartheid in Connecticut‘
Sheff v. O’Neill centered on a group of Hartford public school students, who lawyers said were put at “a severe educational disadvantage in comparison with the suburban schools,” because more “at risk” students were concentrated in impoverished districts. 
The school segregation she experienced in Hartford was “deplorable,” Bermúdez said: It was “basically like apartheid in Connecticut.”
When Bermúdez and her siblings attended elementary and middle school, their father Pedro Bermúdez was also a teacher at S.A.N.D. School, which was located in a housing project in Hartford’s North End. 
The school was underfunded, and for years, dangerous. Eva Bermúdez Zimmerman — who was also a plaintiff and who ran for lieutenant governor in 2018 — is six years younger than her sister Wildaliz. She remembers coming to work with her father and hearing gunshots outside classrooms. It was “all very terrifying,” she said.
Wildaliz Bermúdez said her father heard through Hartford’s teachers union that lawyers were looking for plaintiffs in what would become the Sheff case, and he decided to sign the family up. 
“He saw the poverty not just in school, but in the neighborhoods and how the children lived and how segregation crushed students and families and predetermined failing outcomes at schools,” according to Bermúdez. “My father and mother wanted for our family to be part of something that could better everyone’s lives.”
The three Bermúdez siblings — Wildaliz, Eva, and their brother Pedro — joined 15 other white, Black, and Puerto Rican Hartford public school students as plaintiffs. Bermúdez’s father told the New York Times in 1989 of Wildaliz: “My 7-year-old speaks very little English, but she gets along very well with the other youngsters. They have a universal language.” 
The case relied on a clause in the Connecticut constitution that guarantees students equal access to “minimally adequate education” across the state. Lawyers argued that forcing students to attend public schools in their districts was unconstitutional, because of “disparities in educational achievement” and segregation town-by-town.
“People of means have options. If they don’t like their local school, they can put their child into private school, or Catholic school, or parochial school,” said Elizabeth Sheff, whose son Milo was the lead plaintiff in the case. “But people who don’t have that means are left with local school districts. School districts and town boundaries are the same, which means that the child is left to go to school only by fortune of his or her zip code,” she explained. 
Seven years after the first lawsuit, Sheff and the Hartford public school plaintiffs won the case.
Legislators responded to Sheff by establishing themed regional magnet schools, expanding “public school choice” and lottery systems, adding busing across districts, as well as taking measures to “increase public school accountability and parental involvement,” according to a 1999 memorandum of understanding (MOU). 
“Whether one supports every aspect of the remedies or not, there is no question that Sheff changed the architecture of public education in Connecticut,” said Torre.
Many of the voluntary integration initiatives are controversial, Bermúdez Zimmerman said. 
Sheff technically only covered the Hartford area, but other Connecticut municipalities including New Haven also became “part of the broader statewide educational response shaped by Sheff,” according to Torre. Integration has stalled in schools in New Haven. Busing students away from their neighborhoods to go to school costs the city millions each year. 
John DeStefano, New Haven’s mayor from 1994 to 2014, said Sheff brought “visibility” to issues of education and inequality. However, when Sheff was decided in 1996 and a settlement made in 2022, “I don’t know that it was a dramatic shift.”
“I always largely saw it as a school finance case. I didn’t think we were going to change town lines. And I didn’t think we were gonna override local zoning,” DeStefano said. “I think in New Haven, it expressed itself in the heavy direction toward magnet school programs we took. At least during my time in office, we had the largest out-of-district school enrollment in the state of Connecticut for years.”
Thirty years after the Connecticut Supreme Court’s decision in 1996, Brown’s Promise and the Segregation Tracking Project released a yearly report earlier this June that ranked Connecticut 11th worst in the nation for racial segregation in its schools and sixth for economic segregation. The report mentions Sheff: “The region has become a strong — if still imperfect — example of policies and practices that allow students to enroll across district lines” because of Sheff, the report reads. 
“I am super appreciative that the Connecticut Supreme Court found in our favor. That was the opening of the door,” Sheff said. Torre said he remembers people celebrating the court’s decision by “dancing in the streets.” However, many say that Sheff never had as much of an impact as advocates had hoped.
“When they punted it over to the General Assembly, I think that was a mistake,” Sheff said. “I would have liked stronger oversight from the Supreme Court.” She said that although Sheff has given many families more options, the past 30 years have been about “playing politics” rather than developing equitable policy. 
Bermúdez Zimmerman was 2 years old when lawyers first filed suit. She said they wanted children as plaintiffs both because state policy would impact students most, and for “longevity” of the case. The intention was that “we as children would then see it through,” she said. “The court case is part of our ecosystem. It’s a catalyst.” 
Of Sheff now, Bermúdez Zimmerman — who works as the coalition director for Child Care for CT — added, “I don’t have kids in the public school system, so it doesn’t weigh on me like it might on my sister.” 
‘Where there are racist outcomes, there are racist policies’
For decades, teachers and public school advocates have come up with their own visions for education post-Sheff in Connecticut. 
Sheff said she seeks “regional education,” or drawing school districts wider. “I’ve been saying this for 36 years,” she said. “Money is tight everywhere. There is opportunity for diversity and inclusion in the classroom in a regional setting.”
Torre wants a “holistic” approach to ameliorating education outcomes in New Haven and Connecticut, he said, one that considers “relationships that form between the teacher and the students, between teachers and parents, among students, among the neighbors in the community,” as central to how schools function.
“One of the central policy tensions today is how to support integrated school options without weakening neighborhood schools. That is a real concern,” Torre said. “Magnet schools and Open Choice programs can create important opportunities, but they do not automatically solve the problems facing neighborhood schools.”
Bermúdez is running in the 97th District Democratic Primary against Leland Moore, the current Ward 18 alder and an assistant state attorney general.
When asked about how he would address issues of education if elected as a state lawmaker, Moore mentioned his advocacy for adjusting the Education Cost Sharing (ECS) formula for inflation, and allocating additional funding to the city’s Board of Education and Youth at Work. The ECS formula guides the state’s distribution of funding to public schools, and currently has a foundation amount of $11,525 per student.
“Connecticut ranks near the bottom nationally in the state share of education funding and near the top in reliance on local funding, worsening inequities between communities. Without a stronger state partnership, municipalities will continue facing difficult trade-offs that impact students and taxpayers alike,” Moore wrote in testimony for a recent biennial budget proposal from Gov. Ned Lamont, which he presented at a February Appropriations Committee hearing. Many other city officials, including Mayor Justin Elicker, NHPS Supt. Madeline Negrón, and city teachers union President Leslie Blatteau, also pushed for an increase in ECS funding in the spring. 
Bermúdez mentioned ECS as a priority in her campaign as well: “I want an even more intensely funded bill,” than the recently passed budget bill, she said. “The ECS formula needs to be fixed as it is insufficient and does not even keep up with inflation,” Bermúdez wrote in an email to the Independent. 
She also said she wants to see more funding for public schools and “anti-racism education,” as well as “strong parent teacher organizations at each school.” 
“Anti-racism education in the suburbs is a must. Connecticut can claim it is progressive, but with all deliberate speed should not mean 70 years. Having the 49th most segregated educational outcomes in the country tells us that people in Connecticut are very comfortable with racist outcomes. And where there are racist outcomes, there are racist policies,” Bermúdez wrote in an email to the Independent. “Bussing can reduce segregation, but we must ask ourselves, how is it working?”
Bermúdez wrote that she would support “a much stronger version” of an early childhood education bill that recently passed the state House of Representatives, which already includes a $10 million grant for special education services so some students do not have to travel as far for programming, among other funding increases. 
“Our public schools cannot provide high quality education if we don’t adequately support our teachers and public education professionals,” Moore said. “I’ve heard concerns about high healthcare premiums and not being able to afford a house or apartment. I’ve also heard concerns about staffing levels, school maintenance, and having to pay for school supplies out of pocket.” He also said schools should “take a hard look” at busing costs, and potentially reallocate that funding to “reinvestment” in neighborhood schools.
Financing school districts, funding education, and integrating schools are “generational issues,” DeStefano said. “Legislatures are limited in what they can do, depending on the state administration.” For him, the role of a legislator is to “be a voice for a vision that says success for one group does not come at the expense of another group,” especially for the issues Sheff covers, like education outcomes. 
“Integration is a responsibility, and we failed at it,” Bermúdez said. “We’ll start in New Haven. We have to increase representation.”
This story was first published July 3, 2026 by New Haven Independent.",https://ctmirror.org/wp-content/uploads/2026/07/Photo-for-Sheff-story-2048x1511-1-1024x756.webp,,,2026-07-06 11:00:01.462686
,CommonWealth Beacon,2026-07-06 12:36:21+00:00,CommonWealth Beacon,What can Mass. learn from New Mexico’s universal child care experiment?,CommonWealth Beacon staff,,,,,https://commonwealthbeacon.org/the-codcast/what-can-mass-learn-from-new-mexicos-universal-child-care-experiment/,"New Mexico is making waves, and generating questions from curious onlookers, by offering universal child care to all families. How is it funded? Is it truly universal? Are there enough caretakers to keep up with demand? And with our astronomically high child care costs, could Massachusetts achieve something similar? Jacob Vigil, the chief legislative officer[...]","EPISODE INFO

HOST: Chris Lisinski
GUEST: Jacob Vigil, chief legislative officer of New Mexico Voices for Children






ASK ANY PARENT about child care in Massachusetts, where the average cost of placing an infant into full-time, center-based care surpasses $26,000, and they might break into a cold sweat.
Despite increased investment by Beacon Hill, child care costs in Massachusetts continue to top national rankings. As they search for solutions, some lawmakers might turn their eyes to the west, where New Mexico is at the forefront of a massive policy experiment: making child care essentially cost-free to all families.
A political campaign more than a decade and a half in the making culminated in November, when New Mexico removed income limits from its universal child care system, offering subsidies to all, even the state’s wealthiest households.
This week on The Codcast, CommonWealth Beacon reporter Chris Lisinski speaks with Jacob Vigil, chief legislative officer of the advocacy group New Mexico Voices for Children, to understand how the state got to this vanguard position and what lessons Massachusetts  — which tops the national income scale while New Mexico lingers toward the bottom —  could learn.
Early assessments suggest New Mexico’s changes have had a major impact. The number of children enrolled in care has increased more than 12,000 since November 1, and families are saving an average of $12,000 per year, Vigil said. Before the universal program launched, state officials estimated about 27,000 children were in care, so the growth is substantial.
“That is an incredible boon to any family,” Vigil said. “If [that cost] is something that families no longer have to worry about, what possibilities does that open up for them?”
The roots of New Mexico’s policy stretch all the way back to 2009, when advocates set out to find the next major step to improve the well-being of children in the state, according to Vigil. Gov. Michelle Lujan Grisham made expanding child care access a signature issue when she was first elected in 2018 and again when she successfully ran for reelection in 2022.
Along the way, supporters got explicit buy-in from the populace. Seventy percent of New Mexico voters in 2022 approved an amendment to the state constitution that essentially commits a portion of money collected from the oil and gas industry toward child care. Vigil called the wide margin of victory a “watershed moment.”
“It opened the horizons of possibilities for what could happen after that,” he said.
Still, the surge in funding has not been a panacea. Critics argue that New Mexico still has not done enough to address a shortage of early education slots, leaving some parents newly able to afford care but struggling to find open positions.
Vigil said the improvements to affordability have now “put more urgency” on tackling supply problems as well.
On this episode, Lisinski and Vigil discuss how “universal” New Mexico’s system actually is (9:50), how ramped-up child care spending has changed the state budgeting outlook (15:00),and what levers state governments can pull to increase the supply of child care slots (24:30).",https://i0.wp.com/commonwealthbeacon.org/wp-content/uploads/2025/05/The-Codcast_Wide-Banner.png?fit=1024%2C576&amp;ssl=1,,,2026-07-06 08:57:19.090259
,Nevada Current,2026-07-06 12:00:06+00:00,Nevada Current,Rural NV counties especially vulnerable to Hoover Dam hydropower decline,Jeniffer Solis,,,,,https://nevadacurrent.com/2026/07/06/rural-nv-counties-especially-vulnerable-to-hoover-dam-hydropower-decline/,"Hoover Dam is the largest hydropower producer on the Colorado River, but as reservoirs continue to drop toward dire levels, rural communities in Nevada that depend on the dam’s low-cost electricity are facing a precipice. Lake Mead is projected to drop below the critical threshold of 1,035 feet above sea level within the next 12 […]","Pioche is the county seat of Lincoln County. The nonprofit Lincoln County Power District gets 70% of its electricity from Hoover Dam, but that power supply is projected to drop precipitously. (Photo: Sydney Martinez/Travel Nevada)Hoover Dam is the largest hydropower producer on the Colorado River, but as reservoirs continue to drop toward dire levels, rural communities in Nevada that depend on the dam’s low-cost electricity are facing a precipice.
Lake Mead is projected to drop below the critical threshold of 1,035 feet above sea level within the next 12 months, at which point the hydropower generating capacity at Hoover Dam would be cut from 1,302 megawatts to just 382 – a massive 70% decline. 
Once Lake Mead falls below that threshold, a dozen older turbines that were not designed to operate at low reservoir levels would be shut down, according to the Bureau of Reclamation. Only five newer turbines installed a decade ago would continue to generate power.
Nevada receives a little under one-fourth of all hydropower generated at Hoover Dam, but for some rural electric providers that share is much more.
Nevada’s Lincoln County Power District — which serves more than 5,000 residential, business, and public customers in communities such as Panaca, Caliente, and the county seat of Pioche — gets 70% of its electricity from Hoover Dam. 
If projections hold, the power district’s share of the dam’s hydropower will be reduced to 30% by 2027. The sudden loss of more than half the power district’s Hoover Dam delivery will force the utility company to buy market-rate electricity, which tends to be more expensive and less flexible.
Hydropower is not only cost effective, but also a flexible power source that can be easily ramped up and down to meet daily and seasonal energy needs. That flexibility can keep grid operations stable and electricity more affordable.
“We’re working to try to alleviate any rate shock to our customers, but for 90 years the customers at Lincoln County Power have relied on cheap hydropower, and unfortunately that’s not the case anymore,” said Dane Bradfield, the general manager of Lincoln County Power District, a not-for-profit utility provider.
When Lake Mead hit a record low of 1,040 feet above sea level in July 2022, Lincoln County Power had to increase electricity rates for two years due to higher power costs.
“We did have to go buy some additional power at a very expensive price, and so our rates had to go up,” Bradfield said.
This time, Lincoln County Power is choosing to purchase about 80% of its forecasted needs from alternative sources ahead of time in hopes of avoiding even higher costs when Lake Mead drops below the critical threshold in the next year. 
“This is the new world that we live in,” Bradfield said.
Lincoln County Power is also working on long-term solutions by acquiring more solar power resources, including a proposed $3.5 million two-megawatt solar generation facility which is expected to move into construction within 12-18 months. 
The power company is relying on $1.75 million in earmarked federal funding pushed by Nevada Sen. Catherine Cortez Masto and administered by the Department of Energy. 
“For a small utility like us, it’s very difficult to invest the amount of money needed to build other types of generation, such as fossil fuels, or geothermal. Solar is one thing that you can build in a small amount and make it work for you,” Bradfield said. 
The consequences of a faltering hydropower system isn’t limited to one county, and didn’t start overnight. 
Lisa Levine, the executive director of the Nevada Rural Electric Association, said several of her members have not received 100% of their Hoover Dam deliveries “for a very long time.” 
“My members are being innovative to a problem that they didn’t create and they’re having to figure out solutions on their own,” Levine said. “There’s no waiting anymore.”
The Overton Power District — a not-for-profit utility that serves about 19,000 customers across Mesquite, Bunkerville, Logandale, and Overton in Clark County—  has historically received about a quarter of its electricity from Hoover Dam. 
Last year, the power district saw a 15% decrease in their Hoover Dam delivery, which ultimately more than doubled the district’s power costs. 
“Everything that we don’t get from Hoover has to be bought from our market contract at a far higher rate,” said MeLisa Garcia, the general manager and CEO of Overton Power District. “The second half of this year is going to be even worse than what we anticipated.”
One of Garcia’s biggest concerns is how the loss of reliable hydropower will impact their ability to prioritize the use of cheap hydroelectric power during peak hours in order to keep rates low. 
“You don’t get to ramp those turbines up and down and produce more or less hydro at different times of day, because you just have to take what limited energy can flow through the dam,” Garcia said. “We’ve never been in that situation before. I’m not sure exactly how much we will get or what that cost will be to us.”
The power district currently gets about 14% of their power from solar, but as drought becomes a larger issue for power generation Garcia said the utility provider is exploring how to add more solar to their portfolio. 
“What we’re seeing is that the cost of that solar is very comparable to some of our hydro contracts,” Garcia said.
For a small utility provider like the Overton Power District building their own power generation facilities would require more capital than they can currently access, Garcia said. For now, the best defense is signing into long-term contracts to ensure the utility can pay set prices for as long as they can, said Garcia. 
“I don’t know that people truly connect how drought impacts hydropower, and the benefits hydropower brings to rural communities,” Garcia said. 
Power providers also face challenges when planning long-term energy infrastructure due to shifting federal priorities and support, said Levine. 
“There’s not a larger plan, which is somewhat disappointing,” Levine said. “Unfortunately, whoever decides that they support something, it polarizes it entirely. We saw that with solar.”
Some mitigation and adaptation measures are underway federally, but those fixes will take time. 
The Bureau of Reclamation, which manages the dam, was recently authorized to invest $52 million in three wide-head turbines capable of operating at water levels as low as 950 feet, which would reduce the projected hydropower capacity loss to 58%. Without the turbine replacements hydropower would be cut by 70% due to low reservoir levels. Funding was established through the Help Hoover Dam Act sponsored by Cortez Masto in the Senate, and Rep. Susie Lee in the House.",https://nevadacurrent.com/wp-content/uploads/2026/06/Pioche2_SM-1024x576.jpg,,,2026-07-06 08:57:19.090259
,Nevada Current,2026-07-06 11:55:11+00:00,Nevada Current,Lawmakers balk at Nevada OSHA push to weaken job safety standards,April Corbin Girnus,,,,,https://nevadacurrent.com/2026/07/06/lawmakers-balk-at-nevada-osha-push-to-weaken-job-safety-standards/,"Nevada lawmakers last week punted on a proposal to weaken the state’s worker safety standards. The Nevada Legislative Commission, which gives final approval to regulations drafted by state agencies, did not vote on a proposal by the Division of Industrial Relations to align the state’s penalty structure with a more lax penalty structure adopted by […]","“We are not required to lower our standards in this state to match lower standards that have been adopted” at the federal level, said state Sen. Skip Daly. (Photo: Richard Bednarksi/Nevada Current)Nevada lawmakers last week punted on a proposal to weaken the state’s worker safety standards.
The Nevada Legislative Commission, which gives final approval to regulations drafted by state agencies, did not vote on a proposal by the Division of Industrial Relations to align the state’s penalty structure with a more lax penalty structure adopted by the federal government last year. Instead, the lawmakers deferred the proposed regulation to a future meeting.
The deferral came after two Democrats, state Sens. Skip Daly and Rochelle Nguyen, said they believe lowering penalty amounts for employers in violation of occupational safety standards would not benefit workers. The 12-member commission is composed of eight Democrats and four Republicans.
The U.S. Department of Labor in July 2025 announced changes to OSHA federal guidelines, expanding the availability of penalty reductions for businesses found violating safety standards. For example, businesses with 10 or fewer employees were eligible for a 70% reduction. Now, at the federal level, businesses employing up to 25 employees are.
Nevada OSHA recommended the state align itself with the federal standards, which are less stringent than current state policy.
“We are not required to lower our standards in this state to match lower standards that have been adopted” at the federal level, said Daly. “We can have higher, more stringent, more penalties (and) safer work environments than the feds are requiring.”
Nguyen agreed.
“I don’t feel comfortable taking away penalties we have in place just because we can,” she said. “It’s our job to protect those employees.”
State Sen. Ira Hansen, a Republican who owns a plumbing company, said businesses sometimes find themselves facing a minimum $25,000 OSHA fine “for a relatively minor thing.” He argued allowing reductions for small businesses that are doing their best is reasonable.
Division of Industrial Relations Administrator Victoria Carreón told lawmakers the division does not believe a lowered penalty structure would harm workers.
“The purpose of the penalties in OSHA is to provide a deterrent effect for businesses and to help prevent future violations of safety standards,” she said. “We think there’s still a sufficient deterrent effect.”
Daly strongly disagreed. He took issue with one change that would allow for an up to 80% penalty reduction for employers who have committed “serious, willful violations.”
“So they knew,” he said. “They had knowledge, they did it anyway, and we’re still going to give them a reduction for that? I’m not seeing how that’s a deterrent.”
Daly said the state already has programs and policies in place that reduce penalty amounts, including ones for small businesses.
Carreón acknowledged that Nevada OSHA and employers often reach expedited settlement agreements, which come with a 50% reduction in penalties: “Those are given out frequently.”
She suggested that lower fines could lead to OSHA and employers resolving penalties more quickly, which is good for everyone because hazards don’t have to be abated until a final order is issued.
“The faster we can get hazards abated the safer the workers can be,” Carreón added.
Groups representing workers expressed their opposition during the Legislative Commission’s public comment period.
Building and Construction Trades Council of Northern Nevada Chief of Staff Wendy Colborne told lawmakers that, in 2024, Nevada workers suffered “tens of thousands of job injuries that were serious enough to be reported” and “21,000 were serious enough to keep them off the job or on restricted duty.”
“Behind every one of those numbers is a worker,” she continued. “A father, a mother, a son, a daughter, who went to work and didn’t come home the same.”
Colborne told the Nevada Current after the deferral that the group is “happy and relieved” that lawmakers chose not to make it “easier and cheaper” for employers who don’t follow safety standards.
“In our experience, it’s these fines that force them to make changes and avoid these problems on the job site,” she added.
The Communications Workers of America Local 9413 also publicly opposed the proposed regulatory changes. Chapter President Marc Ellis, who noted that he is still out in the field climbing telephone poles, said passing the regulation would be selling off workers’ safety.
“‘Hey, it’s alright if you put Marc in harm’s way, as long as you pay a smaller fine?’ I oppose,” he added.",https://nevadacurrent.com/wp-content/uploads/2026/07/skipdalycropped-1024x752.jpg,,,2026-07-06 08:57:19.090259
,Connecticut Mirror,2026-07-06 11:30:00+00:00,CT Mirror,New work requirements could end Medicaid for thousands in CT. What to know,Keith M. Phaneuf,,,,,https://ctmirror.org/2026/07/06/medicaid-work-requirements-ct-what-to-know/,"Congress and President Trump revised work requirements in an omnibus federal budget bill last July. Changes take effect Jan. 1, 2027.","Hundreds of thousands of Connecticut Medicaid recipients must comply with new federal work requirements starting Jan. 1; demonstrate that they are exempt; or risk losing health coverage.
Here’s what you need to know.
What is the HUSKY D program and who is at risk?
Connecticut’s HUSKY D is a state and federal Medicaid program that provides health coverage to low-income adults, ages 19 to 64, without dependent children. Recipients cannot earn more than 138% of the Federal Poverty Level. That caps yearly earnings at about $22,025 for an individual and $29,863 for a household of two.
Congress and President Donald Trump revised work requirements and other eligibility rules in an omnibus federal budget bill enacted last July. The bill cuts $1.1 billion from healthcare and food assistance programs by 2034 to help finance $4.5 trillion in tax cuts over that period.
Officials with the Connecticut Department of Social Services estimate roughly one-third of the 316,000 recipients of HUSKY D — about 110,000 — are at risk of losing their benefits due to federal rule changes.
Critics say the revisions won’t bolster employment, but will instead strip coverage from some of the nation’s most vulnerable residents.
How many hours must HUSKY D recipients work?
Federal law mandates that, starting Jan. 1, Medicaid recipients must work 80 hours per month, or meet that standard through some combination of work, job training, volunteering and enrollment in higher education, technical school or a high school equivalency program. Volunteers should be prepared to provide the address of the charity or program they serve, as well as written confirmation of participation from a supervisor.
Individuals also can fulfill the work requirement by earning at least 80 times the federal hourly minimum wage, which currently represents an income of $580 per month.
The law does provide other types of exemptions from work requirements.
What are the medical and other exemptions to the new work rules?
One exempt category involves individuals facing “medical frailty.” This includes patients suffering from blindness, other disabilities, those diagnosed with chronic substance use disorders, serious mental illness and other medical conditions including cancer and HIV.
Connecticut social services officials had estimated that roughly 57,000 of the 316,000 HUSKY D recipients were exempt from work requirements due to the “medical frailty” provision.
But recent guidance from the U.S. Centers for Medicare and Medicaid Services indicated states cannot establish this exemption simply using prior diagnoses and medical records. They also must prove that this condition “significantly impairs” a person from fulfilling work requirements, according to the federal centers.
Officials in Connecticut and other states still are trying to determine how to ensure that two-pronged “medical frailty” definition has been met, which may require new rounds of doctor review and assessment.
HUSKY D recipients also are exempt from new federal work requirements if they are pregnant, a native American or Alaska native, or between the ages of 19 and 25 and were in foster care.
Where can Medicaid recipients turn for help?
Recognizing that the new system is confusing, Connecticut social services officials have said their department will spend the coming months trying to help as many HUSKY D recipients as possible preserve their eligibility.
For those unsure about their status, the Department of Social Services also has an online “toolkit” that outlines key changes in federal policy.
The state is working with regional, nonprofit community action agencies to provide free assistance to HUSKY D recipients, including those filing application renewals. The agencies also can help individuals find job training, education and civic engagement programs.
The Connecticut Association for Community Action provides an online, interactive tool to help visitors identify the closest regional action agency. The association also can be reached at (860) 832-9438.
For doctors and other medical providers who need help navigating the federal changes, the Connecticut Hospital Association also has posted online guidance.",https://ctmirror.org/wp-content/uploads/2026/01/2026_0112_SR_MedicalDebt_028-1024x683.jpg,,,2026-07-06 07:58:43.165861
,Utah News Dispatch,2026-07-06 11:01:16+00:00,Utah News Dispatch,Rocky Mountain Power’s Utah rate conflict may be settled with an additional 4.2% hike,Alixel Cabrera,,,,,https://utahnewsdispatch.com/2026/07/06/rocky-mountain-powers-utah-rate-conflict-may-be-settled/,"A thorny process over a Utah electricity rate increase may be coming to an end after Rocky Mountain Power proposed a settlement with the Utah Public Service Commission to add a 4.2% rate hike on top of the 4.7% increase commissioners approved last year. The agreement, which the commission has yet to officially review, also […]","A Rocky Mountain Power substation in downtown Salt Lake City is pictured on Saturday, Nov. 15, 2025. (Photo by Spenser Heaps for Utah News Dispatch)A thorny process over a Utah electricity rate increase may be coming to an end after Rocky Mountain Power proposed a settlement with the Utah Public Service Commission to add a 4.2% rate hike on top of the 4.7% increase commissioners approved last year.
The agreement, which the commission has yet to officially review, also proposes stabilizing rates through 2028, with the utility committing not to file another rate increase proposal until then. 
SUBSCRIBE: GET THE MORNING HEADLINES DELIVERED TO YOUR INBOX.
“The terms include a $93 million increase in general rates of 4.2% increase, or $3.44 for an average residential customer, effective July 1,” according to a news release from Rocky Mountain Power.
However, coincidentally, the increase will come at the same time customers will see a 10.6% decrease in energy charges on their bill because of market adjustments structures, which “will reduce a typical residential customer’s monthly bill by about $11 per month.” So, ultimately, the impact of the two actions will result in an overall net decrease for customers, the company said. 
Commission orders 4.7% electricity rate increase, a quarter of Rocky Mountain Power’s proposal

The settlement would also advance a plan to invest $2 billion “to support reliability, resilience and continued economic growth across the state,” the release says. 
“This is a strong and balanced outcome for Utah,” Dick Garlish, president of Rocky Mountain Power said in the release. “It delivers what our customers consistently tell us they want most — stable and predictable costs, reliable service and continued investment in the communities we serve.” 
The company proposed the settlement after a 30.5% rate hike proposal that was eventually lowered to 18.1% after provoking strong disapproval among Utah leaders, including Gov. Spencer Cox who in a social media post called the proposition “completely unacceptable,” while vowing to do everything in his power to ensure “a rate increase of that magnitude never sees the light of day.” 
The ordeal also reached the chambers of the Legislature with bill proposals to make Rocky Mountain Power “have some skin in the game” on other fees that customers pay for. 
The Utah Public Service Commission ended up ordering a 4.7% electricity rate increase, a quarter of the utility’s request. 
After a testy appeal request was rejected by the commission, Rocky Mountain Power brought the issue before the Utah Supreme Court. The court proceeding has been stayed as the Public Service Commission considers the settlement. 
Who wins with the settlement?
Cox voiced support for the agreement in a social media post, calling it “an encouraging step for Utah families and businesses.”



Let us know what you think...


 


“Utah has some of the lowest electricity rates in the nation, and keeping them that way matters,” Cox wrote. “This proposed settlement helps preserve that advantage by providing rate certainty for families and businesses, strengthening accountability, and supporting the investments needed to keep our electric grid reliable.” 
For Rocky Mountain Power, the settlement would provide “the certainty of revenues coming in very soon without very contentious litigation,” said Michele Beck, director of the Office of Consumer Services. 
Customers would also get certainty because these are the rates they will get until 2029, she said.
However, there are other mechanisms in which rates could change, with charges like fees to feed wildfire mitigation funds, or the energy balancing account, which can either credit or debit ratepayers for the utility’s costs not covered by the regular electricity rates.
“It’s not absolute rate certainty, but it’s rate certainty on a large percentage of the total rates, and that’s kind of what both sides get, and it’s in the eye of the beholder who has the better deal there,” Beck said.
SUPPORT: YOU MAKE OUR WORK POSSIBLE",https://utahnewsdispatch.com/wp-content/uploads/2025/11/111525_Rocky-Mountain-Power_08-1024x683.jpg,,,2026-07-06 07:58:43.165861
,Washington State Standard,2026-07-06 11:01:07+00:00,Washington State Standard,Penalties loom for Washington if state doesn’t improve food stamp error rates,Jake Goldstein-Street,,,,,https://washingtonstatestandard.com/2026/07/06/penalties-loom-for-washington-if-state-doesnt-improve-food-stamp-error-rates/,"Washington’s food stamp overpayments and underpayments ticked up this year, and the state could face tens of millions of dollars in added costs if accuracy doesn’t improve.  The state’s error rate was 6.98% in the 2025 federal fiscal year, with most mistakes coming from overpayments to recipients under the Supplemental Nutrition Assistance Program, known as[...]","(Stock photo by hapabapa/Getty Images)Washington’s food stamp overpayments and underpayments ticked up this year, and the state could face tens of millions of dollars in added costs if accuracy doesn’t improve. 
The state’s error rate was 6.98% in the 2025 federal fiscal year, with most mistakes coming from overpayments to recipients under the Supplemental Nutrition Assistance Program, known as SNAP, according to new federal data. 
That’s well below the national average of roughly 10.6%, but still not good enough to allow the state to avert punishment from President Donald Trump’s signature tax cut and spending law that congressional Republicans approved last year. 
Across the country, erroneous payments amounted to over $10 billion under the federal nutrition program for low-income residents. In Washington, the program is known as Basic Food.
The “big, beautiful bill,” fundamentally changes how SNAP is paid for.
Under the law, states will have to cover between 5% and 15% of food stamp benefits usually paid for by the feds, depending on how often they make mistakes doling out payments. Mistakes have to be worth at least $57 to count toward a state’s error rate. 
Those with error rates between 6% and 8% would pay for 5% of benefits, amounting to more than $90 million in Washington, according to the state Department of Social and Health Services, which administers SNAP here. Between 8% and 10% would cost the state nearly $200 million. And anything over 10% will force the state to shoulder almost $300 million in new costs, a staggering sum for the already-stretched budget.
Some states on the higher end are getting a carveout that allows them additional time to improve before they have to pay extra. Alaska’s error rate, for example, is over 23%.
States have the option to choose between their 2025 and 2026 fiscal year error rates to decide how much they’ll pay. In subsequent years, penalties will be based on the percentage from three years earlier. 
Washington falls into that first bracket. The state came close to getting under 6% last year. As it stands, only a handful of states will avoid the federal penalties, while more exceed 10%. U.S. Agriculture Secretary Brooke Rollins said in a statement that the nationwide data is “further proof that state accountability is severely lacking in SNAP.”
Washington’s error rate in the 2024 fiscal year was 6.06%. Federal fiscal years start Oct. 1. The state’s error rate was 6.74% in 2023 and 9.33% the year before.
Department of Social and Health Services spokesperson Norah West said Washington “consistently outperforms the national SNAP payment error rate average, thanks to the hard work of our employees, and 2025 was no exception.”
“While our rate is slightly up from the previous year, we continue our work to drive our error rate below 6%,” West added.
Washington’s mistakes could increase in the current fiscal year as the state grapples with implementing new SNAP work requirements included in the law. This will also lead to thousands fewer residents getting the food benefits due not to lack of eligibility but because of paperwork barriers, said Claire Lane, director of the Seattle-based Anti-Hunger and Nutrition Coalition.
States will have to start paying those shares in October 2027. Some may also be liable for a separate penalty, as well, according to the U.S. Department of Agriculture.
Addressing the issue
The goal for Republicans is to root out fraud, waste and abuse. But advocates say the error rate is due to unintentional administrative mistakes.
Washington, where food stamp enrollment is dropping, is making an effort to get on the right side of 6%. In this year’s supplemental budget, lawmakers included money for a half-dozen quality control staffers in the state Department of Social and Health Services to focus on reducing the error rate. It’s part of millions of dollars the state is spending to deal with the federal law. 
“They’re doing a lot of things to make the process both more transparent to clients and easier for staff to manage, and it’s been really impressive,” Lane said.
States also now need to foot the bill for more of the administrative costs of running the program that the feds previously paid. For Washington, this amounted to over $45 million, included in the most recent state budget passed this year. The spending plan also included $44 million to continue benefits for refugees, asylees and other lawfully present immigrants who lost them under the federal law. 
This comes as Washington deals with consistent state budget shortfalls that have forced spending cuts and tax hikes.
“I’m really concerned about the need for our state to make cuts and programs that help people make ends meet and have pathways out of poverty, while we’re also trying to find enough money just to make sure people can eat,” Lane said.
In Congress, Democrats have pushed to delay or reverse the error rate penalties through the federal farm bill, but Republicans have refused. Though the legislation would need Democratic votes in the Senate to pass.",https://washingtonstatestandard.com/wp-content/uploads/2025/11/snapposter-1024x683.jpg,,,2026-07-06 07:58:43.165861
,Minnesota Reformer,2026-07-06 11:00:42+00:00,Minnesota Reformer,Medicaid renewal rules are overwhelming Minnesota counties in a bureaucratic blizzard,Aaron Wittnebel,,,,,https://minnesotareformer.com/2026/07/06/medicaid-renewal-rules-are-overwhelming-minnesota-counties-in-a-bureaucratic-blizzard/,"The notice arrived in my mailbox even though it should not have. I am an enrolled member of the Red Lake Nation and a person living with a medical disability. For health coverage, I am dual-eligible: Medicare covers my primary care, while Medicaid helps with deductibles and copays (aka Medi-gap). By state and federal standards, […]","Getty Images.The notice arrived in my mailbox even though it should not have. I am an enrolled member of the Red Lake Nation and a person living with a medical disability. For health coverage, I am dual-eligible: Medicare covers my primary care, while Medicaid helps with deductibles and copays (aka Medi-gap).
By state and federal standards, my circumstances should exempt me from the most aggressive new reporting rules. Under Minnesota’s automated renewal process, the state is supposed to check existing data, including Social Security and income information, before sending paper forms. That process should reduce work for local caseworkers and protect eligible residents from unnecessary paperwork.
Instead, I received a premature 25-page manual renewal packet, before adding the physical proofs required to complete it. My formal renewal was not due until spring 2027. If someone like me who serves on state boards overseeing these programs can be tripped up by the process, what chance does the average enrollee have?
My mailbox is one example of a larger problem unfolding in Minnesota’s county and Tribal human services departments.
The federal One Big Beautiful Bill Act has changed Medicaid administration by adding shorter reporting cycles, new verification requirements and potential financial penalties. In practice, those changes fall on local offices already managing workforce shortages, aging systems and high caseloads.
Minnesota health care leaders estimate the new requirements could drive roughly $165 million a year in added administrative costs across state, county and Tribal governments. Because the Legislature adjourned without a dedicated funding mechanism, that burden becomes an unfunded mandate for local systems.
More money alone would not solve the problem. Counties already struggle to hire and retain human services workers. Even funded positions can sit vacant, leaving existing caseworkers to absorb more paperwork, tighter deadlines and greater risk of error.
The 25-page maze
Minnesota knows how to do better. Federal rules require states to attempt automatic renewals before sending paper forms, using existing case information and reliable electronic sources to confirm eligibility whenever possible. That approach protects eligible residents and saves caseworker time.
Yet manual packets still reach residents who should be verified through existing data. A standard Medical Assistance renewal form for people who are elderly, blind or disabled can run a couple dozen pages before supporting proofs are added. The process is also fragmented, with different forms for individuals, families, guardians and children.
That design creates confusion for enrollees and more sorting, tracking and auditing for county workers. For rural residents without a printer, reliable transportation or easy mail access, each proof requirement becomes a real barrier. A missing document or delayed envelope can mean a procedural termination, even when the person remains eligible.
The error rate trap
The new federal rules also raise the stakes for accuracy. If processing errors exceed a 3% threshold, the state can face financial clawbacks, including risks to federal matching funds. That puts county and Tribal workers in a difficult position: process more documents, meet tighter timelines and make fewer mistakes, even as the system gives them longer forms and fewer tools.
Poor form design makes that harder. Dense language and scattered questions increase the chance that applicants will submit incomplete or inconsistent information. That creates follow-up work and makes it harder to distinguish honest mistakes from intentional misrepresentation. A confusing form does not protect taxpayers; it penalizes people who are trying to comply.
A clearer path
The state already has simpler models under the Minnesota Health Care Programs umbrella, which utilizes a short form that can be submitted online and includes a release of information, allowing the agency to obtain income and insurance proofs securely. That kind of design supports program integrity while reducing unnecessary work.
Thankfully, the Legislature approved $90 million to help counties and Tribes upgrade technology used to enroll and verify people for Medicaid and other benefits.
Minnesota should use automated renewals wherever legally available, expand secure releases of information, simplify forms and invest in county and Tribal staffing and properly implement the technology upgrade. These steps would help eligible people stay covered, reduce avoidable workload and improve accuracy.
Health coverage should not depend on who can survive a paper chase. We need a renewal system that verifies eligibility with modern tools, protects local workers and keeps eligible Minnesotans connected to care.",https://minnesotareformer.com/wp-content/uploads/2025/07/GettyImages-636170768-scaled-1-1024x682.jpg,,,2026-07-06 07:58:43.165861
,Minnesota Reformer,2026-07-06 11:00:34+00:00,Minnesota Reformer,MNsure enrollment dropped 12% in 2026 after jump in insurance costs,Alyssa Chen,,,,,https://minnesotareformer.com/briefs/mnsure-enrollment-drops-12-in-2026-after-jump-in-insurance-costs/,"Over 17,000 fewer Minnesotans enrolled in a health insurance plan through MNsure, the state’s Affordable Care Act marketplace, in May 2026 compared to May 2025. The dip in MNsure coverage mirrors a nationwide drop in Affordable Care Act marketplace coverage in 2026. The drop in health insurance coverage was expected after most Republican senators blocked […]","The number of Minnesotans enrolled in a health insurance plan through MNsure dropped in 2026. (Getty Images)Over 17,000 fewer Minnesotans enrolled in a health insurance plan through MNsure, the state’s Affordable Care Act marketplace, in May 2026 compared to May 2025.
The dip in MNsure coverage mirrors a nationwide drop in Affordable Care Act marketplace coverage in 2026. The drop in health insurance coverage was expected after most Republican senators blocked Democratic efforts to extend extra federal subsidies that offset the cost of health care premiums — what people pay upfront to be insured — for millions of Americans since 2021.
Subsidies under the Affordable Care Act offset the cost of health insurance premiums for families who make below 400% of the federal poverty level — in 2026, for example, $132,000 was the cutoff for a household of four. The subsidies were designed to help people who aren’t eligible for Medicaid or Medicare but also don’t have enough money to pay for unaffordable employer insurance or private insurance.
The extra federal subsidies that Republicans senators blocked are known as “enhanced premium tax credits” because they raised the income cutoffs of people who can receive subsidies and also increased the amount of subsidies for people who were already eligible. Enhanced premium tax credits were implemented in 2021 as part of the COVID-19 stimulus package and extended in 2022.


The enhanced premium tax credits expired at the end of 2025, hiking up health insurance plan costs by 50% for a projected 89,000 Minnesotans, according to a MNsure release in 2025.
Recent federal data show that 19.2 million Americans were actively enrolled in ACA marketplace plans in February 2026, compared to 22.1 million in February 2025 — a 13% drop in enrollment.
Enrollment in Minnesota dropped by a similar rate, according to MNSure data: 142,977 MNsure enrolled in 2025 compared to 125,714 in 2026 — a 12% drop in enrollment.


The U.S. Department of Health and Human Services attributed the drop in active enrollment to program integrity efforts by the Trump administration. It claimed that the enhanced premium tax credits, which led to a wider availability of $0 premium plans, “created the incentive and opportunity for fraudulent, phantom and improper enrollments,” including people enrolled without their knowledge by insurance brokers.
Health policy experts, who predicted a steep drop in enrollments in 2026 because of hiked costs, are skeptical that the difference stems from the Trump administration’s program integrity measures.
“While the Trump administration attributes this drop in enrollment to their attempts to address fraud, this coverage loss happened at the same time millions of people faced steep increases in their premium payments – often in the double or even triple digits – with the expiration of enhanced tax credits,” wrote Cynthia Cox at KFF, a health policy research organization.
Premium payments for ACA marketplace enrollees increased by an average of 58%, from $113 to $178 per month, according to a KFF analysis. That figure doesn’t account for people who dropped coverage because the increase was too high.
Insurance deductibles — the amount that people have to pay for health care before their insurance kicks in — also rose in ACA marketplaces to a record high of $3,786 in 2026, in part because people switched to cheaper health insurance plans, which have high deductibles, as a response to hiked premium costs, according to the KFF analysis.",https://minnesotareformer.com/wp-content/uploads/2026/05/healthcarecostshodder-1024x6831770112727-1.jpg,,,2026-07-06 07:58:43.165861
,New Jersey Monitor,2026-07-06 11:00:08+00:00,New Jersey Monitor,Controversial NJ judge now overseeing immigration cases in Elizabeth,Sophie Nieto-Munoz,,,,,https://newjerseymonitor.com/2026/07/06/controversial-nj-judge-now-overseeing-immigration-cases-in-elizabeth/,A New Jersey judge who came under fire for making sympathetic comments to an accused rapist is now deciding immigration cases for migrants held in detention.,"Elizabeth Immigration Court is at the migrant jail where the federal government holds people agents have rounded up under the Trump administration's mass deportation effort. (Photo by Anne-Marie Caruso/New Jersey Monitor)A New Jersey judge recently criticized for his unsympathetic comments to a woman who claimed she had been raped is now deciding immigration cases for migrants held in detention, including victims of domestic violence and sexual assault.
The news has attorneys for some migrants facing deportation concerned that the judge, Thomas Shusted, could exacerbate what they say is already a dire situation for their clients, who are regularly denied bond in New Jersey immigration courts.
“I would be very concerned about how he would treat my client and whether or not he would really take his or her fears and concerns seriously,” said Lauren Anselowitz, an immigration attorney who often argues cases in Elizabeth and Newark immigration courts.
Adriana Mitchell, a Philadelphia-based immigration attorney who appeared before Shusted in one of his first days overseeing immigration court, said she plans to file motions asking Shusted to recuse himself in any asylum case where her client is a survivor of domestic violence or those who sought a kind of visa limited to victims of human trafficking.
“I don’t feel he should be allowed to be there,” Mitchell said.
The Trump administration last month named Shusted, who served as a Superior Court judge in Camden County for more than a decade, as an immigration judge for Elizabeth Immigration Court, where he decides whether detained immigrants or can be released on bond during deportation proceedings.
Shusted’s appointment came about two weeks after he was taken to task by a three-judge New Jersey appellate panel over his comments to a woman who sought a restraining order against a man she accused of rape. Shusted disregarded the interests of the women in the case and made “troubling” remarks to the man, the panel said.
A spokesperson for the U.S. Department of Justice’s immigration review office did not respond to a request for comment. 
Shusted was appointed to the Camden County Superior Court by then-Gov. Chris Christie in 2013, where Shusted served as the presiding judge of the Special Civil Part in Camden County and was assigned on a statewide basis to oversee the Sexually Violent Predatory Docket. Prior to that, he was in private practice. The Department of Justice’s biography of Shusted does not mention his retirement before taking the bench as an immigration judge. 
Mitchell said she appeared before Shusted during one of his first days at Elizabeth Immigration Court. She said the judge denied bond in every case on the docket that day, including for her own client, a man from the Dominican Republic with no criminal history who is married to a U.S. citizen and has a pending green card application. Her client came to the United States three years ago seeking asylum after he was shot by the Dominican police.
Shusted sided with a prosecutor for the U.S. Department of Homeland Security who argued the man’s ties to the community are “very limited” and that he posed a flight risk because he was an “illegal entrant into the United States not very long ago,” according to a transcript of the June 11 hearing.
Mitchell pressed Shusted on his reasoning, pointing to her client’s pending green card application, but he cut her off.
“Ma’am, that’s enough. If you disagree with the decision, I’m giving the appeal date is July 6th,” Shusted said.
“I just want to make the record clear, Your Honor,” Mitchell said, as the two began talking over each other again.
“Ma’am, pardon me for interrupting, all right? Stop talking,” he said.
Mitchell said she had felt hopeful for her client when she learned he’d be in front of a judge with a background in criminal cases. But now she plans to file a formal complaint against him with the Office of the Chief Immigration Judge within the Department of Justice.
“I don’t give a f— as long as he’s off the bench, he shouldn’t be there. I’m not afraid, I’ll say anything,” said Mitchell, who immigrated from Romania 20 years ago. “What’s the worst they can do, revoke my citizenship? Good luck with that, I still have a ton of law school loans.”
Mitchell said she’s particularly concerned about how Shusted will handle cases brought by victims of domestic violence and human trafficking. She said those are the types of victims the appellate court accused Shusted of failing to protect.
The restraining order case that earned Shusted the appellate court’s criticism came before him in May 2025.
A college student sought a protective order against a man she said she went on three dates with before he raped her, choking her several times during the act. Court records do not identify either party in the case.
Shusted said he found the woman “inherently believable” and “more credible” than the man, who said no rape occurred, but the judge denied her bid for a restraining order because he said there was no history of domestic violence between the two.
The appellate court last month reversed that decision, and chided Shusted for his comments to the man in the case.
“Do you understand the break you got today?” the judge told the man, in the presence of the woman who alleged he raped her.
“That comment is troubling if for no other reason than it might lead plaintiff to believe that the court’s decision was based on defendant’s best interests, rather than hers,” the appellate ruling says, adding that Shusted’s remark “falls short of treating a sexual assault victim with fairness, compassion and respect.”
Because of the appellate ruling, Anselowitz said, she shares Mitchell’s reservations about how Shusted will handle cases brought by migrants who said they are seeking asylum because they are victims of domestic violence and human trafficking.
Anselowitz noted that because the appellate decision came out about two weeks before Shusted’s appointment was announced, the U.S. Department of Justice likely did not know about his comments in the restraining order case as they were hiring him.
Typically, newly hired immigration judges serve a two-year probationary period. But Anselowitz said that under the Trump administration, she wouldn’t be surprised if it’s not being enforced as it should be.
“Even if it is, and someone brought the article to their attention and made a complaint during this time, is anyone going to act on it? I don’t know,” she said.
Individual judges like Shusted are not reflective of all judges in immigration court, she added. And while his comments “turns my stomach,” it may not be reflective of his entire career and who he is as a person, she said.
SUBSCRIBE: GET THE MORNING HEADLINES DELIVERED TO YOUR INBOX.",https://newjerseymonitor.com/wp-content/uploads/2026/07/070226_ElizabethDetentionCenter_008-1024x683.jpg,,,2026-07-06 07:58:43.165861
,Mississippi Today,2026-07-06 11:00:00+00:00,Mississippi Today,Marshall Ramsey: Airport takeover,Marshall Ramsey,,,,,https://mississippitoday.org/2026/07/06/marshall-ramsey-airport-takeover/,"Marshall Ramsey's editorial cartoon depicts an airplane labeled Jackson-Medgar Wiley Evers Airport, with one passenger asking if it's being hijacked and another responding that it's the state taking over.",,https://cdn.mississippitoday.org/uploads/2026/07/02125912/Marshall-Ramsey-for-July-6-2026.jpg,,,2026-07-06 07:58:43.165861
,Mississippi Today,2026-07-06 11:00:00+00:00,Mississippi Today,"In Mississippi, summer can increase risk of hunger for 3 in 4 kids who rely on in-school meals",Sophia Paffenroth,,,,,https://mississippitoday.org/2026/07/06/mississippi-summer-hunger-kids/,"Jasmine Samuel poses for a portrait with her children King, Jeremy and De’Aiden inside The Faulkner in Jackson on Wednesday, July 1, 2026.","Audio recording is automated for accessibility. Humans wrote and edited the story.
For the third year in a row, Gov. Tate Reeves opted out of a state-federal partnership that would have given summer grocery benefits to roughly 320,000 Mississippi children who rely on free meals during the school year.  
Thirty-eight states and the District of Columbia are enrolled in the program, called SUN Bucks, which doles out $120 for each eligible child during the months when school is not in session. By opting not to participate, Reeves turned down about $38 million in federal funding. 
Statewide, nearly three-quarters of students rely on free or reduced-cost school meals for consistent nutrition, according to the Mississippi Department of Education. In the summer, many of those children go hungry. On an average day in the summer of 2023, only 1 in 4 Mississippi children who depend on free or reduced-cost school meals made it to an in-person meal site, according to a national study conducted by the Food Research and Action Center. 
Shelby Wilcher, the governor’s spokesperson, told Mississippi Today that Reeves opted out of SUN Bucks because it was a pandemic-era program that was never meant to be permanent. 
“This program was originally intended to be a COVID-era policy to help bridge the gap during summer months while schools were forced to close,” Wilcher said in an email to Mississippi Today. 
However, Congress established the SUN Bucks program in 2024, long after the pandemic began. A brief released by the U.S. Department of Agriculture calls the program permanent. Wilcher then said that the program is “essentially the permanent continuation of Pandemic EBT.” 
Kelsey Boone, a summer EBT expert with the Food Research and Action Center, said this was an incorrect — albeit common — response. SUN Bucks is based on a series of successful pilot programs dating as far back as 2011. Boone also said she believes any program proven to reduce childhood hunger should be implemented regardless of whether the country is in a pandemic. 
“Summer EBT existed before pandemic EBT existed,” Boone said. “This is not a program that came out of a pandemic-era program. It is its own tested and evaluated program that is known to increase nutrition and decrease food insecurity in families.”
‘Why summer EBT was created’
Mississippi’s statewide summer meals program offers boxed lunches to children at 320 sites. Seventy-one of those locations allow families to pick up meals for the week in one trip. 
The option to pick up a week’s worth of meals helps, but it doesn’t solve the problem of transportation, said Boone, which has become a greater concern amid rising gas prices. It also doesn’t address the difficulty for low-income parents needing to take time off work to go to the sites at a specific time.
The fact that 3 in 4 Mississippi children who rely on school meals don’t make it to these sites highlights significant access problems and is “why summer EBT was created,” Boone said. 
Families can use EBT benefits at locations that are closer to home and shop at convenient times.
In 2024, after Reeves first opted out of SUN Bucks, a Jackson-based nonprofit called Springboard to Opportunities began its own version of the state-federal program. It currently reaches 327 families and 611 children in Jackson. 
A family’s ability to pick out foods they prefer is dignifying and necessary, especially when accounting for cultural differences, said Paheadra Robinson, director of strategic initiatives at Springboard to Opportunities. Robinson believes that choice shouldn’t go away for low-income families.
“I don’t think we should be in the habit of treating people as second-class citizens simply because they have a need that is going unmet, and the government has the ability to support them in meeting that need,” Robinson said. 
An internal survey conducted by Springboard to Opportunities in 2025 showed that summer EBT disbursement resulted in an 83% reduction in hunger among families who participated. 
That’s the case for Jasmine Samuel, a single mother of three boys ages 4, 6 and 12. 
Samuel, a lifelong Jacksonian, works at the Bingo Depot in South Jackson, and she said she struggles to make ends meet during summer. During the school year, her children rely on free school meals. When school lets out, Samuel picks up extra food and childcare costs without additional income. 
Her boys are growing fast and are always asking for snacks, often immediately after leaving the table from lunch or dinner. 
“I’m like, ‘I thought I had at least another 45 minutes!’” she laughed. 
Samuel remembers painful experiences in her past when her children were hungry, and she knew it would be difficult to make the food in her pantry last until the next paycheck. She said she has had to come up with creative ways to keep their mind off hunger, such as making popcorn and getting them excited about watching a movie.
Before she began receiving summer EBT benefits, buying groceries was an anxiety-inducing ordeal. She would count her last dollars at the register and was often forced to put back items she could not afford as other shoppers standing in the checkout line rolled their eyes.
“I don’t like to be embarrassed at the counter … I dreaded it sometimes,” Samuel said. “I feel like now I can go grocery shopping.”
Samuel is no stranger to hard work. The youngest of four children, she began working at a grocery store at 17 to help her mother cover household expenses. She delayed going to college, and while it’s been hard to go back, she has not given up hope. In 2024, she completed partial coursework to become a pharmacist. 
As a parent, Samuel said she tries to balance teaching her kids the value of hard work and protecting them from feeling stigmatized by poverty. 
“It just takes a toll on you,” Samuel said.",https://cdn.mississippitoday.org/uploads/2026/07/01160525/3X0A4653.jpg,,,2026-07-06 07:58:43.165861
,Missouri Independent,2026-07-06 10:55:01+00:00,Missouri Independent,Missouri cannabis workers notch union wins as organizing spreads,Rebecca Rivas,,,,,https://missouriindependent.com/2026/07/06/missouri-cannabis-workers-notch-union-wins-as-organizing-spreads/,"Missouri cannabis workers are trying to turn a string of recent union victories into broader organizing momentum across the state. High Profile Cannabis dispensary workers in Columbia last week unanimously ratified what union officials say is the state’s first collective bargaining contract for cannabis workers, securing higher pay and paid vacation time.  “[...]","Sean Shannon, lead organizer with the United Food and Commercial Workers International Union Local 655 (left), and former budtender-turned-organizer Danny Foster visited several marijuana dispensaries in eastern Missouri in November to talk to employees about  unionizing
(Rebecca Rivas/Missouri Independent).Missouri cannabis workers are trying to turn a string of recent union victories into broader organizing momentum across the state.
High Profile Cannabis dispensary workers in Columbia last week unanimously ratified what union officials say is the state’s first collective bargaining contract for cannabis workers, securing higher pay and paid vacation time. 
“Now for the first time in Missouri, dispensary workers are FEELING THAT CONTRACT HIGH!” the United Food and Commercial Workers International Local 655 posted on its Facebook page Wednesday. 
And in St. Louis, Proper Brands post-harvest workers – who process and manufacture products – won their election to unionize last week, and Vibe Cannabis post-harvest workers are scheduled to hold an election at the end of July.
“I’ve been hearing from more and more production and dispensary workers all over the state who want to find out what they need to do in order to organize their workplaces,” said Sean Shannon, lead organizer with UFCW Local 655. “They basically thought it was impossible when all these companies were fighting, and now the workers are winning.”
St. Louis marijuana workers win union vote after two-year ballot fight

After Missouri legalized recreational marijuana in 2023, the state saw a surge in cannabis jobs that was soon followed by a push to unionize.
Several groups of workers endured yearslong legal battles and company pushback. This year, some are finally seeing the results.
Sierra Lutz was among the employees who organized the High-Profile union petition in 2023. She’s now a trimming tech at Vibe Cannabis, where she is leading the unionization campaign. She and her fellow post-harvest workers filed a petition to unionize last month. 
After hearing the news about High Profile’s contract, Lutz applauded the workers’ dedication.
“I’m so proud of their perseverance,” she said. “They deserve every second of this glory.” 
Her work with High Profile taught her some key lessons she’s bringing to the Vibe campaign, she said. The main one: “patience is everything.” 
“The workplace won’t change overnight, but change will come,” Lutz said. “That’s been my biggest point I’ve been communicating to Vibe employees.” 
Other Vibe employees are also organizing veterans, after participating in the unionization effort at BeLeaf Medical’s Sinse cultivation facility in St. Louis. In May, Sinse workers won a significant legal precedent for post-harvest workers after nearly three-year battle, with a decision affirming their right to unionize under federal labor law.
“More and more workers are feeling empowered,” Shannon said, “and I believe we’re going to see a huge wave and a rise in workers rising together.”
 ‘A seat at the table’

Katie Hazelwonder, a trainer in Proper’s post-harvest department, said she was overjoyed that workers voted 25-21 to unionize on July 1. 
“We put a lot of work into this, and I’m so thankful to everyone that stood together to make this happen,” Hazelwonder said. “That’s honestly the only way we got through this, we stood together and never backed down.”
Hazelwonder acknowledged this was a stressful month for “both sides of the vote,” but said she believes the effort will result in better pay, job security and working conditions. 
Post-harvest employees at Proper Cannabis cultivation facility celebrate after filing a petition to hold a union election on Wednesday (photo submitted).
“This victory is about all of us having a voice and having a seat at the table,” she said, “and we’re looking forward to negotiating a fair contract that reflects the hard work and dedication of everyone.” 
John Pennington, founder and CEO of Proper Brands, said in an email to The Independent that the company respects the post-harvest team’s decision and their right to determine how they want to be represented. 
“Proper Brands has always believed that our people are the foundation of our success, and that commitment remains unchanged,” Pennington said. “As we move forward, our focus will be on building a constructive relationship rooted in mutual respect, open communication, and our shared goal of producing the highest-quality cannabis products for Missouri.”
Pennington also said the company remains committed to “providing a safe, supportive workplace where every team member has the opportunity to grow and contribute to our continued success.” 
“We are pleased to be a part of this process,” he said, “and look forward to working with the UFCW.”
Hazelwonder previously told The Independent that the Proper team was encouraged by a May decision from the National Labor Relations Board, which decides labor disputes and sets national policy on union organizing.
The board rejected another St. Louis marijuana company’s argument that post-harvest employees are agricultural workers, who are excluded from a federal law that protects most private-sector employees’ right to unionize without fear of retaliation. 
“Thanks to the recent NLRB ruling we have the opportunity to sit at the table and make it better for us and the others to come,” Hazelwonder said. 
 Vibe

Proper Cannabis post-harvest employees talk with Sean Shannon, lead organizer with UFCW Local 655, on July 2 about union contracts at a bar in St. Louis, where the group was celebrating winning a union election vote the day before. Vibe Cannabis employees also attended to support the win. (Photo by Rebecca Rivas/The Missouri Independent)
At Vibe, Lutz said she and other production workers were told they’d have the federal Juneteenth holiday off this year. But then a few days before the holiday, she says managers told them they would have to work. They later learned the company paid for another department’s employees to go to Six Flags theme park on Juneteenth.
It’s part of the favoritism, such as free meals and other perks, her team doesn’t get to enjoy.
“I love that that department gets all of that extra stuff, like, genuinely,” Lutz said, “but our department gets absolutely nothing.”
Juneteenth was the last straw for post-harvest employees who were on the fence about unionizing, Lutz said, and Shannon filed the petition to unionize on June 18. 
Katie Parker, human resources manager for Vibe, said the company had no comment on the petition or the issues raised by employees.
Since the petition was filed, Lutz said workers have been required to meet individually with two consultants, who told employees the company hired them to educate workers on the union process. 
Lutz works in the trim department, where she operates the Mobius trimming machine, she said. During the summer, she said, the room is often 80 degrees with poor air circulation.
“They’ve told us many times that the thing that they are worried about getting above 80 degrees in that room is not our wellbeing as employees,” she said, “but the wellbeing of the product.”
She said she and her colleagues do challenging work that’s vital to the quality ofVibe’s product, but they don’t see the pay raises other departments do. 
Bird Herndon, who has worked in Vibe’s post-harvest department for about a year, agreed with Lutz.
“Cannabis cultivation and processing are physically demanding and almost always impact respiratory health,” Herndon said. “Making sure we have consistent access to safety equipment like respirators is a top priority.”
Herndon said a structured collective bargaining process would allow the team to “work collaboratively with management to formalize, streamline, and uphold high-standard safety procedures and equipment protocols for everyone.” 
Among the group’s demands is the option of a 401(k) so they can plan for retirement. 
Vibe employees have been in touch with organizers at Proper and BeLeaf, Herndon said, to learn from their experiences. 
“We can all help each other,” Herndon said. “More minds on the problem leads to a better solution for everyone.”",https://missouriindependent.com/wp-content/uploads/2023/12/IMG_9922-3-1024x683.jpg,,,2026-07-06 06:59:49.192018
,Missouri Independent,2026-07-06 10:50:44+00:00,Missouri Independent,I once wrote that two moments explained Mike Parson’s tenure. Make it three,Jason Hancock,,,,,https://missouriindependent.com/2026/07/06/i-once-wrote-that-two-moments-explained-mike-parsons-tenure-make-it-three/,"When Mike Parson left office 18 months ago, I wrote that two moments explained his six years as Missouri governor. The first was a pandemic press briefing where a besieged Parson decided not to take questions and instead recite Theodore Roosevelt’s “The Man in the Arena,” casting criticism as something beneath the dignity of the […]","Former Missouri Gov. Mike Parson speaks to the media from his office in the state Capitol in 2020 (photo courtesy of Missouri Governor's Office).When Mike Parson left office 18 months ago, I wrote that two moments explained his six years as Missouri governor.
The first was a pandemic press briefing where a besieged Parson decided not to take questions and instead recite Theodore Roosevelt’s “The Man in the Arena,” casting criticism as something beneath the dignity of the person actually doing the job.
The other was his decision to turn a reporter who responsibly disclosed a state data vulnerability into a cartoon villain, demanding criminal charges even after the facts collapsed around the accusation.
Both moments revealed a governor who only seemed to enjoy the ceremony of the office and had no time for its burdens. The pattern, I argued then, was that whenever Parson faced a choice between confronting a problem and confronting the messenger, he chose the messenger.
Last week’s closeout audit of his administration supplied a third moment.
The headline finding is travel. State Auditor Scott Fitzpatrick found Parson’s office spent $375,000 flying him around on state aircraft. But the flight records never explained the public purpose of the trips. For a third of those flights, auditors could not identify a state business purpose at all.
Fifty-three trips included a stop in Bolivar, where Parson lives. Eight went to Bolivar and nowhere else.
Parson’s written response to the audit did not dispute a single specific finding. Instead, he dismissed the “so-called findings” and lamented the “subjectivity” of the analysis.
Audit finds former Missouri Gov. Mike Parson’s state flights often lacked a public purpose

The messenger, again. Except this time the messenger is a fellow Republican whose statewide career began when Parson appointed him treasurer in 2018.
The rest of the audit adds to the picture: improper compensatory time payments to top staff, tuition reimbursements that violated policy, other agencies’ expenses shifted onto the governor’s books and mansion food costs without clear business purposes.
The audit, though, was not really about Mike Parson’s penchant for expensive travel. It was about whether the public record can explain what the public got in return for all that travel.
That was never a question Parson welcomed.
His office spent years treating the Sunshine Law as an obstacle to be managed rather than an obligation to be met.
In 2019, it invented a theory that the First Amendment allowed blanket redactions of records — an argument so strained that Eric Schmitt, the attorney general Parson appointed, formally advised the governor’s office to knock it off. Two years later, the Missouri Supreme Court ruled unanimously against Parson’s office in a lawsuit alleging it stonewalled a records request with improper redactions and thousands of dollars in unauthorized attorney fees.
So it lands as something other than coincidence that among the records the audit could not locate was the office’s Sunshine Law request log — the ledger of who asked for public records and what they received.
It has plenty of company. Parson’s calendar, his office’s employee manual, its internal control plan — none of it was transferred to the State Archives as the law requires. His former staff couldn’t find them. Gov. Mike Kehoe’s staff couldn’t find them. The archivists never received them.
To reconstruct where Missouri’s governor actually flew on the taxpayer’s dime, auditors resorted to the Wayback Machine — the San Francisco nonprofit that preserves deleted web pages — because Parson’s press releases were scrubbed from the state website the moment he left office.
An administration that spent years deciding which records the public deserved to see ended by failing to preserve some of the records that mattered most.
Here is the part worth sitting with: complete records were Parson’s best defense. A calendar showing ribbon cuttings and flood briefings at the end of each flight would have answered the audit’s central question in his favor. The man in the arena could have produced the receipts from the arena.
I wrote in January 2025 that Parson’s tenure was a caretaker administration with occasional flashes of performative victimhood.
His response to Fitzpatrick’s audit is the epilogue that proves the thesis — victimhood deployed against a man he put in office, over records his own team failed to keep.",https://missouriindependent.com/wp-content/uploads/2020/09/parson-briefing-e1736798539199.jpg,,,2026-07-06 06:59:49.192018
,Nebraska Examiner,2026-07-06 10:30:56+00:00,Nebraska Examiner,OPINION: The Supreme Court headline is not what you think,George Ayoub,,,,,https://nebraskaexaminer.com/2026/07/06/opinion-the-supreme-court-headline-is-not-what-you-think/,"SCOTUS dominated front pages and topped broadcasts for several days in the runup to the end of its term, June 30. Chief among a handful of anticipated opinions was the high court’s rejection of the Trump administration’s attempt to end birthright citizenship.","The U.S. Supreme Court, on April 9, 2026. (Photo by Ashley Murray/States Newsroom)One might draw a direct line from recent Supreme Court news to Nebraska’s fertile plain. One might also wish some of its details were better.
As it often does for news junkies this time of year, SCOTUS dominated front pages and topped broadcasts for several days in the runup to the end of its term, June 30. Chief among a handful of anticipated opinions was the high court’s rejection of the Trump administration’s attempt to end birthright citizenship. 
That decision was a relief for those of us incredulous that the idea of erasing the citizenship clause of the 14th Amendment with the stroke of a pen was even a thing. Or that the High Court, through the appeals process, was even entertaining the “argument” that the nation’s 158-year principle of citizenship may be invalid. 
It was not the headline, however. 
No, the newsy leviathan that called for a 96-point bold typeface was that four of the justices thought a president’s executive order could eclipse the plain language of the Constitution. If you’re keeping score at home — and you should be — here it is: “All persons born or naturalized in the United States, and subject to the jurisdiction thereof, are citizens of the United States and of the State wherein they reside.”
The citizenship clause of the 14th Amendment wasn’t enough for justices Gorsuch, Thomas, Alito and Kavanaugh, although the latter did vote with the 6-3 majority, citing federal law rather than Constitutional limits.
The math is distressing. We were essentially one vote from a president, with the blessing of the highest court in the land, being able to put the kibosh on an Amendment to the U.S. Constitution, which, last anyone checked, is a permanent part of the document, not some B Side of the Supreme Law of the land. Consider this slippery slope: Birthright citizenship today, freedom of speech tomorrow, the right to worship as you please next week, that whole privacy thing soon erased, ad nauseum.
Go ahead, roll your eyes at my angsty vision of falling skies. But while you do, consider that ending birthright citizenship was an idea only at the fringes of public debate just a few years ago. Nor does the SCOTUS decision appear to resettle what had been settled law for 158 years and affirmed more than a century ago. Now the president wants Congress to pass legislation to undo the 14th Amendment, a law, if passed, that would also be a Constitutional non-starter. 
As you know, the Constitution can only be changed through the amendment process, a two-step exercise starting with proposing the change and then ratifying it, as set down in Article 5. Congress, with a two thirds vote, can propose, but it takes three quarters of the states to ratify. Big hurdles for good reasons.
Still, maybe we should have the debate. Nebraskans deserve to know who, among their quintet of representation, believes in the permanence of the Constitution, even though a passing glance at American history reveals that no Amendment is absolute and reasonable limits exist. That’s why, for example, speech protections do not extend to the incitement of violence or defamation and search and seizure rights may be mitigated by “exigent circumstances.”
Those are conditions, however, not the erasure of an entire clause from an Amendment.
Another recent SCOTUS headline may render moot a Nebraska group’s effort to amend the state’s Constitution with a sports rule that would have affected fewer than 10 Nebraska high school students in the last eight years. The High Court said two states, West Virginia and Idaho, can ban transgender girls from participation in girls’ sports in any public school. Twenty five other states, including Nebraska, have similar laws on the books, so in practice the court’s decision may simply apply to them, too. 
Amending Nebraska’s Constitution appears to be no big deal. We do it regularly, 240 times at last count, a number surpassed only by Texas, Oregon and South Carolina. 
Regardless of whether the effort to amend Nebraska’s Constitution goes forward, SCOTUS’s decision on transgender athletes should cover the concerns of those who have worked to keep trans kids from competing. They argue, with some merit, that it’s about fairness. Plus, they want to keep girls and women in sports safe, also a commendable aim. 
There is this, however: Those of us with daughters, granddaughters, nieces and female family friends wonder just who — and how — is determining the “gender eligibility” of athletes, especially if it is questioned after say, a long home run, a particularly vicious spike or a new record in the 200-meter freestyle? Will that be keeping girls and young women safe?",https://nebraskaexaminer.com/wp-content/uploads/2026/05/scotus2_040926_murray_0-1024x768.jpg,,,2026-07-06 06:59:49.192018
,New Jersey Monitor,2026-07-06 10:30:45+00:00,New Jersey Monitor,Federal attacks on mail-in voting demand New Jersey’s attention now,Special to the New Jersey Monitor,,,,,https://newjerseymonitor.com/2026/07/06/federal-attacks-on-mail-in-voting-demand-new-jerseys-attention-now/,More than 1 in 5 N.J. voters vote by mail. Their ballots might not count if new contested federal restrictions on mail-in voting take effect.,"A sign directs voters to a ballot dropbox in Morristown on Thursday, Feb. 5, 2026. (Photo by Anne-Marie Caruso/New Jersey Monitor)By Jiyue Wang
In late March, President Donald Trump signed an executive order directing the federal government to tighten the rules around mail and absentee voting. The U.S. Postal Service soon proposed a rule that would require states to notify the agency before mailing ballots and to hand over lists of their mail and absentee voters, each tied to a unique barcode on the ballot envelope. Supporters call it a matter of election integrity.
Critics warn the order would let the Postal Service refuse to deliver ballots to voters who are not on a federally approved list. On June 24, Postmaster General David Steiner confirmed that intent, telling a Senate committee that under the proposed rule the agency would not deliver ballots in states that refused to hand over their voter lists. The fight has already reached New Jersey directly. The U.S. Department of Justice sued the state in February after it declined to turn over its full voter file. New Jersey was also among the states that challenged the president’s order, and in late June a federal judge blocked key parts of it for those states, though the administration can still appeal. Whatever the courts ultimately decide, the intent is plain: Voting by mail is now a target. In New Jersey, that is not an abstract worry.
New Jersey lets any registered voter cast a ballot by mail, without offering an excuse, and a growing share of residents now do. Data from the U.S. Election Assistance Commission show how far the practice has spread here. In the 2018 midterm elections, about 1 in 8 ballots cast in the state, close to 12%, came by mail. By the 2022 midterms, that share had nearly doubled, to better than 1 in 5. In 2020, when New Jersey ran its general election almost entirely by mail, it reached 94%. This November, New Jerseyans will choose a United States senator and all 12 of their members of the House of Representatives. If the new federal restrictions take effect, that election could be among the first conducted under them.
A rule that makes mail voting harder does not land on everyone equally. Casting a ballot in person on a fixed weekday carries costs that are easy to miss if you do not face them and decisive if you do. Consider the hourly worker who cannot step away from a shift, the parent with no childcare, the person without a car or paid time off, the adult caring for a sick relative. For them, a ballot that arrives in the mailbox can be the difference between voting and sitting the election out. Those barriers fall most heavily on lower-income residents, who already vote at much lower rates than wealthier ones, and they weigh especially heavily in midterm elections, which draw fewer voters to begin with than presidential years. Take mail voting away, and you place those costs back on the shoulders least able to carry them.
The predictable result is not a small, even dip in turnout. It is a wider gap between who votes and who does not, sorted by income. That is the opposite of what the rules of an election should do, and it is a reason for New Jersey to pay attention now rather than later.
New Jersey does not have to wait for the courts to act, and on the most important point it does not have to build anything new. The state already runs the kind of system this federal rule would undercut. It offers no-excuse mail voting, prepaid return postage, secure drop boxes, and online tracking that lets a voter confirm a ballot was received and accepted. It already prints election materials in the languages New Jerseyans speak, and it is already in court as one of the states challenging the president’s order. The task now is to protect that system rather than retreat from it, and to refuse any step, taken in the name of compliance or anything else, that would keep ballots from reaching eligible voters.
Where the state can still do more is narrower than it might seem, because New Jersey already does more than mail a notice. When a ballot is rejected over a signature issue, the law requires the county to reach the voter by mail or email and to try a phone call when a number is on file, and it gives voters until 11 days after a general election to fix the problem. The thinner spots are practical ones. Voters who left no phone or email, and who may have since moved, are still hard to reach. Cure letters and forms do the most good when they come in the languages voters actually read. And counties vary in how fully they carry this out. Tightening those would save more valid ballots than any new program. Beyond that, the most consequential step is the one already underway in court: resisting the federal demands for voter data behind both the Postal Service’s rule and the Justice Department’s lawsuit.
The link between losing income and losing a voice at the ballot box is not a law of nature. It follows from choices about how easy or how hard we make it to vote. Mail voting is one of the levers that narrows that gap. A federal rule that restricts it pulls the other way. New Jersey still gets to decide which direction it takes.
Jiyue Wang holds a master’s degree in sport management from the University of Florida and a master’s degree in economics from the University of Wisconsin-Milwaukee. He is an incoming PhD student in political science at Rutgers, The State University of New Jersey, New Brunswick.",https://newjerseymonitor.com/wp-content/uploads/2026/02/020526_SpecialElection_014-1024x683.jpg,,,2026-07-06 06:59:49.192018
,Oklahoma Voice,2026-07-06 10:30:23+00:00,Oklahoma Voice,"New recess law, state policy change causing surprise challenges for Oklahoma schools",Nuria Martinez-Keel,,,,,https://oklahomavoice.com/2026/07/06/new-recess-law-state-policy-change-causing-surprise-challenges-for-oklahoma-schools/,OKLAHOMA CITY —  A recent state law doubling children’s recess time could have unexpected consequences for Oklahoma public schools. Some districts announced they are lengthening their school day while others are weighing whether to add days to their school calendars to accommodate the new law. Further complicating the matter is a recent notice from the […],"Swings dangle on the playground at Eugene Field Elementary in Oklahoma City on June 29. (Photo by Nuria Martinez-Keel/Oklahoma Voice)OKLAHOMA CITY —  A recent state law doubling children’s recess time could have unexpected consequences for Oklahoma public schools.
Some districts announced they are lengthening their school day while others are weighing whether to add days to their school calendars to accommodate the new law. Further complicating the matter is a recent notice from the Oklahoma State Department of Education that it will phase out a policy of allowing recess to count toward a school’s instructional hours.
That would drop districts like Granite Public Schools from above the minimum length of a school year to below, Superintendent Missy Berry said. Her southwest Oklahoma district would have to add time to each school day to make up the difference, even though Granite already provides 40 minutes of daily recess.
“I think the biggest problem with it is making (recess) non-instructional. If it was just, ‘Let them play for 20 more minutes,’ I don’t think it would be that big of a deal,” Berry said. “But (with) this deal, you’re changing everything on a schedule. You’re changing the entire school day.”
Senate Bill 1481, which took effect Wednesday, raised the minimum daily length of recess for kindergarten through fifth grade from 20 minutes to 40 minutes. Schools will be permitted to split recess into multiple segments or provide it in one 40-minute period.
When issuing guidance for how to implement the law, state Superintendent Lindel Fields informed district leaders that recess no longer would count toward the 1,086 instructional hours that make up a school year.
Students at Wilson Elementary, whose playground is pictured June 29, and elsewhere in Oklahoma City Public Schools will see their recess time increase from 20 minutes to 40 minutes in the coming academic year. (Photo by Nuria Martinez-Keel/Oklahoma Voice)
In the coming 2026-27 academic year, 20 of the 40 recess minutes won’t count as instructional time while the other 20 minutes can, Fields wrote in a June 19 letter to districts. By 2027-28, all 40 minutes must be considered non-instructional.
SB 1481 “is silent” on whether recess should be considered instructional time, but the new law specifically separates recess from physical education instruction, according to a legal memo the Education Department’s general counsel issued June 29. State law also defines the school year as a minimum number of days or hours of classroom instruction, the memo states.
Taken together, these statutes mean “the Legislature did not intend for recess to count towards required instructional minutes,” general counsel Jacki Phelps wrote.
For years, the agency allowed schools to count recess as instructional time, so the change caught school leaders by surprise, especially so close to the start of the next academic year, said Sen. Ally Seifried, R-Claremore.
Seifried, who wrote the recess law, said she is supportive of the Education Department’s policy change but appreciated Fields giving districts more flexibility in the short term. She said she’s committed to examining the issue further in the 2027 legislative session, which begins in February.
“Philosophically, I think recess shouldn’t count as instructional time,” Seifried said. “If you ask somebody on the street, an average person, is recess instructional time, they’re going to say no.”
Sen. Ally Seifried, R-Claremore, attends a news conference Jan. 15 about education policy priorities for the 2026 legislative session at the state Capitol in Oklahoma City. (Photo by Nuria Martinez-Keel/Oklahoma Voice)
Seifried’s bill expanding recess was overwhelmingly popular in the state Legislature this year. It passed the Senate unanimously and received only one opposing vote in the House before earning the governor’s signature.
Her House co-author, Rep. Chad Caldwell, R-Enid, said the added recess time would give children more opportunity to play, expend excess energy and socially interact with their peers. The ultimate goal, he said, is to “increase their ability to focus when they’re in the classroom,” especially as lawmakers add more rigorous requirements for academic performance.
Increasing the number of days students spend in school has been another priority at the state Capitol. Starting in the 2027-28 academic year, the minimum school year will increase by seven days for districts using an hours-based calendar.
“I think our students would benefit from increased instructional time, so while that wasn’t the primary goal of this specific piece of (recess) legislation, I don’t think that that is necessarily a bad outcome, if that’s how districts choose to adopt it,” Caldwell said.
Western Oklahoma districts of Minco and Cashion have announced expanded school day hours. Western Heights Public Schools is starting its school year earlier and could add more days at the end of the academic year to meet recess requirements, Superintendent Brayden Savage told Oklahoma Voice.
Students up to fourth grade in Deer Creek Public Schools already spend 40 minutes each day on the playground. Although it’s a play period, it still holds instructional value, said Superintendent Jason Perez, a former elementary teacher and principal.
Deer Creek should be able to weather the next school year without having to make significant scheduling changes, he said. 
Deer Creek Public Schools Superintendent Jason Perez speaks at a school board meeting Tuesday at the district’s administration building in Edmond. (Photo by Nuria Martinez-Keel/Oklahoma Voice)
Once all 40 recess minutes must be counted as non-instructional, though, the district will have to find a way to add about 35 more hours of instructional time to the school year.
“I don’t know where that comes from at that point,” Perez said. “Then, we’re talking about having to add days.”
For Oklahoma City Public Schools, changes will be more immediate. The district offers 20-25 minutes of recess per day for elementary students, so schedules will have to be adjusted this school year to reach 40 minutes.
The district’s chief of schools, Alisha Suffield, said administrators are considering adding minutes to each school day to fulfill the requirement.
Oklahoma City schools have a shorter instructional day than some neighboring districts, Suffield said. Keeping students in school longer each day could benefit families who lack quality after-school-care options, and it’s an opportunity to add more instructional time, too, she said.
But, any schedule changes will have “a major ripple effect” across Oklahoma City, the state’s second-largest district. Suffield said district leaders are having to consider when and how long lunch would have to be, who will supervise students during the extra recess time, and whether middle and high schools should similarly lengthen their school days to match the elementary hours.
The district’s complex transportation schedules will have to change, as well.
“Kids (are) getting home late, which means drivers are going home late, which means teachers are going home late,” Suffield said. “So, all of those factors have to be considered before we just make a blanket decision.”
Oklahoma City Public Schools’ Chief of Schools Alisha Suffield speaks at a district school board meeting June 29 at the Clara Luper Center for Educational Services in Oklahoma City. (Photo by Nuria Martinez-Keel/Oklahoma Voice)
Any adjustments to teachers’ working hours and school start times would have to be negotiated with the labor union representing the district’s educators, the Oklahoma City American Federation of Teachers.
OKC-AFT President Torie Luster Pennington said those discussions already are ongoing, and the union’s expectation is school employees would be compensated for any extra time spent at work.
Oklahoma City Board of Education member Juan Lecona will not only have to vote on the district’s scheduling plan, but also implement it into his family’s daily routine. His daughter, Itzel, will see her recess time increase once she starts first grade in August.
To Itzel, doubling recess is “the coolest thing ever,” he said, but to Lecona, the extra play period is “a waste of time away from teaching the kids.”
“Kids have to go out and play, but let’s focus on reading,” he said. “I truly believe the extra 20 minutes they want to use for the second recess is not really necessary. I’d rather be hitting the books and doing math problems.”
SUBSCRIBE: GET THE MORNING HEADLINES DELIVERED TO YOUR INBOX.
SUPPORT: YOU MAKE OUR WORK POSSIBLE",https://oklahomavoice.com/wp-content/uploads/2026/06/P6296019-1024x768.jpg,,,2026-07-06 06:59:49.192018
,Oklahoma Voice,2026-07-06 10:29:52+00:00,Oklahoma Voice,"In Oklahoma Trump country, locals say no to the president’s deal to build a foreign-owned smelter",Janelle Stecklein,,,,,https://oklahomavoice.com/2026/07/06/in-oklahoma-trump-country-locals-say-no-to-the-presidents-deal-to-build-a-foreign-owned-smelter/,"President Donald Trump’s dream of opening a massive, foreign-owned aluminum smelter in Oklahoma is in jeopardy. Ironically, the Republican leader’s plan to erect an enormous, superheated, pollution-producing, industrial complex in a rural area isn’t imploding because of his usual perceived enemies: the liberal, radical left.  His plan is on the brink of fail[...]","Hundreds of people gathered for a board of trustees meeting at Inola High School June 29, 2026. (Photo by Graycen Wheeler/KOSU) (This photo is available to be republished with this commentary.)President Donald Trump’s dream of opening a massive, foreign-owned aluminum smelter in Oklahoma is in jeopardy.
Ironically, the Republican leader’s plan to erect an enormous, superheated, pollution-producing, industrial complex in a rural area isn’t imploding because of his usual perceived enemies: the liberal, radical left. 
His plan is on the brink of failure, this time, because of fellow Republicans.
It turns out Trump, his hired hands in Washington and partners in the United Arab Emirates may have underestimated Oklahomans. They can be a stubborn lot, with a strong desire to be good stewards of the environment and a pungent dislike of federal and state officials insisting that they know what’s best for them.
Oklahomans first learned in May 2025 that our own Republican leader, Gov. Kevin Stitt, had inked a deal with Emirates Global Aluminum to place the smelter in Inola, a town of about 2,000 people located about 25 miles east of Tulsa.
We also learned then that Oklahoma taxpayers would be on the hook for providing about $255 million in incentives. We later discovered that the federal government had issued a $500 million grant to help with construction costs, and the UAE company is also expecting to receive $735 million more in other tax exemptions and offsets.
Supporters tout the project as being the largest economic investment in state history. They say it represents $4 billion pumped into Oklahoma by Emirates Global Aluminum that will create over 1,000 jobs. It’s also apparently part of President Donald Trump’s broader $200 billion economic deal with the United Arab Emirates.
In exchange for over $1 billion in incentives, about 600,000 tons of aluminum would be produced in Inola each year. Supporters of the facility, which include state House and Senate leaders, say it would double the amount of aluminum produced in the U.S.
The problem appears to be that no one considered whether residents of Inola – which earned the nickname “Hay Capital of the World” courtesy of the Bluestem Prairie grass harvested in the area for cattle – would want to put a gigantic, superheated  facility in their backyard.
As residents have learned more about Trump’s plan, it’s clear that they’re getting increasingly aggravated at the federal government and this company who wants to upset their way of life.
Aluminum smelters require a high amount of energy to turn aluminium oxide, a crystalline powder most commonly known as alumina, into aluminum metal. Supporters contend while the process utilizes a ton of energy, it doesn’t generate much solid waste.
But the country’s existing smelters – constructed more than half a century ago – have been found to produce heat-trapping greenhouse gases, some of which remain in the atmosphere for 50,000 years.
Residents in the Inola area worry about the potential impact of the facility’s emissions on plants and animals. A growing number don’t want it unless or until they receive written assurances that would stand up in court — from the company and federal government — that it’s safe.
Is it any surprise that neither the UAE business nor U.S. leaders seem willing to give them that peace of mind on paper, despite insisting that it’s perfectly safe?
Inola residents are rightfully expressing their anxieties in a proper way — during the town’s permitting process. Last week, hundreds of residents attended a meeting to urge local leaders to pause the approval process for the smelter. Town leaders issued a 60-day moratorium on the permitting process, KOSU reported.
Getting a win on the project is so important to the Trump administration, KOSU reported, that Trump penned a letter urging town leaders to support it. 
The president’s missive was read aloud at the meeting. 
In response, someone shouted that Trump should build it at Mar-a-Lago, his Florida residence.
U.S. Assistant Secretary of Energy Audrey Robertson even showed up at the town meeting to try to convince residents that the plant will use the latest and greatest technology that ensures “emissions will not leave the plant.” The U.S. Senate confirmed Robertson’s appointment in October. She leads the Department of Energy’s Office of Critical Mineral and Energy Innovation.
Amid angry rumblings from the audience, KOSU reported, Robertson imprudently told a roomful of people who overwhelmingly voted for Trump in 2024: “All right. I guess it’s not as friendly here as where I came from.”
Let’s be clear about one thing. Oklahomans are traditionally very friendly people — until they’re faced with federal political appointees who roll in and insist they know what’s best for them. If Robertson really wanted to convince Inola the smelter is safe, she could insist the company sign an affidavit swearing that “emissions will not leave the plant,” as she claims.
The company behind this project isn’t doing Trump any favors either.
Who in their right mind sends town leaders a letter threatening to sue an entire town for millions of dollars in damages as a project is going through our governing process?
Rather than work to alleviate concerns, KOSU reported that Oklahoma Primary Aluminum, a U.S. subsidiary of Emirates Global Aluminum, did just that. Primary Aluminum owns 40% of the stake in the company. Dubai-based Emirates Global, which is 7,000 miles away, holds the majority stake.
Just days before that clash in Inola, Republican Attorney General Gentner Drummond separately issued a rare challenge to Trump’s policy ambitions, suing to block the project’s construction. He argues it will severely pollute Inola and other communities in the region. He also has concerns that the Dubai company owns the majority stake in the project.
Trump responded by ranting on TruthSocial that Drummond is a “Dumocrat,” and that Oklahoma’s attorney general  “wants to dethrone a magnificent, Job producing, desperately needed Aluminum Plant that will be one of the best projects ever conceived or built in the Great State of Oklahoma.”
Trump unsurprisingly has endorsed Drummond’s Republican gubernatorial opponent Mike Mazzei, who has suddenly come out in support of this project.
Oklahoma is not a dictatorship where out-of-state and out-of-country officials can force us to bow to their whims. 
And our state shouldn’t be spending our hard-earned taxpayer dollars backing a company that –  rather than work to build consensus – is further sowing division by threatening to use litigation as a cudgel to get their way
Ours is a state that embraces democratic processes. That includes local governance and the ability of local residents to decide what they want their community to be, regardless of what deals are inked at the state and federal level on their behalf.
Trump and the leaders of the smelting company would do well to remember that.
SUBSCRIBE: GET THE MORNING HEADLINES DELIVERED TO YOUR INBOX.
SUPPORT: YOU MAKE OUR WORK POSSIBLE",https://oklahomavoice.com/wp-content/uploads/2026/07/IMG_7358-1024x768.jpg,,,2026-07-06 06:59:49.192018
,WyoFile,2026-07-06 10:24:00+00:00,WyoFile,Wyoming opens school-choice vouchers to new applicants as court challenge lingers,Katie Klingsporn,,,,,https://wyofile.com/wyoming-opens-school-choice-vouchers-to-new-applicants-as-court-challenge-lingers/,"

Beginning today, applicants can apply for up to $7K per student to spend on private-school costs. A judge has yet to determine whether the program aligns with Wyoming’s constitution. 
The post Wyoming opens school-choice vouchers to new applicants as court challenge lingers appeared first on WyoFile .","Beginning today, Wyoming residents can apply to receive up to $7,000 in state funds per student to pay for costs associated with private K-12 education. The money covers not only private-school tuition, but also things like admission fees to zoos or internet costs for homeschooling children not enrolled in public education. 
However, the fate of the controversial 2025 Wyoming law that created the school-choice voucher program, the Steamboat Legacy Scholarship Act, remains uncertain. A lawsuit challenging its constitutionality is tied up in court. 
Even with that outstanding, the fact that the Wyoming Supreme Court in May cleared the way for the state to begin disbursing funds following a yearlong injunction is a promising sign for people who support universal school vouchers. 
“The injunction has been lifted, and that’s the main thing,” said EdChoice Director of Litigation Thomas M. Fisher, who represents families that intervened on behalf of the defendants. Fisher called the injunction decision a “powerful message” from the state’s high court. 
Penelope Koutoulas holds signs supporting school choice in a House committee meeting on education during a special session of the Tennessee Legislature on Jan. 28, 2025, in Nashville, Tenn. Tennessee lawmakers in 2025 passed the Education Freedom Scholarship Act, a universal school choice program. (AP Photo/George Walker IV)
EdChoice in late June filed a motion in Wyoming district court for judgment on the pleadings, arguing that the higher court’s decision means the existing complaint cannot prevail.
Not so fast, plaintiffs say. The Steamboat Legacy program “violates our state Constitution by diverting public dollars to private education,” said Kim Amen, president of the Wyoming Education Association, which represents the state’s teachers and other educators but is not a formal union. The WEA, along with some Wyoming parents, are challenging the voucher program.
Rolling the program out now poses unwarranted risks, Amen told WyoFile in a statement.  
“Distributing these funds before the courts have resolved the constitutional challenge creates unnecessary uncertainty for students, families, educators, and taxpayers,” she said. “If the courts ultimately determine the program is unconstitutional, taxpayer funds will have already been spent in a way that cannot easily be undone.”
School-choice stir
The 2025 Steamboat Legacy Scholarship Act represents a significant expansion of school choice in Wyoming. It arrived on a wave of school-choice advocacy nationwide, particularly among conservatives, and followed years of debate regarding proper use of state funds. 
Even in Wyoming’s majority-Republican statehouse, the measure created ample tension in the 2025 legislative session as lawmakers grappled with whether it adhered to the state’s constitution, which makes public education a paramount state commitment.
Lawmakers had created an income-qualified voucher program in 2024. Supporters said the income qualifications provided constitutional safeguards in that iteration. 
Rep. Ocean Andrew, R-Laramie, however, called it too narrow when he proposed expansion in 2025. His bill ultimately passed. Along with $7,000 per child annually for K-12 non-public-school costs, the scholarship offers money for pre-K costs, but only to income-qualified families at or below 250% of the federal poverty level. For a family of four, that’s an income of roughly $80,000 annually.
Laramie Republican Rep. Ocean Andrew and Superintendent of Public Instruction Megan Degenfelder chat Feb. 9, 2026, before the start of the budget session in Cheyenne. (Mike Vanata for WyoFile)
When the state opened applications, nearly 4,000 applicants signed up to receive the money for the 25/26 school year. But in June 2025, parents and the WEA filed their legal challenge. 
“The Program violates multiple elements of the Education Article of the Wyoming Constitution,’” their lawsuit stated. “The state cannot circumvent [constitutional] requirements by funding private education that is not uniform and that meets none of the required state constitutional standards for education.”
The lawsuit asserted that the program would cause irreparable harm to plaintiffs. It asked the court to block the voucher program while the case proceeds. A district court judge granted that preliminary injunction in July 2025, barring the state from releasing any money until he determines whether or not the program is constitutional. 
The state, however, fought his ruling, and further challenges led to the Supreme Court considering the matter. Following oral arguments in January, the higher court ended the injunction in May, and Wyoming’s Department of Education went to work to restart the program. 
The unresolved questions 
The plaintiffs’ arguments hinge on the Wyoming Constitution, which prioritizes the Legislature’s obligation to fund public education and explicitly prohibits the use of public funds for private and parochial schools. 
The Steamboat program is “at cross purposes with the constitution and what the constitutional framers laid out,” plaintiffs’ attorney Jeff Lupardo said during oral arguments in front of the Supreme Court in January. 
In addition, the program violates constitutional language that allows the state to give public funds only for the necessary support of the poor, the lawsuit reads. Instead, it’s an example of “gratuitously funneling public funds to private individuals and entities, regardless of whether they are poor and regardless of whether that support is necessary.”
Plaintiff parents oppose the voucher plan due to the harmful impact it will have on their children, according to the lawsuit, “because private schools receiving voucher funding can refuse admission to children with disabilities … and are not required to provide special education services or comply with [individualized education programs].” They also worry that private schools can refuse to admit and educate children who identify as queer, transgender or non-binary.
Lab School teacher Matt Klima gives a lesson to middle school students on the Battle of the Bulge in Laramie in May 2025. The beloved public school closed at the end of the 2025 due to declining district enrollment and other factors. (Katie Klingsporn/WyoFile)
Finally, the lawsuit argued the program will harm Wyoming’s public school system because, “As students leave the public school system using public funds provided through the Voucher Program, the public schools will lose funding under the Average Daily Member formula, thereby resulting in fewer resources available to educate and support the students remaining in public schools.”
Superintendent of Public Instruction Megan Degenfelder and State Treasurer Curt Meier were named as defendants alongside the state. Defenfelder has been a vocal supporter of school choice.
Hints from the high court
In the May unanimous ruling, Wyoming Supreme Court justices found that parents challenging the case “failed to clearly show they might be irreparably and personally injured” if the state began funding education savings accounts. 
Though that ruling specifically applied to the injunction, it signaled a promising overall outcome to defendants and their lawyers. 
“This supports our case in district court, which we will continue to diligently pursue,” Degenfelder told WyoFile in May. 
The higher court’s decision questioned two aspects of the district court’s conclusions. The first was the assumption that the Steamboat Act is part of the school finance system. “The Act is separately funded and access to public schools remains available to all school-aged children in Wyoming,” justices wrote. 
Jett Schulte, an upper elementary student at Powder River Prep, prays with his classmates during Bible study. (Dan Cepeda for WyoFile)
The second was the interpretation of the language restricting Wyoming from giving money “to any person, corporation, or community not under the absolute control of the state” except for the necessary support of the poor. In this case, justices wrote, the act appropriates money into an account under the superintendent’s direction — not to an individual or community.
When EdChoice filed a motion for judgment on June 23, its lawyer Fisher said, it did so bolstered by the higher court’s decision.
“We’re basically saying, the Wyoming Supreme Court decided that you were wrong the first time around and there really isn’t any reason to let this case keep going,” Fisher said. “It’s unfortunate, of course, that so many families missed out on getting the education savings account support last school year.”
How to apply 
For students who enrolled in the program for the 2025-26 school year, the application will populate the previous information for confirmation or changes, according to the education department. New applicants can submit here. 
Families can use Steamboat funds for a variety of educational expenses that range from school tuition to tutoring fees, after-school education programs, AP exams and uniforms. 
If court challenges successfully defeat the program, the education department said, “There is no indication that participating parents or schools would be held personally liable for repayment of properly disbursed funds.”
While the WEA respects the court’s decision, President Amen said, allowing taxpayer funds to be spent on private schools is concerning. “Public dollars belong in public schools, where more than 95% of Wyoming students are educated,” she said.
The post Wyoming opens school-choice vouchers to new applicants as court challenge lingers appeared first on WyoFile .",https://wyofile.com/wp-content/uploads/031626-PowderRiverPrepSchool015-300x206.jpg,,,2026-07-06 06:59:49.192018
,WyoFile,2026-07-06 10:20:00+00:00,WyoFile,Then I breathed freely: A fight for women’s suffrage in Wyoming,by WyoHistory.org,,,,,https://wyofile.com/state-of-equality-then-i-breathed-freely-a-fight-for-womens-suffrage-in-wyoming/,"

Not everyone in Wyoming supported equal rights when it came time for women to vote. Still, Wyoming Territory was the first known place where Black women cast a ballot, writes the WyoHistory.org team.
The post Then I breathed freely: A fight for women’s suffrage in Wyoming appeared first on WyoFile .","On the morning of Sept. 6, 1870, a group of Black women employed as servants at a hotel in Wyoming Territory got into a carriage and rode to the polls. The crowd at the polling place parted quietly as they approached. They voted and returned to the carriage. No one said a word.
John Kingman, a justice on Wyoming Territory’s first Supreme Court, who witnessed the scene, described his relief afterward. “Then I breathed freely,” he wrote. “I knew all was safe.” 
What had just happened was, as far as historians can determine, a first in American history. The Black women who voted in Wyoming Territory on that September day were almost certainly the first Black women in the United States ever to cast a ballot.
Most of Wyoming’s Black women worked as housekeepers, domestic servants and laundresses, according to the 1870 census, the same census that recorded the women who would vote that September. (Wyoming State Archives)
Wyoming had passed the world’s first women’s suffrage law the previous December. Gov. John Campbell signed it on Dec. 10, 1869, making the territory the first government anywhere to recognize full woman suffrage. Utah followed in February 1870, and women there voted before Wyoming’s first election was held. But as far as is known, no Black women voted in Utah’s 1870 elections. And the other region where Black women may have voted that year, South Carolina, held its elections in October and November, after Wyoming’s September election.
None of this happened without a fight. During the 1869 territorial legislative session, Rep. Benjamin Sheeks tried to kill the suffrage bill by proposing an amendment — using a now-offensive term for Indigenous women — to enfranchise “all colored women and squaws,” apparently believing that the prospect of women of color voting would be enough to doom the measure. He was wrong. His amendment was rejected, and the bill that passed unambiguously enfranchised all women citizens, regardless of race.
It is worth pausing on that phrase: all women citizens. Wyoming’s suffrage law did not extend to Indigenous women, who were not considered American citizens until passage of the Indian Citizenship Act in 1924. The achievement of 1870 was real and significant, but it was incomplete.
The 1870 federal census, taken three months before the September election, recorded 30 Black or mixed-race women above age 21 living in Wyoming Territory, with three more who may have turned 21 by election day. Of those women, 23 had been born in states where slavery was legal before the Civil War. Most were probably born into slavery. They had come west looking for what historian Tricia Martineau Wagner describes as “economic independence and professional opportunities.” Most worked as housekeepers, laundresses and domestic servants. Several lived with their families in households that owned property and ran businesses.
One of them was Lucinda “Lucy” Phillips of Cheyenne, who had arrived on the first train into the city in 1867 and had been born into slavery in Kentucky. We do not know for certain that Phillips voted in 1870, but she was unafraid to use the franchise in later years. In 1885, when a white resident of Granite Canyon — a railroad stop west of Cheyenne — petitioned the school board to segregate the city’s schools, Phillips and other Black women wrote to the Cheyenne Sun in protest. They demanded to know who the petitioners were, warning that anyone who supported segregation would face their “political death-warrant” when Black voters went to the polls. The Sun recommended the segregation proposal be thrown in the wastebasket. It was. When Phillips died in 1910 at the age of 106, newspapers across Wyoming ran her obituary.


On April 27, 1909, the Wyoming Semi-Weekly Tribune published an article about Lucy Phillips and this image of her to commemorate her 105th birthday. 


One of several death notices published statewide for Phillips, this one in the [Evanston] Wyoming Press on May 14, 1910.


The officials who oversaw the 1870 election understood what was at stake. Kingman and territorial secretary Edward Lee were both Radical Republicans and Union Army veterans who had served as brigadier generals, men accustomed to using federal authority to protect rights under threat. So had territorial governor Campbell. All three men supported equal rights, and all three knew that not everyone in Wyoming did. A year earlier, at South Pass City, armed men had threatened to keep Black men from voting. A U.S. Marshal had to escort them to the polls at gunpoint.
So, in 1870, when it was time for Black women to vote for the first time, officials made sure they could. Beyond the scene Kingman witnessed, territorial secretary Lee recorded that a deputy U.S. Marshal personally escorted two Black women to the polls. Lee called it a “remarkable coalition,” invoking scripture: “the lion and the lamb shall lie down together.”
Wyoming celebrates its suffrage history with justifiable pride. The full story, including who was there and what it cost them to show up, is worth knowing too.
This column is adapted from Jennifer Helton’s article “Then I Breathed Freely: Black Women Vote in Wyoming, 1870,” at WyoHistory.org.
Related Articles:Right Choice, Wrong Reasons: Wyoming Women Win the Right to Vote Women on the Jury: Wyoming Makes History Again Who Cast the First Vote? Who was Lucretia Marchbanks? From Slavery to Ranch Life in the Black Hills Liz Byrd, First Black Woman in Wyoming’s Legislature
The post Then I breathed freely: A fight for women’s suffrage in Wyoming appeared first on WyoFile .",https://wyofile.com/wp-content/uploads/070626-wyohistory-op-ed-lead-250th-300x200.jpg,,,2026-07-06 06:59:49.192018
,Idaho Capital Sun,2026-07-06 10:15:30+00:00,Idaho Capital Sun,Expanded SNAP work requirements now in effect in Idaho,Laura Guido,,,,,https://idahocapitalsun.com/briefs/expanded-snap-work-requirements-now-in-effect-in-idaho/,"More Idahoans who receive federal food assistance may now be subject to work requirements under changes implemented this spring.  The federal “big beautiful” law passed last July expanded who would need to comply with work requirements to receive assistance from the Supplemental Nutrition Assistance Program, or SNAP. Idaho implemented the new requirements in[...]","A “SNAP welcomed here” sign is seen at the entrance to a Big Lots store in Portland, Oregon. (Getty Images)More Idahoans who receive federal food assistance may now be subject to work requirements under changes implemented this spring. 
The federal “big beautiful” law passed last July expanded who would need to comply with work requirements to receive assistance from the Supplemental Nutrition Assistance Program, or SNAP. Idaho implemented the new requirements in April.
New work rules could deny food stamps to thousands of veterans

The expanded requirements could affect many veterans, people experiencing homelessness, parents of teenagers, and young people aging out of foster care in the program. 
A spokesman for the Idaho Department of Health and Welfare, which administers the program, said the changed requirements “went into effect as planned.” 
IDHW spokesman AJ McWhorter said the agency doesn’t track people who are dropped from the program because they lose eligibility. 
“So far, we haven’t seen anything unusual in our eligibility numbers,” he said in a June 11 email. 
As of June 15, there are about 123,000 Idahoans receiving SNAP benefits, according to the Department of Health and Welfare.
Last June, there were 133,382 people using SNAP, according to a 2025 report from the agency. In January, there were 124,714 SNAP recipients, the Idaho Capital Sun previously reported. 
SUBSCRIBE: GET THE MORNING HEADLINES DELIVERED TO YOUR INBOX.
 How did the SNAP work requirements change? 

To receive benefits for more than three months, most able-bodied SNAP recipients must work or volunteer at least 80 hours a month, participate in a work program at least 80 hours a month, participate in a combination of work and work program for a total of at least 80 hours a month, or participate in public “workfare” for assigned number of hours a month.
The expanded requirements implemented in April removed or narrowed the previous exemptions from this time limit. These changes include: 

Removed of exemptions for veterans, those experiencing homelessness and youth aging out of foster care
Narrowed exception for parents with responsibility of children under 18 years old, to those of children under age 14
Increases of the upper age limit for the exception from 54 to 64 years old

The law also added time-limit exemptions for Native Americans, Alaska Natives and tribal members.
SUPPORT: YOU MAKE OUR WORK POSSIBLE",https://idahocapitalsun.com/wp-content/uploads/2025/10/gettyimages-1287472642-2048x1365-1-1024x6831746533271-11761149882.jpg,,,2026-07-06 06:59:49.192018
,Tennessee Lookout,2026-07-06 10:02:38+00:00,Tennessee Lookout,"Dixie, Copeland square off in Democratic primary for redrawn 7th District",Sam Stockard,,,,,https://tennesseelookout.com/2026/07/06/dixie-copeland-square-off-in-democratic-primary-for-redrawn-7th-district/,"In a race to capture the newly-drawn 7th Congressional District seat in Tennessee, state Rep. Vincent Dixie and businessman Darden Copeland are taking slightly different strategies in the Democratic primary with the ultimate goal of unseating the Republican incumbent. Dixie, who represents House District 54 in northern Davidson County, and Copeland, a former[...]","Rep. Vincent Dixie and Darden Copeland, both of Nashville, are key candidates in the Democratic primary for the 7th Congressional District. (Photos: John Partipilo/Tennessee Lookout)In a race to capture the newly-drawn 7th Congressional District seat in Tennessee, state Rep. Vincent Dixie and businessman Darden Copeland are taking slightly different strategies in the Democratic primary with the ultimate goal of unseating the Republican incumbent.
Dixie, who represents House District 54 in northern Davidson County, and Copeland, a former political operative who owns Calvert Street Group public affairs firm, started running after the Tennessee legislature voted to redraw congressional districts, at President Donald Trump’s request, on the heels of a U.S. Supreme Court decision that gutted a provision of the 1965 Voting Rights Act that protected majority-minority districts.
Dixie, a bail bondsman and the first Black lawmaker to become chairman of the House Democratic Caucus, said recent gerrymandering movies affecting Memphis and Nashville not only diluted Black voters with rural Republicans but “eliminated the Democratic voice,” which makes up about 40% of the state’s vote.

SUBSCRIBE: GET THE MORNING HEADLINES DELIVERED TO YOUR INBOX. 
Rolling back the Voting Rights Act, which provided opportunity to his grandmother and mother to vote, undercuts democracy, he said. 
Dixie contends that’s the main difference between him and Copeland.
“It’s the passion of the fight. My fight is personal, because I have to fight like my life depends on it,” Dixie said.
In contrast, Copeland said he’s running with Dixie, not against him, in the effort to oust Republican U.S. Rep. Matt Van Epps of Clarksville.
Both candidates wound up in a virtual tie last year in a special election to replace Republican Rep. Mark Green but lost to Democratic state Rep. Aftyn Behn in the primary. Copeland picked up 24.8% of the vote, followed by Rep. Bo Mitchell with 24% and Dixie with 23.2%.
Behn then lost to Van Epps by 9 percentage points, in what her campaign considered a strong showing after previous Democratic losses by 20-plus points.
The primary is set for Aug. 6 with early voting starting on July 17.
Other Democratic candidates are Saletta Holloway, a former Metro Nashville Council member and Meharry Medical College executive, and Joshua Warren Sales, a teacher and Army veteran from Pegram.
Saletta Holloway, a former Nashville Metro Council member and Meharry Medical College executive, is running for the Democratic nomination in Tennessee’s 7th Congressional District. (Photo: HollowayForTN.com)
Holloway, who served two terms on the council from 1995 to 2003, said on her website she would draw on experience in healthcare leadership to expand affordable care for families, in addition to ensuring veterans and their families receive the benefits they’ve earned, supporting small businesses and advocating for infrastructure and economic investment in rural areas.
Sales said on his site that “Life ain’t fair. But it’s not supposed to be rigged.” He claims he would “un-rig a system written by people who never have to live with the consequences.” Primarily, he targets billionaires in his statements and would sponsor “fully-funded” each month in his first year in office, dealing with everything from universal healthcare and affordable housing to Social Security and tax fairness.
Sales said he would accept no corporate political action committee money and hold 50 town halls in the district’s eight counties.
Copeland, who ran multiple TV ads and mailers last fall, said he is saving his money for the general election and will consider it a loss even if he falls one vote short of victory in November. 
“Van Epps may very well be a good man, but he will never be his own man,” Copeland said. “He’s pledged blind allegiance to Trump and Speaker (Mike) Johnson.”
If the House speaker says Congress is going to cut Social Security, Van Epps will vote for it, Copeland said. And when Trump said he didn’t need congressional approval to enter a war, Van Epps agreed, he said.
Copeland, who touts working-class roots on his website, believes voters are “going to sour” on someone who’s following orders rather than looking out for District 7.
Joshua Sales (Photo Sales4congress.com)
Weighing the new 7th District
The legislature reconfigured the 7th Congressional District in a May special session called by Gov. Bill Lee, putting in western and northern Davidson County, most of Sumner County, Cheatham, Dickson, most of Montgomery, Robertson, Trousdale and Macon counties, and dropping six rural counties west of Davidson.
Dixie said he’s finding out Sumner County has been largely forgotten as he campaigns. With a larger slate of Democratic candidates on local ballots this year, he contends those voters are “ready to come out from hiding.” 
“I just think people are tired of what’s going on in this country right now, and people are tired of waking up and not knowing what embarrassment we’re going to have to face that day because of the leadership,” he said.
Dixie touts his ability to make things happen in a Republican supermajority while also butting heads with GOP leaders. He passed the Science English and Mathematics Advanced Course Work Act, enabling more Black students to enroll in tougher courses. He failed to enact legislation to increase the use of glucose monitoring devices but worked with TennCare to change its policy, which is allowing more people on the state’s Medicaid program to use the devices to control diabetes.



Quotation







(U.S. Rep. Matt) Van Epps may very well be a good man, but he will never be his own man,” Copeland said. “He’s pledged blind allegiance to Trump and Speaker (Mike) Johnson.


– Darden Copeland


Dixie said one of the keys to winning the election will be to push voters between 18 and 25 to go to the polls. 
Persuading Republicans to flip to a Democrat and increasing Democratic voter turnout will be critical.
Copeland, though, said he believes he needs to improve in Davidson County, after making a strong showing in Montgomery, Cheatham, Robertson and Dickson counties last year in a concerted effort to “win everywhere.”
Neither candidate would say how much they’ve raised and spent. The reporting deadline was Tuesday.
Copeland raised $588,000 last year, including a $100,000 loan, and spent $495,600. Dixie brought in nearly $178,400, with a $3,500 loan, and spent $177,162. 
SUPPORT: YOU MAKE OUR WORK POSSIBLE",https://tennesseelookout.com/wp-content/uploads/2026/07/Dixie-Copeland-1024x768.jpg,,,2026-07-06 06:59:49.192018
,Alabama Reflector,2026-07-06 10:01:44+00:00,Alabama Reflector,Spending in Alabama primary elections exceeds $40 million,Andrea Tinker,,,,,https://alabamareflector.com/2026/07/06/spending-in-alabama-primary-elections-exceeds-40-million/,"Alabama politicians spent over $40 million during the 2026 primary and primary runoffs for state and federal offices.  Richard Fording, a political science professor at The University of Alabama, said in an interview Wednesday the spending during this election cycle could be tied to a national shift against the Republican Party. “I think what we […]","Two people enter a polling place at Messiah Lutheran Church in Montgomery, Alabama on May 19, 2026. Candidates running for federal and statewide offices spent over $40 million in the lead-ups to the May and June primary elections. (Anna Barrett/Alabama Reflector) 


Key points

Politicians in Alabama spent $40.6 million in the May primary and June primary runoff for state and federal offices with the most expensive race being the Alabama Attorney General.
Just because a candidate spent more money than their opponent did not guarantee the election would go in that candidate’s favor.
An expert thinks the large amount of money spent during the primary and primary runoff can be linked to disapproval with the current administration and a competitive slate of candidates from the Democratic Party.




Alabama politicians spent over $40 million during the 2026 primary and primary runoffs for state and federal offices. 
Richard Fording, a political science professor at The University of Alabama, said in an interview Wednesday the spending during this election cycle could be tied to a national shift against the Republican Party.
“I think what we have is a situation where Republicans nationally are very vulnerable, and because of historic low approval rates of President (Donald) Trump, and so that always affects midterm elections, and there are a number of indicators in other states that this is going to be a very bad midterm for Republicans,” he said.
According to a June poll by the Associated Press, 37% of Americans approve of Trump. That’s down three percentage points from when AP conducted the poll during his first term. 
Fording said the surge in Democratic turnout and a more competitive slate of Democratic Party candidates have led to a more competitive election cycle.
“We’re not going to see Democrats win a bunch of seats in Alabama, but I think there’s a chance, and especially with the governor’s race, I think there’s, there’s a chance,” Fording said. “When you have a more competitive environment like we do now, right at this moment in Alabama, more competitive than it’s been in years, you do get more candidates running as well, and so that will certainly bring more money into the process.”

Federal offices

Republican Senate candidates spent a total of $7.2 million on the race through July 1.
In the U.S. Senate race, U.S. Rep. Barry Moore, R-Enterprise, led all candidates in spending at $2.6 million, according to his campaign filings with the Federal Elections Commission. Moore raised $3 million. 
Republican ballot numbers drop, Democratic ballot numbers increase as voter turnout declines

Rodney Walker, a candidate for U.S. Senate who did not advance to the runoff, raised and spent $2 million for his campaign.
Jared Hudson, the runner-up in the Senate race, spent $1.2 million of the $1.7 million he raised, according to campaign finance reports.
Moore defeated Hudson in the June 16 primary runoff and will face Democratic nominee Everett Wess in November. Wess spent $75,200 in his campaign and has raised $73,800.
Candidates in Alabama’s 3rd, 4th and 5th Congressional districts spent a total of $3.4 million, with the 2nd Congressional District being the most expensive at $1.2 million.
In Alabama’s 3rd Congressional District, Rep. Mike Rogers, R-Saks, spent $1.2 million and raised $1.8 million in the May primary. Rogers will face Lee McInnis, the Democratic nominee who has spent just over $14,000 for his campaign, in November.
U.S. Rep. Robert Aderholt, R-Haleyville, has spent $1 million in his campaign for Alabama’s 4th Congressional District. Aderholt will face Democratic nominee Amanda Pusczek in November. Pusczek has spent $12,300 while campaigning.
Candidates in Alabama’s 5th Congressional District spent the least amount of money while campaigning. U.S. Rep. Dale Strong, R-Huntsville, spent $641,500. Strong will face Democratic nominee Andrew Sneed in the November election. Sneed has spent $341,200 during the May and June elections.
Spending calculations in Alabama’s 1st, 2nd, 6th and 7th races are uncertain due to changed boundaries stemming from the Alabama Legislature’s special session in May. Special primary elections in those congressional districts will be held on Aug. 11. 

State offices

Candidates in races for statewide office spent a total of $30 million through July 2, with the attorney general race being the most expensive at $10.8 million.
Republican gubernatorial nominee Tommy Tuberville and Democratic gubernatorial nominee Doug Jones outraised and outspent all other candidates. Campaign finances show that Tuberville raised $13.2 million and spent $3.9 million, while Jones raised $2.5 million and spent $1.3 million. Jones and Tuberville will face each other in the November general election.
Spending in the Alabama lieutenant governor race topped $6.5 million. Alabama Secretary of State Wes Allen raised $2.6 million and spent $2.7 million to former Alabama Republican Party Chair John Wahl’s $3 million in contributions and $2.5 million spent on his campaign.
Wahl bested Allen in the lieutenant governor runoff and will face Democratic nominee Phillip Ensler in the general election. Ensler has spent $141,000 during the election cycle.
Doug Jones, Tommy Tuberville win gubernatorial nominations, setting up 2020 rematch

Republicans Katherine Robertson and Jay Mitchell spent millions of dollars in their respective attorney general campaigns. Robertson spent $5.8 million and Mitchell spent $4.6 million of the money he raised for the May and June elections.
Robertson defeated Mitchell and will face Democratic nominee Jeff McLaughlin in November. McLaughlin had not reported any campaign filings as of Wednesday afternoon.
Derek Chen, a candidate for state auditor, and Christina Woerner McInnis, a candidate for commissioner of agriculture and industries, both lost their races despite spending over $1 million on their campaigns. 
Andrew Sorrell, who beat Chen in the state auditor election in May, raised $232,600. He will face Democratic nominee Violet Edwards in November. No other Democratic candidate qualified for the race.
In the commissioner of agriculture and industries race, Corey Hill, the winner of the June runoff, spent $527,800. He will face Democratic nominee Ron Sparks in the November election. No other Democratic candidate qualified for the race.
In the Public Service Commission races, both incumbents lost to Republican primary opponents. Incumbent Public Service Commissioner Chip Beeker, serving in Place 2 on the commission, spent over $568,000 but lost in the runoff to former State Auditor Jim Zeigler, who spent over $152,000 in his campaign.
Cullman County Sheriff Matt Gentry, who defeated Place 1 Public Service Commissioner Jeremy Oden, spent $660,900 on his campaign. Oden spent $416,400 and raised $767,900.
Gentry and Zeigler will face Democratic nominees James Gordon and Sheila McNeil in the November election. 
Gordon spent $24,000 in the PSC Place 1 race, outspending his opponent Jeff Ramsey, who only spent $314. McNeil spent $4,400 in the PSC Place 2 race and was the only Democrat to qualify for that race.
Republican Caroleene Dobson, who won the GOP nomination for secretary of state in the May 19 primary, spent $586,700 on the campaign trail and will face Democratic nominee Wayne Rogers, who has only spent $16,200 in this year’s election cycle in November.
Dobson spent more than her opponents Christopher Horn and Glenda Jackson. Jackson spent $2,200. Horn did not have any filings as of Tuesday. Rogers was the only Democratic candidate to qualify for the race.
Alabama State Treasurer Young Boozer spent $715,000 during his campaign while Steve Lolley, the other Republican candidate in the treasurer race, spent $68,600. 
Boozer will face Rosilyn Houston, the Democratic nominee, who has spent almost $1,300 on the campaign trail in the general election. Houston was the only Democratic candidate on the ballot.
The key points box was written by Andrea Tinker.",https://alabamareflector.com/wp-content/uploads/2026/05/Voters-May-19-2026-1024x682.jpg,,,2026-07-06 06:59:49.192018
,Honolulu Civil Beat,2026-07-06 10:01:00+00:00,Honolulu Civil Beat,Court Clears The Way For $81M Affordable Rental Project In Kona,"""Kevin Dayton""",,,,,https://civilbeat.org/2026/07/court-clears-the-way-for-81m-affordable-rental-project-in-kona/,The Honuaʻula project was delayed for years by a Big Island affordable housing scandal and then by a dispute with a neighboring land owner. ,The Honuaʻula project was delayed for years by a Big Island affordable housing scandal and then by a dispute with a neighboring land owner.,,,,2026-07-06 06:59:49.192018
,Honolulu Civil Beat,2026-07-06 10:01:00+00:00,Honolulu Civil Beat,"Chinatown, Sewers And Public Safety: State House District 28 Candidate Q&As","""Matthew Leonard""",,,,,https://civilbeat.org/2026/07/chinatown-sewers-and-public-safety-state-house-district-28-candidate-qas/,Five Democrats are on the primary election ballot to represent urban and industrial Honolulu neighborhoods. ,Five Democrats are on the primary election ballot to represent urban and industrial Honolulu neighborhoods.,,,,2026-07-06 06:59:49.192018
,Honolulu Civil Beat,2026-07-06 10:01:00+00:00,Honolulu Civil Beat,"Transportation Barriers Block The Route To Opportunities For Many On Oʻahu, Study Finds","""Hikari Mae Hida"",""Jeremy Hay""",,,,,https://civilbeat.org/2026/07/transportation-barriers-block-the-route-to-opportunities-for-many-on-o%ca%bbahu-study-finds/,"On the same day a study was released calling for more accessible public transportation, fares for TheBus were hiked.","On the same day a study was released calling for more accessible public transportation, fares for TheBus were hiked.",,,,2026-07-06 06:59:49.192018
,Honolulu Civil Beat,2026-07-06 10:01:00+00:00,Honolulu Civil Beat,A New Era for West Kaua‘i’s Agriculture?,"""Noelle Fujii-Oride""",,,,,https://civilbeat.org/2026/07/a-new-era-for-west-kauais-agriculture/,"After decades of being dominated by large seed operations, the state Agribusiness Development Corp.’s Kekaha lands are slowly moving towards increased local food production.","After decades of being dominated by large seed operations, the state Agribusiness Development Corp.’s Kekaha lands are slowly moving towards increased local food production.",,,,2026-07-06 06:59:49.192018
,Honolulu Civil Beat,2026-07-06 10:01:00+00:00,Honolulu Civil Beat,Word Flower: July 6,"""The Civil Beat Staff""",,,,,https://civilbeat.org/2026/07/word-flower-july-6/,Start your week with our word game that has you scrambling to find dozens of words.,Start your week with our word game that has you scrambling to find dozens of words.,,,,2026-07-06 06:59:49.192018
,Honolulu Civil Beat,2026-07-06 10:01:00+00:00,Honolulu Civil Beat,Wespac Stacks Seats With Fishing Industry Players As Marine Protections Erode,"""Marcel Honoré""",,,,,https://civilbeat.org/2026/07/wespac-stacks-seats-with-fishing-industry-players-as-marine-protections-erode/,The Hawai‘i Longline Association's Eric Kingma and Roger Dang will join the fisheries management council next month. ,The Hawai‘i Longline Association's Eric Kingma and Roger Dang will join the fisheries management council next month.,,,,2026-07-06 06:59:49.192018
,Honolulu Civil Beat,2026-07-06 10:01:00+00:00,Honolulu Civil Beat,Please Vote. Because Every Vote Really Does Count,"""Inette Miller""",,,,,https://civilbeat.org/2026/07/please-vote-because-every-vote-really-does-count/,"Even when the ballot choices are less than stellar, it's a duty to select our next leaders.","Even when the ballot choices are less than stellar, it's a duty to select our next leaders.",,,,2026-07-06 06:59:49.192018
,Colorado Newsline,2026-07-06 10:00:51+00:00,Colorado Newsline,Colorado prepares overhaul of semiautomatic gun sales,Sara Wilson,,,,,https://coloradonewsline.com/2026/07/06/colorado-overhaul-semiautomatic-gun-sales/,"In one of the largest shifts to gun purchasing laws in Colorado, residents who want to buy some of the most popular types of semiautomatic firearms will soon need to complete training through a new permit-to-purchase program. State officials say they are nearly ready to implement the new law. Starting Aug. 1, people will need […]","Firearms for sale are displayed at the Centennial Gun Club in Centennial on June 12, 2026. (Photo by Sara Wilson/Colorado Newsline)In one of the largest shifts to gun purchasing laws in Colorado, residents who want to buy some of the most popular types of semiautomatic firearms will soon need to complete training through a new permit-to-purchase program.
State officials say they are nearly ready to implement the new law. Starting Aug. 1, people will need to undergo a multi-step process to buy many semiautomatic firearms that accept magazines — ​​such as AR- and AK-style rifles and pistols. It will include an eligibility review by a county sheriff, lengthy safety training with a firearm instructor and a written exam. Today someone can walk into a gun shop and buy the guns covered by the law without any training.
It is a massive overhaul of how Coloradans purchase common firearms with few similarities elsewhere. Seven states currently have safety training requirements to buy or own some types of guns, according to a 2025 report from Johns Hopkins University.
“We looked at other other states and some of the laws that they had,” said Dan Coil, Colorado Parks and Wildlife firearms safety project manager. “Some of it was kind of parallel, but nothing really mirrored it. We were really on our own for this.”
SUBSCRIBE: GET THE MORNING HEADLINES DELIVERED TO YOUR INBOX.
Democrats in the Legislature passed Senate Bill 25-3 last year as one of the most restrictive gun regulations adopted in the state, following years of new laws regarding waiting periods, age restrictions and state licensing requirements for gun shops. It was introduced as an outright ban on semiautomatic firearms with detachable magazines to further enforce the state’s prohibition on large-capacity magazines. But it was amended to allow people to purchase those guns if they complete the permit-to-purchase process. If someone does not undergo the training and testing, they could buy a gun covered by the law if it has a permanently attached magazine that meets the state’s 15-round maximum, though that style of gun is less common. The law does not affect possession.
It also bans so-called rapid-fire trigger devices that can make a semiautomatic weapon fire at a rate similar to an automatic gun.
Coloradans will need to pass safety training course to buy most semiautomatic guns

After Gov. Jared Polis signed the law, the implementation process was kicked down to state agencies. Much of the planning fell on CPW, which worked with other state industries, firearm instructors and gun store owners to map out the customer process and develop the safety course curriculum. Coil said the department started planning in November — when everything went into “fast forward”— and is set to launch the program when the law goes into effect.
“I’m cautiously optimistic, though, because there’s always going to be issues. Something will come up, I just don’t know what,” he said.
Coil has spent most of this year on a public information blitz about the new law, hosting over a dozen meetings across the state outlining the requirements and speaking in person at any firearm store or shooting association that asks. He believes face-to-face interactions can be more effective.
“The biggest struggle is getting the correct information out there,” he said. “I need to be able to get out there and answer questions, talk to people about their concerns, about what this is and what this isn’t. We’re trying to reach all avenues we can.”
A lot of his work, he said, is combating persistent misinformation about the law, such as that CPW helped develop the list of guns affected, that it is an outright ban or that people will need to go through the permitting process to buy ammunition. That misinformation can be compounded by the highly political nature of gun regulations and the intense pushback it faced while it moved through the Legislature. The law is the subject of ongoing litigation.
“Whether you like this or not, it doesn’t matter, but the truth of it is that it’s a process before acquiring them. It’s not an outright ban. That’s just not true,” he said.
The new process
The Firearms Dealer Division within the state’s Department of Revenue on July 1 released a list of guns that fall under the law. After feedback on a draft list the agency released in May, it removed 33 firearms from the initial list. That includes the Mauser M1916 model and the Fix Series from Q Firearms, both bolt-action rifles. It also took out the Ruger 10/22 I-Tac Series, which had a “????” note on the May draft.
“The Division also recognizes that the Specified Semiautomatic Firearms Guidance provided in this document is not all-inclusive of firearms currently available, or that will be available in the future. As a result, the guidance document will be reviewed on an ongoing basis,” the division wrote in a letter to the firearms industry.
Prospective buyers will first need to submit an online application, which will go live on CPW’s website July 20. That application heads to the buyer’s local sheriff’s office, but CPW advises checking with the sheriff to ensure they are accepting and processing applications. San Miguel County Sheriff Dan Covault wrote in an email that his office is planning to process only county residents’ applications, since they will have “institutional knowledge of the people applying,” which will help maintain accountability.



Quotation







Whether you like this or not, it doesn't matter, but the truth of it is that it's a process before acquiring (regulated guns). It's not an outright ban. That's just not true.


– Dan Coil, Colorado Parks and Wildlife firearms safety project manager, on the new gun purchasing law


During a March CPW Commission meeting, Rio Blanco County Sheriff’s Office Operational Officer Jeremy Muxlow warned that the administrative responsibility of reviewing background checks, going through applications and verifying approved training courses could become a problem for small offices.
“For a large urban agency with massive staff, maybe that’s manageable. For small rural sheriff’s offices, such as ours, covering thousands of square miles with limited deputies, it’s a serious burden,” he told commissioners. “Policies created in rooms like this will eventually become the problems sheriff deputies have to deal with.”
At the sheriff’s office, a buyer will need to provide a name-based background check and identification card for that application to get processed. The sheriff will collect a $52 fee for CPW and any additional fee for administrative costs, depending on the county. Weld County, for example, decided not to impose a sheriff’s fee, while Adams County plans to charge $50 for county residents and $100 for people outside the county.
“Our demand is probably going to go be pretty high, but we don’t know what that looks like, if it’s going to be a couple weeks (after Aug. 1), six months, or if it’s going to be in flux since these cards are good for five years,” Adams County Sgt. Shea Haney said. “We have no idea, so we’re preparing for a large influx when this happens, and we’re just going to be flexible in that process.”
Sheriff offices will then issue the buyer an eligibility card and enter that information into an online database that different entities can check throughout the process. The database will show whether someone gets an eligibility card and completed a course, and will be accessible by sheriffs, course instructors and firearms dealers. It won’t track or show any purchasing data.
Once someone gets an eligibility card, they can find an approved course. This is where the process splits: people who have taken a hunter education course certified by CPW will be eligible for a four-hour, basic firearm safety course. People without that hunter education will need to enroll in a 12-hour extended course. The law requires the extended class be taught over at least two days.
Hunter education numbers have remained relatively steady since the law passed and there hasn’t been a rush to complete that training to avoid the extended class. So far this year, 7,019 people passed hunter education, according to CPW numbers. During the same time frame in 2024 and 2025, 7,941 and 6,732 people passed, respectively.
Unpredictable demand
CPW relied on an advisory panel of firearm instructors to develop those courses, and those instructors said a lot of the work was fitting aspects of existing classes into one big curriculum.
“We’re not reinventing the wheel,” said panelist John Pashain, a Fort Collins instructor and owner of 7 Hills Security. “It is your basic safety knowledge for firearms and firearm handling. It follows many of the courses that are already out there.”
The law specifies that the course must cover safe handling of semiautomatic firearms and ammunition, safe storage, child safety, firearm deaths associated with mental illness, extreme risk protection orders and victim awareness.
“We all agreed that we needed to leave it open, that no matter who was going to teach this, we’re teaching the same underlying principles and concepts, but it allows freedom for the instructor to teach it in their own way,” said Cindy Coker, an instructor at Lakewood’s Bristlecone Shooting on the panel.
Students will need to pass a hands-on practical and written exam with at least a 90% score to become eligible to purchase a semiautomatic firearm. Eligibility will last five years.



Quotation







I've been told that I'm a Nazi, that I'm a jack-booted thug, that I'm assisting CPW in taking away gun rights of people, and that is the furthest from the truth ... A bill was passed. It will be law.


– John Pashain, a Fort Collins firearms instructor and owner of 7 Hills Security


Pashain said that when he speaks with local gun stores and other instructors, they can’t predict demand for the courses and what enrollment could look like, and they won’t know until sheriff offices begin issuing eligibility cards. That makes scheduling tough.
“I’m hearing from some people that they’ll never take it, hearing from people that they’re going to take it as soon as possible. Everything right now is speculation,” he said.
As the owner of a firearms academy, Pashain said he also sees his role as providing people with accurate information about the law as it rolls out. He’s helped host two information sessions, but repeatedly hears from people who are not aware of the upcoming changes. He’s also been the target of frustration.
“I’ve been told that I’m a Nazi, that I’m a jack-booted thug, that I’m assisting CPW in taking away gun rights of people, and that is the furthest from the truth,” he said. “A bill was passed. It will be law. If a course needs to be made and they are asking for help, I’m going to do the best that I can to help — without politics, without individual opinions, and simply put out the best product possible.”
Owners of the more than 1,700 licensed gun stores in Colorado are uncertain about how the permitting program will affect their businesses.
“When you look at purchase rates of the guns that are going to be regulated versus your typical handgun and your shotguns and things like that, the guns that are falling onto the list don’t have as high a demand as guns that are not on the list,” Coker said.
There might have been an uptick in gun sales as SB-3 moved through the Legislature, as sometimes happens amid debates on new restrictions. There was an increase in background checks performed by the Colorado Bureau of Investigations for firearm transfers the month the bill was introduced, though that is not a perfect measure of actual gun purchases, does not differentiate which type of gun might have been sold and does not consider a potential buyer’s reason for shopping.
Background checks went from 30,289 in February 2025 to 40,050 in March 2025, when the Legislature passed the bill. The number of background checks per month hovered between 20,000 and around 25,000 for the rest of the year, before shooting up to 28,724 in December 2025, according to CBI statistics. In January and February this year, the only data currently available, there were 24,967 and 25,738 background checks, respectively.
Wayne Price, the president of The Gun Room in Lakewood, said there was a sales bump last April but it didn’t hold. The store’s inventory is mostly consignment and doesn’t fall under the list of restricted guns, but he still worries about the law’s impact and potential dips in sales.
“We are blessed with the type of inventory we have. I have lots of revolvers. I’ll be like, ‘You want to protect yourself? Here’s a revolver,’” he said. “But what’s going to happen on August 1 is that not a single person will be ready (to buy). How long will it take someone to get ready? How long will we go without sales before someone actually is?”
SUPPORT: YOU MAKE OUR WORK POSSIBLE",https://coloradonewsline.com/wp-content/uploads/2026/06/centennial-gun-club-june-12-1024x768.jpg,,,2026-07-06 06:59:49.192018
,North Carolina Newsline,2026-07-06 10:00:30+00:00,NC Newsline,Proposed NC budget would change funding for statewide remote charter schools,Ahmed Jallow,,,,,https://ncnewsline.com/2026/07/06/proposed-nc-budget-would-change-funding-for-statewide-remote-charter-schools/,"As North Carolina expands the number of statewide remote charter schools, lawmakers are proposing to change how those schools receive state funding.  A provision in the proposed state budget would replace a funding method based on the school district where a statewide remote charter school’s administrative office is located with one based on the statewide […[...]","The NC House passed a $34 billion state budget after more than two hours of debate on July 1, 2026. (Photo: Claire Michal/NC Newsline)As North Carolina expands the number of statewide remote charter schools, lawmakers are proposing to change how those schools receive state funding. 
A provision in the proposed state budget would replace a funding method based on the school district where a statewide remote charter school’s administrative office is located with one based on the statewide average. 
The funding change was one of the Department of Public Instruction’s legislative priorities adopted by the State Board of Education earlier this year.
“As statewide virtual charter schools increase in number and in the location of their offices, the variation in funding between different districts may make this issue more salient, which is why DPI and the State Board are proposing this change,” Geoff Coltrane, the Department of Public Instruction’s senior director for legislative affairs and strategy, told NC Newsline in March.
Under current law, statewide remote charter schools receive state funding based on the per-pupil funding in the district where their administrative office is located, even though they enroll students from across North Carolina. The budget would instead use the statewide average funding per student. Funding for students with disabilities and English learners would not change. 
Supporters say a statewide funding method better reflects the fact that the schools serve students from across North Carolina rather than a single community. It also would ensure schools are funded using the same state formula regardless of where they locate their administrative offices. 
The proposal comes as North Carolina expands statewide remote charter schools. For nearly a decade, the state had two statewide virtual charter schools. This year, the Review Board approved four additional statewide remote charter schools. 
North Carolina set to nearly double remote charter academies next year

The expansion drew debate earlier this year as some Review Board members questioned whether the state needed additional statewide remote charter schools, citing concerns about demand and the academic performance of existing virtual schools. 
The original two charter schools have been designated as “continually low-performing” since they began operating a decade ago as pilot programs, though N.C. Virtual Academy exceeded growth expectations in 2023.
Supporters argued they would provide families with more options and better serve students whose needs are not being met in traditional schools. 
The change would take effect beginning with the 2027-28 school year.",https://ncnewsline.com/wp-content/uploads/2026/07/House-Photo-1024x768.jpeg,,,2026-07-06 06:59:49.192018
,West Virginia Watch,2026-07-06 10:00:29+00:00,West Virginia Watch,14K West Virginians have lost food assistance because of Big Beautiful Bill changes,Lori Kersey,,,,,https://westvirginiawatch.com/2026/07/06/15k-west-virginians-have-lost-food-assistance-benefits-because-of-big-beautiful-bill-changes/,"With some exceptions, recipients of the Supplemental Nutrition Assistance Program have been required to do at least 80 hours per month of work, training or volunteering. Under Republicans’ One Big Beautiful Bill Act, the work requirements for SNAP were expanded beginning last fall.","Lilly Hall, 59, of Delbarton, West Virginia, volunteers at Delbarton Town Hall on July 1, 2026, to meet the newly expanded requirements for the Supplemental Nutrition Assistance Program, commonly known as food stamps. (Photo by Lori Kersey/West Virginia Watch)DELBARTON, W.Va. — On 10 days each month, Lilly Hall reports to Delbarton Town Hall for an 8-hour work day, doing whatever town officials ask. On a given day, she organizes files, takes out the trash or keeps the town’s restrooms stocked with toilet paper and paper towels. 
Hall, 59, doesn’t get paid money for her work. She’s doing it to keep getting monthly benefits assistance from the federal food assistance program SNAP, often referred to as food stamps.   
With some exceptions, recipients of the Supplemental Nutrition Assistance Program have been required to do at least 80 hours per month of work, training or volunteering. Under Republicans’ One Big Beautiful Bill Act, the work requirements for SNAP were expanded beginning last fall. 
The law extended the upper age limit for work requirements from 54 to 64. It also removed exceptions for being homeless, a veteran or a former foster care youth under age 25. The state Department of Human Services said late last year the expanded work requirements would affect 36,000 West Virginia residents. 
Proponents of work requirements tout the importance of work and self sufficiency, but Delbarton, with a population of 422 as of 2020, has few job opportunities. Hall has turned to volunteering for the city to meet the SNAP requirements. Her husband was a security guard for a coal company before he was diagnosed with cancer last year. They live with their daughter, 27. The family also receives help from a local food bank.
“I ain’t got no problem with it,” Hall said of meeting the work requirements. “Now, like I said, where it’s going to be this heat wave that we’re in now, I’m hoping I don’t get shoved outside to do anything. If they say ‘outside,’ I’m like ‘nope, I’m going inside to work.’”
Cynthia Kirkhart, the executive director of Facing Hunger Foodbank, which supports a food pantry in Delbarton, said Hall is an example of SNAP recipients trying to do all the right things amid challenges. 
“(SNAP recipients) have been doing all the right things,” she said. “I think there’s a real value in our state, our legislators, really focusing on what this state has available, what the very specific challenges are in our state, and us not trying to fit into a cookie cutter version of other places. 
“Because at a federal administration level, we’re trying to meet those highly touted expectations of getting people back to work: you have to have jobs, you have to have transportation, you have to have childcare,” Kirkhart said. 
While Hall has kept her SNAP benefits, thousands of other people have lost theirs since Trump signed the One Big Beautiful Bill into law in July 2025. As of March, West Virginia’s SNAP enrollment has decreased by more than 14,000 people, dropping from 270,722 in July 2025 to 256,385 in March, according to data compiled by the Center on Budget and Policy Priorities. 
Meanwhile, the state’s unemployment rate averaged 4.2% in July 2025, increased to 4.7% in February, and was 3.6% in May 2026, according to Workforce West Virginia.The unemployment rate accounts for people who are without jobs and actively seeking employment.
The West Virginia Department of Human Services did not respond to West Virginia Watch’s question about the reasons for the decline in SNAP enrollment.
Helen Comer, of Yawkey, in Lincoln County, started SNAP benefits after she quit her job at a bank to care for her ailing parents. She described the caretaking experience as “two and a half years of no sleep.” 
“They were up all the time,” she said. “Dad was up all night. Mom was up all day. Dad had a catheter, so we were (doing) middle-of-the-night hospital runs. Dad kept threatening to run away. When I did sleep, it was like cat naps and complete exhaustion.”
Comer’s mother died in October 2024 and her dad died in April 2025. When SNAP reviewed her case in January, her benefits were decreased to $24 per month because she’s under 65 and not working. Comer was still so exhausted she suspected she may have Lyme disease, but a test came back negative.
She was eventually diagnosed with a blood clot, something she thinks she got from sitting with her dad. 
“They said it was huge, so it was impacting my kidneys,” Comer said. “So all this time I was sick, and I didn’t know it… I just thought it was exhaustion. I mean, no sleep for years.”
In April, when Comer’s SNAP case was picked for quality review, she decided that it wasn’t worth the trouble of going through her bank statements and retirement account information to prove to the state she should keep getting the $24 a month in SNAP benefits. 
Comer, 62, took an early retirement earlier this year. Since her SNAP benefits were discontinued, she’s been living off of credit and selling her belongings. She said she’s fortunate she doesn’t have a lot of expenses.
She said she wanted to share her story about SNAP because the rules don’t leave room for nuances in situations like hers.
“I just felt like they need to know that it’s not black and white, you know?” Comer said. “Just because you’re under 65 and maybe you don’t have a doctor’s note. There are circumstances… It’s just not that simple.”
Delbarton Town Hall in Mingo County, West Virginia, on July 1, 2026. (Photo by Lori Kersey/West Virginia Watch)
State could be made to pay more for SNAP beginning next year
If newly released numbers from the federal government don’t change, West Virginia will be on the hook to pay about $27 million more for SNAP beginning in federal fiscal year 2028, which starts next year. 
Under the One Big Beautiful Bill Act, states with a payment error rate higher than 6% will be required to share the cost of benefits with the federal government beginning Oct. 1, 2027. The higher a state’s payment error rate, the higher a cost share they will be required to pay. States with extremely high payment error rates may delay implementation of the cost share.
West Virginia’s SNAP program had a payment error rate of 6.69% for 2025, according to the Department of Agriculture’s Food and Nutrition Administration. With that number, the state would be required to pay 5% of the cost of food benefits, or about $27 million.
States can choose to base their cost share on the 2025 payment error rate or the 2026 rate, which means the state will not know if it will pay a cost share or how much until the 2026 numbers are released, typically in the summer. 
Payment errors are different from intentional fraud. According to the Department of Agriculture, they’re often unintentional mistakes by recipients or the state agency, like a family not updating their income or the agency miscalculating the family’s income. 
The possibility of the state paying more for SNAP benefits in fiscal year 2028 was largely left out of finance committee meetings during West Virginia’s 2026 regular legislative session. 
Janie Cole, commissioner of the state Bureau for Family Services, told lawmakers during May interim meetings that the state has implemented quality control and education measures to keep the error rate down. The state’s error rate has decreased from 10.98% in 2023 to 9.43% in 2024, she said. 
Earlier this year, the state of West Virginia spent $876,000 on an artificial intelligence program meant to decrease the number of mistake SNAP payments. 
Cole said she expects the state’s error rate to continue to trend downward and be below 6% when the 2026 numbers are released.
“’I’m confident that the things that we have done will get us below (6%). We might, I would say that… it’s going to be teetering, but we’re doing everything we can.”
Ann Moore, a spokesperson for Gov. Patrick Morrisey, told West Virginia Watch that the state projects it is on track to fall below the 6% threshold for 2026.
“We are actively monitoring these figures and continue to implement strategies to ensure accuracy in our SNAP administration,” Moore wrote in an email.
Seth DiStefano, senior policy outreach director at the West Virginia Center on Budget and Policy, said as West Virginia “frantically” tries to decrease its SNAP error rate to avoid paying a cost share, there’s concern it could be denying complex cases, often involving children. 
Since the One Big Beautiful Act was implemented in July 2025, more than 800,000 children have lost their food assistance benefits in the 13 states that have available data, according to the Center and Budget and Policy Priorities. West Virginia is not one of the states that had available data on child SNAP cases, but there’s reason to believe children here are losing their benefits, DiStefano said.
“You’ve got grandparents raising grandkids, you’ve got uncles and aunts raising nieces and nephews,” he said. “Those particular types of cases are more complicated and can generate more errors even if people are perfectly eligible to be on the program. Just denying them outright does not count to your error rate, right? So, there’s a real concern that that’s happening, not just here, but all over the country, in the rush to get the error rate down.”
Concerns about cost share implementation deadline 
DiStefano said it’s unfair that states with higher payment error rates have more time than West Virginia to correct their error rates before having to take on a portion of the cost sharing.
He called on Sen. Shelley Moore Capito, R-W.Va., to use her seniority and Sen. Jim Justice, R-W.Va., to use his influence on the Agriculture committee to give all states equal time to lower their payment error rates. 
“If either one of them wanted to put all states on a level playing field and have this implemented in October of 2029, they could absolutely do it,” DiStefano said. “And they should do it.  I want to make that abundantly clear. That would take some of the pressure off and give states a little bit more time if everybody was just on the same footing.”
A spokesperson for Capito said that: “Reforms included in the Working Families Tax Cuts were designed to promote accountability for states’ significant mismanagement.
“Sen. Capito continues to work with state partners to ensure the states’ error rates decrease so that West Virginians are not held accountable for the states’ mismanagement. Putting all states on the same field could cause West Virginia’s cost-sharing requirement to rise, and West Virginians should not have to offset the poor management of other states,” Capito’s office said. 
Justice’s office did not respond to a request for comment. 
DiStefano said the state doesn’t have much time to lower its SNAP error rate. The 2026 federal fiscal year ends Sept. 30. State lawmakers will have to start planning in January for the fiscal year 2028 budget.
“So they’re really bound by the numbers that the United States Department of Agriculture released (June 24) and there’s not much more time left for West Virginia to continue to drive down their error rates in the fiscal year 2026,” he said. 
And there’s reason to believe that West Virginia’s error rate won’t improve when the 2026 numbers are released, DiStefano said. That number will include the government shutdown in fall 2025. 
“The November 2025 government shutdown is not going to help error rates,” DiStefano said. “While states have been working, West Virginia has been working pretty frantically to get these error rates down. There are some very good reasons to believe that the error rates for fiscal year 2026, once they’re released about this time next year, aren’t going to be any better, and likely could be worse.”
SUPPORT: YOU MAKE OUR WORK POSSIBLE",https://westvirginiawatch.com/wp-content/uploads/2026/07/Lilly-Hall-1024x768.jpg,,,2026-07-06 06:59:49.192018
,Arkansas Advocate,2026-07-06 10:00:25+00:00,Arkansas Advocate,Arkansas has begun a ‘soft launch’ of Medicaid work requirements. What does that mean?,Ainsley Platt,,,,,https://arkansasadvocate.com/2026/07/06/arkansas-has-begun-a-soft-launch-of-medicaid-work-requirements-what-does-that-mean/,"Arkansas last week began checking to see if the hundreds of thousands of people enrolled in its Medicaid expansion program comply with stringent work requirements mandated by a new federal law. The caveat: Those work requirements don’t go into effect until Jan. 1, 2027. Until that date, people who don’t meet them won’t lose their […]","The Arkansas Department of Human Services building on Main Street in downtown Little Rock. (Photo by John Sykes/Arkansas Advocate)Arkansas last week began checking to see if the hundreds of thousands of people enrolled in its Medicaid expansion program comply with stringent work requirements mandated by a new federal law.
The caveat: Those work requirements don’t go into effect until Jan. 1, 2027. Until that date, people who don’t meet them won’t lose their insurance as long as they continue to meet the existing eligibility requirements.


Confused? 
If you received a notice from DHS and have questions about what it means for your Medicaid eligibility, here’s how you can get more information:

Visit your local Medicaid office
Call the Arkansas Department of Human Services’ support line at (855) 372-1084
Fill out this online form



The Arkansas Department of Human Services, which administers the Medicaid program, has called this a “soft launch” of the new work requirements. The requirements, created under last year’s Big Beautiful Bill Act, mandate that recipients of the federal insurance program must complete 80 hours of work, community service, higher education, work programming or a combination of the four each month, unless they meet certain exemption criteria. 
Around 710,000 Arkansas children and adults — nearly 23% of the state’s population — are enrolled in Medicaid as of March, according to preliminary data from the Centers for Medicare and Medicaid. Around 210,000 were enrolled in ARHOME, the state’s Medicaid expansion, in May.
The federal insurance program provides low-cost health insurance to millions of low-income people and people with disabilities nationwide, and Arkansas receives billions of federal dollars each year to fund and administer the program.
The new work requirements will apply for those on Medicaid expansion, which serves low-income Arkansans ages 19-64 who do not have a disability. 
The six-month window will be used to test the department’s “automated process” for verifying eligibility and compliance with the new work requirements and prepare for full implementation.
“The key difference is that penalties will not be in place during the soft launch,” said DHS spokesperson Gavin Lesnick. “Beneficiaries will not lose their coverage based on the new requirements through the end of 2026, though they will still be subject to normal Medicaid eligibility rules.”
Medicaid recipients will be checked to see if they meet the new work requirements during a recipient’s normal coverage renewal. They will receive a notice detailing whether they meet the upcoming work requirements. 
Lesnick said the notice will make clear that the new requirements don’t go into effect until January even if someone is found to not meet the upcoming eligibility requirements.
The automated process will use “wage data, information from other programs we administer like SNAP and TEA, medical claims and diagnosis data, and more,” to determine compliance with the work requirements, Lesnick said, adding that the department was working to “expand the data sources available for this process.”
While the eligibility verification process is automated, Lesnick said it will not use artificial intelligence. Once the new requirements go into force, if the automated process can’t verify an individual’s Medicaid eligibility, the person will have 30 days to provide the information needed to determine their eligibility.
Arkansas’ previous attempt at implementing work requirements in 2018 resulted in more than 18,000 people losing their health insurance before a federal judge blocked the changes. DHS estimates far more — nearly 20% of those ARHOME currently covers, or 42,000 people — will lose health coverage after the new requirements go into effect.
Republicans in support of the work requirements say they’re needed to reduce dependence on government safety net programs by those who are capable of working. 
Opponents say the new rules will result in millions losing their coverage across the country at a time when ballooning healthcare and insurance costs are already hurting Americans’ wallets. Critics have also pointed to the confusion and red tape that enrollees faced under Arkansas’ previous work requirement.
A May 2025 fact sheet from the Kaiser Family Foundation shows that most Arkansans on Medicaid — including those covered by traditional Medicaid — already work.",https://arkansasadvocate.com/wp-content/uploads/2022/10/DHS-2-JCSR0100-1024x682.jpg,,,2026-07-06 06:59:49.192018
,Michigan Advance,2026-07-06 10:00:11+00:00,Michigan Advance,Michigan Data Centers: The Weekly Download,Kyle Davidson,,,,,https://michiganadvance.com/2026/07/06/michigan-data-centers-the-weekly-download-3-2-2/,"A 12-month data center moratorium in Texas Township is set to take effect on July 5, MLive’s Aya Miller reports. The Kalamazoo County community joins neighboring Portage and Oshtemo Township in putting a pause on data center development, with the Texas Township Planning Commission expecting to use the period to evaluate the facilities’ impacts on […]","States Newsroom graphic illustration New Developments 


A 12-month data center moratorium in Texas Township is set to take effect on July 5, MLive’s Aya Miller reports. The Kalamazoo County community joins neighboring Portage and Oshtemo Township in putting a pause on data center development, with the Texas Township Planning Commission expecting to use the period to evaluate the facilities’ impacts on farmland preservation, rural zoning, infrastructure capacity and other concerns such as noise and light pollution.


Updates

Oakland University’s Board of Trustees voted to move a data center project to the due diligence phase, which will include an environmental study near Lot 37, WXYZ’s Simon Shaykhet reports. University officials say the developer, Fairmount Properties, would be responsible for the construction and rental of the facility.

News of Note

William Lawrence, a political organizer and candidate for Michigan’s 7th Congressional District, released his first campaign ad last week, featuring Lawrence at the site of a proposed data center in Mason saying “Tech billionaires want to turn this whole field into a massive data center that’ll jack up our energy bills and ruin our home values.” Lawrence, is slated to face former Ambassador to Ukraine Bridget Brink and retired Navy SEAL Matt Maasdam in the Democratic primary on Aug. 4.
Data centers emerged as a central issue during a candidate forum for Ann Arbor Mayor hosted by the League of Women Voters of Washtenaw County, Dominic Apap and Glenn Hedin reported for The Michigan Daily. Sitting Mayor Christopher Taylor said he believes communities have a right to reject data centers, but did not pledge to support a moratorium, unlike his opponent, former state Rep. Yousef Rabhi, who did.
Concerns about data center development were also top of mind for candidates in Michigan’s 28th Senate District and 74th House District, held by the outgoing Sen. Sam Singh (D-East Lansing) and Rep. Kara Hope (D-Holt), MIRS News Editor Kyle Melinn writes in Lansing City Pulse.
Upon reviewing proposed data center regulations in the Michigan House of Representatives, Michigan Energy Michigan Jobs, a bipartisan coalition focused on clean energy and utility accountability says the policies need to be strengthened, saying key provisions of the bills lack an enforcement mechanisms, and that the package could do more to uphold the state’s clean energy standards, which require energy companies to provide 100% clean energy by 2040.",https://michiganadvance.com/wp-content/uploads/2026/06/MI-Data-Center-Report-final-1024x662.png,,,2026-07-06 06:59:49.192018
,The Texas Tribune,2026-07-06 10:00:00+00:00,The Texas Tribune,"As Democrats eye South Texas upset, Bobby Pulido faces scrutiny over ex-bandmate’s child sex offenses",Gabby Birenbaum,,,,,https://feeds.texastribune.org/link/16799/17373725/texas-bobby-pulido-former-bandmate-sex-offender-congress-south-texas,"The Tejano musician has been dogged by a series of headlines regarding his former accordionist, a registered sex offender. Pulido has insisted he did not know about the man’s rap sheet.","Tejano singer and candidate for Texas’s 15th congressional district Bobby Pulido performs during the Texas Democratic Convention in Corpus Christi on Thursday, June 25, 2026.",,,,2026-07-06 06:59:49.192018
,The Texas Tribune,2026-07-06 10:00:00+00:00,The Texas Tribune,"Four years after Dobbs, Texas abortion-rights advocates struggle to break through in Washington",Samanta Habashy,,,,,https://feeds.texastribune.org/link/16799/17373724/texas-abortion-landscape-dobbs-v-jackson-four-year-anniversary-congress,Just 2% of Texas voters call abortion the state’s most pressing problem. Advocates are reframing the issue as one of reproductive healthcare that affects families’ pocketbooks.,"Protesters march from the federal courthouse to the state Capitol in Austin after the Supreme Court's decision to overturn Roe v. Wade on June 24, 2022.",,,,2026-07-06 06:59:49.192018
,The Texas Tribune,2026-07-06 10:00:00+00:00,The Texas Tribune,Rising healthcare costs are straining Texas businesses as the Legislature seeks solutions,Paul Cobler,,,,,https://feeds.texastribune.org/link/16799/17373723/texas-healthcare-cost-business-legislature,Lawmakers and experts pin the blame for rising insurance costs on health companies consolidating and creating less competition.,"Line cooks at George’s Restaurant work through the lunchtime rush in Waco on June 25, 2026.",,,,2026-07-06 06:59:49.192018
,Alabama Reflector,2026-07-06 09:59:24+00:00,Alabama Reflector,You wanted action on food prices. You got ‘enemies of Alabama.’,Brian Lyman,,,,,https://alabamareflector.com/2026/07/06/you-wanted-action-on-food-prices-you-got-enemies-of-alabama/,"You paid less for groceries in May and June. You probably didn’t notice. I sure didn’t. As far as I could tell, our food was as expensive on Wednesday as it was on April 30. But yes, there was a small break. The Legislature this spring approved a two-month suspension of the state portion of […]","Canned foods on grocery store shelves. Since 1939, Alabama has levied a sales tax on food, one of only ten states that still imposes levies on groceries. (Cami Koons/Iowa Capital Dispatch)You paid less for groceries in May and June. You probably didn’t notice.
I sure didn’t. As far as I could tell, our food was as expensive on Wednesday as it was on April 30.
But yes, there was a small break. The Legislature this spring approved a two-month suspension of the state portion of the grocery tax.
SUBSCRIBE: GET THE MORNING HEADLINES DELIVERED TO YOUR INBOX.
And I stress “small.” It amounted to a 2% reduction in your supermarket receipts. Local taxes were not affected. So if you live in Montgomery County and you buy $150 worth of groceries every week, your overall spending dropped from $162 to $159.
That doesn’t even cover the rise in grocery prices just in 2024. Or the 47% cost increase for coffee over the last five years.
Lawmakers haven’t been blind to this. They voted to reduce the state levy from 4% to 3% in 2023 and from 3% to 2% last year.
All well and good. But the real problem is taxing food in the first place.
Alabama has put a duty on groceries since lawmakers created the sales tax in 1939. As of early 2026, it was one of only 10 states that still does. Talk to anyone outside of Alabama or new to the state about this fact. Odds are they will find it bizarre, if not malevolent.
Meanwhile, large timber owners pay appallingly small property taxes on their vast acreages. A trust holding land owned by Gov. Kay Ivey in 2018 paid just $1.25 an acre in taxes. That’s less than what you’d pay buying $16 worth of groceries in Montgomery.
It’s an almost too-on-the-nose metaphor for Alabama government. The people with money pay little in taxes; those without it pay more. Human food is subject to sales tax; livestock feed and chicken feed are not.
But it’s not the animals lawmakers fear so much as the interests representing their owners. Everyone has to buy food, but not everyone can bankroll a primary opponent. That’s helped create a tax system that maintains a levy everyone hates but seldom results in consequences for politicians.
This has created some strange dynamics.
In the recently concluded Republican campaign for lieutenant governor, former Alabama Republican Party Chair John Wahl promised to work to eliminate the grocery tax, noting his early support for what became the 2023 grocery tax cut.
To be clear, the lieutenant governor has no power to do this. Should Wahl win the election, he could denounce the tax from the Senate dais. Then he would go back to doing the only thing Alabama lieutenant governors do: keep time during debates in the chamber.
Secretary of State Wes Allen, Wahl’s primary opponent, noted this fact in a letter signed by 24 Republican state legislators.
“The lt. governor cannot freeze your taxes,” the letter said. “The lt. governor cannot decrease your taxes. The lt. governor cannot raise your taxes.”
But what was missing in that letter? An acknowledgement that the grocery tax was even a problem. You don’t have to say you can do something you can’t. But there wasn’t even a nod in the direction of making food cheaper at a time when costs are soaring. It was all parliamentary procedure. 
The secretary of state isn’t alone in this. Republican gubernatorial nominee Tommy Tuberville and GOP attorney general nominee Katherine Robertson are spending millions of dollars attacking transgender athletes — a hateful and dehumanizing effort in a state where there were literally no transgender athletes before we started segregating them.
Tuberville and Allen and Jay Mitchell, Robertson’s runoff opponent, spent much of the late spring attacking Alabama’s Muslim population, solely for their beliefs.
But food prices? Tuberville as of last Thursday had nothing on his website about affordability (unlike Democratic gubernatorial nominee Doug Jones). Neither did Robertson, who like Tuberville appears to view public office as a means of promoting Donald Trump and oppressing minorities.
I’d like to think ignoring daily issues would be a bad bet for an Alabama politician. But Alabama politics are already disconnected from daily life.
It’s not just that Republicans play more to Fox News than their constituents. It’s that they see no need to pay attention to the state they want to lead. With gerrymandering and ongoing attempts to make it harder to vote, many of them are insulated from political challenges. Many live in a conservative phantasmagoria where soaring food prices aren’t as important as the existence of a transgender teenager. 
So Tuberville can campaign on his love of Trump and his hatred for the vague “enemies of Alabama.” So can lawmakers. Campaigns are full of fist-shaking anger against vague and usually powerless threats, treated with an urgency that daily challenges never receive. Genuine issues are at best managed, and only for political reasons. 
Like the two-month tax holiday. Advocates noted it would have been more effective later in the summer, or around a major holiday. But this wasn’t a measure for families. It was for politicians. That’s why it took place in May and June. That’s when primary elections take place.
So the real issue of food prices staggers forward, affecting all of us. And it says a lot that many of our leaders take little notice of it.",https://alabamareflector.com/wp-content/uploads/2025/10/veg-cans-1024x7681758839896-1.jpg,,,2026-07-06 06:59:49.192018
,Tennessee Lookout,2026-07-06 09:59:19+00:00,Tennessee Lookout,The case for impeaching four Supreme Court justices over birthright citizenship,Larry Woods,,,,,https://tennesseelookout.com/2026/07/06/the-case-for-impeaching-four-supreme-court-justices-over-birthright-citizenship/,"For 40 years in the constitutional law classes I teach at Tennessee State University, I have asked all my students to raise their hand if they are a citizen of the United States.  Usually, after some hesitation, everyone or almost everyone raises their hand and I promptly challenge them,”prove it to me”. Since we do […]","Hundreds gather outside the U.S. Supreme Court on Thursday, May 15, 2025, to protest the Trump administration's effort to strip birthright citizenship from the Constitution. (Photo by Ashley Murray/States Newsroom)For 40 years in the constitutional law classes I teach at Tennessee State University, I have asked all my students to raise their hand if they are a citizen of the United States. 
Usually, after some hesitation, everyone or almost everyone raises their hand and I promptly challenge them,”prove it to me”. Since we do not have membership cards for U.S. citizenship, after thought and discussion, students usually say “I have a birth certificate.” 
Of course they don’t really have one with them, putting them at risk in these days of Immigration and Customs Enforcement, ICE, policing the streets, but they mean they can get an official copy somewhere from someone. So my next question to them is “Where is your parents’ birth certificate? And when you figure that out, what about your grandparents and great grandparents?” 
Is a break in documentation in an earlier generation enough of a problem to deny your citizenship? Possibly ‘yes’ under the Trump executive order which four Supreme Court ustices want to enforce.

SUBSCRIBE: GET THE MORNING HEADLINES DELIVERED TO YOUR INBOX. 
In Trump v. Barbara, the Supreme Court ruled five to four that an executive order President Donald Trump issued on the first day of his second term limiting who can become a citizen of the United States violates the 14th Amendment of our Constitution. The one-vote margin is a shameful and embarrassing reflection of the intellectual failures of four of the justices and a clear example why many American citizens hold the Court in such low repute. 
Other than the naturalization route, becoming a citizen in our nation happens at birth, depending on our parents. Generally, if they, or at least the mother, is in the U.S. when she gives birth, the baby is an American citizen. The 14th Amendment of our Constitution declares the law:  “All persons born or naturalized in the United States, and subject to the jurisdiction thereof, are citizens of the United States…” 
This is not confusing, difficult, or challenging language. We can all read it and understand it. You do not need a Ph.D. It simply states that everyone born here is a citizen if they are subject to the laws in this country. The many immigrants that Trump wants to bash with his executive order are clearly subject to U.S. laws as illustrated by the daily arrests and imprisonments by ICE and other law enforcement agencies.  
So the four Supreme dissenters do not even try to argue otherwise. Instead they make a convoluted and fractured argument that the 14th Amendment language of “subject to” means your parents had a fixed and permanent location (domicile) in the US and the intention of remaining here. Trump asserts that any immigrant parents and their children can be denied citizenship if they did not intend to stay permanently in the country. 
US Supreme Court upholds birthright citizenship, rejecting Trump order

How do Trump and his ICE troops divine that intention? They don’t: they just assume it (which raises yet another 14th Amendment problem of lack of proof and lack of a hearing).
But the Supreme Court analysis by the four dissenters — Justices Samuel Alito, Clarence Thomas, Neil Gorsuch plus Brett Kavanaugh, the latter of whom voted with the majority while claiming the majority was wrong about the 14th Amendment meaning, is even worse.
There is no limit, no mention in any of the text, of any requirement related to domicile or lack of intent to stay which is the entire basis for the primary dissent by the losing justices. They seem to think it proper and lawful to express an opinion that the 14th Amendment citizenship clause should contain a limitation related to the domicile of the baby’s parents and their intent to remain, but in fact there is no such reference. 
Their entire argument is not stated, not reflected, not found in the 14th Amendment defining citizenship. So much for justices relying on the text and what the Constitution actually states. I guess in their next opinion, Alito and company will renounce strict construction, originalism and textuality that they and their ilk have used as an attack weapon against liberal Justices for decades.This flagrant political reading by the dissenters should be grounds for impeachment and removal. 
Tennessee attorney general joins legal fight against automatic birthright citizenship

Imagine our country as conceived by Trump and these four justices. Half the country committed treason from 1861to1865 and were restored to citizenship by acts of Congress after the Civil War, but what about their children and their children’s children? Would they be saved by the 14th Amendment? Yes, according to the majority opinion in Trump v. Barbara, but not according to the four dissenters unless they can prove they intended to stay in the Union. 
What about the Pilgrims, Puritans, Quakers, Catholics, Protestants and Jews who fled to this country to escape religious persecution? What about the Spanish, Dutch, French, Swedish, English, Irish, Scots, Germans, Chinese, Japanese, Hispanics, Asians, Africans, Muslims and so many others coming here for work and new lives? Were they and their children committed to staying on a permanent basis, thus establishing domicile? 
Probably not:they were seeking political, religious and economic freedom and would stay only if they found it. What about descendants of the prisoners who made up much of the early Georgia colony? Did they intend to permanently stay? What about the formerly enslaved persons, freed in the 1860s by the 13th Amendment? Were they domiciled? Were they intending to stay or had they intended to escape their criminal assault, kidnapping and enslavement? Because they so clearly intended, and deserved, to flee and escape, they would not qualify as citizens under the legal fictions espoused by the four justices.
This dreamed up (trumped up?) prerequisite of domicile for citizenship is nothing but a massive political fiction with no basis in constitutional law. Trump only appears to want as citizens those people who look and think and feel like he does and Alito, Thomas, Gorsuch and Kavanaugh have fallen in line.
Despite our many faults, failures and foulups, everyone would probably like to live in the United States and be a citizen of the greatest nation in the history of the world. We are fortunate that immigration has helped make our country great. 
Are all immigrants wonderful and nice people? Probably about the same percentage as all the folks who live in your neighborhood and your city because after all, everyone in your community is an immigrant or descendant of immigrants. We should embrace and celebrate our American land of opportunity, freedom and law, including our legal right to have our representatives in Congress vote to impeach Justices Thomas, Alito, Gorsuch and Kavanaugh as lacking the  integrity and judgment that are required in order for them to continue to function in their office.
SUPPORT: YOU MAKE OUR WORK POSSIBLE",https://tennesseelookout.com/wp-content/uploads/2025/05/birthrightnewjersey-1024x769.jpg,,,2026-07-06 06:59:49.192018
,Colorado Newsline,2026-07-06 09:55:34+00:00,Colorado Newsline,Fifty for 150: Last detainee leaves Amache incarceration camp in 1945,Sara Wilson,,,,,https://coloradonewsline.com/2026/07/06/fifty-for-150-amache-incarceration-camp/,"The final person left the Granada Relocation Center, known as Camp Amache because of its postal designation, on Oct. 15, 1945, and like many of the Japanese Americans who were incarcerated there, they were given $25 and a train ticket. Following the Japanese naval attack on Pearl Harbor in 1941 and amid decades of anti-Asian […]","Camp Amache in Prowers County, Colorado consisted of about one square mile of army-style barracks and other infrastructure. Over 10,000 Japanese Americans were incarcerated at the internment camp between 1942 and 1945. (Denver Public Library Special Collections, X-6577)The final person left the Granada Relocation Center, known as Camp Amache because of its postal designation, on Oct. 15, 1945, and like many of the Japanese Americans who were incarcerated there, they were given $25 and a train ticket.
 


This story is part of Colorado at 150. Each Fifty for 150 story focuses on an event that helped define Colorado over 150 years of statehood. Newsline is publishing one Fifty for 150 story every weekday in reverse chronological order until the sesquicentennial, Aug. 1, when the final of 50 stories, about the declaration of statehood, will appear.



Following the Japanese naval attack on Pearl Harbor in 1941 and amid decades of anti-Asian sentiment in the country, President Franklin D. Roosevelt signed Executive Order 9066, which allowed the forcible relocation and incarceration of people of Japanese descent from the West Coast to camps in the interior of the country. Camp Amache, in the southeastern corner of the state, was the only incarceration camp during World War II in Colorado.
The completed camp covered one square mile and consisted of barracks, mess halls, administration buildings and recreation buildings. Though the evacuation order was rescinded in January 1945, over three-quarters of the population remained at Amache by June that year.
Amache was the smallest of the federal government’s War Relocation Authority camps, but at its peak housed 7,318 people. The National Park Service estimates that over 10,300 Japanese Americans passed through Amache between its construction in 1942 and closure in 1945.
“CLOSING the relocation center at Amache marks the end of an incident of which we should be thoroughly ashamed,” columnist Lee Casey wrote in the Rocky Mountain News on Oct. 17, 1945. “More than 75,000 American citizens were forcibly removed from their homes and taken under guard to camps without charges being made against them and for the sole offense of being of Japanese descent.”
Casey goes on to write that despite the “frightful wrong,” people incarcerated at the camps were treated with respect because they had adequate health care and competent teachers. He acknowledged the approximately 1,000 people who left Amache to join the military.
People incarcerated at Amache ran a silkscreen shop, newspaper and cooperative store. The main industry was agriculture with vegetable and field crops.
Amache was designated as a National Historic Site under the Biden administration. The Amache Preservation Society helps maintain the site.
SUPPORT: YOU MAKE OUR WORK POSSIBLE",https://coloradonewsline.com/wp-content/uploads/2026/06/10006577.tif-1024x781.jpg,,,2026-07-06 05:57:44.339320
,West Virginia Watch,2026-07-06 09:55:18+00:00,West Virginia Watch,West Virginia has an urgent educational problem that must be addressed,Jack Bernard,,,,,https://westvirginiawatch.com/2026/07/06/west-virginia-has-an-urgent-educational-problem-that-must-be-addressed/,"“A substantial body of research has established that there is a clear causal relationship between school spending levels and student outcomes.” — Rand report  Using National Center for Education Statistics, a new report has been issued comparing K-12 educational achievement by state. The results for West Virginia are devastating. Only 18% of 8th graders are[...]","A new report founds that only 18% of West Virginia's 8th graders are proficient in math, while 31% of 4th graders are proficient. (Photo by kali9/Getty Images)“A substantial body of research has established that there is a clear causal relationship between school spending levels and student outcomes.” — Rand report 
Using National Center for Education Statistics, a new report has been issued comparing K-12 educational achievement by state. The results for West Virginia are devastating.
Only 18% of 8th graders are proficient in math, while 31% of 4th graders are proficient. For the 8th grade, only New Mexico and Oklahoma are worse. Only New Mexico and Alaska are worse regarding 4th grade performance scores.
West Virginia’s underperformance educational issue is nothing new; K-12 learning deficiencies have been covered in the past by West Virginia Watch. Specifically, West Virginia politicians have not followed through on implementing the recommendations of the independent Rand report that they themselves (the House of Delegates) paid to have done regarding funding to improve performance scores.
Rand objectively analyzed performance and spending data from all 50 states, scientifically comparing West Virginia to them to determine needed modifications to the state’s funding for K-12 schools. The resulting Rand report is quite specific, recommending:

Significantly increasing public education efficiency and funding 
Increasing proportional funding for the 28 districts with greater numbers of special education and low-income students
Using performance versus seniority as the basis for employee retention, saving money and increasing effectiveness
Basing transportation funding on objective measures (such as miles driven, condition of buses, number of riders, and time spent in transit) rather than prior year spending
Modifying the inefficient, ineffective $300 million Hope Scholarship program to target low-income children

There is a lot to ponder given these reports. Let’s just zero in on one item — the Hope Scholarship program which gives $5,267 per student per year to families putting their children in private schools. That is not nearly enough to cover the cost of tuition. The average cost of a private high school in West Virginia is $10,425 annually. The cost is even more for an elementary school — $10,807. The Hope Scholarship only provides half of the cost of a private school; therefore, only upper income families can afford private schools. Thus, the needs of lower income families are ignored while state government helps those with sufficient resources.
Further, a compelling case can be made that private school vouchers will destroy public school financing, especially in rural areas. Dr. Josh Cowen of Michigan State University’s education department said,  “It (private school vouchers) busts the budget because it’s taking on as a public expense what’s previously been a private cost.” 
According to another source, West Virginia is the least educated state. That study used criteria such as “educational attainment, school quality and disparities in achievement across gender and race.” According to this analysis, one reason that West Virginia’s “Educational Attainment score” is low is due to few residents with college experience and degrees (20%). This source also indicates West Virginia’s university quality as fourth lowest in the nation.
These reports must not be ignored by the state’s politicians. Based on the facts, West Virginia’s governor and Legislature must be asked why they are destroying our public education system rather than improving it?
SUBSCRIBE: GET THE MORNING HEADLINES DELIVERED TO YOUR INBOX.",https://westvirginiawatch.com/wp-content/uploads/2026/02/gettyimages-2258346008-1024x613.jpg,,,2026-07-06 05:57:44.339320
,Rhode Island Current,2026-07-06 09:55:14+00:00,Rhode Island Current,No prize yet for Blue Ribbon Commission. School funding formula retool is just getting started.,Alexander Castro,,,,,https://rhodeislandcurrent.com/2026/07/06/no-prize-yet-for-blue-ribbon-commission-school-funding-formula-retool-is-just-getting-started/,"Lawmakers sat behind rows of tables, like students at their desks, in the Rhode Island Senate Lounge one January night to hear a guest speaker detail a new plan to make public education throughout the state more fair and equitable. “The future economic prosperity of our state is directly dependent on our ability to get […]","Lawmakers will spend the next year studying the feasibility of a proposed, Rhode Island Foundation-led rewrite of the state’s education funding formula. (Photo by Alexander Castro/Rhode Island Current)Lawmakers sat behind rows of tables, like students at their desks, in the Rhode Island Senate Lounge one January night to hear a guest speaker detail a new plan to make public education throughout the state more fair and equitable.
“The future economic prosperity of our state is directly dependent on our ability to get this right,” Rhode Island Foundation President and CEO David Cicilline told senators as they dined on a hot buffet dinner and cake pops for dessert.
For Cicilline, getting this right means overhauling the formula used to determine how the state and municipalities share the cost of public education, with the state taking on more costs. The state generally covers more than half of local education costs — but its contribution is more like 38% when factoring in things it doesn’t fully pay for, like transportation and certain special education and multilingual learning costs that vary wildly from year to year or place to place.
Cicilline, a former congressman and Providence mayor, has spent the first half of 2026 visiting about 20 groups across the state as the public face of a campaign to change the state’s education aid funding formula using recommendations developed over a year by a Blue Ribbon Commission he chaired. 
Legislation to gradually adopt a new formula was submitted in both chambers of the General Assembly this year. But the General Assembly declined to begin the rewriting process before the 2026 session ended June 11.
Instead, lawmakers created a special legislative commission to further study the Blue Ribbon proposal’s feasibility. The 16-member group is set to hold its first meeting no later than Oct. 31, followed by an interim report on March 2, 2027, and a final report by Sept. 1, 2027.
In a recent phone interview, Ciccilline acknowledged he had anticipated the Blue Ribbon’s work would span multiple years.
“Secretly, I was always hoping I would be surprised it would move really quickly, but as a practical matter, I knew that was not the case,” he said.
Separately from the new study commission, the fiscal year 2027 state budget also instructs the Rhode Island Department of Education (RIDE) and state budget officials to recalculate the Blue Ribbon group’s proposed numbers with updated data from fiscal year 2025. The RIDE report is due Oct. 1, and needs to include comparisons that model how much the state would contribute to local school systems under different percentages. It will also dive into the ways special education and career and technical education (CTE) should factor into the formula.
Rhode Island Foundation President and CEO David Cicilline speaks with educators at Segue Institute for Learning, a public charter school in Central Falls, in March during a statewide tour promoting the Blue Ribbon Commission’s proposed overhaul of the school funding formula. (Photo by Alexander Castro/Rhode Island Current)
‘It’s not radically different’
Released in January, the Blue Ribbon commission’s 63-page report determines a baseline for how much municipalities should contribute to their school districts — to relieve districts that might be paying too much and reconsider districts that might not be paying enough. 
It offers two funding formula scenarios. One would maintain the state’s current share of total education spending at its current level of about 38%, in the commission’s estimate, while also expanding the formula to include more of the actual costs of operating schools and transporting students. This model would see an increase in the costs districts would have to shoulder, which would vary by district but total about $300 million statewide.
Rhode Island Foundation panel urges R.I. to rewrite school funding formula, boost state share

The commission’s second and preferred tactic: The state would up its share of total education spending from roughly 38% to 58%, an increase that has the state assuming new obligations for transportation, pensions and special education. 
That would translate to an estimated $590 million annual increase in the state education budget, from around $1.57 billion to $2.16 billion, while municipalities would see collective savings of around $280 million.
The increase is better understood piecemeal, Cicilline said.
“It is not radically different from the level of increased education funding over the last three to five years,” he said, adding the General Assembly would likely need to phase in the formula increases over time.
In the state budgets for fiscal years 2025 and 2026, for example, total education aid grew by $71 million and $59 million, respectively.
Some districts would benefit from more state aid: Providence, for instance, could see a projected $186 million boost in state aid under the commission’s preferred model, with a possible increase of more than $63 million for Pawtucket. 
But four districts could see a decline in state formula aid under the 58% scenario. Formula aid comprises the majority of state spending on local school districts and is assigned through a specially weighted mathematical formula meant to cover core instructional costs while also attempting to compensate for poverty and economic disadvantages in some communities. 
Unlike formula funds, categorical funds — like transportation, special education, and career and technical education (CTE) — are approved annually through the state’s budgeting process, meaning municipalities cannot rely on them as predictably from year to year. 
The Blue Ribbon Commission’s proposed formula would fold in more of these categorical funds into its broader funding framework. But even then, some communities could see a decrease in formula-based aid: Newport could lose about $7.8 million, Westerly around $1.3 million and Middletown approximately $400,000.
The Blue Ribbon Commission’s proposed overhaul of Rhode Island’s school funding formula aims to make education costs and local obligations more transparent, including transportation expenses that are a major concern for a sprawling regional district like Chariho, which spans 128 square miles and includes students from three towns. (Photo by Alexander Castro/Rhode Island Current)
A math lesson in Richmond 
Chariho — which serves around 2,966 students from Charlestown, Hopkinton and Richmond — could lose around $7.7 million in annual state education formula aid under the Blue Ribbon team’s 58% funding scenario.
Richmond Town Councilor Michael Colasante successfully secured his fellow councilors’ support at their May 5 meeting to invite Cicilline to explain the formula in more detail. 
At the time, Colasante said he had read the Blue Ribbon report three times. When finished, he said, “I’ve got good blood pressure, but when I’m done, my wife puts a cuff on me…I’m off the charts. I mean, this is ridiculous. $7.7 million, they want to take away from Chariho, and they want to give it to Woonsocket, Providence, Pawtucket.
Cicilline accepted that invitation and appeared before the Richmond Town Council on June 16 to present the Blue Ribbon panel’s side of the story. He told Richmond councilors that the commission did not recommend a final state funding level, and that the report’s scenarios are options, not finalities, for lawmakers to consider implementing.
“What we’ve said to the General Assembly is you’re going to have to have a transition plan that takes that into account,” Cicilline told the council. He floated the idea of “a separate fund” the state could create to help municipalities with the transition.
But Richmond officials had more particular concerns. Chariho is the only regionalized district among the four districts with projected formula aid reductions under the preferred 58% scenario. It is also rural and vast, covering 128 square miles.
Councilor Mark Reynolds told Cicilline that he appreciated the new formula’s attempt at making municipal costs predictable. But it did not adequately address Chariho’s hefty $3 million transportation budget. 
“You can’t run a regular-sized school bus down every road in these three towns,” Reynolds said, describing the smaller buses, longer routes and additional travel time needed to get the district’s students to school.
The new formula would ditch the current means of how the state calculates local contributions: An average called a quadratic mean which combines local property values and poverty concentration in a given community. 
According to the Blue Ribbon Commission, no other state’s education formula uses a quadratic mean. It wants to see municipalities’ required local contributions based on property values alone.
That’s why, even under the 58% state share scenario, a community like Newport would see a nearly threefold increase in a required minimum local contribution, from $15.5 million to $42.2 million, to better reflect the value of its real estate. 
Yet even Newport Superintendent Colleen Burns Jermain backed the Blue Ribbon recommendations in a Senate testimony from May, when the bill which would have instituted the proposed overhaul was heard in the chamber’s Committee on Finance. 
“The present funding system formula and process,” Jermain wrote, is “unpredictable with a quadratic formula no one fully understands…This proposed legislation offers a path forward.”
But how would the local contribution math work out in Chariho, Reynolds wondered? Coastal Charlestown, for instance, only contributes about 24% of the district’s students, but its properties are also valued much higher than those in Hopkinton or Richmond.
Accompanying Cicilline to Richmond was Brenda Santos of Brown University’s Annenberg Institute, which worked with the Blue Ribbon panel and helped prepare its final report. Santos said at the meeting that the report’s aid figures did not account for all the expenses districts would no longer be responsible for.
“It’s not as severe as it appears when you just look at those columns at the end of the report,” Santos said, adding that a greater portion of transportation, special education and retired teachers’ pension costs would become the state’s obligation under the new formula.
Still, Santos acknowledged the commission’s numbers were based on publicly available 2024 data, and were limited in that they “do not account for the nuances of cost sharing within regional districts.”
“If you look at Chariho as one district, you have the magic problem that the quadratic mean was kind of disguising,” Santos said. “It was smoothing it over, and it was privileging districts or discounting districts, to be crude about it, where there was high wealth and high poverty.”
It’s now up to the legislative study commission, she said, to figure out what the proposal could mean for individual towns within a regional district, and to do “a much more precise job” of crunching the numbers.
A room inside the Providence Career & Technical Academy on July 9, 2025. (Photo by Christopher Shea/Rhode Island Current)
More homework for lawmakers
Cicilline said the commission’s report never recommended a concrete, specific value for state formula aid to local school districts.
“The difference is you’ll be increasing education funding and distributing it through a formula that’s fair and equitable, and ensure that every student in Rhode Island has access to what they need to be successful.”
But Sen. Hanna Gallo, the Cranston Democrat who introduced both the new formula bill and the successful study commission resolution, said lawmakers ran out of time to review a report that took over a year to complete.
“I don’t know if they want to spend another $600 million annually on K-12 education,” Gallo said. “We have to make sure that we’re spending the money wisely and that it’s addressing the needs of the students that we have now.”
“I don’t see it as a delay,” she added. “I think we’re doing due diligence.”
That Blue Ribbon study to retool school funding formula? Lawmakers advance commission to study it.

The Blue Ribbon Commission included a wide array of stakeholders, with advocates for charter schools, teachers’ unions, superintendents, school principals, municipalities, education researchers and community advocates all represented on the panel.
But that diverse group’s general consensus did not blunt the legislature’s hesitance to enlarge the state budget in the way the Blue Ribbon report suggested.
The special resolution gives lawmakers time to craft a transition plan up to five years long that will help specify “annual adjustments to state and municipal shares to achieve full implementation” of the report’s recommendations.
Nora Gordon, a Georgetown University professor who co-chaired the Blue Ribbon Commission with Cicilline, said in a June 17 email that the new formula’s “primary challenges” lie in the “political and fiscal” rather than its technical implementation.
“If you don’t pump in new money, or have a very long phase-in period, any formula changes produce winners and losers,” Gordon said. “It’s not technically hard to predict those winners and losers,” she continued, “but it’s politically hard to fight concentrated interests for a system overhaul that benefits the state as a whole — especially kids who don’t vote.”
Marcela Betancur, president of the Latino Policy Institute and a member of the Blue Ribbon Commission, said she had concerns about the commission-studying commission at the State House.
“As someone who has to deal with the State House on many levels, I knew that it was going to be an uphill battle, and I think that’s something that myself and others that do policy voiced a lot,” Betancur said in a phone interview. 
“We can see this in so many pieces of legislation that they’ve already done — they will always find a reason that it’s not feasible, that it’s too expensive,” Betancur added. “Because it is, it is really expensive. But the divestment in education that we have made for decades has already cost us millions of dollars and so I don’t know why we’re waiting so much longer.”
Did Cicilline think his political experience and connections would help expedite, or impede, the process?
“I don’t know,” he said. “I mean, I hope that my relationships that I have built with members of the General Assembly on both sides of the aisle over a long period of time, will help advance this legislation.” 
He was more resolute before the Richmond Town Council in explaining why the state cannot continue “increasing spending through a formula that’s broken.”
“You can’t have a statewide school funding system that is fair to everyone — that’s equitable, that covers all costs of education, so that every student, no matter where they live, is treated the same, and every taxpayer treated the same — and build into inequities that exist today,” Ciciiline said. “You either have a system that’s fair to everyone, or you don’t.” 
SUBSCRIBE: GET THE MORNING HEADLINES DELIVERED TO YOUR INBOX.",https://rhodeislandcurrent.com/wp-content/uploads/2026/06/DSC_0001-1024x681.jpg,,,2026-07-06 05:57:44.339320
,Kentucky Lantern,2026-07-06 09:50:03+00:00,Kentucky Lantern,"KY bill regulating kids’ social media had bipartisan support, AG backing. What killed it?",Sarah Ladd,,,,,https://kentuckylantern.com/2026/07/06/ky-bill-regulating-kids-social-media-had-bipartisan-support-ag-backing-what-killed-it/,"“Especially during points of isolation, kids were able to use social media as a means to stay connected to their friends and their peers, which is really important. We want that connectivity.""","The Kentucky State Capitol on April 14, 2026. (Kentucky Lantern photo by Sarah Ladd)Bella Cornett sees a direct line between a social media influencer who posted videos of tricks with vaping smoke and the bullying she endured in her Kentucky high school. 
Cornett, 19, said her friend group at the time watched those social media videos as first year high school students and “thought that was so cool.” 
Issabella Cornett is 19 years old. (Photo provided)
They started vaping too, she said. Then, for some, came marijuana, drinking and “harder stuff.” 
“Us being in eighth grade and freshmen…we shouldn’t have been seeing that,” Cornett said. 
She eventually tried vaping too — because, she says, she was bullied into it. 
“I think — then and now — I did it more because they were pressuring me so much, and they kept making it seem like it was so fun and so cool,” she said. 
Cornett and other teenagers who spoke to the Kentucky Lantern recently about their experiences with social media said it can be a positive place for connection — but that it needs more guardrails to protect them and more options for parental control. Two of the teenagers are minors who spoke to the Lantern with parental consent. 
One Central Kentucky Republican tried unsuccessfully to do just that during the 2026 legislative session — and plans to try again next year. 
A bipartisan effort with big backing
Rep. Matt Lockett, R-Nicholasville, filed House Bill 227 in January and it amassed 27 cosponsors, both Republican and Democrat. 
The bill took a sweeping aim at “addictive” online features like doomscrolling and autoplay by blocking these features for children. It would have also required social media platforms to estimate the age of users and restrict usage for those under the age of 15 to child settings unless a parent consented otherwise. 
Rep. Matt Lockett, R-Nicholasville. (LRC Public Information)
The bill proposed giving parents passwords to the children’s accounts so they could monitor and manage the time spent online.
It had the support of Kentucky’s highest law enforcement official, Attorney General Russell Coleman, whose track record includes suing TikTok and Character.AI, an artificial intelligence company.  
In committee, Wil Sch​​roder​, the senior counsel for Coleman’s office, testified in favor of the bill. 
“Attorney General Russell Coleman fully supports this bill, and the office stands ready to defend it should it be challenged,” Schroder said on Feb. 18. “Our attorneys have reviewed this bill, and are encouraged that it is content neutral in every way, and believe that it will pass a constitutional challenge should it face one.”  
It passed the House unanimously on March 9 but progress petered out in the Senate, where it died. 
Lockett doesn’t blame senators. He said Meta lobbying against the bill “kicked into high gear” once it passed the House. 
“I think it’s unfortunate that a company like Meta wants to protect their bottom dollar so much that they’re willing to do it on the backs of kids,” he told the Lantern. 
Meta did not respond to two emails from the Lantern seeking comment. The Lantern also attempted to reach each of the company’s registered lobbyists via phone calls and email. 
According to the Kentucky Legislative Ethics Commission, Meta lobbied on the bill in February, March and April. The company, which owns Facebook and Instagram, lobbied for other bills as well, spending around $5,600 during the session, according to a legislative agent compensation report from the Kentucky Legislative Ethics Commission.
Meta Platforms has the following lobbying agents registered with the Legislative Ethics Commission:


Megan Arnold, registered since Jun 10, 2024 
Sherman Brown, registered since Dec. 11, 2023 
Jeffery Busick, registered since Dec. 11, 2023
Jeff Harper, registered since Dec. 11, 2023
Scott Jones, registered since Dec. 11, 2023
Sara Massey, registered since Jan. 1, 2024
John McCarthy, registered since Dec. 11, 2023
Libby Milligan, registered since Dec. 11, 2023
Chris Rinkus, registered Feb. 20, 2026
Amy Wickliffe, registered since Dec. 11, 2023

Sen. Lindsey Tichenor, R-Smithfield, on March 5, 2025. (Kentucky Lantern photo by Liam Niemeyer)
In early June, the company announced an expansion of its 13+ content setting, which “is designed to hide content that’s inappropriate for teens in places like Feed and Reels, and to limit teens’ ability to interact with Profiles, Pages, Groups and Events that primarily post inappropriate content.”
Meanwhile, the senate’s failure to pass the bill “should not be viewed as opposition,” said Sen. Lindsey Tichenor, R-Smithfield. A bill stalling often represents “a matter of the legislative process and the need for deliberation, especially when a topic is complex,” she said.  
“There’s not a shortage of examples we could identify where a proposal took a couple of years or more to get over the finish line. I trust the same is true here,” said Tichenor, who serves on several health and education committees in the Kentucky Senate. 
Tichenor called Lockett’s bill an effort to “elevate an important conversation about protecting children online” and “I share his concern that families are navigating an increasingly digital world where technology often moves faster than public policy.”
“As with any complex legislation, there are important questions surrounding implementation, constitutional considerations, the interaction with federal law and ensuring government policy reinforces, not replaces, the essential role parents play in raising their children,” she said. “Those are challenges to solve, not reasons to stop pursuing the goal. I hope to see the proposal brought forward again, and (am) willing to carry the torch in the Senate.” 
‘The right thing to do’ 
Rep. Matt Lockett, R-Nicholasville. (Kentucky Lantern photo by Liam Niemeyer)
Lockett’s passion for social media protections comes from constituent concerns and his own two children, both adults now, he said. 
“Social media, of course, was a thing when they were teenagers. I was unaware of — I think probably most people were at that time, just several years ago — were unaware of how dangerous … social media could be,” he said. “I noticed that they spent a lot of time on it…and I was able to curb that.” 
In the course of pushing for the legislation, he said, some pushback he heard was “if parents would just be parents … then the government wouldn’t have to be involved.” 
“While that’s a good statement, and somewhat may be true, what happens with the kids that don’t have parents that are as involved, or don’t have parents at all?” he said. “This is the right thing to do for our Kentucky kids. This is the right thing to do because I believe it is the government’s responsibility to protect its citizens.” 



Quotation







I think it's unfortunate that a company like Meta wants to protect their bottom dollar so much that they're willing to do it on the backs of kids.


– Rep. Matt Lockett, R-Nicholasville


This is especially true, he said, because it involves “children who don’t understand what’s happening to their own brain.” 
“This is something I believe that this is the right thing to do, while not being heavy handed from a government standpoint, while not encroaching on First Amendment rights, but at the same time holding these big tech companies accountable to say ‘you’re not going to profit billions of dollars every year off the backs of our children while their brains are destroyed by your product,’” he said. “It did become kind of a personal mission, and still is.” 
He plans to introduce HB227 again in 2027.
SUPPORT: YOU MAKE OUR WORK POSSIBLE
‘Our brains are just so moldable’
Cornett, who works in Graves County for now and hopes to go to college soon, quit vaping by sophomore year. She didn’t like how it made her feel, and always suffered from headaches. 
“Our brains are just so moldable,” she said. “And with us being so young….that was such a big, impactful time of our lives.” 
During her freshman year, the Too Good for Drugs program came into her class. Cornett recalls sitting right in front and listening to every word of the presentation. 
“I’m putting this stuff into my body, and I don’t even know if I want this in my body,” she recalled thinking. “I’m doing it to fit in.”  
She now uses social media for her work at the health department in Graves County and says it’s now a positive outlet because she uses it to educate people about mental health. She still tries to limit her personal time on social media, though, and recently took a 5-month hiatus. 
Cayden Dunn is 17 years old. (Photo provided)
“I think I wasted a lot of time scrolling,” she said. “I spent so much extra time on there that I shouldn’t, because I’m so much more productive now.” 
Bowling Green teenager Cayden Dunn got a phone around second grade. For a long time, social media was a way to connect with his speech and debate community. Around sixth grade, he said, it turned into a more urgent tool. 
“It wasn’t just, ‘oh, I’m trying to connect with people that I can’t talk to on a daily basis,’” he said. “It was more of, ‘even though I can see you tomorrow morning, and even though I’ll see you at school, let’s talk tonight,’” said Dunn, 17. 
Dunn’s mom helped shield him from more addictive features of social media, he said, but he saw it sucking in the people around him, denting people’s ability to form personal relationships outside a digital world. 
“I’ve definitely seen how me and another person are having a one on one conversation, and they’re scrolling through their phone at the same time, and how that can kind of impact day to day life, and how we build relationships in our new era,” he said. “It kind of makes me feel unheard, because I’m a huge eye contact person.” 
Dunn graduated from Bowling Green High School this year and will begin college courses at Dartmouth College in New Hampshire this fall with the aim of working in law or politics. 
Bullying and connectivity: The duality of social media
Shannon Moody, the incoming executive director of Kentucky Youth Advocates, said social media’s duality is that it can certainly help with connectivity when there is none otherwise available, like during the COVID-19 pandemic, but it can also intensify underlying mental health issues. 
Shannon Moody
“Especially during points of isolation, kids were able to use social media as a means to stay connected to their friends and their peers, which is really important. We want that connectivity,” Moody said. “Where we see social media become problematic, and this is especially true for children who are already prone to anxiety or depression, but social media can exacerbate signs of anxiety and depression and other mental health issues like eating disorders that especially impact young girls, but impact a lot of young people generally.” 
Young people tend to compare themselves to edited, polished images they see online, Moody said, which can also lead to depression and anxiety. 
Cornett experienced this comparison; she was anxious about her clothes, the vehicle she drove, even where she was in life, all because she saw glamorized videos online that told her what her life should look like. 
And bullying is also easier, especially with the rise of artificial intelligence that enables people to “post photos that are there that are not real, that are generated,” Moody said. 
Dunn, the Bowling Green teenager, believes the 24/7 nature of social media is a key part of the puzzle that makes bullying “widespread” and “almost unescapable.” 
“Social media did not invent bullying, but I feel like it kind of removed the final barrier for it going back generations,” he said. 
Social media keeps people keyed into connection or bullying long after school ends, he said, and it “penetrates every aspect of your life.” 
“A hurtful comment, a rumor, an embarrassing photo, all of those things kind of stay with you all day,” Dunn said. 
The algorithm system doesn’t help, said Aleah Stigall, 17. She described a spiral: If a person likes a video based on their mood, their feed will be filled with that content, which can be harmful in a depressive or anxiety episode. 
“I could like a couple things, and then it’s all I see,” she said. “So, sometimes I really struggle with that.” 
Aleah Stigall is 17 years old. (Photo provided)
Stigall, who just graduated from Boyle County High School and will attend the University of Kentucky this fall, started an educational initiative called “Disconnect to Connect: Let’s Get Real.” 
She goes into schools and encourages students to build connections offline because in 2019, she felt phones were already replacing human connection. 
“I went to a sleepover with all my friends, and back in 2019 I didn’t have a phone yet, so all of my friends had phones, so instead of doing all of the fun girly sleepover things, they just wanted to watch TikTok or make TikToks,” Stigall said. “I really struggled with that. Especially as an only child, I was looking for an opportunity to get out of my house and spend time with my friends, and I just did not get that.” 
Moody, with Kentucky Youth Advocates, said the concern for children is valid: Excessive screen times impact sleep and can cause social media addiction and other mental health issues.  
“There’s a lot of concerns, and especially with bills like House Bill 227, I think the aim there was to address those addictive features, put in some common sense protections,” Moody said. “I think we also need to understand that a lot of the age verification processes and things of that nature are really hard to enforce, especially on the state level, if those platforms are willing to even adhere to state policy changes.” 



What can be done to better protect kids? 
The teenagers who spoke to the Lantern for this story suggested several policies they said could help shield young people from potential harms of social media. 
Their ideas include:

Treat social media addiction like substance use disorder and establish social media prevention training programs for schools. 
Create free and accessible in-person programming that gets kids out of the house and provides alternatives to screen time. 
Offer comprehensive education to youth that instills the knowledge that what they post on the internet can live there forever. 
Social media companies should have more built-in restrictions for youth accounts. 
Get parents and guardians more involved in regulating and monitoring social media. 
Create an age threshold one has to meet before having social media accounts.




SUBSCRIBE: GET THE MORNING HEADLINES DELIVERED TO YOUR INBOX.",https://kentuckylantern.com/wp-content/uploads/2026/04/IMG_5524-1024x768.jpg,,,2026-07-06 05:57:44.339320
,Rhode Island Current,2026-07-06 09:30:43+00:00,Rhode Island Current,Rhode Island is about to send millions of dollars to Washington. Here’s why.,Jorge Elorza,,,,,https://rhodeislandcurrent.com/2026/07/06/rhode-island-is-about-to-send-millions-of-dollars-to-washington-heres-why/,"At a time when Rhode Island leaders are constantly searching for new resources, the state is on the verge of sending hundreds of millions of dollars out of Rhode Island and into the federal treasury. The money in question comes from a new federal scholarship tax credit program that Congress recently enacted. The program gives […]","North Smithfield High School students listen to oral arguments heard by Rhode Island Supreme Court justices during their visit to the school's auditorium on Thursday, April 2, 2026. (Photo by Ethan Shorey/Rhode Island Current)At a time when Rhode Island leaders are constantly searching for new resources, the state is on the verge of sending hundreds of millions of dollars out of Rhode Island and into the federal treasury.
The money in question comes from a new federal scholarship tax credit program that Congress recently enacted. The program gives taxpayers a simple choice: instead of sending up to $1,700 of their federal tax liability to Washington, they may redirect those funds to nonprofit organizations in Rhode Island that support K-12 students.
Those organizations can fund tutoring, special education services, summer enrichment, after-school programs, and scholarships. Students attending district schools, charter schools, private schools, and other educational settings can benefit. The program does not require Rhode Island to spend a single additional state tax dollar. It does not reduce state education funding. It simply creates a mechanism through which over $285 million in federal tax dollars that would otherwise go to Washington can instead support students here at home.
Yet rather than embrace this opportunity, Rhode Island’s political leadership has moved in the opposite direction. The General Assembly recently passed legislation making it harder to opt the state into the program. Gov. Dan McKee inexplicably signed the legislation even though it stripped him of his power. McKee’s main Democratic challenger, Helena Foulkes, went even further; she announced that as governor, she would opt out altogether and allow the money to go to Washington.
Think about what that means. If Rhode Island opts in, students can benefit. If Rhode Island opts out, the money does not remain available for public education. It simply goes to the U.S. Treasury. The practical consequence of Rhode Island leaders’ decisions is that our students will find it harder to access the additional educational support they need. 
Why would Democrats take positions that make so little sense to the average voter? The answer is that they are not primarily responding to average voters, they are responding to the demands of the teachers unions. The cost of disappointing families is diffuse whereas the cost of crossing teachers unions is immediate. It is politically safer to disappoint families than to challenge one of the party’s most powerful interest groups. And so, Democrats fall in line.
Throughout this debate, teachers unions have described the federal scholarship tax credit as a “voucher” program. That characterization is misleading. The truth is that the program does not reduce public education funding by a single dollar. Yes, the program allows individuals to contribute private dollars to provide scholarships to kids for private school tuition; it also allows for individuals to give to a wide range of supports that will benefit students attending traditional public schools. The program would constitute millions of new dollars going towards K-12 education and public school students stand to be its biggest beneficiaries. Nonetheless, teachers unions have opposed it because the money would flow directly to nonprofit organizations, not to the traditional school districts where they work. 



Quotation







Why would Democrats take positions that make so little sense to the average voter? The answer is that they are not primarily responding to average voters, they are responding to the demands of the teachers unions.


None of this is to suggest that teachers unions should not advocate for their interests. They should, just as business associations advocate for businesses and environmental groups advocate for environmental causes. The problem begins when elected officials stop distinguishing between the interests of an organized group and the public interest itself. In Rhode Island, that line has collapsed. Rhode Island Senate President Valarie Lawson, an East Providence Democrat, is also the president of one of the state’s largest teachers unions. The same person. The most powerful figure in one chamber of the legislature simultaneously collects a six-figure salary from the most influential interest group in education. One need not question anyone’s motives to recognize the problem. 
The state’s treatment of the federal scholarship tax credit is merely the latest example of an education agenda increasingly defined not by the needs of kids, but by the interests of teachers unions: a moratorium on charter school growth, greater job protections for teachers, and more money for more of the same. Meanwhile, student outcomes remain alarming.
In Providence, only 3.8% of 12th graders at traditional schools can do math at grade level. Consider what that number would mean anywhere else. If only 3.8% of fires were successfully extinguished, we would demand fundamental change. In education however, the response is often the same: more money, fewer alternatives, less accountability, and more consideration for the existing system than for the children trapped within it.
The federal scholarship tax credit represents one of the largest new opportunities for K-12 education funding in years. Reasonable people can debate its design, its safeguards, and how scholarship-granting organizations should be regulated. Reasonable people can also disagree on whether they wish to support private school education. Those are legitimate policy debates, but they are not the choice facing Rhode Island. The choice is whether to create an opportunity to keep hundreds of millions of dollars to help kids here at home or to send those resources to Washington instead.
Why should Rhode Island students lose access to tutoring, special education services, summer enrichment, SAT preparation, and scholarships? Rhode Islanders deserve an answer. Until a convincing answer is offered, our leaders should reconsider the positions they have taken. 
SUBSCRIBE: GET THE MORNING HEADLINES DELIVERED TO YOUR INBOX.",https://rhodeislandcurrent.com/wp-content/uploads/2026/07/students-listen-1024x711.jpg,,,2026-07-06 05:57:44.339320
,Kentucky Lantern,2026-07-06 09:30:35+00:00,Kentucky Lantern,"Editor’s Notebook: Civics centers, audits, lawsuits. The usual education drama",Linda Blackford,,,,,https://kentuckylantern.com/2026/07/06/editors-notebook-civics-centers-audits-lawsuits-the-usual-education-drama/,"As usual, political shenanigans around education are a bipartisan game, fun for everyone except those most affected, our kids, be they little tykes or college students. The past couple of weeks in Kentucky are nothing new. Consider the following: -Auditor Allison Ball announced her completed audit of the Jefferson County Public Schools, and I could […]","Students arrive at Carter Traditional Elementary School in Louisville in January 2022. (Getty Images)As usual, political shenanigans around education are a bipartisan game, fun for everyone except those most affected, our kids, be they little tykes or college students. The past couple of weeks in Kentucky are nothing new. Consider the following:
-Auditor Allison Ball announced her completed audit of the Jefferson County Public Schools, and I could think of nothing but that Peggy Lee classic “Is That All There Is?” sung in Lee’s throaty, world-weary voice.
The problems afflicting JCPS are not the wild politics, apparently, but “poor communication,” a lack of planning, and of course, everyone’s favorite bugbear, DEI. Amazing though it may seem, a school district of more than 94,000 students – bigger than most Kentucky cities – might indeed have communication problems. And with 65 percent students of color, one might imagine that diversity issues could come to the forefront. 
Ball also noted that expenses exceeded revenues, which is not too surprising, when the state’s funding formula has been flat or declining for years. I guess the expenses were not full of waste, fraud and abuse or she would have pointed that out.
Let’s hope she can do a better job with the long-awaited examination of Fayette County, which does seem to have real financial problems to worry about.
-Speaking of Fayette, I cannot pretend to understand what is now happening in that benighted district, but it seems fairly clear that Demetrus Liggins is not leaving without a fight. Or a big payout, which the district can surely not afford. The blame goes far, wide and back in time, and all I can do is re-up an idea I had about a year ago, which is that everyone in the top layer needs to go, so the district can start fresh. Our students deserve better than this comic-drama soap opera.
-Now over to higher education, where the University of Kentucky Board of Trustees decided they had been just a wee bit hasty in voting to give away their power, along with that of the faculty and staff. They voted to bring back their ability to approve dean appointments after Gov. Andy Beshear voiced his displeasure with the recent hiring of Judge Gregory Van Tatenhove, a Republican who apparently hangs out with GOP megadonor Joe Craft, as dean of the UK Rosenberg College of Law. Nice of the trustees, of course, to change course like that, but it would be nicer if the board would also revisit their vote to blow up shared governance at the university. Something they voted on with little discussion and what looked like great enthusiasm.
Incidentally, the UK law school was in the news last week, when Lantern reporter McKenna Horsley noted that a big Senate bill to remake the JCPS school board contained the last-minute addition of a Center of American Civics to be placed at the law school. No one took credit for this mysterious entry, even though it has been a favorite ALEC bill of Republican legislatures for a few years.
I have a prediction based on years of intertwined observation and cynicism: the new center gets funded by a random GOP megadonor, and Tatenhove gets all the credit so his backers can point out what a great fundraiser he is. It could even be named for Mitch McConnell in his last year in office. But then again, this dream scenario probably depends on how much big donors are getting squeezed to pay the going rate for basketball players. Priorities, priorities.",https://kentuckylantern.com/wp-content/uploads/2023/02/GettyImages-1237957061.jpg,,,2026-07-06 05:57:44.339320
,Nebraska Examiner,2026-07-06 09:30:30+00:00,Nebraska Examiner,"Omaha port authority, backed by $30M state grant, amasses property for ‘innovation district’",Cindy Gonzalez,,,,,https://nebraskaexaminer.com/2026/07/06/omaha-port-authority-backed-by-30m-state-grant-amasses-property-for-innovation-district/,"OMAHA — Signage went up last week, heralding progress on a signature project of the Omaha Inland Port Authority.  The first phase of the port authority’s “innovation district” — an initiative seeded with a $30 million state grant — now has a home. It’s poised to sprout within a roughly 12-block area southeast of 30th […]","At the site of the first phase of an ""innovation district"" to be developed by the Omaha Inland Port Authority near 30th Street and Ames Avenue is Garry Clark, OIPA executive director. OIPA estimates its initial investment at roughly $30 million, the same amount as a state grant it received to help fund the venture. (Cindy Gonzalez/Nebraska Examiner)OMAHA — Signage went up last week, heralding progress on a signature project of the Omaha Inland Port Authority. 
The first phase of the port authority’s “innovation district” — an initiative seeded with a $30 million state grant — now has a home. It’s poised to sprout within a roughly 12-block area southeast of 30th Street and Ames Avenue, near one of the busiest intersections of one of Nebraska’s most disinvested communities.
Representatives of the Omaha Inland Port Authority and Omaha City Council take a photo of the newly planted sign at the “innovation district” first phase near 30th Street and Ames Avenue. (Courtesy of OIPA)
“This time it’s different,” reads a two-sided sign about 10 feet tall along Ames Avenue just west of North Freeway on and off ramps. “OIPA Innovation District, Building Economic Liberation Together.”
The goal is to develop a job-producing, economy-revving hub that supports entrepreneurship and innovative industries, all in an environment that reflects community culture and art. 
 ‘Creative construction’ component

As envisioned, a focal point will be a “creative construction campus” that houses businesses, researchers and training programs specializing in 3-D print, modular and other cutting-edge homebuilding and construction techniques. 
Up to 150 apartments are to rise on or around the tract, many likely produced with the help of local emerging housing developers and those working at the construction campus. 
 

What is an Inland Port Authority?
Look past the literal association with coastal docks and maritime trade, says an explainer on the Omaha Inland Port Authority web site. At its core, the entity said, the OIPA is a legal and economic tool.
The Nebraska Legislature passed a 2021 law authorizing up to five inland port districts across the state to spur large-scale industrial and economic development. Local governments must approve, and the Omaha City Council gave a green light for the district in 2024.
Modern powers of the quasi-government entities include bond and financing abilities, land acquisition and development.
Omaha’s “dry” inland port district includes about 3,000 acres in north and east Omaha. The OIPA reports about 6,800 people within those boundaries and an average per capita income of $22,643. Of the area’s 2,333 housing units, it said 42% are owner-occupied; 44% are rented and 14% are vacant.
Other Nebraska port authorities are in Fremont/Dodge County; South Sioux City; Lincoln County and Bellevue.



The port authority plans to establish its headquarters on the grounds, too, perhaps in a 100,000-square-foot multi-purpose facility that a consultant’s report recommended for the district. Staff plans to recruit commercial and nonprofit tenants that fit an emphasis on manufacturing, housing, media and entertainment, financial and ag technology. 
To date, the port authority has spent nearly $5 million amassing roughly six acres of mostly vacant land in that pocket from willing sellers, and more is anticipated, executive director Garry Clark told the Examiner during a recent site tour. 
The hope, he said, is that private business and development also are drawn to be part of the activity and will fill in open spaces. He said much of the first phase area, generally bounded by 28th, 30th, Sprague Street and Ames Avenue, has been rather dormant for years.
“We want to be a catalyst,” Clark said. “This area can be a transformative hub and a place people come to enjoy themselves. You’re going to see housing. R&D for creative construction. Education partners. Anchor tenants that will make it financially viable for us to develop this space.” 
He pointed to what could be the main entrance, and imagined a mini version of downtown Omaha’s Gene Leahy Mall, a green space where people congregate and art is displayed.
As Clark hits his one-year anniversary as head of the port authority, he counts progress of the innovation district as a milestone. The Omaha port authority board was established in 2024; he was hired in July 2025.
Since his start, Clark has worked alongside HR&A Advisors, a consultant the port authority hired to create a business plan and road map for the innovation district initiative. Legislative Bill 164, approved in 2024, transferred $30 million in pandemic recovery funds to the port authority to create and operate the innovation district.
HR&A’s initial $546,000 consulting contract is now followed up by a recently-approved $475,000 agreement to help implement the strategy.
 A mayor, a lawmaker, community meetup

On Tuesday, Clark plans to provide an update of progress on the new district as well as overall port authority operations. Expected to speak also at the 9:30 a.m. community meeting at 28th and Ames Avenues are Omaha Mayor John Ewing Jr. and state Sen. Terrell McKinney, who helped push enabling legislation and also chairs the port authority board. 
Clark cited other port authority highlights of the past year: 

“Rounding out” the port authority’s management team to six. Two most recent hires are Manne Cook as senior director of planning and innovation and Yolanda Williams as business operations manager. Both are North Omaha natives.
Launching an “impact fund,” which provides grants, loans and financing to businesses operating within port authority boundaries. Grants ranging from $2,500-$50,000 are available, depending on the enterprise and purpose.
Firming up statutory language related to the port authority’s power to sell “conduit” bonds. The financing mechanism is expected to open the door for more development.
Working with the Omaha Economic Development Corp.-led development team on an airport area business park project (separate from the innovation district) that received a $90 million state grant. Nebraska lawmakers assigned oversight of that grant to the port authority. Earlier this week, the OEDC team announced its first anchor tenant in what is to be a multiple-site industrial-focused business park project in northeast Omaha. 

Because the business park venture ran into fierce opposition early on when some area residents learned their homes were in the way of development, the port authority has been careful with the innovation district to prioritize community input and avoid appearance of forced acquisition. 
While the innovation district is still in its infancy, Clark said the effort “picked up steam” since the port authority gained control over the past few months of roughly two dozen parcels. That allows staff to secure agreements with key tenants.
Among about two dozen parcels purchased so far by the Omaha Inland Port Authority for the innovation district is an old church along Ames Avenue near 28th Street. (Cindy Gonzalez/Nebraska Examiner)
Included in the property purchases was an older church and empty lots where houses once stood. The port authority also bought a sizable spot where a trucking and transportation business operates, and will continue to lease to the occupants as a district revenue producer.
Some established businesses remain in the 12-block area. Clark said the port authority has not attempted to buy every property, noting an “anti-displacement” priority. 
While overall investment is yet to be determined, he said the port authority estimates its contribution for the first phase at about $30 million. Clark anticipates site activity within a year and newly constructed buildings opening by 2029.
To financially pull off the effort, the consultant analysis notes a need for public incentives such as tax-increment financing and low-income housing tax credits. 
“Bringing the vision of the innovation district to life will require partnerships between OIPA and the city, state, developers, funders/philanthropy, nonprofits and other actors,” HR&A reported in a 104-page “vision and business plan” fueled by several public input sessions.
 Bud Crawford builds nearby

A future phase, Clark said, will play out near North 16th and Locust Streets and focus on additional housing. 
Required under the innovation district law are 170 housing units, at least 20 of them single family houses. Port authority board members have said they’d like to see even more.
Planned to rise west of the innovation district is Terence “Bud” Crawford’s proposed B&B Sports Academy, which port authority officials foresee to be another catalyst for redevelopment of the North Omaha area. (Courtesy of Leo A Daly)
To Cook, the words on the new innovation district sign — “this time it’s different” — foretell a positive outcome, different from other past plans for North Omaha that fizzled. 
“We have the ability to enact the plans we put forth,” he said. “It means something different when you have the resources.”
The port authority, as a quasi-governmental development entity, has power to issue and sell revenue bonds to help fund construction. Representatives have said they will pursue federal and other operating income as well. Their goal is to be self-sustaining through property management, leases and partnerships. 
Of the innovation district, Cook said the creative construction campus has potential as a revenue producer, not only by honing production techniques but by exporting products.
He believes a key to community participation is providing green spaces, perhaps a trail and people-drawing retailers such as record, coffee and art shops. 
“We want to build this alongside the community,” said Cook. “Everyone is invited to play a part in some form or fashion.”
Omaha City Councilwoman LaVonya Goodwin speaks prior to a tour of the innovation district site. (Courtesy of OIPA)
He and Clark said the venture should be enhanced by a nearly 90,000-square-foot athletic facility planned nearby, west of 30th Street between Sprague and Taylor Streets. That new B&B Sports Academy, to include multiple sports courts, is a project of Omaha-born boxing legend Terence “Bud” Crawford.
Thomas Warren, chief of staff to Mayor Ewing and also a port authority board member, said the team has been “very deliberate” in investing state funds.
As a native North Omahan, Warren expects the innovation district and other projects within the broader 3,000-acre port authority boundaries to lift neighborhoods investors have abandoned. 
Warren said the port authority has established a foundation, and has taken “key first steps.”
“These things take time and we want to make sure we got it right,” he said. “With this opportunity, hopefully you will see things change for the better.”
 
Within the 12-block area where the innovation district is to sprout is an expansive structure currently not owned by the Omaha Inland Port Authority. Garry Clark, executive director, said the plan is to either build or repurpose a facility of about 100,000-square-feet for innovation and multi-use space. (Cindy Gonzalez/Nebraska Examiner)
SUBSCRIBE: GET THE MORNING HEADLINES DELIVERED TO YOUR INBOX.",https://nebraskaexaminer.com/wp-content/uploads/2026/07/IMG_8500-1024x768.jpg,,,2026-07-06 05:57:44.339320
,Kentucky Lantern,2026-07-06 09:30:17+00:00,Kentucky Lantern,Beshear appoints two longtime supporters to UK Board of Trustees,Tom Loftus,,,,,https://kentuckylantern.com/2026/07/06/beshear-appoints-two-longtime-supporters-to-uk-board-of-trustees/,FRANKFORT – Gov. Andy Beshear has filled two vacancies on the University of Kentucky Board of Trustees with longtime supporters as he works to exercise  more control over the direction of the state’s flagship university. In an executive order filed June 26  – and effective July 1 – Beshear appointed Ruth Cecelia Day as an […],"Gov. Andy Beshear on May 12, 2026. (Kentucky Lantern photo by Sarah Ladd) FRANKFORT – Gov. Andy Beshear has filled two vacancies on the University of Kentucky Board of Trustees with longtime supporters as he works to exercise  more control over the direction of the state’s flagship university.
In an executive order filed June 26  – and effective July 1 – Beshear appointed Ruth Cecelia Day as an alumni representative on the board, replacing Paula Leach Pope whose term has expired. He also appointed Mitchel Denham, to replace longtime trustee Robert Vance.
Day served as state government’s chief information officer from the start of the Beshear administration until the end of 2024 when she retired.
Day, who calls both Madisonville and Jacksonville Beach, Florida home, is a certified public accountant and a graduate of UK’s Gatton College of Business and Economics. Before joining the Beshear administration, Day worked 29 years in financial management positions for Landstar System Inc., a transportation services corporation based in Jacksonville.
Like most Beshear appointees to the UK board, she has been a massive donor to Beshear’s political causes. Kentucky Lantern’s analysis of online campaign finance records shows Day and her late husband James Martin, gave $153,200 to Beshear’s campaigns and political committees supporting his campaigns.
Day told Kentucky Lantern in a brief phone interview that she was honored by the appointment and did not believe political contributions had any effect on Beshear’s decision.
Both Day and Denham were appointed to terms that expire June 30, 2032.
A native of Maysville, Denham is a graduate of the UK College of Law and a former assistant deputy Kentucky attorney general who currently works in the Louisville office of McBrayer PLLC.
While working in the private sector in recent years, Denham has maintained some ties to Beshear and the Kentucky Democratic Party. He is the treasurer, agent and a director for the Beshear non-profit First Saturday in May, which manages the governor’s Kentucky Derby festivities. And in 2023, Denham represented the Kentucky Democratic Party in discussions with campaign finance regulators after London Mayor Randall Weddle admitted to making numerous excess donations to the party.
Denham is also a donor to Beshear, having made $22,251 in contributions to Beshear political causes since 2018, online contribution data sources show.
As Beshear blasts politics at UK, he continues to appoint big donors to UK board

In response to a voicemail from Kentucky Lantern Denham released a statement saying he was “honored and grateful” for the appointment.
Last month, the Kentucky Lantern reported that Beshear’s 16 appointees to the UK board had contributed nearly $1.7 million to his various political committees since 2013. Now, the 18 appointees have contributed more than $1.84 million.
The UK board has 20 voting members, 13 of them directly appointed by the governor. Denham is one of these direct appointments.
The governor also appoints three alumni members, but must choose one of the three top vote getters in an election overseen by the alumni association. Day finished second in the alumni election and was one of the three names Beshear could consider for the appointment to the alumni member term.
Two board members are chosen by the faculty, one by the staff, and the student body president serves on the board to represent students
The appointments are a key step by Beshear who, in a surprising social media post in April, said he was losing confidence in UK’s leadership under President Eli Capilouto because of two particular actions – the creation of an ill-defined job for retiring Athletics Director Mitch Barnhart that paid $1 million a year, and the appointment of U.S. District Judge Gregory Van Tatenhove as dean of the law school without full approval of the school’s faculty.
Beshear said he was worried that these decisions were “related to certain donors pushing partisan and undue influence on the university.”
Since then, Barnhart has stepped away from the new job, but Capilouto has stood firm behind Van Tatenhove’s appointment, saying that under governance changes made in 2024 the UK Board of Trustees no longer must approve any appointment of the law school dean. 
Beshear said later at a press conference, “I’m going to take a real close look at the board of trustees to make sure we’re getting real strong oversight, and they should absolutely walk back what’s claimed to be the 2024 action that moved these decisions to the president.”
Last week the board voted to restore the dean-appointing authority to the board, an action that does not affect Van Tatenhove’s appointment but will apply to future appointments of deans, the Herald-Leader reported.
Day and Denham are two of four new members to the board. Nick Pace, of Louisville, the new student body president, has recently joined as the board’s student member. And Nathan Vanderford, an associate professor of toxicology and cancer biology in the College of Medicine, was recently elected to be one of the two faculty members of the board.
Beshear is expected to name a replacement soon for longtime trustee Ron Geoghegan, whose term expired on June 30.
SUBSCRIBE: GET THE MORNING HEADLINES DELIVERED TO YOUR INBOX.",https://kentuckylantern.com/wp-content/uploads/2026/05/IMG_5442-1024x683.jpg,,,2026-07-06 05:57:44.339320
,Virginia Mercury,2026-07-06 09:28:37+00:00,Virginia Mercury,How Virginia became the world’s data center capital and how it’s going,"Nathaniel Cline, Shannon Heckt",,,,,https://virginiamercury.com/2026/07/06/how-virginia-became-the-worlds-data-center-capital-and-how-its-going/,"Demand for internet access and electronic storage has grown alongside digital technology itself. At the center of that growth are the energy infrastructure and data centers that governments and companies began developing in Northern Virginia in the late 20th century. Today, the region houses the world’s largest concentration of data centers, making Virginia[...]","A view of a data center in Loudoun County. (Photo courtesy of Karen Graham/Loudoun Times-Mirror)Demand for internet access and electronic storage has grown alongside digital technology itself. At the center of that growth are the energy infrastructure and data centers that governments and companies began developing in Northern Virginia in the late 20th century. Today, the region houses the world’s largest concentration of data centers, making Virginia the nation’s digital capital.
That growth has brought major economic benefits for local governments, but it has also divided communities increasingly weary of the facilities’ heavy demands on water and energy, among other impacts.
The commonwealth’s rise as a global digital leader did not happen overnight, said House Technology Committee Chair Cliff Hayes, D-Chesapeake. It was a result of years of persistence, long-term planning and problem-solving.
”This designation for the commonwealth to be the digital capital not only of this country but of the world has taken a lot of stamina, resilience and vision,” Hayes said.
Hayes said leadership also means adapting to new challenges. This year alone, lawmakers passed an entire package of bills aimed at further regulating the industry, while the fight over tax incentives remains largely unsolved.
A view of a data center in Loudoun County next to Chick Ford & Ryan Bickel Fields. (Photo courtesy of Karen Graham/Loudoun Times-Mirror)
 AOL’s move 

Ashburn’s rise as one of the largest digital infrastructure hubs began in 1997 with the arrival of America Online, or AOL, then the primary internet gateway for many users. Soon after, UUNet/WorldCom and the relocation of the Metropolitan Area Ethernet East, a major internet exchange and traffic hub, helped create unmatched fiber connectivity, turning Loudoun County into a key internet crossroads and destination for other businesses.
Buddy Rizer, executive director for Loudoun County Economic Development, said AOL’s decision to locate in Loudoun helped make the internet mainstream for Americans and anchored the infrastructure that turned Loudoun and Virginia into the world’s leading internet hub.
“You can’t overstate the importance of AOL, right? AOL didn’t invent the internet, but they made it accessible to ordinary Americans at the moment that the commercial internet was starting to take off… by the late 1990s AOL had 20 million subscribers, and roughly half of U.S. homes that had internet were using AOL by 1997.”
Rizer said once Loudoun established core infrastructure and attracted a few anchor companies, growth became compounding: infrastructure drew companies, companies brought more infrastructure and the cycle continued for roughly 20 years.
 Data storage and computing explodes 

While data centers have existed in Virginia for decades, the recent rise of artificial intelligence has accelerated demand for the warehouse-like facilities that store and process data around the world. 
Ali Mehrizi-Sani, a professor at Virginia Tech, said Northern Virginia had many of the right ingredients to attract the industry even before the state sales and use tax exemption passed in 2008.
“The fact is that we have a lot of customers of data, and that’s really the federal government and their contractors,” Mehrizi-Sani said. “They use a lot of data, so really just proximity to Washington, D.C. has been a main driver of honestly everything in Virginia, including data centers.”
The early development of the internet exchange points in Virginia, combined with large stretches of undeveloped land in Northern Virginia, also helped fuel the industry’s growth. Loudoun County, for example, was far more rural than it is today.
Loudoun recorded 71 operating data centers, the most of any locality in the commonwealth, according to a 2024 study by the Joint Legislative Audit and Review Commission. Statewide, 131 data centers were operating at the time. 
A home in Loudoun County, VA next to a data center. (Photo courtesy Karan Graham at Loudoun Times-Mirror)
“That’s why you see data centers are coming further south, even to areas like where I live in Roanoke and Botetourt County, essentially in search of land,” Mehrizi-Sani said.
He said data centers have also remained in Virginia because electricity rates are comparatively lower than in other parts of the country. Another major factor is the state’s sales and use tax exemption.
 Tax breaks and tax gains

In Loudoun, data center revenue has generated substantial tax income year after year, providing the county with more than $100 million annually to support schools and government services. 

The revenue stream — estimated at about $890 million in 2018 — has grown enough that the county has reduced real estate tax rates for homeowners every year for the past decade, according to county officials. 
Revenue from data centers has also allowed county leaders to propose reducing the personal property tax rate on vehicles beginning in tax year 2026 and eliminating the $25 vehicle license fee.
In 2008, the General Assembly approved a statewide incentive allowing data centers to avoid the state’s 5.3% sales and use tax, which at the time was estimated to save the industry about $1.5 million annually. Data centers routinely refresh computer equipment and software, the exemption can significantly reduce costs every few years. 
Now, however, the cost of the tax break has ballooned to about $1.9 billion annually in foregone state revenue. 
While the tax break had previously been extended, and former Gov. Glenn Youngkin sought to continue it through 2050 in his final budget proposal, debate over potentially ending the incentive led to months of negotiations and brought Virginia to the brink of a government shutdown after lawmakers failed to pass a budget until the final days of June.
Some lawmakers argued the industry had benefitted enough from the tax exemption. At the same time, concerns over rising energy costs and environmental impacts prompted legislators to look for ways to reclaim some revenue from the trillion dollar industry.
But Gov. Abigail Spanberger led the push to preserve the tax break, arguing Virginia had “made an agreement” and should not reverse course. The exemption is currently set to expire in 2035 unless lawmakers change it before then.
“We know technology is not bad,” Senate Finance Committee Chair Louise Lucas, D-Portsmouth, said last month. “We all can benefit from technology, but we, as a government, have not done a good job in managing the regulations and the impact on our communities, and that’s what we’ve got to rein in. But we’ve also got to reign in the fact that data centers – they’re some of the largest corporations on the face of the Earth, trillion dollar organizations – are getting tax exemptions right now.”
While the exemption ultimately remained in the budget, lawmakers approved a new energy consumption tax on data centers expected to bring in a total of $600 million annually, or $1.2 billion over the biennium. The industry will pay 1.1 cents per kilowatt-hour of electricity consumed up to the cap, with any excess refunded at the end of the fiscal year.
A view of a data center in Loudoun County. (Photo courtesy of Karen Graham/Loudoun Times-Mirror)
Dominion Energy and Mecklenburg, Northern Virginia, and Rappahannock electric cooperatives reported in 2023 that data centers used about 5,050 megawatts of power that year, based on peak-load forecasts, according to the Joint Legislative Audit and Review Commission.
“What I have found is that some of the businesses coming to our commonwealth, they want to make investments in our communities and in our workforce. The consumption tax, as we’ve conceived of it here in the commonwealth, is one that’s based on fairness,” Spanberger told The Mercury last month. 
Lawmakers also approved new water use regulations for data centers in areas designated as water scarce and within the water management area east of Interstate 95.
Virginia has a new two-year budget. Here’s what lawmakers now require of data centers.

The changes aim to push facilities away from evaporative cooling systems that consume millions of gallons of water annually and toward more efficient technologies. Also, for the first time, the state will regulate data center noise levels. 
The General Assembly also passed bills requiring cleaner backup generators that emit fewer carbon emissions and measures intended to help localities better assess the residential and environmental impacts of proposed facilities.
 Public policy 

In 2010, Virginia created a retail and sales tax exemption for data centers, a factor companies have consistently identified as important in site selection.
Loudoun designated large areas for industrial and employment uses where data centers could be built, helping reduce development timelines and support continued growth. 
Through successive comprehensive plans, Loudoun also reserved large tracts of land in eastern Loudoun — near Washington Dulles International Airport and the W&OD Trail — for industrial and employment uses close to existing fiber networks and electrical infrastructure. The move ensured a long-term supply of development-ready sites for large-scale data center campuses.
Opposition from residents has grown in recent years, with hundreds of community members attending local government meetings to oppose projects near homes, drinking water supplies and high-voltage transmission lines. Residents have urged lawmakers to impose stronger regulations and seek greater financial contributions from the industry for supporting infrastructure.
 What’s next 

Last week, lawmakers ordered a work group to study how the data center tax exemption could be phased out or modified to generate additional state revenue. A report is due in November.
While Spanberger has described the new consumption tax as “fair,” the data center industry disagrees. After lawmakers approved the budget amendments last week, Data Center Coalition CEO Josh Levi said the new tax will “drive away investment and job creation, and tarnish Virginia’s reputation.”
“The message to businesses in all industries is clear — Virginia is no longer a reliable partner,” Levi said in a June statement.
A view of a data center in Loudoun County between the fences and trees in a residential area. (Photo courtesy of Karen Graham/Loudoun Times-Mirror)
Rizer argued that Loudoun’s and Virginia’s future depends on treating data centers as a foundation for broader technology growth while maintaining a stable and predictable business climate. 
“You can’t take success for granted … the principle that made us successful is a predictable, welcoming environment with predictable tax and policy issues,” Rizer said. “The only way that that success can go into the future is by staying grounded in those principles that brought us this far.”
As for federal involvement in an issue that has become a national flashpoint, Democratic U.S. Sen. Tim Kaine of Virginia, who was governor when the tax exemption passed, said states should decide individually how to manage data center growth rather than adopt a one-size-fits-all approach.
“(Data centers are a) global phenomenon, and being a leader in this important area is good for America’s national security and for Virginia’s economy,” Kaine said. “But there are real challenges when it comes to water, power and land use, so local communities must get a say when it comes to how to handle them.”
Virginia has become the state that many others are watching as they weigh to and regulate the growing data center industry. Lawmakers now face balancing the promise of economic investment with mounting concerns from residents pushing back against continued expansion.
SUPPORT: YOU MAKE OUR WORK POSSIBLE",https://virginiamercury.com/wp-content/uploads/2026/07/IMG_7214-1024x794.jpeg,,,2026-07-06 05:57:44.339320
,Virginia Mercury,2026-07-06 09:26:12+00:00,Virginia Mercury,"Affordability, jobs, election integrity take center stage in Va.’s 7th Congressional District race",Nathaniel Cline,,,,,https://virginiamercury.com/2026/07/06/affordability-jobs-election-integrity-take-center-stage-in-va-s-7th-congressional-district-race/,"Two years after a close election, voters in Virginia’s 7th Congressional District are considering plans from Democratic incumbent U.S. Rep. Eugene Vindman and three Republican challengers to lower costs, improve affordability and protect jobs. The competitive district includes Prince William County and parts of Stafford and Spotsylvania counties. Nearly 400,[...]","In the 7th District, incumbent Democratic U.S. Rep. Eugene Vindman faces three Republican challengers.  On Aug. 4, voters will select which Republican will go head-to-head with Vindman this fall. (Photo by Markus Schmidt/Virginia Mercury)Two years after a close election, voters in Virginia’s 7th Congressional District are considering plans from Democratic incumbent U.S. Rep. Eugene Vindman and three Republican challengers to lower costs, improve affordability and protect jobs.
The competitive district includes Prince William County and parts of Stafford and Spotsylvania counties. Nearly 400,000 residents voted in the 2024 U.S. House election, which Vindman won by three points over Republican Derrick Anderson.
After the state Supreme Court overturned the results of a high-stakes redistricting referendum, several District 7 candidates withdrew from the contest. Four remain, including Vindman, who is running unopposed in the Democratic primary. 
All the contenders support policies to promote economic growth, job creation, veterans, the military, domestic manufacturing, and government reform, but each offers a different vision for the district’s future.
A map of Virginia’s 7th Congressional District. (Photo courtesy of the Virginia Public Access Project)
 Affordability and cost of living concerns

The rising cost of living in the district remains a common concern for voters, with childcare, healthcare, housing and insurance straining budgets. Housing affordability has emerged as a major challenge in Prince William, Stafford, and Spotsylvania and other communities.
In the race for the Republican nomination, Rick Smithers, a pastor and construction company owner, said the biggest issue in his district now is “the growing financial pressure on working families.” 
To address that, he would prioritize reducing federal spending, supporting small businesses and energy production, cutting regulations, and investing in infrastructure.
“My goal is simple: to make it easier for families to succeed, keep more of what they earn, and ensure that future generations can achieve the American Dream,” Smithers said in a statement.
Philip Harding, an entrepreneur and business executive, sees affordability as an economic growth and business issue.
“I think people are ready for some common sense,” Harding told 29 News. “We need a businessman who knows how to get in there and solve problems.”

Douglas Ollivant, a retired Army officer, told WWBT more broadly that the district needs “more jobs, better jobs” when considering the district’s challenges.
Vindman, the only Democrat in the race, has proposed legislation to lower utility costs and grocery prices.

More coverage: 2026 primary races
• Wittman seeks to keep 1st District seat, as Democratic challengers face crowded primary
• Luria to face Democratic challengers before a potential rematch with Kiggans in 2nd District
• McGuire faces primary test as Democrats eye more competitive 5th District race


 Federal spending and government efficiency

In District 7, shifts in federal government spending have reverberated across employment, contracting, veterans’ and transportation services, and the district’s economy. 
Funding and programming cuts launched at the start of President Donald Trump’s second term have had an outsized impact in the district, largely because many federal workers lived in the district, according to 2024 data collected by the U.S. Office of Personnel Management. 
In 2024, the office reported that over 147,000 federal workers lived in the commonwealth, 13% in the district. The total does not include contractors. Federal government shutdowns, workforce reductions and agency relocations have also had an impact.
Harding told Charlottesville’s WVIR his business experience would help improve government operations. His ideas include applying private-sector management, reducing bureaucracy, improving efficiency and making government more responsive.
At a candidate’s forum on June 17, Smithers argued that government efficiency depends on federal policies that do not create unnecessary costs for taxpayers. He said lawmakers should prioritize taxpayers before subsidizing or encouraging large corporate developments that increase infrastructure demands.
“Every district is facing issues that we all have in common,” Smithers said. “So it’s my desire to win a seat, get into office and do something good for people.”
At the same forum, Ollivant said, “We need more jobs, better jobs. We need to fix our food system. We need more power in the grid. Lots of problems that need to be fixed.”
Instead of advocating for spending cuts, Vindman has argued that Congress should focus on efficient use of taxpayer dollars while maintaining investments in infrastructure, defense readiness, agriculture, and constituent services.
 Protecting democracy

Concerns about democratic institutions, election integrity, political extremism, and government accountability remain relevant in rural areas of District 7. A VCU study found that the state of democracy motivates many swing voters, especially college-educated ones. 
According to recent Census data, 38.7% of district residents are college-educated.
“I believe the best way to strengthen confidence in our elections is to make it easy to vote and hard to cheat,” Ollivant said in a statement to the Mercury on his ideas to strengthen elections.
“That starts with passing the SAVE Act to ensure only U.S. citizens can vote in federal elections, requiring voter ID, maintaining accurate voter rolls, and consistently enforcing election laws.”
Vindman has argued that protecting democracy has been a central issue for voters since his first election. The incumbent told the AP in 2024 that protecting democracy includes opposing political violence and promoting government accountability and transparency.
Harding and Smithers did not immediately respond for comment.
 Transportation and infrastructure

More than 80% of the district residents commute to work, making transportation a key voter issue.
Smithers said the federal government has an important role to play in meeting the district’s transportation infrastructure needs, “but it should be focused on core infrastructure priorities rather than political projects,” he said.
Fuel costs for locals could be lowered, Smithers said, through domestic energy production and targeted infrastructure investments focused on roads, bridges, and congestion relief.
Smithers also said he would like to slow or pause data center development in the region until infrastructure can support it.
At least 131 data centers were operating in the state in 2024, according to a study by the Joint Legislative Audit and Review Commission. Virginia is also home to the largest concentration of data centers in the world. 
If elected, Smithers would prioritize legislation supporting infrastructure that serves residents and protects households from increased electricity costs associated with major industrial expansion.
Harding’s campaign to improve the business climate includes a broad focus on transportation rather than specific infrastructure projects.
Ollivant has a broader plan that includes expanding domestic manufacturing, expanding natural gas production, deploying small modular nuclear reactors, and reducing federal regulations due to increased costs and burdens on investment and job creation.
Vindman proposed the Diesel Prices Relief Act in May to temporarily suspend the federal diesel tax, reduce trucking costs, lower shipping expenses, and ease inflationary pressure on consumer goods.
Vindman has also advocated for federal transportation grants, highway improvement, freight movement, rural infrastructure and broadband access policies.
The deadline to register to vote, update registration or apply for a ballot to be mailed is on July 24. In-person early voting ends Aug. 1. 
Primary Election Day is Aug. 4 and winning candidates will face off in midterm elections this fall.
SUBSCRIBE: GET THE MORNING HEADLINES DELIVERED TO YOUR INBOX.",https://virginiamercury.com/wp-content/uploads/2025/06/IMG_1650-1024x768.jpg,,,2026-07-06 05:57:44.339320
,Virginia Mercury,2026-07-06 09:25:04+00:00,Virginia Mercury,State budget extends Virginia higher education displacement commission funding for two years,Brandi Kellam,,,,,https://virginiamercury.com/2026/07/06/state-budget-extends-virginia-higher-education-displacement-commission-funding-for-two-years/,"Funding approved by Virginia lawmakers in the new state budget paves the way for two more years of work by a commission studying Black communities’ past displacement by Virginia colleges and universities and potential forms of redress.   While final figures have not been determined, the commission — the only of its kind in the state […]","Attendees listen during the commission's June public listening session. (Photo by Marcus Ingram/Virginia Mercury)Funding approved by Virginia lawmakers in the new state budget paves the way for two more years of work by a commission studying Black communities’ past displacement by Virginia colleges and universities and potential forms of redress.  
While final figures have not been determined, the commission — the only of its kind in the state — could receive more than $300,000 over the biennium. That would mark the commission’s largest funding allocation to date. 
Across Virginia, public colleges and universities expanded into historically Black neighborhoods through urban renewal, eminent domain, property seizures and other land acquisition efforts. Families in Newport News, Norfolk, Richmond, Charlottesville, Farmville, Lexington among other localities were displaced.
Lawmakers initially allocated roughly $28,000 when the commission was created in 2024. The following year, they approved an additional $200,000. The latest funding would come from unspent money remaining after the Virginia Commission to Study Slavery  concluded its work in 2024.
Delores McQuinn, D-Richmond, chair of the commission, speaks during a public listening session focused on the displacement of Black communities by Virginia’s public colleges and universities. (Photo by Marcus Ingram/Virginia Mercury)
Commission Chair Delegate Delores McQuinn, D-Richmond, previously said additional funding would allow the uprooted commission to complete a broader scope of work.  
At the commission’s most recent general body meeting in May, she said the group’s work should transcend research and engage affected communities to ultimately produce recommendations for remedies.
“I am confident that we want to understand what went on, and then further down the road, what are the recommendations in terms of bringing about repair to some of the families that have been hurt.“
In the last year, the commission’s work has evolved to actively documenting university land acquisition, as well as gathering testimony from affected communities.
The commission contracted historian and scholar Cleve Tinsley in January to direct the project and build a research team. In June, it held its first public listening session in Richmond, where descendants and other attendees shared firsthand accounts of displacement and ideas on how to make things right.
Loretta Tillman speaks about the displacement of the Carver community during the commission’sJune public listening session. (Photo by Marcus Ingram/Virginia Mercury)
Loretta Tillman, a longtime Richmond resident, grew up in the city’s once-thriving Carver neighborhood, which was affected by the expansion of Virginia Commonwealth University’s campus. Speaking as a guest panelist, she said addressing displacement requires a holistic approach.
“It’s all connected. These people lived together, they went to church together, went to school together, and then all their stuff is just gone.”
She warned that without efforts to preserve what remains of those communities, the pattern of loss will continue.
“It’ll keep going, and then we’ll look up, and all we’ll have is stepping stones if we’re lucky.”
Teresa Guynn Hendrick, whose family remains in one of the five remaining homes in a Black community displaced by Christopher Newport University in Newport News, described the isolation that followed the loss of her community.
“It’s very sad for me to know today that my neighbors that were there in the community, which were over 100 and some homes on Prince Drew Road, are no longer there. We are trying to hold on to our property at this point in time, although the college is all surrounding us.”
Virginia’s probe into public universities’ displacement of Black neighborhoods no longer theoretical

 
Attendees at the listening session also called for financial repair, including compensation for lost property and real estate taxes, free tuition, and public commemoration of displaced families, businesses, churches and institutions.
The commission’s initial round of listening sessions is focused on four communities affected by the expansion of Virginia Commonwealth University, Christopher Newport University, University of Virginia and Longwood University.
Tinsley told commissioners in May that his team is documenting these stories at listening sessions in an effort to examine both how displacement occurred  — including through eminent domain, urban renewal, development pressures and purchases through university foundations  — and its lasting economic consequences. 
“Our task is to pursue a final report that is three-pronged; it not only engages in an interpretation of the historical moral harm, it also assesses what kind of economic impact has been affected by that,” Tinsley said.
A similar local effort underway in Newport News also expanded its public outreach this spring, holding four listening sessions with descendants, former residents and community members.
The task force, which is studying the displacement of Black families by Christopher Newport University, plans to use feedback from their listening sessions to develop recommendations for the city, university and state that could also provide a framework for repair.
Its final report is still expected this year, though it may arrive later than planned. Task force member Joni Ivey, who also serves on the state commission, told commissioners in May that testimony gathered during the sessions had extended the group’s original timeline.
The state commission has likewise indicated it needs additional time to complete its work. 
During a June update, Tinsley told commissioners his team would require at least two more years to conduct a “robust” examination of the institutions being surveyed by the state, including connecting with affected families.
McQuinn also underscored the importance of community engagement, saying the commission’s work must ensure affected residents remain actively involved.
“One of the things that we want to make sure of is that the community is engaged. (If) we do all this work and the community is not aware, then it is another piece of paper that’s put on a shelf and left there,” she said.
SUPPORT: YOU MAKE OUR WORK POSSIBLE",https://virginiamercury.com/wp-content/uploads/2026/07/Audience-June-Listening-SessionMG_0294-Credit_Marcus-Ingram-1024x683.jpg,,,2026-07-06 05:57:44.339320
,Pennsylvania Capital Star,2026-07-06 09:13:58+00:00,Pennsylvania Capital-Star,Do data centers impact our physical health? Studies are few and far between.,Whitney Downard,,,,,https://penncapital-star.com/technology-information/do-data-centers-impact-our-physical-health-studies-are-few-and-far-between/,"There research into physical health impacts related to data centers is still in its early stages, but seems comparable to other industries.","Marvell data center in Culpeper County, Virginia. Virginia has the highest concentration of data centers in the world. (Photo by Evan Visconti/Virginia Mercury)Data centers fuel the ever-growing demand for social media, artificial intelligence and streaming services, allowing people to access a plethora of entertainment options and streamline everyday tasks.  
And their numbers are growing — another 80 proposed projects cataloged by the Data Center Proposal Tracker would more than double the current 71 active sites in the commonwealth. 
An increasing number of Pennsylvanians are concerned about the resource-hungry facilities’ impact on energy prices and water consumption, but there is very little research about potential impacts to physical or public health. 
“There are still, relatively, very few studies that directly examine the health impacts of data centers themselves. Much of the evidence comes from related fields,” said Neha Gour, a PhD candidate at George Mason University. “Rapid data center expansion is happening now while the research is still emerging.” 
Neha Gour, a PhD candidate at George Mason University. (Photo from George Mason University)
Gour and two other climate and health colleagues published an analysis in February, narrowing in on Virginia’s so-called Data Center Alley, the largest concentration of data centers in the world.
They concluded that while there are “significant health and environmental challenges that demand urgent action,” there are ways to design and operate the facilities safely. 
“By prioritizing sustainability, data centers can achieve responsible growth without compromising public health,” the paper read. 
One focus was to identify ways to take health into consideration “from the very start” of projects. It listed several, specific recommendations related to site selection and energy production that could minimize any potential impacts.
“Data centers themselves are not new,” said Gour. “What has changed today is a rapid growth in both the number of data centers and the scale or size of data centers.” 
Dan Diorio, the vice president of state policy for the Data Center Coalition, called the facilities “essential digital infrastructure” that power online purchases, telehealth appointments and virtual learning. 
SUPPORT: YOU MAKE OUR WORK POSSIBLE
“At a time when the average American household has 21 connected devices, data centers enable the essential services and cutting-edge technologies that drive our economy and enhance our quality of life,” he said in a statement. 
“The data center industry will continue to work with residents, communities, and policymakers across Pennsylvania to ensure the sustainable use of water, energy, and other natural resources, while promoting the continued responsible development of this important 21st-century industry,” Diorio continued.
 From noise pollution to climate change

The most immediate and direct health impact of data centers that Gour and her colleagues identified is noise pollution. Facilities operate 24/7 at a constant hum, at decibels levels that are near or even exceed federal recommendations.
In the short term, noise disrupts sleep and annoys neighbors. Long-term risks include heart disease, permanent hearing loss and chronic stress. But Gour differentiated between solutions for existing buildings and proposals, the latter of which can simply be built further from dense populations. 
“If we’re smart about where we put new data centers, we can reduce the problem of noise pollution instead of trying to fix it later,” she said. 
Buffer zones or adding greenery between facilities and residential areas can dampen the noise, but “the most effective fix” is reducing it — for example, re-engineering fan mounts to be quieter. 
Shapiro pitches sustainability, transparency requirements for data center developers

The larger health concerns are not unique to data centers, but rather a reflection of the continued reliance on fossil fuels to meet electricity demand — thereby adding to air pollution and greenhouse gas emissions that often have negative health consequences, the paper added. 
“One of the most important points we make in our paper is that data centers should be understood within the broader energy and environmental systems in which they operate,” said Gour. “The issue is not data centers in isolation, but how their expansion interacts with existing infrastructure and energy systems.”
Factors include location, power sources, cooling factors (such as water use) and surrounding communities. Facilities located in states with a higher mix of renewable energy would have less of an impact than states that use a lot of coal or natural gas, such as Pennsylvania. 
Some data centers use air-polluting diesel generators as a backstop, a source many likely used during this weekend’s heatwave when the nation’s largest electricity grid — which includes the commonwealth — pushed large customers to use them to prevent blackouts. 
Diorio noted that prior legislative analysis from Virginia found that the use of these backup generators is “minimal,” and “rarely run for prolonged periods,” making up 7% of permitted emissions. 
Construction continues for a data center being built at the former Homer City Generating Station in Center Township, Indiana County May 14, 2026. Previously, the largest coal-burning power plant in Pennsylvania, the plant is being transformed into a natural gas-powered data center campus. (Photo by John Beale for the Pennsylvania Capital-Star)
To keep cool, the buildings use a lot of water — some more than the entire country of Denmark. Authors urged operators to reduce their consumption through targeted cooling methods and recycle water to ease pressure on drinking water supplies. 
The report from Virginia also noted  that “most (data centers) use similar or less (water) than other large commercial and industrial water users,” roughly 6.7 million gallons a year. The average home uses less than 500,000 gallons annually. 
“Collectively, the data center industry used significantly less water than other essential industries in 2025, including the agriculture, power, food and beverage, and semiconductor sectors,” said Diorio, using numbers from the Virginia analysis. 
However, the need is likely to grow as more facilities come into operation.
Local governments and state officials could make following such recommendations a requirement, even cutting off data centers during droughts. But the Pennsylvania legislature has taken a largely piecemeal approach, rather than adopting comprehensive change. Additionally, a plan to incentivize “responsible” data center operations is voluntary. 
 More transparency and community engagement

Gour, who said her next project would focus on public perceptions surrounding data centers, named community engagement and transparency as crucial components for future construction.
“One of the things we realized while writing the paper is that many of the concerns, particularly community concerns surrounding data centers, are not purely technical, they’re also about trust,” said Gour. “We felt it was important to acknowledge that many of these projects are being built in places where people live, where people work and where people are raising their families. 
“Communities often have legitimate questions about issues like noise, water use, electricity demand and land use. They’re looking for clear information about how those concerns are being addressed during the construction phase,” she continued. 
SUBSCRIBE: GET THE MORNING HEADLINES DELIVERED TO YOUR INBOX.
A bill that advanced through the state House last week would require public meetings to gain certain certifications, though it met opposition from some Republicans. Currently, many of these discussions occur in tense, often combative zoning meetings — where municipalities are only approving if an application meets the criteria and not ruling the project itself.
“Data centers strive to be good neighbors in the Pennsylvania communities where they operate. Data center companies take compliance and accountability seriously, and only build where they are authorized to do so under local, state, regional, and federal ordinances, rules, and regulations,” added Diorio. 
He noted that the industry supported nearly 130,000 jobs across the commonwealth in 2024, generating $1.9 billion in state and local taxes. Gour and others pointed out, however, that those dollars don’t always reach the neediest.
Moving forward, Gour pushed for environmental monitoring around data centers to better understand their impacts on communities, alongside long-term studies to monitor neighborhood health.
“Ultimately, our message is that technological development and community well-being should not be viewed as competing priorities. They can be advanced together through evidence-based planning,” Gour said.",https://penncapital-star.com/wp-content/uploads/2026/07/Marvel-data-center-Culpeper_Evan-Visconti_Virginia-Mercury-1024x683-1.jpg,,,2026-07-06 05:57:44.339320
,Maine Morning Star,2026-07-06 09:12:28+00:00,Maine Morning Star,Termination of Gulf of Maine leases casts further uncertainty over offshore wind,Kaitlyn Budion,,,,,https://mainemorningstar.com/2026/07/06/termination-of-gulf-of-maine-leases-casts-further-uncertainty-over-offshore-wind/,"The termination of two federal leases in the Gulf of Maine present the latest layer of uncertainty for offshore wind projects, once thought to be key to Maine’s energy secure, low-carbon future.  Last month, the U.S. Department of the Interior announced a settlement agreement with Chicago-based Invenergy, which included the termination of offshore wind lease[...]","A wind turbine along the Columbia River near Goldendale, Wash. (Photo by Alex Baumhardt/Oregon Capital Chronicle)The termination of two federal leases in the Gulf of Maine present the latest layer of uncertainty for offshore wind projects, once thought to be key to Maine’s energy secure, low-carbon future. 
Last month, the U.S. Department of the Interior announced a settlement agreement with Chicago-based Invenergy, which included the termination of offshore wind leases in Maine, California and New York. 
“It’s a bad deal for Mainers, at a time when energy is getting more and more expensive, we are spending public dollars to not build energy resources and to not bring electricity prices down,” said Nick Janzen with Maine Conservation Voters. 
As part of the agreement, the federal government will reimburse Invenergy up to $765 million, which the company will then reinvest in natural gas-fired power plants and geothermal power generation projects. 
The administration of President Donald Trump has cited “national security concerns” about the development of offshore wind as the reason for terminating leases, and stopping work on other projects. 
“Rather than waiting years for the projects to materialize, the Trump administration is prioritizing investments in existing infrastructure and functioning supply chains that can create jobs now and deliver economic benefits faster,” an Interior spokesperson said in a statement last week. 
In a statement, Gov. Janet Mills said the termination undermines years of work and planning to protect Maine’s fisheries, diversify energy resources and create economic investment. 
“The Trump administration’s legally questionable plan to spend hundreds of millions to cancel offshore wind leases in the Gulf of Maine and elsewhere is an egregious waste of taxpayer money and a shortsighted decision that will hurt our ability to reduce our reliance on expensive fossil fuels,” Mills said.
It’s far from the only avenue the Trump administration has used to slow or stop offshore wind, Janzen said, but the leases are a foundational part of any project. 
“I mean, without a lease, you can’t build a project, so this scheme from the Trump administration is particularly frustrating, because it’s really sort of cutting projects off at the knees,” he said. 
Kate Sinding Daly with the Conservation Law Foundation said the redirecting of funds to other projects makes the deal even worse for the state.
“They’re really particularly cynical because they don’t just purport to buy back these leases,” she said, “but they go even further and require that the companies, as part of the so-called settlement, invest that money instead in large measure, new fossil fuel projects.”
Janzen added that those projects are also all located outside of New England.
“While maybe you could talk about benefits of those projects in other communities, it’s not going to benefit Maine, so Maine is still losing out,” Janzen said. 
Altogether, Sinding Daly said the Trump administration’s actions may have a chilling effect on future investment in wind energy. 
“We’re losing critical time that we just don’t have to address the climate crisis and the energy affordability crisis,” she said. 
The Invenergy agreement is the third of four offshore lease terminations. The latest, with North Carolina-based Duke Energy, was announced last Monday and brings the total amount spent on lease buybacks to more than $2.7 billion. 
The first agreement was announced in March and terminated one lease in New York and a second in North Carolina, both held by the French developer TotalEnergies.
Under the agreement, TotalEnergies was paid up to $928 million to be reinvested in oil, natural gas and LNG production. The company also pledged to not develop any new offshore wind projects in the U.S. 
“These investments will contribute to supplying Europe with much-needed LNG from the U.S. and provide gas for U.S. data center development,” Patrick Pouyanné, CEO of TotalEnergies, said in a statement in March. “We believe this is a more efficient use of capital in the United States.”
But in June, New York filed a lawsuit in federal court opposing the termination of the New York lease. Maine and other New England states joined the suit, arguing that the region would benefit from the energy produced by the project in New York. 
The Sierra Club applauded the filing, and called the terminations illegal and politically motivated.
“These states recognize what this administration refuses to accept: Offshore wind lowers energy costs and strengthens our grid,” Sierra Club Senior Advisor Nancy Pyne said in a statement. “Trump’s backroom buy-outs are a bad deal for families already struggling to pay their bills.”
That case is still pending in court, leaving the status of the leases unresolved. It may also mean the Gulf of Maine leases will also be the subject of lawsuits. 
Janzen said it’s hard to say what the long-term implications are.
“On the one hand, there’s still room and time to kind of restart these projects and get them built relatively close to the same point in time when they would have had their initial completion date, but part of that depends on how long court proceedings go on,” he said. 
If the federal government under a future administration had to restart the leasing process, Janzen said he hopes some of the initial work will help speed the process.
“We don’t need to completely start over from square one,” he said, “hopefully we can just go back to the leasing stage and hold an auction.”
And while the courts are a good tool for stopping the administration, Sinding Daly said it’s harder to force the White House to support wind. 
“Ultimately, we need a political solution,” Sinding Daly said. “We need a new administration that is rational about the reality of climate change, about what really represents affordable energy for Americans, and that will continue the transition away from fossil fuels.”
But despite the latest roadblocks, Sinding Daly said she sees the huge potential of offshore wind. 
“Although all of this nonsense that the administration is throwing at the wind industry is certainly problematic and is certainly causing delays, we really believe that at the end of the day, the science and the economics are so clear that this will happen,” she said. “It’s just a matter of when.”",https://mainemorningstar.com/wp-content/uploads/2026/07/DSC06909-scaled-1-1024x680.jpg,,,2026-07-06 05:57:44.339320
,Maryland Matters,2026-07-06 09:05:36+00:00,Maryland Matters,Maryland school districts face fall deadline to set AI policies,Mayah Nachman,,,,,https://marylandmatters.org/2026/07/06/maryland-school-districts-face-fall-deadline-to-set-ai-policies/,"Maryland schools have a summer homework assignment: Establish artificial intelligence policies for their classrooms. They do have a cheat sheet of sorts to go by — the Maryland State Department of Education’s recently released AI guidance. The department has been working on its guidelines since fall of 2025, said Richard Kincaid, assistant state superintende[...]","The Prince George's County Public Schools headquarters in Upper Marlboro. Some students in the district have already worked with AI through approved pilot programs. (File photo by Danielle E. Gaines/Maryland Matters)Maryland schools have a summer homework assignment: Establish artificial intelligence policies for their classrooms.
They do have a cheat sheet of sorts to go by — the Maryland State Department of Education’s recently released AI guidance.
The department has been working on its guidelines since fall of 2025, said Richard Kincaid, assistant state superintendent for MSDE’s Division of College and Career Pathways. The division worked with local superintendents, educators and lawmakers to set up guidelines that emphasize safety and help teachers use the technology to enhance learning, rather than depend on it, he said.
“AI is not something that replaces the things that are happening within a classroom,” Kincaid said. “The teacher will always and forever be the subject matter expert for the content within a class.”
The school districts’ assignment comes from the Artificial Intelligence Ready Schools Act, a bill that Gov. Wes Moore signed in May. It required the Maryland State Department of Education to issue its own recommendations and gave the school districts 120 days from the day that guidance was issued to get their assignments done. (The education department was ready. It had presented its guidelines to the State Board of Education in February, but waited to release them  to ensure they abided by the legislation, Kincaid said.)
Those guidelines include eight elements for schools to consider when approaching how and what AI tools will be used in their classrooms, including data privacy, technology bias and ensuring classroom instruction is still “human-centered.” It also emphasizes that school districts should clearly determine what appropriate AI usage looks like in their classrooms. Kincaid said the education department will continue to adapt its recommendations as the technology develops.
The guidelines also say school districts must follow structured criteria from the department before approving AI tools and continuously review them for safety and efficacy.
Maryland Sen. Katie Fry Hester (D-Howard & Montgomery) at the December 2025 special legislative session. Hester sponsored the Senate version of the Artificial Intelligence Ready Schools Act. (Photo by Christine Condon/ Maryland Matters)
Sen. Katie Fry Hester (D-Howard and Montgomery), who sponsored the legislation’s Senate version, said the bill focuses on workforce development for students, in addition to requiring the Department of Education to create guardrails and provide teacher training.
“Whether a student wants to be a nurse or a teacher or a mechanic or an engineer or if they want to start a business, they’re going to encounter and have to use artificial intelligence,” Hester said. “So the students need to know how to use these tools, and they need to understand the fundamentals of how they work, when to trust them and how to use them appropriately.”
 Some schools already trying out the tools
Many Maryland school systems have already issued their own guidelines for AI use and are beginning to try out new tools.
Montgomery County Public Schools are focusing on using AI to support teacher tasks, while student use is more heavily monitored and is primarily used to teach transparency. In Prince George’s County Public Schools, some students have already worked with AI through several pilot programs approved by the school district.
Scott Murphy, director of curriculum and instruction at Frederick County Public Schools, said the school system doesn’t need to make any changes to its existing AI policy to abide by the state guidelines.
But, he said, it is planning to make some “upgrades” going into the upcoming school year, including forming a local AI advisory group to continuously monitor how the district’s guidelines are implemented and any changes to the technology.
While the school system hasn’t officially endorsed any AI tools, Murphy said it is considering using Google’s Gemini through its already existing teacher and student Google accounts.
In an interview before the recommendations were released, Mary Pat Fannon, the executive director of the Public School Superintendents’ Association of Maryland, said she hoped the guidelines would consider the different needs and resources of each of Maryland’s 24 public school districts.
“I think what we want as districts is we want some flexibility to be able to engage with our individual teachers unions, with our principals [and] with our communities to figure out where we are right now,” Fannon said.
Justin Fauntroy teaches computer science and technology classes at Argyle Middle School in Silver Spring, Maryland. He said he wants a clear policy from the Montgomery County school district that lays out exactly how AI can and cannot be used in the classroom, and what the consequences for students are if it is used incorrectly.
“It is a tool, it has its benefits, but if they’re not taught, then that’s where the problems come in,” Fauntroy said.
Kincaid said the guidelines are “incredibly clear” on the non-negotiable aspects of the guidelines, including monitoring for privacy, bias and ensuring the tools meet educational standards. But, he said the state is more flexible about the individual tools school systems plan to use.
The guidelines and the state law also require that educators are given professional development opportunities to help them use AI more responsibly in their classrooms and curriculums.
Fannon also said that while many school systems have already included AI training into their professional development, it may be “tough” to fit in that training during an already limited time period.
Kincaid acknowledged the challenge, but said it is important to ensure that educators are given the resources they need to help them make informed decisions about the technology.
He said the state will make online modules to help “level-set” educators’ AI knowledge, but that it will be up to individual school districts to provide training for the specific tools they choose to use.
Jing Liu, founding director of the Center for Educational Data Science Innovation and an associate professor in education policy at the University of Maryland, said issuing these guidelines are a good starting point, but it may be challenging to keep up as the technology rapidly develops.
“AI is very different compared to prior technology breakthroughs [because] they are evolving so fast and they can do things that are directly different this month compared to last month,” Liu said. “[The guidelines] cannot be a static thing. It was to be very adaptive.”
SUBSCRIBE: GET THE MORNING HEADLINES DELIVERED TO YOUR INBOX.",https://marylandmatters.org/wp-content/uploads/2022/02/pgcps-1-1024x768-1.jpg,,,2026-07-06 05:57:44.339320
,Virginia Mercury,2026-07-06 09:05:25+00:00,Virginia Mercury,Why 42 giant statues of presidents’ heads are crumbling in rural Virginia and more headlines,Staff Report,,,,,https://virginiamercury.com/briefs/why-42-giant-statues-of-presidents-heads-are-crumbling-in-rural-virginia-and-more-headlines/,"• “Virginia just legalized the sale of recreational cannabis. Here’s what to know.” — The Washington Post • “Virginia health officials warn that heat is causing medical issues for hundreds.” — WAVY • “8 girls escape Virginia psychiatric facility in pajamas after assaulting guard, Crime Insider says.” — WTVR • “Loudoun homeowners appear to lose […]","The state Capitol. (Photo by Ned Oliver/Virginia Mercury) • “Virginia just legalized the sale of recreational cannabis. Here’s what to know.” — The Washington Post
• “Virginia health officials warn that heat is causing medical issues for hundreds.” — WAVY
• “8 girls escape Virginia psychiatric facility in pajamas after assaulting guard, Crime Insider says.” — WTVR
• “Loudoun homeowners appear to lose battle with Dominion’s data center transmission lines.” — WJLA
• “42 giant statues of presidents’ heads are crumbling on private property in rural Virginia. Here’s why.” — Business Insider
SUBSCRIBE: GET THE MORNING HEADLINES DELIVERED TO YOUR INBOX.",https://virginiamercury.com/wp-content/uploads/2024/01/NewsToKnowgraphic.png,,,2026-07-06 05:57:44.339320
,Indiana Capital Chronicle,2026-07-06 09:00:53+00:00,Indiana Capital Chronicle,Indiana takes aim at youth use of phones and social media; communities need to follow through,Tami Silverman,,,,,https://indianacapitalchronicle.com/2026/07/06/indiana-takes-aim-at-youth-use-of-phones-and-platforms-communities-need-to-follow-through/,"In the most recent legislative session, Indiana lawmakers demonstrated a desire to take meaningful steps to address concerns about youth safety and well-being in online spaces. The proposals debated focused on strengthening parental involvement, improving age verification, and limiting features on social media platforms that can be especially addictive or ma[...]","The Indiana General Assembly restricted student cellphone use in K-12 schools and tightened regulations around youth social media accounts. (Photo by Casey Smith/Indiana Capital Chronicle)In the most recent legislative session, Indiana lawmakers demonstrated a desire to take meaningful steps to address concerns about youth safety and well-being in online spaces. The proposals debated focused on strengthening parental involvement, improving age verification, and limiting features on social media platforms that can be especially addictive or manipulative.
These discussions were shaped by consistent input from parents, educators, and youth advocates, as well as alarms raised by online exploitation cases. Although the resulting actions do not yet offer a full or definitive solution, they signal the beginning of a broader statewide effort to better protect children in the digital world.
This increased attention reflects a national movement to understand how digital technologies influence children’s lives. Families, researchers, and policymakers across the country are confronting these critical questions surrounding how to balance the opportunities digital tools provide with the risks they pose.
The Latest Research
Social media use by our youth is high and teen ambivalence is growing. A 2025 Pew Research Center study found that 45% of U.S. teens believe they spend too much time on social media, compared with 36% in 2022. Even as many teens continue turning to these platforms to maintain friendships and express creativity, nearly half (48%) say social media has a mostly negative effect on people their age.
Clinical researchers note that social media can serve as both a helpful connection point and a source of heightened anxiety, comparison, and cyberbullying. Data show that while a significant number of both teen boys and girls experience negative effects, a higher share of girls reports such problems. 25% of girls say social media harms their mental health, compared with 14% of boys. Girls also report greater impacts on confidence, and the difference in sleep disruption is particularly striking, with 50% of girls reporting sleep problems related to social media use compared with 40% of boys
Indiana Senate sends ‘bell-to-bell’ school cellphone ban to governor

Even with these concerns, many young people describe positive experiences online. 74% of teens say social media helps them feel more connected to their friends, and 63% say it offers a meaningful creative outlet.
Policy and platform reforms are racing to catch up. A 2025 review from the Journal of Medical Internet Research urges policymakers to adopt safety defaults that protect young users, limit algorithmic recommendations that pull minors toward inappropriate or harmful content and require greater transparency from platforms about their content promotion. Research such as that being conducted by the Yale School of Medicine to examine how different types of online engagement affect attention, emotional regulation, anxiety, and ADHD symptoms may help families, educators, as well as policymakers move beyond general limits on screen time and toward strategies that directly support mental health and development.
What This Means for Indiana Kids
Indiana’s evolving efforts represent the early stages of their development of a long-term approach to strengthening protections for children online. Lawmakers have voiced interest in empowering parents, ensuring that platforms reliably verify ages, and reducing exposure to high-risk design features that can encourage compulsive use. Their work gained urgency amid increased awareness of online exploitation cases involving Hoosier youth. While these steps do not resolve every challenge, they send a clear signal that online risks demand both attention and action.
Given what we know, the next move is ours. We can, and should, take practical steps that meet the moment to protect how young people use social media, while also monitoring against overreaction. Indiana’s early efforts signal intent, yet the daily work of shaping healthier digital habits will happen where kids actually live and learn: in policy, in schools and youth programs, and around the kitchen table.
Here is what that looks like in practice.
Families play the most immediate role in shaping healthy digital habits at home. They can act by:

Using parental controls and device settings proactively to shape healthier online experiences.
Protecting sleep by keeping phones outside bedrooms overnight and establishing household charging locations.
Co-viewing and coaching by reviewing social media feeds, privacy settings and content with your teen, encouraging conversations about what online experiences feel healthy and what feels harmful.

Schools and youth programs can build daily structures that support healthier tech use.

Adopting consistent phone-free routines that reduce distractions and support engagement.
Teaching digital health skills including sleep habits, emotional awareness, cyberbullying prevention, and healthy content curation.
Providing offline alternatives such as clubs, recreation, and service learning that promote belonging and connection.

A strong network of caring adults can also make a significant difference in how young people navigate social media and all the other challenges that come with growing up. Indiana Youth Institute’s FIVE by 50 initiative reinforces this idea by encouraging every child to have at least five supportive adults in their lives. When kids have multiple trusted adults to turn to, they gain perspective, guidance, and a safety net that helps them process what they see online, build healthier digital habits, and feel anchored in real world relationships. FIVE by 50 is one more way communities can strengthen the support systems young people need to thrive, both on and off their screens.
Indiana’s recent actions show the beginning of a statewide commitment to improving online safety for young people. Although the steps taken are not complete, they acknowledge that children need stronger protections and healthier digital environments. National research shows that social media is neither entirely harmful nor entirely beneficial. Real and lasting progress will come when state policy, schools, youth-serving organizations, and families work together to create balanced, supportive digital experiences for Indiana’s children.
SUBSCRIBE: GET THE MORNING HEADLINES DELIVERED TO YOUR INBOX.",https://indianacapitalchronicle.com/wp-content/uploads/2026/02/DSC_0514-1024x683.jpg,,,2026-07-06 05:57:44.339320
,Maryland Matters,2026-07-06 09:00:51+00:00,Maryland Matters,"After years of effort, Chesapeake Bay-specific menhaden population study gets funding",Shannon Heckt,,,,,https://marylandmatters.org/2026/07/06/after-years-of-effort-chesapeake-bay-specific-menhaden-population-study-gets-funding/,"With new state dollars granted by the Virginia General Assembly by way of a budget amendment from Gov. Abigail Spanberger, scientists and lawmakers plan to examine the menhaden population inside the Chesapeake Bay, the culmination of years of legislative efforts. The data will be essential to determine whether updated conservation standards and catch limits[...]","A provision in Virginia's budget will fund a state study on menhaden in the Chesapeake Bay. For years, net fishermen in Maryland have said their catch has been affected by the reduction fishing allowed in Virginia's portion of the Bay. (Photo by Vicki Jauron, Babylon and Beyond Photography via Getty Images)With new state dollars granted by the Virginia General Assembly by way of a budget amendment from Gov. Abigail Spanberger, scientists and lawmakers plan to examine the menhaden population inside the Chesapeake Bay, the culmination of years of legislative efforts.
The data will be essential to determine whether updated conservation standards and catch limits for the small forage fish should be established. Menhaden sustains several species and fuels the only industrial reduction fishing operation in the Bay.
With $2 million allotted over the biennium, researchers at the Virginia Institute of Marine Science and the Virginia Marine Resources Commission will conduct a study on the menhaden population within the Bay to help regulators manage a “scientifically defensible and ecologically meaningful” cap of how much fisheries can catch, according to the budget language.
Conservation groups and Maryland fishermen have been raising alarm over the potential decrease of menhaden in the Bay for years.
The Chesapeake Bay Foundation said striped bass and osprey populations have suffered because they don’t have enough menhaden to eat. Multiple bills to add the funding in the state budget have failed to pass, including one pitched earlier this year.
“Unfortunately, many questions remain about the health of the Bay’s menhaden population and the iconic species such as osprey that depend upon it,” said Will Poston, CBF’s forage campaign manager. “This is precisely why independent science on menhaden in the Bay is so important.”
Ocean Harvesters, which contracts with Omega Protein, is the only reduction fishery allowed to fish within the Bay in Virginia waters. The company has vehemently denied that their operations are depleting the menhaden within the Bay.
The Reedville-based corporation has already adhered to a Bay-specific yearly catch cap of 51,000 metric tons. Maryland has banned reduction fishing — which is when the fish are caught to be ground up into oil. This limits where Ocean Harvesters can catch menhaden in the Bay.
The company has pushed back against further regulations of their Bay catch limits and argued the catch limits and time period quotas offered up by various groups are arbitrary and not based on science.
“We look forward to continuing to work with the Virginia Institute of Marine Science in collaboration with the Virginia Marine Resources Commission to develop a scientific study of the Bay’s Atlantic menhaden population,” Monty Deihl, Ocean Harvesters CEO said in a statement.
The budget language lays out what the study should consider: seasonal abundance, movement rates, impacts of menhaden predator consumption, spatial and temporal patterns of commercial fishing in the Bay and the possibility of localized depletion of menhaden populations.
The measure allows for this research to utilize the industry-backed Science Center for Marine Fisheries funded study’s recommendations on the Bay’s menhaden population.
Researchers may also pull from the 2023 VIMS report that laid out a roadmap for this study.
The Atlantic States Marine Fisheries Commission Menhaden Management Board voted to reduce the quota caps for the entire East Coast by 20% in October 2025, citing concerns about striped bass populations, on which many species and fishermen rely.
More recently, the management board considered additional restrictions for Ocean Harvesters’ work within the Bay.
Some of the options included reducing the Bay cap and implementing time period quotas to help menhaden populations work their way up the Bay toward Maryland, where pound net fishermen have cited lacking yields for years.
However, the board put off their decision on these changes until later this year.
Even with the Senate agreeing to all of the governor’s amendments, there was still heated debate on the floor ahead of the vote, reflecting the persistent challenges the subject has presented through multiple legislative sessions.
Sen. Richard Stuart, R-King George, whose district includes the Reedville fishery, said that he believes there is no evidence that the fishery is overfishing menhaden — and that past legislation looking to shut down the fishery or reduce its work is unfair.
“It concerns me from the perspective of 260 families that rely on this. They are very good jobs … in the area. There are another 200 or 300 indirect jobs,” Stuart said.
Sen. Scott Surovell, D-Fairfax, said his constituents in parts of the Potomac River have been increasingly concerned about osprey populations. The debate over menhaden has lingered the entire time he has served in the General Assembly.
“We have these fish experts at VIMS, (who) are hopefully going to get some information about it. I just know that there’s been some concern for the last 17 years,” Surovell said. “We haven’t done anything.”
Progress on the study will be presented to multiple legislative, administrative and regulatory agencies by Oct. 1 for the next two years.
The Virginia Department of Workforce Development, along with other groups, will report on possible impacts on workers if there are reductions in catch allowances for the entire coast and within the Bay.
Virginia Mercury is part of States Newsroom, a nonprofit news network supported by grants and a coalition of donors as a 501c(3) public charity. Virginia Mercury maintains editorial independence. Contact Editor Samantha Willis for questions: info@virginiamercury.com.",https://marylandmatters.org/wp-content/uploads/2026/07/Menhaden_GettyImages-1098348212-1536x788-1-1024x525.jpg,,,2026-07-06 05:57:44.339320
,Nebraska Examiner,2026-07-06 09:00:46+00:00,Nebraska Examiner,Nebraska Secretary of State says RNC lawsuit over state election law is ‘a little baffling’,Juan Salinas II,,,,,https://nebraskaexaminer.com/2026/07/06/nebraska-secretary-of-state-says-rnc-lawsuit-over-state-election-law-is-a-little-baffling/,Outgoing Nebraska Secretary of State Bob Evnen said he’s baffled by an RNC lawsuit that seeks to eliminate a provision in state election law.,"Nebraska Secretary of State Bob Evnen. June 6, 2025. (Zach Wendling/Nebraska Examiner)LINCOLN — Outgoing Nebraska Secretary of State Bob Evnen said he’s baffled by a lawsuit that seeks to eliminate a provision in state law that allows U.S. citizens who’ve never lived in the country to vote in Nebraska elections.
Republican National Committee sues Nebraska over state election law

The Republican top election official, who lost his party’s primary in May, spoke with the Examiner about a lawsuit filed by the Republican National Committee over a Nebraska state election law.
The RNC — joined in the lawsuit by Lancaster voters Jack Riggins and Pamela Dingman — objects to part of state law that says “a person who is the age of an elector and a citizen of the United States residing outside the United States, who has never resided in the United States, who has not registered to vote in any other state of the United States, and who has a parent registered to vote within this state shall be eligible to register to vote and vote in one county in which either one of his or her parents is a registered voter.” 
Evnen said the number of people who have used this provision of the law to vote in Nebraska elections is almost nonexistent.
“Why this would now be the focus of attention of the RNC is a little baffling to me,” he said
“The same day that this lawsuit was filed, a federal judge in Washington, D.C., enjoined the use of the SAVE database … You know, people have to make up their own minds about what they want to focus on,” Evnen said. “But I don’t understand why the RNC wouldn’t be focusing on that problem, versus this problem, which may be unconstitutional, but is just almost or virtually never used.” 
SUBSCRIBE: GET THE MORNING HEADLINES DELIVERED TO YOUR INBOX.
Trump ‘trampled’ voter privacy by feeding info into Homeland Security system, judge says

Late last month, a federal judge ruled the Trump administration illegally overhauled a U.S. Department of Homeland Security computer program, the Systematic Alien Verification for Entitlements system, in its hunt for noncitizen voters. Evnen has called the SAVE database “a very useful tool.” He defended Nebraska’s use of the SAVE database because “you can’t just use that tool to disenfranchise someone if there’s an indication that someone is not a citizen; then you take further steps to give them an opportunity to correct the record if it’s wrong.”
An investigation earlier this year by The Texas Tribune and ProPublica found that the federal database has made mistakes that have led to confusion in Texas and Missouri.
The lawsuit argues that part of the law violates the state constitution because it allows U.S. citizens who have never resided in the state or country to vote in Nebraska elections. The language targeted by the RNC is from a law passed in 2005, rather than the 2010 law cited in the lawsuit, according to reporting by the Omaha World-Herald, which was confirmed by the Nebraska Secretary of State’s Office. The 2005 law was passed during the George W. Bush administration, when Republicans controlled the U.S. House and U.S. Senate. 
The sponsor of the 2005 law was then-state lawmaker Deb Fischer, who is now a U.S. senator. Nebraska U.S. Reps. Mike Flood and Adrian Smith were in the state legislature at the time. Flood proposed a tweak to the Fischer bill, as reported by the World-Herald.
Flood, in a statement to the World-Herald, said the original purpose of the 2005 law was to give “every opportunity” for “men and women serving our country overseas” to participate in the state elections.
Evnen said he didn’t recall any lawmakers or elected officials at the time having concerns about the law’s constitutionality. Evnen said he has turned the lawsuit over to the Attorney General. If it’s determined that part of the election law is unconstitutional, Evnen said the state won’t register people under it. 
Evnen lost his primary in May to Omaha businessman Scott Petersen, who said he was campaigning to address the “trust” issue people have over election systems.
Evnen has had to walk a political tightrope in defending his office’s election work while also acknowledging the election security concerns of some primary voters.  
Petersen announced his support for the RNC lawsuit in a news release, saying, “The Nebraska Constitution is clear that voting is tied to residency, and voters deserve confidence that those participating in our elections have established a lawful connection to the state.”
The Democratic Secretary of State nominee, Sarah Slattery, told ABC affiliate KETV that Republicans are “targeting voters” because Republicans don’t have “candidates that voters can get excited about and get behind.” 
The RNC has filed similar lawsuits in several other states, including Colorado. A court in Michigan rejected a similar GOP effort earlier this year, though a North Carolina judge sided with the RNC in its lawsuit there.
SUPPORT: YOU MAKE OUR WORK POSSIBLE",https://nebraskaexaminer.com/wp-content/uploads/2025/06/evnen_ZJW_060625-07-1024x682.jpg,,,2026-07-06 05:57:44.339320
,Indiana Capital Chronicle,2026-07-06 09:00:22+00:00,Indiana Capital Chronicle,Students embrace technology in Indiana’s growing virtual school sector,Mackenzi Klemann,,,,,https://indianacapitalchronicle.com/2026/07/06/students-embrace-virtual-schools/,"Sabanna Yenna situates herself into a seat in the crowded Hinkle Fieldhouse, surrounded by 900 of her virtual classmates gathered in anticipation of Indiana Digital Learning School’s inaugural in-person commencement ceremony. Yenna enrolled in the virtual school, now in its 10th year, her freshman year to escape bullies in her home North White School Corp. [[...]","Elizabeth Sliger, executive director of Indiana Digital Learning School and Indiana Digital Alternative School, presides over a joint commencement ceremony in Indianapolis on May 28, 2026. An estimated 900 graduates were in attendance. (Photo by Mackenzi Klemann/Indiana Capital Chronicle)Sabanna Yenna situates herself into a seat in the crowded Hinkle Fieldhouse, surrounded by 900 of her virtual classmates gathered in anticipation of Indiana Digital Learning School’s inaugural in-person commencement ceremony.
Yenna enrolled in the virtual school, now in its 10th year, her freshman year to escape bullies in her home North White School Corp. in White County.
Now that she could relax in class, she soon joined the FFA and became president of the school’s National Technical Honor Society chapter.
“I met teachers that were like family members to me, and they took me in like siblings and daughters,” she said. “I felt wanted — not being judged by who I was.”
Yenna is one of nearly 29,000 Hoosiers who attended virtual K-12 schools in 2025, according to an Indiana Capital Chronicle review of enrollment data through the state’s Graduates Prepared to Succeed portal.
The practice continues to expand despite ongoing legislative debate over state tuition support, financial and academic oversight.
Supporters say virtual schools are an outlet for students who fail to thrive in traditional school settings, allowing them to recover credits and work at their own pace until they can return to in-person schooling.
Critics see the continued expansion of virtual schooling as evidence of a breakdown in the state’s school funding model, with more oversight needed.
The growth is led by an unexpected partner: traditional public schools.
Lucrative arrangements
Public schools can enter into cooperative agreements with third-party virtual school providers to capture a portion of state tuition dollars directed to those students, in exchange for full accountability for their academic performance.
The arrangements can be lucrative, presenting an opportunity for financially challenged districts to offset declining student enrollment without raising property taxes.
“I don’t like the idea that school districts pick these systems up for financial reasons,” said Rep. Ed DeLaney, an Indianapolis Democrat. “That tells you there’s a core problem in financing our public schools.”
The arrangements are not without consequence: Lawmakers approved an amendment to the budget bill last year to close the Union School Corporation, citing poor academic performance at the rural district, where virtual students now outnumber traditional students by a ratio of 25 to 1.
At least part of the district’s poor academic performance appears to be linked to virtual students, as a higher proportion of Union Elementary third graders met proficiency standards on the IREAD exam than their virtual peers at Indiana Digital Elementary School.
Union filed a lawsuit to stop the closure, set for trial in November.
Graduates from Indiana Digital Learning School listen to a commencement speech at Butler University’s Hinkle Fieldhouse May 28, 2026. (Photo by Mackenzi Klemann/Indiana Capital Chronicle.)
But Indiana Digital Learning Schools, which have partnered with Union since 2016, won’t have to close if a jury upholds the law.
The virtual school, run by national for-profit network Stride-K12, signed new cooperative agreements with Beech Grove and MSD of Warren County Schools to keep Indiana Digital Learning Schools in operation — with enrollment to be divided between the three districts while the lawsuit proceeds.
Stride oversees other schools in Indiana, including a private college preparatory academy for Marian University and a public, tuition-free school similar to Indiana Digital through Clarksville Community School Corporation.
Ralph Shrader, superintendent of MSD of Warren County schools, said he initiated the conversation to partner with Stride after failed attempts at using other online platforms.
“We felt that we were missing out on servicing our students in our community in a way that allowed us to reach all students,” he said. “We were missing a population.”
The rural district is 13 miles from the Illinois border, with a student population of 1,332.
How oversight changed
The relationship between public schools and virtual school providers has evolved from the early days of online learning.
Initially, school districts could authorize or monitor virtual charters.
Lawmakers revised this setup after a state audit found two virtual charter schools authorized by Daleville Community Schools had collected $68 million through inflated enrollment or “ghost” students.
Now, public schools cannot authorize or monitor a virtual charter, but can still enter into agreements with online school providers — one of several reforms to rein in a troubled industry.
In practice, this means operational responsibility, salaries and academic performance of virtual schools are no longer segregated from public school partners, said Rep. Behning, an Indianapolis Republican who chairs the House Education Committee.
“Everything flows through the school district,” he said.
To monitor enrollment, the State Board of Accounts reviews attendance records for a sample of students. The Indiana Department of Education then recovers any tuition support if a student is found to not be enrolled.
Additional oversight of these arrangements is expected soon: The State Board of Education is drafting financial reporting and oversight rules for school districts that enter into or renew contracts with outside virtual learning providers, due by the end of the year.
Elizabeth Sliger, executive director of the Indiana Digital Learning Schools and its sister Indiana Digital Alternative School, said she welcomes transparency and accountability.
“I knew after Daleville I needed to prove what an accountable virtual school looks like,” she said. The schools require proof of Indiana residency for each child, and file annual financial reports to district partners.
Forthcoming rules are “just codifying what we’re already doing,” Sliger said. “We’re not afraid of accountability. What we need is transparency” of what compliant reporting means to lawmakers.
Virtual schools receive 85% of the funding that brick-and-mortar schools get per student, and there have been efforts in recent years for equal funding.
Are reforms working?
Reforms appear to be working to Behning, whose granddaughter attended Indiana Gateway Digital Academy for two years.
“She had her own counselor,” he said. “She was on student council. They had afterschool activities. She had tutors available if she felt like she was getting behind. She had one-on-one support if she needed.”
“What happened in the pandemic was a crisis mode,” Behning said — nothing like the organized virtual schools of today. Still, he said student success in either virtual or traditional schools is dependent upon parental involvement.
The potential for inadequate parental involvement concerns DeLaney, who likened virtual schooling to homeschool.
“You’re dependent upon the parental supervision,” he said. “Are they making sure their kid is there when that’s necessary, or when it’s asynchronous, are they putting their kid on adequate time? Are they giving him an environment and assisting the kid or not?”
Asynchronous means allowing students to complete work on their own time and schedule.
Kylene Varner, a homeschooling advocate for the Indiana Association of Home Educators, said even the most engaged virtual school parents typically aren’t supervising their child’s instruction for six hours a day, unlike the hands-on approach common to homeschooling.
“They might be popping in,” she said, adding “That is what some families need and want, and that is completely fine. That’s their choice. But when it comes to a homeschool family, we make all the decisions.”
Expanding virtual schooling beyond the small population of students who can’t acclimate to in-person schools for emotional or physical reasons still troubles DeLaney.
“If we were serious, if we thought this were a useful program, we’d have the state sponsor a program that was well-managed and well thought out and go from there,” he said. “But we’re not doing that.”
A day at Indiana Digital Learning Schools
Indiana Digital Learning School launched in 2016. At the time, only 400 students enrolled. Enrollment surpassed 9,000 last school year, according to a spokesperson. There are over one million public school students statewide.
Indiana Digital Learning Schools are tuition-free, available to any Hoosier from kindergarten through 12th grade, regardless of where they live in the state.
The alternative is a popular choice for students who fail to thrive in traditional classrooms, encompassing everyone from student athletes and teen parents who need flexible class schedules to advanced or credit deficient students who want to work at their own pace.
“I like to say that we’re a dichotomy of diversity,” Sliger said.
Indiana Digital Learning School graduates enter Hinkle Fieldhouse on the Butler University campus for a graduation ceremony in Indianapolis on May 28, 2026. (Photo by Mackenzi Klemann/Indiana Capital Chronicle.)
The school loans computers to families who don’t have their own.
Elementary students meet daily in online reading and math groups each day, reading aloud on Zoom-style platforms for their peers and teachers.
Parents are expected to act as a “learning coach,” recording attendance and reviewing student work as students gain independence.
High school students attend individual and group sessions each week, with attendance monitored Monday through Friday.
Students are expected to dedicate at least six hours per class a week, and can enroll in dual-credit classes, career technical programs, internships, apprenticeships and student clubs outside of class.
Sliger said it’s similar to traditional schooling, “but we’re just finding creative ways to use technology to create those tricks teachers have known for 50 years.”
A majority of Indiana Digital students enter two to three years behind grade level, she said.
Those students typically return to in-person schooling within two years, which means their gains don’t always appear on accountability reports — a reality Sliger hopes the State Board of Education will one day resolve.
“By the time we get them close to proficiency, they may then return (to in-person schooling,” Sliger said. “They come to us three years behind. We’re graded at what we do in 162 days without the ability to show, to reach the points that proficient students get.”
Shannon Wilson came from the public schools to Indiana Digital Alternative School as a special education teacher three years ago.
She maintains a regular schedule for live classes, but makes time for students to pop in for one-on-one video sessions, calls or text messages as needed.
Where she once saw students unable to cope with the chaos of the classroom, she now saw students at ease as they worked from the comfort of their home.
“They can really be authentically themselves,” she said, “and that makes such a difference.”
SUBSCRIBE: GET THE MORNING HEADLINES DELIVERED TO YOUR INBOX.",https://indianacapitalchronicle.com/wp-content/uploads/2026/06/P5284391-1024x768.jpg,,,2026-07-06 05:57:44.339320
,National,2026-07-06 09:00:08+00:00,Stateline,"As Trump buyouts shake offshore wind industry, states hope developers stay in the game",Alex Brown,,,,,https://stateline.org/2026/07/06/as-trump-buyouts-shake-offshore-wind-industry-states-hope-developers-stay-in-the-game/,"President Donald Trump has shown the immense power of the executive branch to stymie offshore wind development, as nearly all projects are in waters where federal agencies operate as the landlord. Now, as the feds block new permits and dangle billion-dollar buyout offers to convince developers to walk away from their projects, state leaders are […]","Wind turbines generate electricity at the Block Island Wind Farm near Block Island, Rhode Island. As the Trump administration blocks new permits and dangles billion-dollar buyout offers to convince developers to walk away from their wind projects, state leaders are hoping some companies share their conviction that the industry can be revived after Trump leaves office. (Photo by John Moore/Getty Images)President Donald Trump has shown the immense power of the executive branch to stymie offshore wind development, as nearly all projects are in waters where federal agencies operate as the landlord.
Now, as the feds block new permits and dangle billion-dollar buyout offers to convince developers to walk away from their projects, state leaders are hoping some companies share their conviction that the industry can be revived after Trump leaves office.
“Any honest assessment of where we need to be to meet our climate goals depends on a thriving offshore wind sector,” said New York state Sen. Andrew Gounardes, a Democrat.
New York and many other East Coast states have set aggressive targets for offshore wind power, both to meet rising energy demands and transition to clean energy sources. But Trump’s attacks on the industry threaten to scare off companies from making the massive long-term investments required to pursue offshore wind projects.
“If there’s no business opportunity here, then they’re not going to stay here and invest here,” Gounardes said. “They’re not going to lay around with good intentions doing nothing, and we’re going to lose out because of that.”
Federal opposition
Last week, Trump’s Department of the Interior announced a $129 million deal with Duke Energy to relinquish its lease to build an offshore wind farm off the coast of North Carolina. The company pledged to reinvest the money into other forms of energy.
Since March, Trump officials have struck four such agreements totaling more than $2.5 billion to get developers to give up on their offshore wind plans. Some analysts say the federal government’s ability to blockade pending projects has caused some companies to reconsider their investments.
“If you have a lease that appears to be going nowhere for at least the next three years, you want to pivot to other options,” said Timothy Fox, managing director at ClearView Energy Partners LLC, an independent research firm. “There’s still a lot of leases out there, but the Trump administration has made this aggressive push, and we think there could be future similar announcements.”
According to Fox, developers hold leases for roughly two dozen other offshore wind areas, agreements that could be targeted for similar buyout deals.
Trump administration will pay $1B to block 2 offshore wind farms

While developers consider buyout offers from the federal government, state leaders say such deals are illegal. Seven states filed a lawsuit earlier this month saying the administration lacks the authority to cancel the leases and pay out funds, focused on a March deal with TotalEnergies to block a project off of New York.
The lawsuit challenges the administration’s use of a federal fund set aside to pay court judgments and settlements of lawsuits against the government. The deal, state attorneys general argue, “is not the result of a compromise settlement between adverse parties, but rather an agreement resulting from [federal officials’] pretextual national security concerns and TotalEnergies’ desire to receive unauthorized compensation for an expensive offshore wind lease.”
The state of California has also announced that it intends to file a lawsuit over another buyout targeting a lease area off the state’s Pacific coast.
Since taking office, Trump has halted permits and leases for other planned offshore wind projects, canceled hundreds of millions in funding to support manufacturing and ports and ended clean energy tax credits. His administration also issued stop-work orders for five offshore wind projects that were already under construction, but courts have overturned those orders and allowed work to resume.
Aside from the five wind farms currently being built, progress on dozens of other pending projects has ground to a halt.
“There’s little to be done if the federal government still controls the permits, leases and pace of development,” said Fox, the researcher.
State goals
The clash comes as many East Coast states have been counting heavily on the maturation of the offshore wind industry to meet their energy needs. Eight Atlantic states have committed to building more than 45 gigawatts of offshore wind by 2040 — enough to power more than 30 million homes. They’ve made major investments in ports, manufacturing facilities, transmission infrastructure and workforce training.
In addition to their climate goals, many states are facing surging energy demands, largely driven by data centers and artificial intelligence.
State leaders say that offshore wind farms can harness massive amounts of electricity, especially during nighttime and winter periods when solar power is in short supply. For heavily populated East Coast states, with limited areas to put sprawling energy projects on land, tapping into strong winds over the ocean has become a major part of their strategy.
“Offshore wind is key to a future that allows us to move off of fossil fuels,” said Maryland state Del. Lorig Charkoudian, a Democrat who has been a strong backer of offshore wind. “Every time the (Trump administration) makes these moves, it reminds me that their numbers show how much offshore (wind) would allow us to retire fossil fuel plants.”
Trump has long opposed offshore wind, falsely asserting that it harms whales, is unreliable and drives up energy costs. While offshore wind generation is intermittent, it has a much higher capacity factor than onshore renewables, meaning that it operates for longer periods at its maximum output level. New offshore wind projects have capacity factors that match some gas and coal-fired power plants, according to the International Energy Agency.
While still more expensive than onshore renewables, offshore wind projects globally produce electricity at a rate cheaper than natural gas and coal plants, according to Energy Solutions Intelligence, a digital consulting platform.
Backers and energy analysts say offshore wind in the U.S. should become cheaper over time as supply chains mature and investments in ports and other infrastructure pay off.
The Department of the Interior did not grant a Stateline interview request about its buyout deals for offshore wind projects, but the agency has claimed in statements that the deals will lower energy prices.
Changing plans
Many state leaders acknowledge that the delays caused by Trump’s opposition will cause them to miss their targets for building new projects over the next 5 to 10 years. But they say the industry is still essential for meeting their long-term climate goals and energy needs.
“I don’t think anyone is at the point of saying no offshore wind ever again,” said Gounardes, the New York lawmaker. “It might not be part of the alchemy in the near future, but it certainly must be part of the alchemy to meet our overall goals.”
For now, state leaders are hoping their ongoing commitments to offshore wind will convince developers to wait out the remainder of Trump’s term and stay in the U.S. market.
Offshore wind triumphs over Trump in court, but future projects face delays

“[The buyouts] are a blow to the industry, but it’s not a death knell but there are other projects out there that are still in some stage of development,” said Sam Schacht, project director for offshore wind with the Clean Energy States Alliance, a nonprofit coalition of state energy agencies.
“There’s this bad news story happening about the attempts to erode these future projects, while at the same time there’s a very positive story about the projects that are under construction and producing power now and their ability to capably meet states’ power demands.”
While states play the waiting game with offshore wind, they’re making new plans to meet their energy needs in the near term. Lawmakers in Maryland have invested in battery storage, which Charkoudian described as a “no-regrets” option that can help meet energy needs today while complementing offshore wind once it comes online.
Other states, including New York and New Jersey, have looked at increasing subsidies for nuclear power.
“I wouldn’t say that they’re giving up on offshore wind, but states are pivoting to other carbon-free resources that  are favored by this administration, namely nuclear power,” said Fox, the energy researcher.
Stateline reporter Alex Brown can be reached at abrown@stateline.org.
SUPPORT: YOU MAKE OUR WORK POSSIBLE",https://stateline.org/wp-content/uploads/2026/07/wind-farm-1024x736.jpg,,,2026-07-06 05:57:44.339320
,New Hampshire Bulletin,2026-07-06 09:00:05+00:00,New Hampshire Bulletin,"Fabian Schmidt chose America long ago. A year after getting trapped in ICE’s net, he still does.",William Skipworth,,,,,https://newhampshirebulletin.com/2026/07/06/fabian-schmidt-chose-america-long-ago-a-year-after-getting-trapped-in-ices-net-he-still-does/,"Fabian Schmidt sometimes wakes up afraid in the middle of the night, briefly forgetting he’s no longer at the maximum security prison where he spent two months last year. Schmidt, a German green card holder who moved to the United States as a teenager in 2007 and now lives in Nashua, was detained by immigration […]","Fabian Schmidt, photographed here on May 26, 2026, sits in his Nashua apartment. (Photo by William Skipworth/New Hampshire Bulletin)Fabian Schmidt sometimes wakes up afraid in the middle of the night, briefly forgetting he’s no longer at the maximum security prison where he spent two months last year.
Schmidt, a German green card holder who moved to the United States as a teenager in 2007 and now lives in Nashua, was detained by immigration officials at Boston Logan Airport last year. He spent two months jailed in Rhode Island for what his lawyer calls a paperwork issue involving a decade-old misdemeanor.
In the year since he was freed, he’s made little sense of the ordeal other than to say he was caught up in the early days of the Trump administration’s aggressive immigration crackdown.
His profile is different from other prominent targets of the dragnet: He’s European rather than Latin American or Middle Eastern, and he comes from a wealthy background. But as with other instances of legal immigrants being swept up in the purge, Schmidt’s situation made headlines, sparked backlash, and became a symbol of the administration’s arrest first, ask questions later approach to immigration enforcement.
A photo of Fabian Schmidt kissing Bhavani Hodgkins and another of their black Lab adorn the couple’s fridge in Nashua, photographed here on May 26, 2026. (Photo by William Skipworth/New Hampshire Bulletin)
“I’m just happy things are back to normal, because I saw a lot of people that didn’t get to go home to their families,” he said. “Right now, I actually feel like I’m in a really good spot. I’m driving home on my career. My wife and I, we got settled back in nicely, and I’m actually in a really good spot for me personally right now in this moment.”
Still, when Schmidt talks about the experience now, his mind is all over the place. He oscillates from anger to relief to numbness.
“At first I always thought I should get mad, right?” he said. “Someone mistreats you. Someone hurts you. You have a natural reaction of getting mad and getting upset, and you want to take it out on somebody, right? It’s a whirlwind of stuff.”
And, while he’s moved on with his life in a country he’s still proud to call home, sometimes, at night, he finds himself back where the churn began.
Caught in the net
On March 7, 2025, Schmidt was returning from a trip to Europe to visit family. He went through the customs line at Logan Airport as usual, but this time there was a snag. A Customs and Border Protection agent approached him and brought him to a holding room in the airport.
“I didn’t think much of it until I got into this room,” he said. “And then immediately when I got into this room, there was a bunch of people yelling, people in Kevlar vests, a family with a baby.”
Information was sparse.
“They just tell you, ‘We have a flag on your green card, can you please go sit?’ And that’s the passive aggressive energy that will make you go nuts, because you have your whole world crashing down in front of you, and you’re told to go sit in a chair.”
He sat in the chair for 16 hours.
On the other side of customs his girlfriend, Bhavani Hodgkins, whom he’d met three years before while bartending at Nashua’s San Francisco Kitchen, waited. Prior to his trip to Europe, Schmidt purchased an engagement ring.
After two hours, Hodgkins understood there was a problem. But she had no idea what that problem was or where he was. She was in the dark, and kept there.
Meanwhile, where Schmidt sat, agents started to shed light on his situation. They made it clear they didn’t view the detainment as any sort of mixup.
“Immediately, I felt anger and frustration in this guy’s voice,” Schmidt recalled. “He’s like, ‘So you think you can sell drugs in the United States of America.’”
Schmidt replied, saying he’d never sold drugs, but the agent told him there was a “major drug charge” on his record. That “major” charge was for possession in California, where he lived a decade earlier. Schmidt said he was at a college party in 2015 that had been busted by police, and that officers believed a bag found on the ground containing an unknown substance was his cocaine. He insists it wasn’t. Schmidt later pleaded no contest and believed the case was behind him. 
His attorney, David Keller, noted that for years Schmidt traveled in and out of the country and renewed his green card without issue. That changed only when President Donald Trump began his immigration crackdown.
“The problem with that criminal case was they had never tested the substance to determine it was cocaine,” Keller said. “So had that case been brought to trial, had his lawyer actually tried the case, the government would have never been able to prove their case. For whatever reason, and we don’t know exactly why, that attorney didn’t take it to trial, but rather had Fabian plead to a sort of diversionary resolution.”
Schmidt also had a 2016 drunken driving charge that led to his license being temporarily suspended and has been brought up in news reports. Schmidt says that incident was the catalyst for him to get sober, which he has been for years. He says he now volunteers to sponsor others struggling with alcoholism in recovery programs in New Hampshire. However, the drunken driving charge was not the justification for his detainment.
“I’m sitting there thinking this was gonna be just a mix-up in documentation,” he said. “I was gonna get out in six to seven hours.”
He spent days sitting in a holding room chair. He had no contact with family, and lost any sense of how long he had been detained. He left the chair only to sleep in a cot that was rolled out each night. Shift change after shift change, the agents offered no answers. So he sat, slept, and ate: at every meal a choice between Cup O’ Noodles or a Chef Boyardee ravioli cup. He always chose the ravioli. It was easier to eat lukewarm. 
On the fourth day, he collapsed.
“I started yelling for help, and the guy came over, and I will never forget this moment to the day I die,” he said. “He made fun of me. He’s like, ‘What, you trying to med out? You trying to med out? You’re one of those bitches that meds out?’”
The agent was accusing Schmidt of faking illness to get released. Officers, eventually realizing his condition was serious, took him by ambulance to Massachusetts General Hospital where he was diagnosed with influenza. He woke up handcuffed to the hospital bed. His family wasn’t notified.
Days later, on March 11, 2025, he was transported by Immigration and Customs Enforcement to a prison in Rhode Island. 
For that hourlong trip, he was made to lie flat in an SUV, his hands and feet shackled. And that’s about as good as it would get for Schmidt for the next two months.
Confined to maximum security
Schmidt was placed in the Donald W. Wyatt Detention Facility, a publicly owned but privately operated maximum security prison in Central Falls, Rhode Island. The facility holds a mix of detainees from ICE, the U.S. Marshals Service, and the Federal Bureau of Prisons.
The Wyatt Detention Facility in Central Falls, Rhode Island, shown here on Tuesday, March 18, 2025, is operated by the Central Falls Detention Facility Corporation, a public corporation governed by directors appointed by the mayor of Central Falls. The facility has been the center of controversy and protests for years. (Photo by Michael Salerno/Rhode Island Current)
Maximum security is the level of custody at which murderers, gang leaders, and inmates with a history of escape attempts are held. Schmidt called Wyatt “a special beast” where fights among inmates are common, including three on his first day in custody.
“It’s bright. It’s loud. It’s action-packed,” he said. “You can never sit still, because you always have to have your head on the swivel.”
Keller said “there’s not really a good explanation” for why ICE placed Schmidt alongside such violent offenders. He could’ve been placed at the Plymouth County Correctional Facility in Plymouth, Massachusetts, instead, and there are supposed to be separate wings for ICE detainees and the general population.
“In a perfect world, there is total separation,” he said. “But that’s not the case.”
It wasn’t until Schmidt arrived at Wyatt that Hodgkins and the rest of his family learned where he was. Over the next two months, Hodgkins spent hundreds of dollars a week paying the prison to speak with him on the phone. She didn’t tell him how much those calls cost. Schmidt said “she was trying to shield me from the cost,” because if he knew how expensive it was, he wouldn’t have let her call so much.
Agents at the facility repeatedly tried to convince Schmidt to sign a form relinquishing his green card on the promise that if he did so, they would let him go free.
“I was like, ‘What? Why would I sign away my genius green card?’” he said, referring to the special type of visa — an O-1 visa, nicknamed the “genius visa” — his international businessman father secured for the family when they first moved to California. “For what reason?”
Bhavani Hodgkins took this screenshot when she was video calling with Fabian Schmidt on a prison tablet. Schmidt spent two months detained by ICE at the Donald W. Wyatt Detention Facility in Rhode Island. (Screenshot)
Keller said this is a concerning trend he’s seen with other clients too.
“I couldn’t even count how many consultations I’ve had where people are now abroad trying to figure out how to come back in, because they were green card holders, but they were threatened upon reentry and manipulated and coerced into signing a form,” Keller explained. “… CBP agents are being very vague and deploying coercive and unethical negotiation tactics by saying, ‘Here, you sign this, and it all goes away. We’ll let you go.’”
Keller said it’s difficult to prove agents coerced or put his clients in duress to get a signature.
“It’s way easier to, from the government’s perspective, act and ask forgiveness later,” he said. “But they’re not asking for forgiveness.”
Meanwhile, Schmidt could hear people protesting on his behalf outside the prison walls. His mother, Astrid Senior, and Hodgkins, had told the world his story.
As calls for Schmidt’s release grew louder and press reports brought international attention, Keller focused on the stated reason for detainment: the 2015 drug possession charge.
He and his colleagues had the California case reopened on the grounds Schmidt was given poor counsel — he never should’ve agreed to anything but a “not guilty” plea, Keller contends — and a judge dismissed the drug charge. That process took weeks, and then they headed to immigration court in Massachusetts. Minutes into the hearing, ICE was ordered to release Schmidt.
The immigration judge ruled so quickly that Schmidt hadn’t even made it onto the Zoom video when the order came down. He was waiting in line to enter the videoconference courtroom when Hodgkins messaged him on a prison tablet: “You’re free now.”
“I’m delirious and imprisoned,” Schmidt recalled. “So, I’m like, what does this mean? So I run over to the phone, even though I was in line, and I called David.”
A tearful Keller confirmed it was true and within hours Schmidt was being transported to an ICE office in Burlington, Massachusetts, so his family could take him home.
Protesters gather to demand freedom and due process for Fabian Schmidt outside the Donald W. Wyatt Detention Facility on Tuesday, March 18, 2025. Left foreground, Zack Mezera of Working Families Party speaks to the crowd with the Rev. Jarrett Kerbel of Saint Luke’s in East Greenwich, Rhode Island, at bottom right. (Photo by Michael Salerno/Rhode Island Current)
“Even just thinking about it right now, I’m getting goosebumps,” Keller said. “When you work with somebody and you care so much about them and their family, and you’ve stayed up countless nights and hours working on a case, you just grow very friendly with your clients. It is the best feeling to know that you’ve gotten the result that seemed unattainable in the beginning.”
Home again
Schmidt moved around growing up. He was born in Germany in 1990, and lived in England and Denmark as a child before arriving in Palo Alto, California, at 16. He moved to Nashua in 2022, to be closer to his mother.
Days after his release, Schmidt proposed to Hodgkins — now Bhavani Schmidt — at a Manchester steakhouse.
Since returning from incarceration, Schmidt has settled back into the chosen hometown he now shares with Hodgkins. He’s felt a wide range of emotions since returning, but ultimately, he’s arrived at gratitude, especially for his adopted New Hampshire community. It was the reaction he got from his neighbors in Nashua and passersby on the street who recognized him from newspapers that made him feel welcome again in his adopted home country.
“As soon as I got back here to Nashua, I got to see the community around me never left my side and then immediately embraced me with open arms when I got back,” he said. “And I gotta tell you, it’s almost surreal, because little me, I never thought that I would have that kind of an impact.”
Their apartment abuts a walking trail along the Nashua River and is a short walk to the restaurant where they met and celebrated their engagement.
“It was honestly the worst thing that we ever went through,” Hodgkins said. “But we had really beautiful blessings come out of it as well, so a part of me hates what happened, and we will forever be scarred from it, but we would not be the people that we are now. We would not be having the life that we have now if it wasn’t true.”
Fabian Schmidt and Bhavani Hodgkins, embrace at San Francisco Kitchen, the restaurant and bar on Main Street in Nashua where they met. (Photo by Allegra Boverman/New Hampshire Bulletin)
The couple married quickly, and Hodgkins sees a perverse positive in the situation they endured. Most couples believe they would do anything for each other; Schmidt and Hodgkins now have proof, she said.
“When he first got out, I was so angry at those people,” Hodgkins said. “And then I realized that I don’t want to hold onto that anger.”
Both Schmidt and Hodgkins said they’d rather move forward than stew about the past.
“We do not have a place in our heart for resentment,” Hodgkins said. “We want to live this beautiful life that this country has to offer us. We want to work hard. We want to make the most of what we have with our family and our friends, and we do not have a place for resentment.”
Still, Schmidt has considered filing a lawsuit, but has yet to do so. Keller said “there’s aspects of the case that, just from a legal standpoint, are challenging.” He said the law gives the federal government strong immunities, but “there are certain claims that they definitely violated.” That includes the Geneva Conventions, which Keller said were violated when CBP and ICE refused to alert the German consulate for the first week of his detention, and medical neglect when they allowed his illness to worsen at the airport before bringing him to the hospital.
“These claims are blatantly false with respect to CBP,” Hilton Beckham, assistant commissioner of public affairs at CBP, wrote in response to the Bulletin’s request for comment. “When an individual is found with drug related charges and tries to reenter the country, officers will take proper action. The Trump Administration is enforcing immigration laws — something the previous administration failed to do. Those who violate these laws will be processed, detained, and removed as required. Green card holders who have not broken any U.S. laws, committed application fraud, or failed to apply for a re-entry permit after a long period of travel have nothing to fear about entering and exiting the country.”
Schmidt is now paying off roughly $60,000 in legal fees, commissary items, and other expenses from the ordeal.
In his native Germany, Schmidt was featured in a documentary about Trump’s immigration agenda on a national public broadcast network. He’s also working on a book in German and hopes to either translate it to English or write a new adapted version for an American audience.
Even after the experience, Schmidt feels patriotic toward the U.S. He lived in four countries as a child, but when he reached an age when the decision was his to make, he chose to stay in the U.S.
“My heart was always to be an American,” he said. “There’s nothing left for me besides here.”
After his ordeal, Schmidt is resolved to becoming a U.S. citizen even if it means losing German citizenship, though a recent German law change might make that unnecessary. He’s consulting with his attorney about next steps.
Fabian Schmidt looks out at the Nashua River on May 26, 2026. Since being detained by ICE for two months, Schmidt, a German green card holder, says his neighbors, passersby on the street, and other community members in Nashua have made him feel welcome. “It’s hard to be mad when you, when you come home to such a great community,” he said. (Photo by William Skipworth/New Hampshire Bulletin)
SUPPORT: YOU MAKE OUR WORK POSSIBLE",https://newhampshirebulletin.com/wp-content/uploads/2026/07/P5260886-1024x768.jpg,,,2026-07-06 05:57:44.339320
,New Hampshire Bulletin,2026-07-06 08:55:58+00:00,New Hampshire Bulletin,New protections for people with disabilities in state care signed into law,William Skipworth,,,,,https://newhampshirebulletin.com/2026/07/06/new-protections-for-people-with-disabilities-in-state-care-are-signed-into-law/,"A bill aimed at protecting people with disabilities from abuse and neglect is now law. Senate Bill 670 creates a developmental services oversight commission responsible for reviewing the state-regulated, taxpayer-funded care system for people with disabilities. The commission will be made up of lawmakers, state officials, private providers, advocates, parent[...]","Senate Bill 670 creates a developmental services oversight commission responsible for reviewing the state-regulated, taxpayer-funded care system for people with disabilities. (Photo by Dana Wormald/New Hampshire Bulletin)A bill aimed at protecting people with disabilities from abuse and neglect is now law.
Senate Bill 670 creates a developmental services oversight commission responsible for reviewing the state-regulated, taxpayer-funded care system for people with disabilities. The commission will be made up of lawmakers, state officials, private providers, advocates, parents of people with disabilities, and people with disabilities themselves. It will be responsible for reviewing performance measures, licensing and certification data, and best practices, and suggesting ways to improve the system.
The new law also speeds up the timeline in which caregivers are placed on the state’s registry of abusive and neglectful caregivers after an allegation. Currently, they’re not placed on the registry until after an investigation. This law ensures the registry notes that they’re under investigation and will remove or solidify their position on the registry after an investigation.
Additionally, it attempts to beef up data sharing within this system, allowing officials from disparate parts of state government to share information that might help administrators identify issues. Several experts and advocates in the field have raised alarms about so-called “silos of information” where various offices within the state agencies responsible for overseeing this system are unable to share information and lack a big-picture view of the system’s performance.
Finally, SB 670 will also require private providers to notify the Health and Human Services commissioner, the Bureau of Licensing and Certification, the attorney general, and the Disability Rights Center-NH of any deaths or serious injuries.
State Sen. David Rochefort, the Littleton Republican behind the new law, said during a hearing earlier this year that a November investigation by the Bulletin was “the genesis for this bill.”
In “A System of Harm,” a three-part investigative series, the Bulletin reported on horrific abuse, neglect, and deaths occurring in the state’s disability care system. In New Hampshire, people with intellectual and developmental disabilities are legally entitled to care services. To administer the care, the state contracts with a network of private providers.
The Bulletin found systemic failures in protecting vulnerable clients. State records obtained by the Bulletin show 548 credible reports of abuse, neglect, and exploitation in this system from 2023 through 2025. (The Department of Health and Human Services told the Bulletin that it discovered its own data may include overcounts, but has refused to provide an updated number.) Additionally, there were 144 deaths in the system across the same time period, according to the records.
The Bulletin also told the stories of several victims, including a man physically beaten by his caretakers, a violent rape, and a young man found dead in the woods behind his care home.
Rochefort characterized this bill “a good first step” during the legislative session and suggested lawmakers may come back to the issue with more solutions next session.
An earlier version of SB 670 would’ve also revamped the state’s Vulnerable Adult Review Fatality Committee, but that provision was scrapped in a Senate amendment. The committee is tasked with reviewing concerning deaths of people with disabilities or otherwise vulnerable adults and providing recommendations to prevent future similar tragedies. Members of the committee told the Bulletin last year that they were never notified about two concerning deaths — a young man found dead in the snowy woods behind his care home and a woman who overheated in a hot car — that the Bulletin had discovered in its reporting. The deleted provisions would’ve compelled the state’s chief medical examiner to alert the committee of preventable deaths and altered the composition of the committee.",https://newhampshirebulletin.com/wp-content/uploads/2024/06/nhdome-1024x626.jpg,,,2026-07-06 05:57:44.339320
,Kansas Reflector,2026-07-06 08:33:16+00:00,Kansas Reflector,"Lawmakers fritter away $20,000 battling Kansas Reflector. They could just admit they screwed up!",Clay Wirestone,,,,,https://kansasreflector.com/2026/07/06/lawmakers-fritter-away-20000-battling-kansas-reflector-they-could-just-admit-they-screwed-up/,"The Kansas Legislature treated its own law as a suggestion. Now it wants to steal money from you to cover its tracks. Top state officials decided to snatch $20,000 from the wallets of taxpayers in a flagrantly ridiculous quest, hiring a lawyer to defend a lawmaker over a complaint filed by Kansas Reflector. No one […]","Sen. Renee Erickson, R-Wichita, appears at an April 9, 2025, legislative hearing. As the chairwoman of COGE, Erickson delayed the release of public records until after the legislative session ended. (Photo by Sherman Smith/Kansas Reflector)The Kansas Legislature treated its own law as a suggestion.
Now it wants to steal money from you to cover its tracks.
Top state officials decided to snatch $20,000 from the wallets of taxpayers in a flagrantly ridiculous quest, hiring a lawyer to defend a lawmaker over a complaint filed by Kansas Reflector. No one on our end requested such a move, but the Legislative Coordinating Council moved forward on Thursday nonetheless.
It’s absurd. It’s pointless. And it could all be solved if lawmakers took responsibility for their actions.
The facts of the situation are simple, although slightly winding. 
The Kansas Legislature hopped on the bandwagon of Elon Musk’s Department of Government Efficiency, deciding there must be untold waste and fraud in state government. It created the Committee on Government Efficiency, which solicited suggestions from the public.
Kansas Reflector requested copies of those suggestions on Feb. 25, 2025. After protracted wrangling, we didn’t receive them until April 9 of that year. Meanwhile, an identical request from a member of the committee was answered in March. That sure appears to violate state law, which requires the government to either produce the requested records within three days or a give a detailed explanation of any delay.
The records suggested why lawmakers might have wanted to kept them hidden. Rather than reinforce conservative talking points, the majority of Kansans wanted to expand Medicaid, legalize cannabis, fully fund public schools and protect abortion rights. Uh-oh.
Why Kansas Reflector filed a complaint about stonewalling by the Senate efficiency panel

We take open records seriously here at Kansas Reflector. This law is a critical bulwark against government secrecy and malfeasance. Editor-in-chief Sherman Smith therefore filed a complaint with the Kansas Attorney General’s Office in May of 2025. Time passed. The office last updated Kansas Reflector in November, with a letter that said the matter was still under review.
Finally, last week, we learned a bunch of news all at once.
Our complaint, which had been against the entire Legislature, had been narrowed by the Attorney General’s Office to focus on the COGE chairwoman, Sen. Renee Erickson, R-Wichita. And because the Attorney General’s Office has dual responsibility to both enforce open records requirements and represent the state, legislative leaders decided to hire outside legal counsel to defend Erickson.
Members of the panel voiced displeasure with Attorney General Kris Kobach and approved spending up to $20,000 for the services of Kansas City, Missouri, attorney Edward Greim.
Let’s clarify a handful of points now that we have the narrative down.
First, the portal through which Kansans made their suggestions stated explicitly that their words were public records.  They were required to check a box acknowledging: “Portal submissions are public records that are subject to the Kansas Open Records Act.”
The COGE website has since been taken offline, so you’re no longer able to follow the links we put in earlier stories. Thankfully, the original page is archived here, so you can see how those submitting comments were informed.
The basis for Kansas Reflector’s request for public submissions, therefore, goes without saying.
Sometimes, requests for public records amount to educated guesses. The person behind the request suspects a paper (or email) trail behind one issue or another. Sometimes the records exist; sometimes they don’t. In this case, however, there was a flashing red light alerting us to the existence of a trove of documents very much in the public interest.
Kansas Legislature’s supermajority makes mockery of open records law over efficiency portal messages

Second, we did not file a lawsuit against the state of Kansas, the Legislature or any specific members. Smith sent a complaint to Kobach’s office. We asked for an acknowledgment of the simple truth that state law had been violated. You can read the complaint at the end of this column.
Finally, our complaint was against the entire Legislature, along with Erickson. Kobach’s office made the decision, without consulting us, to single out the senator as it investigated the complaint. We care most about the entire Legislature’s behavior moving forward.
The state of Kansas could have put this entire sorry affair to bed months ago, if not more than year ago.
We sought the minimum of someone who has clearly been wronged under state law: an admission of guilt. It would be nice if officials also promised to follow the law in the future.
As Smith put it: “I am thankful the Kansas Attorney General’s Office is taking its responsibility seriously when it comes to investigating open records complaints. Rather than hire an attorney, the Legislature could simply admit that it violated the law when it needlessly withheld public records and obscured them with capricious redactions. Kansas Reflector will continue our relentless fight for transparency at all levels of government.”
We have no interest in costing the people of Kansas any money. We instead seek to serve them by insisting that lawmakers follow the legislation they passed.
That’s the least that everyone should ask.
Smith’s full complaint appears below:
COGE kora complaint
Clay Wirestone is Kansas Reflector opinion editor. Through its opinion section, Kansas Reflector works to amplify the voices of people who are affected by public policies or excluded from public debate. Find information, including how to submit your own commentary, here.",https://kansasreflector.com/wp-content/uploads/2025/04/P4090478-1024x576.jpg,,,2026-07-06 04:57:01.141116
,Pennsylvania Capital Star,2026-07-06 08:03:51+00:00,Pennsylvania Capital-Star,Echoes of the past in Pennsylvania coal towns’ fight against data centers,"Nina Sablan, Inside Climate News",,,,,https://penncapital-star.com/energy-environment/echoes-of-the-past-in-pennsylvania-coal-towns-fight-against-data-centers/,"As the data center buildout escalates, rural Pennsylvanians urge lawmakers not to repeat past mistakes.","Pennsylvania Gov. Josh Shapiro was heavily criticized for his perceived coziness with data centers across the commonwealth on June 23, 2026. (Natalie Javitt/Pennsylvania Capital-Star)This article originally appeared on Inside Climate News, a nonprofit, non-partisan news organization that covers climate, energy and the environment. 
The Hazle Township Supervisors faced a packed room. Hanging on the wall behind them, black lettering spelled out “We the People.” In front of them sat and stood about a hundred community members, some wearing yellow T-shirts that read “Project Hazelnot,” with a red circle and backslash for the “o.”
Their shirts were a message to the developers of Project Hazelnut, who want to build a massive data center complex on the Luzerne County’s  township’s coal-rich plateau. The proposal includes plans for 15 data center buildings and an electrical substation across a nearly 1,300-acre site.
The project came up against what may be its final barrier that night on June 8 when the board voted on a zoning ordinance that would put a pause on data center applications in the town for 180 days. During this time, the board plans to update its zoning rules and add specific restrictions for data centers.
SUPPORT: YOU MAKE OUR WORK POSSIBLE
Hazle Township’s push for a local pause came weeks after state legislators introduced a Senate bill that would block data center development for three years. That bill is part of a wider backlash against plans for the controversial facilities cropping up in residential and rural areas across the state and the country.
Proposals for data centers in Hazle Township and nearby Kline Township are just two of over 60 that have sprung up in the last year in Pennsylvania. Most of them face opposition from those who live nearby. Residents are concerned about the speed of development and the potential health and environmental impacts.
This resistance represents a unified front during a time of deep political division. Ginny Marcille-Kerslake, an organizer for Food & Water Watch who has been calling for moratoriums in northeastern Pennsylvania as part of her organization’s national campaign, said that in this fight, party lines have been “obliterated.”
While this amendment was new, the audience’s concerns weren’t. Those who live in Pennsylvania’s coal regions are all too familiar with industry deals that break ground fast and leave destruction and little economic opportunity behind. Starting in the 19th century, this region of Pennsylvania, in the northeastern corner of the state, produced large quantities of coal, helping power the Industrial Revolution but also polluting the water and land. As the local coal industry declined, manufacturing, waste and warehousing facilities moved in, some of them bringing new health hazards. Luzerne County, where Hazleton is located, is home to three Superfund sites.
This history means that the buildout from the AI boom brings added alarm. According to recent polling, 33 percent of residents in this region strongly oppose data center development in or near their communities–the highest percentage in the state.
“We have a beautiful area here. First, it was scarred by coal mines, and we don’t want any more damage done,” said Joanne Balay, a Hazle Township resident who attended the meeting. Her main concerns about data centers are “the amount of power that they take, the amount of water they use, and the land that is totally raped.…It’s just destroyed.”
The former Three Mile Island nuclear power plant in Londonderry Township, Dauphin County, on June 5, 2026. (Photo by Tim Lambert/Pennsylvania Capital-Star)
In this area tucked along the southern edge of the Pocono Mountains, abandoned mine shafts and coal ash piles serve as a reminder of an uglier side of American ambition. For those who live in these forested valleys, proposals for data centers are reopening old wounds.
In Kline Township, a few miles from Hazleton, residents have questions about a data center proposal that would include up to 10 buildings across more than 300 acres.
“They are moving so fast that people are not aware, and a lot of it is being done behind closed doors,” said Lynn St. George, a Kline Township resident in favor of a moratorium. “This has to stop.”
Seventeen years ago, St. George and her husband bought 105 acres of land to build their dream home. Now their house is within an aerial mile of a potential future site of an Amazon Web Services data center.
At the site, a clearing of gravel, dirt and felled trees is encircled by red fences. They mark where a handful of wooded backyards end and the project, in an area named “Devil’s Mountain,” begins.
This area used to be a natural expanse of forest where people hunted, and the adjacent neighborhood, Haddock, was a quiet place where kids played. St. George said she hasn’t run into a single resident who wants a data center in the area.
“We’ve had polluted streams, we’ve had waste coal piles a hundred feet tall. There’s public health risks around coal mining—that’s our history,” said Nate Eachus, a former professional football player for the NFL’s Kansas City Chiefs, who lives near Kline Township.
After seeing what he calls “horror stories” of development done wrong, Eachus is joining the call for a statewide moratorium on data centers. “People may say three years is a long time but this is our air. These are our basic natural resources,” he said.
During the Kline meeting, police officers escorted Eachus outside when he tried to speak during the public comment period in violation of a new code that says only residents may participate. Eachus had previously spoken at township meetings. While not a resident in the township of roughly 1,600, he lives half a mile away and grew up in the area.
He said he sees a pattern of silencing, especially after Amazon Web Services put in an application for Devil’s Mountain. But residents hope that by continuing to speak out, their voices might be amplified in Harrisburg.
“Every community has a voice,” St. George said. “This community has a little voice and they need somebody to amp that voice up so that they can be protected.”
 Hazleton hits the brakes on the governor’s fast track

While Kline Township’s proposed data center shows no signs of slowing down, just north of them in Hazle Township, residents succeeded in halting the plans for the next 180 days.
Under pressure, the Hazle Township board voted unanimously on June 8 to temporarily stop all consideration of data center proposals.
This marks the latest chapter in Hazle Township residents’ opposition to Project Hazelnut. Gov. Josh Shapiro introduced the data center proposal last November as one of the flagship projects under the state’s “Fast Track” program, which the governor first announced during a visit to Hazle Township. Project Hazelnut was touted as an investment that would bring 900 jobs and boost tax revenue under the statewide initiative to speed up the permitting process.

On the project’s website, the developer, NorthPoint Development, wrote that it is “committed to creating local jobs, protecting our environment, and being a quiet, valued neighbor.” On June 24, NorthPoint announced a $165 million community benefits fund as part of a revised version of the proposal, including $10,000 grants to eligible households in the township. “It isn’t difficult to see this as little more than a bribe, an incentive to look the other way while another company does whatever it wants to do in our backyards,” the Scranton Times-Tribune wrote in an editorial about the fund on June 28. NorthPoint did not respond to requests for comment from Inside Climate News.
The governor has since introduced more protective but voluntary standards for data centers, but many residents aren’t reassured. Data center opponents argue the standards are performative and written with tech companies’ interests in mind rather than the public’s.
While “Project Hazelnut” started on the state level, pushback on the local level has ended it for now.
Showing up to meetings in the hundreds, residents stopped the project from going forward in November after finding that the board and developers hadn’t complied with the township’s procedures. NorthPoint filed an appeal in response, in which about a hundred residents intervened on behalf of the town. The town’s move in July to suspend data center proposals came after the county court ruled against the developer in May.
 Pushing for a moratorium

State Sen. Katie Muth, a Democrat, is calling for a statewide pause on data center projects with Senate Bill 1359, introduced on June 4. The three-year moratorium would halt all hyperscale data center projects that don’t yet have full approval to give local governments time to update their ordinances.
The impact of building on ground that might be contaminated by toxic chemicals from earlier industrial booms is one of her concerns. “A lot of these sites are proposed to be built on brownfields and Superfund sites that have not achieved full remediation,” she said. A data center was proposed for the Foote Mineral Co. Superfund site in Chester County’s East Whiteland Township.
In Kline, proposed development isn’t far from a Superfund site. Down the road from Devil’s Mountain lies part of the former McAdoo chemical waste dump. When federal officials stepped in nearly half a century ago to clean up, they called it the worst environmental hazard in the state. In 2007 the federal government found a cluster of rare blood cancer cases in the surrounding counties but said it could not confirm an environmental link.
Data center opposition signs are seen around the neighborhood next to the Devil’s Mountain project site. (Photo by Nina Sablan/Inside Climate News)
Muth’s bipartisan bill, co-sponsored by Sen. Rosemary Brown, a Republican, and Sen. Carolyn Comitta, a Democrat, would allow the state to research and implement better practices for where and how data centers are built. Muth’s bill and similar, less stringent, Republican-sponsored bills are part of a nationwide trend. Pennsylvania is one of 14 states with bills calling for a freeze in data center development. But for such a fast-moving industry, time is money.
“Statewide or local moratoriums on data centers would discourage investment and send a signal that Pennsylvania is closed for business,” Dan Diorio, vice president of state policy for the Data Center Coalition, an industry group, wrote in a statement to Inside Climate News. “Such a moratorium is concerning in light of all the significant benefits data centers provide to the communities where they operate.” Diorio said the benefits include significant economic investment, especially for rural areas.
In northeastern Pennsylvania, Amazon Web Services has committed to awarding $250,000 in community grants as part of its plan to invest $20 billion in data center expansion statewide. “When our data centers become part of local communities, they serve as catalysts for opportunity, sparking job creation, and propelling economic growth,” a spokesperson for Amazon Web Services said in a statement to Inside Climate News. “At Amazon, we take pride in being a good neighbor and using our scale and resources to strengthen communities where our employees live and work.”
But the facilities typically don’t employ many people after construction is done, and locals must weigh the tax revenue benefits against potentially high levels of water and energy use.
Residents say deals for these projects can mean rezoning farmland, clearing hundreds of acres of countryside, and constraining elected officials via non-disclosure agreements.
Community members worry that without guidelines in place, rushed development could hurt their health, disrupt their way of life and set back the local economy.
While Muth’s bill aligns with this growing grassroots movement, she says that a bipartisan majority of politicians in Harrisburg support the data center buildout.
“It is really disheartening to know that your government is using your money to promote the development of something that’s going to harm you,” Muth said. “They’re supposed to be there for the people, not for big tech bros.”
Sixty-three percent of Republicans and 75 percent of Democrats oppose local data center construction, according to a May Gallup poll. Americans are worried about the strain on the energy grid, the pollution from new on-site power plants and diesel backup generators, the usage of hundreds of thousands of gallons of water, and the constant noise from these facilities. Both Hazleton and the borough of McAdoo lean conservative in the broader swing region of northeastern Pennsylvania.
“It doesn’t matter whether you’re far left, far right, or anywhere in between, we are seeing people in these communities working together,” Food & Water Watch’s Marcille-Kerslake said.
Instead of a split along party lines, the fight over data center proposals is often between the people whose environment and energy bills are affected by the facilities and the corporations that stand to profit from them.
“I just don’t see anything that is positive about these data centers except for the people that are putting them in,” St. George said. “They’re the ones that are going to get rich and they’re not caring about the people that are living nearby.”
As the world shifts to make way for the generative AI boom, she’s demanding that the health and safety of communities come first. For St. George, it’s the matter of where and how they’re built that’s a heated debate, not whether they’re needed at all.
“I think that it’s very important to understand that we do need data centers. AI is the wave of the future,” St. George said after the Kline Township meeting. Data centers help power banking, air travel, online shopping and telehealth, according to the Data Center Coalition.
Residents attend a Hazle Township Supervisors meeting on June 8 before the vote on a moratorium and curative amendment. (Photo by Nina Sablan/Inside Climate News)
But bulldozing over local resistance to build them, Marcille-Kerslake worries, would result in a bleak future.
She’s visited Data Center Alley in northern Virginia, the world capital for data center buildout. Standing at the top of a parking garage in the suburb of Ashburn, she could see high-voltage cables strung over the streets and hear the unrelenting hum of hundreds of facilities. The view that met her was empty roads and warehouses as far as the eye could see.
“I just didn’t realize until I got there the general feel of the place, and dystopian is the word for it,” Marcille-Kerslake said. “It’s not a place you want to call home.”
 “We are ready”

At a rally in Harrisburg last week for the moratorium bill, supporters spoke about reclaiming the future of Pennsylvania’s small towns from large-scale industry and returning it to the will of the people who live in them.
“The lesson of Pennsylvania’s history is clear: when government fails to ask hard questions at the beginning, communities pay the price for generations,” Muth, who introduced the bill, said at the rally. “We cannot afford to repeat those mistakes, not with our water, not with our air, not with our families and our communities and not with our future.”
A southwestern Pennsylvania resident, Megan McDonough, Pennsylvania state director at Food & Water Watch, said environmental harm has been an intergenerational problem for her and many in the state. “I know this playbook because I’ve lived it. My kids have lived it, and I’ll be damned if my granddaughter lives it,” she said.
SUBSCRIBE: GET THE MORNING HEADLINES DELIVERED TO YOUR INBOX.
She addressed the crowd of almost 200 organizers who, just over a year ago, had not heard of these proposals but have since filed right-to-know requests, prevailed in courts and pressured local governments to update regulations to reflect the new risks that data centers bring.
McDonough said they opposed secrecy and corruption, not progress.
“And this time we are ready,” she said. “We know their tactics, we know their lawyers, we know their lobbyists and we know their consultants. We know the language they use to make destruction sound harmless, and we know how to fight back.”
Wearing a yellow “Project Hazelnot” T-shirt, Annie Vinatieri, a resident of Luzerne County, took to the podium afterward to speak of what she has witnessed of the buildout in the countryside she calls home.
Vinatieri described seeing plywood covering the windows of houses, an abandoned chicken coop, an empty swing set and a “caution children at play” sign along the Susquehanna River, where a project bought out 96 landowners. In a window of one house was a note that recounted 55 years of memories.
Addressing the industry at the rally, Vinatieri said everything was on the line for those fighting for a moratorium. “Something dark has descended on our state and on my region,” she said. “It’s not just your business. It’s our lives.”",https://penncapital-star.com/wp-content/uploads/2026/06/IMG_3942-1024x768.jpg,,,2026-07-06 04:57:01.141116
,Georgia Recorder,2026-07-06 08:00:43+00:00,Georgia Recorder,A last-minute change to Georgia’s ballot QR code bill could steer voting in a new direction,Maya Homan,,,,,https://georgiarecorder.com/2026/07/06/a-last-minute-change-to-georgias-ballot-qr-code-bill-could-steer-voting-in-a-new-direction/,"Georgia’s ballot QR code crisis is resolved for now, but a late change to an elections bill passed during last month’s special session adds a new twist to the question of how future elections across the state will be run.  Under a state law passed in 2024, Georgia could no longer use QR codes to […]","Reps. Mary Margaret Oliver and Tim Fleming speaks at a Government Affairs Committee June 23, 2026. Ross Williams/Georgia RecorderGeorgia’s ballot QR code crisis is resolved for now, but a late change to an elections bill passed during last month’s special session adds a new twist to the question of how future elections across the state will be run. 
Under a state law passed in 2024, Georgia could no longer use QR codes to count ballots after July 1, but state lawmakers repeatedly failed to appropriate the funds needed to make the switch ahead of the self-imposed deadline. The question of how to count votes had threatened to destabilize the state’s midterm elections.
Ballot QR code bill headed to governor after Georgia lawmakers scale back hand-counting requirement

The updated bill, which allows the state to continue using QR codes to tally votes until 2028, mandates additional post-election audits on certain statewide contests and establishes a special committee to help select the state’s next voting system, has been signed into law by Georgia Gov. Brian Kemp. 
A last-minute amendment from Covington Rep. Tim Fleming, the Republican nominee for secretary of state, also instructs the special committee to narrow their focus to hand-marked paper ballot systems, which would represent a shift away from Georgia’s current system that uses voting machines to mark ballots.
The amendment also specifically designates ballot on-demand printing — where voters receive an individualized ballot printed after they check in to the polling place — as the preferred method, rather than relying upon pre-printed paper ballots. 
The Legislature could still choose to enact a different type of voting system, but many Republican lawmakers and conservative advocates have signaled a preference for hand-marked paper ballots.
“This is just setting the parameters around what this committee will look at as far as the next statewide voting system,” Fleming told a legislative committee recently. Fleming did not respond to multiple requests for comment.
Penny Brown Reynolds, the Democratic nominee for secretary of state, also did not respond to a request for comment.
Georgia state Rep. Saira Draper, D-Atlanta speaks during a press conference at the Georgia State Capitol on Wednesday, Feb. 11, 2026. (Matthew Pearson/WABE)
Rep. Saira Draper, an Atlanta Democrat and election lawyer, said that while she wasn’t necessarily opposed to a system like the one Fleming proposed, she would have preferred for the committee to be free to explore all the options available, including alternate voting systems.
“By putting in that amendment during a committee meeting that was not receiving public comment, where there was very little time before the bill hit the floor, it’s really a disservice because it narrows the scope of the committee’s work unnecessarily,” she said. “As long as we’re going to go through the process of selecting new equipment, we should be doing so with transparency and integrity.”
Georgia’s current voting machines were purchased for $107 million in 2019 and manufactured by Dominion Voting Systems, which is now known as Liberty Vote. They were used statewide in Georgia for the first time during the 2020 election. 
But the company became a target of conservative media outlets like Fox News, Newsmax and One America News Network, who circulated false claims about the validity of the 2020 election results and accused Liberty Vote of rigging the election in favor of former President Joe Biden. Trump-aligned attorneys Rudy Giuliani and Sidney Powell also claimed that the company had conspired to switch votes in Biden’s favor.
Liberty Vote has since received millions of dollars in settlements after filing a series of lawsuits against those who claimed the company conspired to rig the 2020 election.
At least five different U.S.-based companies, including Liberty Vote, offer on-demand ballot printing, according to Verified Voting, a nonprofit organization that tracks election equipment across the country. 
Lawmakers weigh seismic changes to Georgia’s voting equipment

The state does currently rely on paper ballots to tally the official results, though only absentee and provisional ballots are marked by hand. Georgia is also one of the few states that uses one type of election equipment statewide, meaning that a shift in the vendor who supplies the results would impact all of the state’s 159 counties.
Mark Lindeman, Verified Voting’s policy and strategy director, said Fleming’s amendment largely aligns with the organization’s recommendation that most voters use ballots marked by hand and counted by machines, which they see as having the fewest risks and ensures that election officials can verify the outcome of an election. Precincts will still be required to have a certain number of ballot-marking devices to fulfill federal accessibility requirements though.
“I think it’s a good path for Georgia to adopt for 2028,” Lindeman said, noting that the extended deadline was crucial to give state and local officials time to switch over to the new system. “There have been proposals to try to roll this out somehow this year, and I just didn’t see how any of those could work. There just wasn’t enough time to put it together.”
However, Fleming’s amendment did not include many specifics around the use of printers that provide individualized ballots at polling places, and notably did not restrict legislators from considering a different system. 
Among states that use the on-demand printed ballot system, Lindeman said, many still rely on pre-printed ballots on election day itself in case any technical difficulties arise.
“Because Election Day is the last opportunity to vote, I would not want to make Election Day any more dependent upon printing ballots at the last possible moment than it absolutely has to be,” he said. 
“If [Georgia] required ballot on-demand for all in-person voting, I think that would be pretty distinctive.”
Georgia Association of Voter Registration and Election Officials President Joseph Kirk testifies in a House Committee on June 22, 2026. Maya Homan/Georgia Recorder
Joseph Kirk, the Bartow County elections director and president of the Georgia Association of Voter Registration and Election Officials, said his organization supported the bill, but noted that switching to a hand-marked paper ballot system could create some changes for the election workers who are tallying results, particularly when it comes to hand recounts.
“One of the features of our current voting system is there’s not a lot of question about the voter’s intent,” Kirk said. 
Digital selections mean that there aren’t a lot of extraneous marks on the page that could confuse a machine, or instances where voters crossed a name out and selected a different one as sometimes happens with hand-marked ballots.
“With the hand-marked system, there will be more questions about the voter’s intent,” he said. 
As a result, he added, the margins of victory could change more drastically during a hand recount under a hand-marked system than it would under a system that relies on machine-marked votes.
“And that’s OK, there’s ways to work through that. We’re just not used to it,” Kirk said.",https://georgiarecorder.com/wp-content/uploads/2026/06/DSC_8458-1024x683.jpg,,,2026-07-06 04:57:01.141116
,Ohio Capital Journal,2026-07-06 08:00:27+00:00,Ohio Capital Journal,Ohio economists split on Medicaid fraud-prevention proposals,Marty Schladen,,,,,https://ohiocapitaljournal.com/2026/07/06/ohio-economists-split-on-medicaid-fraud-prevention-proposals/,"After the Ohio General Assembly last month passed measures aimed at limiting fraud in the state’s Medicaid program, a panel of economists is split on their potential effectiveness. Senate Bill 315 is awaiting Gov. Mike DeWine’s signature. Among other ways it seeks to reduce fraud it: Requires the Ohio Department of Medicaid to suspend payments […]","Ohio Gov. Mike DeWine talks about the OhioSEE program at a Dublin elementary school as  Centers for Medicare & Medicaid Services Administrator Dr. Mehmet Oz looks on. (Photo by Megan Henry, Ohio Capital Journal). After the Ohio General Assembly last month passed measures aimed at limiting fraud in the state’s Medicaid program, a panel of economists is split on their potential effectiveness.
Senate Bill 315 is awaiting Gov. Mike DeWine’s signature. Among other ways it seeks to reduce fraud it:

Requires the Ohio Department of Medicaid to suspend payments if the state attorney general or auditor submit a credible allegation of fraud
Enhances criminal penalties for fraud
Requires electronic verification of home-care visits if the provider doesn’t live in the home
Provides whistleblower protections

When Scioto Analysis surveyed 13 economists on whether the reforms would be beneficial, they mostly seemed to say that it’s hard to tell.
They were first asked whether they agreed that “Medicaid fraud prevention programs that increase penalties and require additional verification and inspections will create fiscal savings that outweigh the administrative costs of running them.”
Five agreed, four disagreed, two were uncertain and one had no opinion.
Michael Jones of the University of Cincinnati said he believed the savings would outweigh the costs.
“A low-cost verification system that confirms identity and eligibility at the moment that services are provided should produce a positive (return on investment) for Ohio,” he wrote in the comment section of the survey. “Ohio should be implementing electronic visit verification for nearly every service that is reimbursed.”
But Curtis Reynolds of Kent State University said it was hard to see how the increased administrative cost would pay for itself.
“This is always the challenge: more verification/inspections are costly and I do not think that there will be much fiscal savings,” he wrote. “Medicaid fraud does exist but the estimates are that it is not a large percentage of total spending.”
The economists were also asked whether they agreed that “Medicaid fraud prevention programs that increase penalties and require additional verification and inspections will reduce access for vulnerable populations like people with disabilities.”
This time they divided evenly. Four agreed, four disagreed and five were uncertain.
“Vulnerable people are likely to get snared by the fraud prevention program which may penalize people who Medicaid is supposed to help,” wrote Charles Kroncke of Mount St. Joseph University, who agreed the new regs would cut some access for the disabled.
But Jonathan Andreas of Bluffton University said the new rules could benefit the disabled in the long run.
“It will undoubtedly reduce access in the short run because of inevitable false positives which reduce necessary care,” he wrote. “But in the long run, IF it increases the efficiency of Medicaid, it could increase care because of helping channel scarce dollars to the patients who really need them rather than to fraudsters.”
The panelists were also divided on the overall economic effect of the new rules, should they become law.
They were asked if they agreed that “Medicaid fraud prevention programs that increase penalties and require additional verification and inspections will generate a greater economic return than expanding benefits for recipients.”
Two agreed, three disagreed, five said they were uncertain and one had no opinion.
Andy Welki of John Carroll University said the new rules could create better public sentiment about Medicaid, which itself could produce a benefit.
“Confidence in a well run system promotes greater support,” he wrote.
But David Brasington of the University of Cincinnati said it’s too early to tell whether the benefits will outweigh the costs.
“We won’t know the extent of fraud currently committed or prevented until such measures are enacted,” he wrote. “Expanding benefits for current recipients would increase costs, fraud, and access to care.”
SUPPORT: YOU MAKE OUR WORK POSSIBLE
SUBSCRIBE: GET THE MORNING HEADLINES DELIVERED TO YOUR INBOX.",https://ohiocapitaljournal.com/wp-content/uploads/2026/05/IMG_8031-1024x768.jpeg,,,2026-07-06 04:57:01.141116
,Georgia Recorder,2026-07-06 08:00:02+00:00,Georgia Recorder,Georgia can do more to protect health coverage for its youngest residents,Keisha Callins,,,,,https://georgiarecorder.com/2026/07/06/georgia-can-do-more-to-protect-health-coverage-for-its-youngest-residents/,"“If children are well, then the village is well.” This adage beautifully expresses a vital public health concept: A community’s health is best measured by how it protects and nurtures the welfare of its most vulnerable members. As an OB-GYN, I celebrate some of life’s happiest moments with families: a healthy pregnancy, a safe delivery, […]","In Georgia, the rate of uninsured young children rose from 5.1% to 6.6%, higher than the national average and higher than our neighbors in Alabama (4.1%). zimmytws via Getty Images“If children are well, then the village is well.” This adage beautifully expresses a vital public health concept: A community’s health is best measured by how it protects and nurtures the welfare of its most vulnerable members.
As an OB-GYN, I celebrate some of life’s happiest moments with families: a healthy pregnancy, a safe delivery, and a newborn’s first days. But increasingly, I also see families struggling to get the care their children need simply because they don’t have health insurance. I have made numerous calls on behalf of postpartum moms to help restore their coverage and the coverage of their newborn children. For each mom I can help, there is probably another who doesn’t have the extra vitality or extended village to help her advocate for herself and her baby.
Access to health coverage, especially for families with young children, can be transformative. It’s the well-child visit that catches a developmental delay early. It’s the neonatal nutrition consult that helps support breastfeeding and lactation. It’s the hearing test that identifies a problem before it affects learning. It’s the sick visit when the third cold of the month turns into an ear infection. During the first years of life, when children’s brains and bodies are developing at an extraordinary pace, expedited access to care matters even more. What’s more, a baby’s health impacts the mental health and overall well-being of their mother.
That is why a new report from Georgetown University’s Center for Children and Families is so concerning. The report found that nearly 220,000 additional children under age six became uninsured between 2022 and 2024, with young children experiencing the largest increase in uninsurance nationwide.
In Georgia, the rate of uninsured young children rose from 5.1% to 6.6%, higher than the national average and higher than our neighbors in Alabama (4.1%). Even more concerning, Texas, Florida and Georgia alone accounted for more than half of the national increase.
Some of this increase is likely related to Medicaid unwinding, when states resumed eligibility reviews after pandemic-era protections ended. But many families lose coverage for reasons unrelated to eligibility.
I can attest that moms put their babies first, but parents of young children are also busy. They are juggling jobs, childcare schedules, doctor’s appointments and the everyday challenges of raising a family. When enrollment forms are confusing or renewal notices are missed, children can lose coverage even though they still qualify. In fact, more than half of uninsured children are likely eligible for Medicaid or PeachCare but are simply not enrolled.
We can make it easier for young children to access health care and use services and benefits.
To do so, Georgia could:

Publish enrollment data by age and geography to better understand where young children are losing coverage.
Partner with trusted messengers, such as pediatricians, obstetricians, family physicians, perinatal providers (midwives, doulas and lactation consultants), childcare providers, Head Start programs, home visiting programs, community health workers, Babies Can’t Wait providers, and other faith and civic organizations to help families enroll and stay enrolled.
Promote presumptive Medicaid eligibility for our kids and authorize more community organizations to help families enroll. This would make it easier for eligible children to get coverage quickly.

Most importantly, we should do everything possible to ensure continuous coverage for pregnant women, newborns and young children so that the bureaucratic infrastructure does not become a barrier to care. Our patients could benefit from a paradigm shift: Instead of waiting for our families to come to us, we need to expand the “ways and means” we can meet them where they are.
No parent should hesitate to make a doctor’s appointment or leave a doctor’s office wondering how they will pay for their child’s care. And no child should miss the opportunity for a healthy start because of an administrative hurdle. Our youngest children only have one childhood. We owe it to them and their families to do everything in our power and sphere of influence to ensure that they have access to the care they need from the very beginning.

The Georgia Recorder welcomes guest commentary submissions that adhere to these guidelines.",https://georgiarecorder.com/wp-content/uploads/2025/07/GettyImages-492611902-1024x683.jpg,,,2026-07-06 04:57:01.141116
,New York Focus,2026-07-06 08:00:00+00:00,New York Focus,Hochul Extends Program to Hire Government Workers Faster. Mamdani Opts Out.,Nick Garber,,,,,https://nysfocus.com/2026/07/06/ny-helps-hochul-mamdani-nyc-vacancies,"New York City has no plans to opt into NY HELPS, which has been extended to 2028 after filling 60,000 government jobs.",The Mamdani administration has decided not to join a statewide program to make government hiring faster. / Office of Governor Kathy Hochul,,,,2026-07-06 04:57:01.141116
,Ohio Capital Journal,2026-07-06 07:55:44+00:00,Ohio Capital Journal,Ohio grocer Kroger announces $1.65 billion deal to purchase Giant Eagle,Nick Evans,,,,,https://ohiocapitaljournal.com/2026/07/06/ohio-grocer-kroger-announces-1-65-billion-deal-to-purchase-giant-eagle/,"The Ohio-based grocery chain Kroger announced plans Wednesday to purchase one of its competitors, Giant Eagle, for $1.65 billion. The Pennsylvania-based retailer has more than 200 locations stretching from Maryland to Indiana. The deal is expected to close next year and still needs federal approval to go forward. In a press release Kroger CEO Greg […]","The Kroger Co. corporate headquarters is seen in downtown Cincinnati. (Photo by Scott Olson/Getty Images)The Ohio-based grocery chain Kroger announced plans Wednesday to purchase one of its competitors, Giant Eagle, for $1.65 billion. The Pennsylvania-based retailer has more than 200 locations stretching from Maryland to Indiana. The deal is expected to close next year and still needs federal approval to go forward.
In a press release Kroger CEO Greg Foran praised Giant Eagle as a “high-quality regional grocer” and touted its “fresh products, pharmacy, private label and customer loyalty.”
“We evaluated the opportunity carefully, and the strategic fit is clear,” he went on. “Giant Eagle expands our reach into attractive adjacent markets, allowing us to do what we do best: Run outstanding stores, deliver fresh foods and convenient meal solutions at affordable prices, and take care of our customers and associates every single day.”
Despite emphasizing adjacent markets, much of Giant Eagle’s territory overlaps with Kroger — already the largest traditional grocery chain in the country. With previously competitive stores operating under the same shingle, some Giant Eagle locations are certain to close or get sold off. The press release notes the companies “expect to make limited Giant Eagle store divestitures.”
In 2024, federal regulators shot down a similar deal in which Kroger attempted to purchase Albertsons. But with a very different administration in the White House, it’s possible the Federal Trade Commission will view the latest deal differently.
The deal’s implications
Giant Eagle CEO Bill Artman offered a rose-tinted view of the agreement, calling it “an exciting next chapter for our Team Members, customers, vendors and community partners.”
“Together with Kroger,” he added, “we will be well-positioned to advance our strategy and deliver better quality and service, better everyday value, and a better shopping experience for our customers, while providing greater growth opportunities for our dedicated Team Members.”
Rob Moore, a public policy researcher and principal of Scioto Analysis, said there’s some credence for a positive outlook.
“Our instinct is to be worried about consolidations because of reductions in competition in the market, but the deal is not necessarily bad for consumers,” he said. “Larger grocery stores can sometimes lead to more efficiencies in purchasing, logistics, and technology deployment.”
But Moore stressed, “these efficiencies only matter to consumers if they lead to lower prices, better service, or better access to food.”
American Economic Liberties Project Director of Policy and Advocacy Morgan Harper warned the deal could be a lose, lose, lose.
“What we usually see with these large grocery store mergers is that they have detrimental impacts for both workers, and consumers, and other small businesses, suppliers, that try to provide products to a Kroger.”
If the deal means some stores are redundant, Harper said, it’s safe to assume some workers will get pink slips. With less competition, she added, the grocery giant gains even greater pricing power. That could mean higher prices in the aisle, as well as a harder bargain for the companies making the products that end up there.
“A combined Kroger could become the only game in town,” she said. “Especially right now with so many people struggling to keep up with how costs are increasing across the board, this is the type of transaction that could exacerbate that in the form of higher food costs.”
The most recent Consumer Price Index report showed the cost of groceries climbed 2.7% over the past year.
Harper doesn’t expect the Trump administration FTC to pursue the merger as aggressively as it did during President Biden’s tenure, but that’s not the only enforcement mechanism available. State attorneys general have the authority to investigate, and if they determine the deal is anti-competitive, they could sue to block it.
And Harper noted there’s some positive, recent precedent for state AGs going it alone.
“That’s what we’re seeing with Live Nation-TicketMaster,” she said, “the feds settled and the state AGs continued that case.”
Although the Live Nation case is far from over, in April, a jury determined the company was acting as a monopoly.
Follow Ohio Capital Journal Reporter Nick Evans on X or on Bluesky.
SUPPORT: YOU MAKE OUR WORK POSSIBLE",https://ohiocapitaljournal.com/wp-content/uploads/2022/11/GettyImages-81945757.jpg,,,2026-07-06 03:56:51.411665
,Ohio Capital Journal,2026-07-06 07:45:06+00:00,Ohio Capital Journal,Ohio University receives first award from Rural Health Transformation Fund,Susan Tebben,,,,,https://ohiocapitaljournal.com/2026/07/06/ohio-university-receives-first-award-from-rural-health-transformation-fund/,"Ohio University will receive the first funding from the federal Rural Health Transformation Program, according to Ohio Gov. Mike DeWine’s office. The Athens-based university is set to receive $10 million from a fund through the Centers for Medicare and Medicaid Services, meant to offset cuts made by to Medicaid made by Congress. Ohio was awarded […]","(Photo by Scott Olson/Getty Images)Ohio University will receive the first funding from the federal Rural Health Transformation Program, according to Ohio Gov. Mike DeWine’s office.
The Athens-based university is set to receive $10 million from a fund through the Centers for Medicare and Medicaid Services, meant to offset cuts made by to Medicaid made by Congress.
Ohio was awarded a total of $202 million through the fund, and Ohio University’s portion is the first specific award to be announced.
“We are excited to see the first of the funds going out to begin the important work of improving the health and well-being of Ohioans in our rural communities,” DeWine said in a statement announcing the award.
According to the announcement, the university plans to address healthcare workforce needs with the money, by funding expanded “healthcare exploration” for grade school and high school students through summer camps and career fairs, along with programs for college students. The university also plans to expand apprenticeships for high school students and graduate.
“This investment recognizes Ohio University’s longstanding commitment to rural communities and also puts that experience to work in collaboration statewide to expand innovative workforce development programs, strengthen partnerships, and improve access to quality care for Ohioans who need it most,” said Ken Johnson, OU VP of Health Affairs and senior strategist for health partnerships, in a statement.
With administration by the Ohio Department of Health, the rural health program will be used to “build on existing state investments to expand access to care in rural communities, strengthen the rural health workforce, modernize rural facilities and technology, and support innovative models that bring high-quality dependable care closer to home,” governor’s office stated.
The office said more contracts would be announced in the over the next few months.
SUBSCRIBE: GET THE MORNING HEADLINES DELIVERED TO YOUR INBOX.
SUPPORT: YOU MAKE OUR WORK POSSIBLE",https://ohiocapitaljournal.com/wp-content/uploads/2025/11/rural-health-photo-1024x681-1.jpg,,,2026-07-06 03:56:51.411665
,Pennsylvania Capital Star,2026-07-06 07:07:14+00:00,Pennsylvania Capital-Star,Wildlife road crossings and habitat will be focus of Shapiro administration working group,Peter Hall,,,,,https://penncapital-star.com/energy-environment/wildlife-road-crossings-and-habitat-will-be-focus-of-shapiro-administration-working-group/,"Eleven state agencies will collaborate to develop a comprehensive strategy to reduce wildlife-vehicle collisions, improve public safety and reconnect fragmented wildlands as the commonwealth plans future transportation and conservation investments, the Shapiro administration announced Wednesday.","A wildlife crossing structure under a road. (Photo by U.S. Fish and Wildlife Service)Pennsylvania motorists have a one in 62 chance of a collision with wildlife each year, according to a major insurance company, making it the fifth riskiest state in the nation for drivers and animals.
Eleven state agencies will collaborate to develop a comprehensive strategy to reduce wildlife-vehicle collisions, improve public safety and reconnect fragmented wildlands as the commonwealth plans future transportation and conservation investments, the Shapiro administration announced Wednesday. 
“Protecting Pennsylvania’s natural resources and keeping travelers safe go hand in hand,” said Pennsylvania Department of Transportation Secretary Mike Carroll, whose department will co-lead the effort with the Department of Conservation and Natural Resources. “This new work group will help us make smart, data-driven investments that reduce wildlife-vehicle collisions, improve transportation infrastructure, and protect the habitats that make Pennsylvania special.”
The working group is the culmination of work by environmental organizations and state lawmakers who championed a collaborative approach to addressing the safety and ecological issues presented by the commonwealth’s infrastructure network, Stephanie Wein, clean water and conservation advocate at PennEnvironment, said.
SUPPORT: YOU MAKE OUR WORK POSSIBLE
Reps. Mary Jo Daley (D-Montgomery) and Jason Ortitay (R-Allegheny) sponsored House Resolution 87, which passed in 2024, directing the Legislative Budget and Finance Committee to study the issue of wildlife corridor connectivity. 
The panel’s report recommended that the governor’s office create a position to work between agencies on conservation, consider wildlife crossings as part of PennDOT’s long-term planning, and establish an inter-agency working group.
Other east coast states have taken a holistic approach to managing the threats traffic poses to wildlife and vice versa, Wein said, while Pennsylvania has lagged behind.
“While agencies had on their own been doing some really great work … there hadn’t been a collaborative appraisal of areas where we need to conserve or connect wildlife habitat,” Wein said.
Illinois-based State Farm Mutual Automobile Insurance Co. says Pennsylvania motorists filed 147,000 claims for damage caused in collisions with wildlife between July 2024 and June 2025, the most in the nation. While West Virginia motorists have the highest odds – 1 in 40 – of being in a crash with wildlife, Pennsylvania has the highest risk among the east coast states.
According to the governor’s office, PennDOT secured an $840,000 federal Wildlife Crossings Pilot Program grant to support development of a strategic plan. 
It  will identify opportunities to improve wildlife movement across roads, streams, forests and other landscapes while helping to prioritize spending on crossing areas, habitat restoration and transportation infrastructure. 
In addition to PennDOT and DCNR, the group will include staff from the following agencies:

Department of Agriculture
Department of Community and Economic Development  
Department of Environmental Protection  
Pennsylvania Fish and Boat Commission  
Pennsylvania Game Commission  
Pennsylvania Historical and Museum Commission  
Pennsylvania Department of General Services  
Department of Insurance 
Pennsylvania Turnpike Commission  

Shapiro’s office said the group’s work will build on efforts already underway including wildlife accommodations included in major transportation projects in Armstrong, Butler, Somerset and Centre counties. DCNR has spent millions of dollars to reconnect habitats, help fish return to spawning grounds and conserve more than 17,000 during Shapiro’s term.
“By working across agencies, we’re creating a statewide strategy that will better protect wildlife, strengthen our public lands, and help ensure future infrastructure projects support both conservation and community needs,” DCNR Secretary Cindy Adams Dunn said. 
Wein said the state now has about 30 wildlife crossings but needs more. The ones that have been built happened reactively, rather than being part of a project’s initial planning. She pointed to the Interstate 99 project in the early 2000s, when the U.S. Fish and Wildlife Service warned state planners that converting state highways to interstate standards would lead to an increase in road mortality.
SUBSCRIBE: GET THE MORNING HEADLINES DELIVERED TO YOUR INBOX.
When the final section was completed in 2008, the highway included five wildlife underpasses that would allow black bear, bobcat, coyote and deer, as well as smaller animals, to cross safely, she said.
“If you drive from Pittsburgh to State College you don’t even notice you’re going over these wildlife crossings,” Wein said, adding that crossings can be made cost-effectively by retrofitting stormwater culverts to appear more like natural streams.
Disruption to wildlife habitat and greater danger to drivers have been raised by opponents to the Pennsylvania Turnpike Commission’s proposal to replace the Allegheny Tunnel with an open cut through Allegheny Mountain. 
The working group would also prioritize conservation investments by identifying the most beneficial areas to preserve as state game lands, state forest or state parks. 
“It’s less a new project and more a new way of doing the planning to do that work,” Wein said.
The federal Wildlife Crossings pilot program that provided PennDOT’s grant was funded through the Biden-era Bipartisan Infrastructure Bill, Wein noted. PennEnvironment is now working with lawmakers and advocates, including sportsmen’s groups, to support a bipartisan bill to re-fund the Wildlife Crossings program to the tune of $100 million nationally.
“If we can reauthorize this federal program, if there’s political will to do it at this divided time … I think it could be time for a big breakthrough,” Wein said. “We need intact habitat for species to persist into the next generation.”",https://penncapital-star.com/wp-content/uploads/2026/07/thumbnail_img_0291-e1783015477809-1024x614.jpg,,,2026-07-06 03:56:51.411665
,Mississippi Today,2026-07-06 06:00:00+00:00,Mississippi Today,John Jennings’s new exhibition explores the worlds he built — and the Mississippi that shaped them,digitalops360,,,,,https://mississippitoday.org/2026/07/06/john-jenningss-new-exhibition-explores-the-worlds-he-built-and-the-mississippi-that-shaped-them/,"Past, present, and future come together at the Mississippi Arts + Entertainment Experience (The MAX), an arts and cultural center in downtown Meridian that honors Mississippi’s creative icons, showcases working artists, and nurtures the next generation. A gateway to arts and culture across the state, The MAX features a museum celebrating Mississippi’s creati[...]","Audio recording is automated for accessibility. Humans wrote and edited the story.
Past, present, and future come together at the Mississippi Arts + Entertainment Experience (The MAX), an arts and cultural center in downtown Meridian that honors Mississippi’s creative icons, showcases working artists, and nurtures the next generation.
A gateway to arts and culture across the state, The MAX features a museum celebrating Mississippi’s creative legacy, a two-story hall of fame showcasing the state’s groundbreaking artists, and dynamic studio and performance spaces where people of all ages explore their creative passions.
Now on view at The MAX, John Jennings: Build Your World, is an immersive new experience from one of the most innovative storytellers working at the intersection of comics, speculative fiction, and Afrofuturism.
Jennings fell in love with the imagined worlds in the Marvel comic books his mother gave him as a young boy in Flora, Mississippi. Filled with superheroes who helped people and fought against oppression and evil, those comics inspired Jennings to build his own worlds and “create comics that make people feel the way I felt as a kid… see[ing] what I saw when I opened a Marvel comic book.”
Now a New York Times bestselling, award-winning graphic novelist and a professor of media and cultural studies at the University of California at Riverside, Jennings has returned home for an exhibition that explores his extraordinary visual storytelling and world-building through four creative projects.
In Silver Surfer: Ghost Light (Marvel Comics), Jennings reinvents a forgotten Black character from the pages of the Marvel comic books he grew up reading, transforming Al B. Harper from a plot device to a cosmic guardian. The complex process of working with a behemoth like Marvel and its team of creatives is given a comprehensive overview, alongside art of the new Marvel hero Jennings created.
Two dozen original drawings from Kindred: A Graphic Novel Adaptation (Abrams ComicArts) show how Jennings builds on Octavia Butler’s seminal work of Black science fiction to create new worlds, using different sketch styles and color schemes to differentiate California in the 1970s from antebellum Maryland in the early 1800s.
Blue Hand Mojo: Hard Times Road (Rosarium Publishing), a solo project conceived, written, drawn, and colored by Jennings, blends history with folklore and magic in a gritty graphic novel set in 1930s Chicago. Original watercolor artworks show how Jennings richly layers new worlds using Mississippi culture.
Another solo project, Kenny Dreadful and the Hainted Hoodie,presents an original Southern Gothic tale that blends horror, folklore, and coming-of-age themes through the lens of a magical hoodie haunted by ancestral spirits. Jennings has complete control over every aspect of Kenny’s story, with early concept art alongside annotated sketches, showing influences from Mississippi folklore, African spirituality, and horror traditions.

Imagining futures is the central theme of Build Your World. Each project highlights Jennings’s unique ability to blend speculative fiction with Southern Gothic sensibilities. Soundscapes and interactive technology paired with sketches, storyboards, and finished art, allow visitors to explore how he has built entire worlds, bringing Black characters to the fore and infusing each alternative reality with the culture that shaped him.
For Jennings, “You can’t separate my work from Mississippi. It’s in every ghost and every future I imagine.”
Jennings returned home last fall as part of a site visit to plan the exhibition, and again in June for the opening of Build Your World. During that initial trip, Jennings traveled to the Delta, with stops at Graball Landing near Glendora, believed to be where Emmett Till’s body was brought from the Little Tallahatchie River; Dockery Plantation, home to blues legends like Charley Patton, Robert Johnson, Howlin’ Wolf, “Pops” Staples, and David “Honeyboy” Edwards; and the famed crossroads from the Robert Johnson blues mythology in Blue Hand Mojo.

These places hold particular significance for Jennings, who is working on a graphic novel about Till and considers the blues a major influence on his work—a connection he traces back to spending time at a juke joint “too young,” he once admitted.
On view through March 27, 2027, Jennings has several return trips planned during the exhibition’s run, including an artist residency this fall where he will travel the state to meet with students and discuss his work, followed by a visit to the Mississippi Book Festival in Jackson.
Related programming, including workshops on creating handmade zines, making your own monsters, and receiving hands-on guidance from Jackson Comics artists, will be offered at The MAX through next spring.",https://cdn.mississippitoday.org/uploads/2026/07/05081702/Jennings-Logo-Lockup-1.jpg,,,2026-07-06 02:59:36.432211
,Florida Phoenix,2026-07-06 04:05:44+00:00,Florida Phoenix,Power struggle delayed the University of Florida’s presidential search,Diane Roberts,,,,,https://floridaphoenix.com/2026/07/06/power-struggle-delayed-the-university-of-floridas-presidential-search/,"As Oscar Wilde might have said (had he lived in Florida), “To lose one university president may be regarded as a misfortune; to lose three in three years looks like carelessness.” Or arrogance with a side of rank incompetence. Relations between the state Board of Governors and the trustees of University of Florida, the state’s […]","The University of Florida football stadium in Gainesville. (Photo by Jay Waagmeester/Florida Phoenix)As Oscar Wilde might have said (had he lived in Florida), “To lose one university president may be regarded as a misfortune; to lose three in three years looks like carelessness.”
Or arrogance with a side of rank incompetence.
Relations between the state Board of Governors and the trustees of University of Florida, the state’s top-ranked research institution, increasingly resemble the food fight in “Animal House.”
Board chair and wealthy hospital executive Alan Levine doesn’t like the high-handed (and sometimes ham-fisted) way trustees chair and wealthy real estate magnate Mori Hosseini rules UF.
In 2023 Hosseini, a big Ron DeSantis campaign donor (check out the unseemly tale of the fancy golf simulator he provided the governor), chose former Republican Sen. Ben Sasse, to be president.
Sasse soon became notorious for spending a staggering amount of money on outside consultants, parties, salaries for his former Senate aides (re-branded as “advisers), most of whom did not live in Gainesville.
He blew $633,000 on travel during his 12 months on the job; his predecessor spent an average of $17,000.
After a year and a half, Sasse left, citing family health problems.
The trustees then chose Santa Ono, a respected immunologist and president of the University of Michigan.
But the state Board of Governors, freaked out because reactionary gadfly Christopher Rufo and educational experts such as Donald Trump Jr. called him “woke,” rejected the choice.
UF found an interim president in Donald Landry, former chair of the Department of Medicine at Columbia who kept telling faculty to maintain “institutional neutrality.” Landry looked like he had a lock on the job.
And if they didn’t give him the permanent gig, he’d get $2 million in severance pay.
 Governance questions
What do you know? The trustees picked somebody else.
The somebody else is Stuart Bell, a mechanical engineer and President of the University of Alabama.
During his 10 years in Tuscaloosa, UA achieved R1 status, climbed up the rankings, grew to 40,000 students, and raked in big grants.
Plus, the Crimson Tide won a brace of national championships.
Bell’s highly qualified, not least because he’s accustomed to the pit of crazy that is SEC football.
Surely the Swamp would go wild for Dr. Bell.
But, as Coach Lee Corso likes to say, “Not so fast, my friend.”
Board of Governors chair Alan Levine initially refused to schedule a vote on Bell until certain “governance” problems with Hosseini got ironed out.
Levine wasn’t exaggerating — UF Trustees chair Mori Hosseini has been known to refer to himself as “king;” the UF provost has even been photographed kneeling and kissing his hand.
Just a joke, you know.
Hosseini didn’t attend the University of Florida, but he says he loves it.
Some of it. Maybe not the professors.
He’s threatened faculty who dared criticize Ron DeSantis’ anti-mask mandate and voter suppression laws, calling them “disrespectful,” accusing them of wasting “state money and resources,” and vowed their defiance of him and the governor “will not stand.”
Hosseini has aided and abetted DeSantis in his determination to invent an accrediting agency that won’t care about fripperies such as a diverse faculty, student representation, and intellectual freedom.
No part of the university is free from his influence. He pushed UF’s distinguished College of Medicine to hire the state’s science-challenged surgeon general.
Now UF pays Dr. Joseph Ladapo more than $300,000 per year — not that he does anything so pedestrian as actually teach classes.
 ‘Saving grace’
A trustee who hasn’t been identified had a hand in arranging an adjunct gig at UF’s law school for Florida’s attorney general. The average pay for an adjunct professor is between $3,000-$7,000 per course. Uthmeier’s getting $100,000 for two hours of instruction per week.
The AG doesn’t see the problem.
Uthmeier recently staged an event to announce a statewide audit: He wants to “combat public corruption” and root out “bribes, kickbacks, conflicts of interest, evidence of money being spent on special interests, personal interests, personal gain.”
So why were a bunch of unwashed journalists bothering him about a paltry 100 grand?
Don’t they realize he drives from Tallahassee to Gainesville himself? The university doesn’t even pay for his travel!
When reporters pressed him; he walked out in a huff.
Now, to be fair to Mori Hosseini, some say he’s occasionally tried to protect UF from the worst excesses of right-wing attacks on higher ed.
Hosseini is obsessed with the U.S. News and World Report college rankings (never mind they’re deeply flawed, compiled from subjective data, self-reported self-importance and occasional outright fraud) and wants UF to maintain its place in the top public universities.
Since much of the information used to compile the list comes from faculty and administrators themselves, it wouldn’t do to completely enrage them, no matter how much Florida legislators holler about killing “woke.”
One professor emeritus called this Hosseini’s “unexpected saving grace.”
Nevertheless, this is yet another depressing example of political players crashing around in our universities like mad cows in a glass factory, breaking things and leaving a mess.
Sadly, this is something of a Florida tradition. In the 1950s the Legislature’s Johns Committee went on a mission to expose and expel the “communists, integrationists and homosexuals” allegedly poisoning students at Florida’s universities.
All they did was destroy lives and make Florida a laughing stock.
 Intellectual depravity
State government seemed to learn its lesson, at least for a while: Governors such as Reubin Askew and Bob Graham supported and promoted higher education.
Things have downhill from there.
In 2012, while Rick Scott was governor, he vetoed a critical higher education funding bill, demanded universities stop graduating students in “useless” subjects like the Humanities and social sciences, then “convinced” UF president Bernie Machen to postpone his retirement by dangling cash in front of him, promising to make UF a Top 10 institution.
Yet Scott’s interference in curricula and leadership positions is nothing compared to the sitting governor’s: He’s turned it up to 11 and ripped off the knob.
Ron DeSantis subscribes to the professors-are-the-enemy-and-books-are-dangerous view of higher education, accusing Florida’s universities of teaching “Marxism,” tormenting conservatives, and emphasizing such trivial subjects as race and gender.
Apparently, universities are so sunk in intellectual depravity he had no choice but to push a bill outlawing “woke” to protect innocent white students from feeling “distress” about slavery.
Federal courts subsequently blocked the part of the law that covered universities.
With UF’s latest presidential quest, it’s all come to a head: the fixation on “woke” and DEI, the dictatorial attitudes of DeSantis and Hosseini, and all those shadowy searches.
Perhaps embarrassed by Florida’s stealthy Vatican-style leadership rituals, last year the House of Representatives approved a measure to open presidential searches to public scrutiny — the status quo ante DeSantis.
It died in the Senate.
Recently, Sen. Rick Scott has come out blasting, blaming UF’s trustees for weak governance, wasting money (on AG James Uthmeier specifically), and the opaque way they chose Stuart Bell.
This may strike you as pretty rich, coming from one of Florida’s least university-friendly, most secretive former governors.
 DEI
Plus, Scott doesn’t like DeSantis.
Meanwhile, there’s Stuart Bell, finally given the job, even as Levine and Hosseini say they’ll see a couples counselor.
Bell is in, but it wasn’t a sure thing: U.S. Secretary of Education and former wrestling executive Linda McMahon, implied Bell wasn’t tough enough on DEI; the conservative Manhattan Institute snarked at his Alabama record, saying he “refused to fire DEI officers even when the legislature banned it;” and former Republican House member and congressional candidate Anthony Sabatini said, “Wow — major red flags here.”
What was the problem? At UA, Bell chose to be sensitive to the past and responsive to the present life of students.
In 2019, UA forced the resignation of Jamie R. Riley, the popular Dean of Students. Riley, who is Black, had once tweeted the American flag represents “a systemic history of racism.”
People got upset, sure, but the past 250 years in this country demonstrate there’s a lot of truth there — especially at the University of Alabama, where in 1963, Gov. George Wallace famously stood in the “schoolhouse door,” where Confederate monuments dotted the campus, and most campus buildings look like supersized versions of plantation houses.
Bell had set up a DEI office in 2017, but, after students protested Riley’s departure, pledged more support for Black and Latino students and recruiting more faculty of color.
It worked, too: Black student enrollment went up by 2,000 in four years.
The University of Alabama looked like it was overcoming its history of cross-burnings and racist fraternities.
Bell’s supporters point out he shut down his DEI office as soon as the state of Alabama made it illegal.
Even that wasn’t enough for some on the Board of Governors. Before they voted him in, several asked the kind of questions you’d expect from rich people who have no business governing a university.
One implied he wasn’t yet cured of the woke mind virus. Others asked him about American Exceptionalism.
He promised never to play with DEI again and, as for the We’re Number One nonsense, he cleverly referenced UF’s Hamilton School, one of those self-congratulatory “Western Civilization” centers imposed on Florida universities by DeSantis and his legislative enablers.
Bell sounds like a canny, diplomatic guy.
But this unseemly fighting, these ideological purity tests, and the rank hostility Florida’s politicians display toward universities, make Florida look stupid.",https://floridaphoenix.com/wp-content/uploads/2026/06/IMG_0756-1024x768.jpeg,,,2026-07-06 00:57:26.359199
,Connecticut Mirror,2026-07-06 04:02:00+00:00,CT Mirror,The irony of celebrating America,Christine Palm,,,,,https://ctmirror.org/2026/07/06/the-irony-of-celebrating-america/, Behold the many absurd juxtapositions we saw in our nation's capital over the July 4th weekend.,"Irony is not generally considered patriotic. But reflecting on the many absurd juxtapositions we saw over the July 4th weekend just may be the most sensible response to this particular national anniversary. The examples were everywhere, and impossible to miss:
The image of one lone black woman on a D.C. train, unmasked and stoic, surrounded by neo-Nazis too ashamed to show their faces.

        View this post on Instagram            

A fireworks display so incompetently planned that it resembled nothing so much as the smoky sky over Tehran after Israeli airstrikes on Iranian oil refineries. Fairgoers fled in droves, a new kind of “huddled masses yearning to breathe free.” Meanwhile, as pops of indistinguishable color punctuated the toxic cloud that drove people inside, New Yorkers rode the elevated portions of subway lines and looked in awe at the fireworks bursting colorfully and clearly over the East River.
The group of resentful Trump followers forced to take refuge from the rain in the Museum of African American History and Culture, walking slowly past life-sized statues of Olympians Tommie Smith and John Carlos (of the iconic “Black Power” salute), astronomer Benjamin Banneker and educator/activist Mary Mcleod Bethune.
Under the Sun Productions, the Trump contractor hired to plan the Great American State Fair, was forced to rely for weather updates on the National Park Service, whose budget and staff Trump has decimated.
Attendees at Trump’s Fair fought with guards who tried to evacuate them for their own safety, while hundreds of Bostonians gathered peacefully under the Storrow Drive Underpass and sang “My Country ’Tis of Thee” until the rain subsided.
And leading up the July 4th revelry, sporadic joyful bursts of pride in the fact that six of the 26 players on the USA Men’s Soccer team were born outside the United States, to the chagrin of a president who believes immigrants “poison the blood of our country.”
Kicking off a week of self-congratulatory speeches masquerading as solemnity, Trump spoke in front of Mount Rushmore, a place sacred to the Lakota Sioux people, who call it Tȟuŋkášila Šákpe (Six Grandfathers). Stolen from them in 1870 when gold was discovered there, it was the perfect place for Trump to claim America will never let “a band of thieves, radicals, and lunatics…come in and loot and pillage our nation.” This was just a few days after acknowledging he made more than $2 billion now that he’s back in the White House.

President Donald Trump speaks at Mount Rushmore National Memorial, Friday, July 3, 2026, near Keystone, S.D.  Credit: AP Photo/Alex Brandon

No matter. In truth, America’s July 4th commemorations have been ironic from the start. During the “Jubilee of Independence,” two of the remaining Founding Fathers, John Adams and Thomas Jefferson, died on July 4, 1826 — 50 years to the day after signing the Declaration off Independence.
When the nation turned 100, in 1876, Philadelphia’s Independence Hall celebrations were interrupted by members of the National Woman Suffrage Association, who presented their own Declaration of the Rights of Women.
The Sesquicentennial Exposition of 1926, marking 150 years, didn’t fare much better. A lavish World’s Fair, which, interestingly, also featured a heavyweight boxing match, this July 4th extravaganza lost millions of dollars and was deemed by the press at the time “America’s Greatest Flop.”
Indeed, Independence Day has always been set against a backdrop of turmoil. Still, I remember the excitement that infused the Bicentennial of 1976.
Fifty years ago, an estimated 90 percent of Americans attended a parade, fireworks, or an historic re-enactment, according to the American Revolution Bicentennial Administration (a federal agency created to oversee the effort and disbanded in 1977). The day’s New York Times reported seven million people flocked to Manhattan to watch the Tall Ships enter New York Harbor. And, according to Newsweek, 500,000 came to Washington, D.C. for the official Bicentennial Parade.
In acts communal and private, grand and small, citizens celebrated all that is good about America, even as we struggled to recover from the Vietnam War, Watergate, a 7.7 percent unemployment rate, and what then-president Gerald Ford termed “stagflation.”
The Bicentennial year, 1976, was also the year of the first Earth Day, kicking off the modern environmental movement. It was a time when popular culture — even advertisements — echoed a new understanding of the importance of protecting the earth.  I was a teenager in 1971 when Chiffon Margarine ran a tongue-in-cheek ad about the hubris of a stick of engineered trans fat masquerading as butter. “It’s not nice to fool Mother Nature” became a catch-phrase of the day.
It seems this past July 4, Mother Nature had her revenge. Trump’s parade and fair were literal and figurative washouts. Many in our nation gave it their best shot — town governments across the country “reaffirmed” their commitment to the U.S. Constitution. Refusing to let the alt-Right “own” the American flag, many waved it in protest of the current regime, a brave but desultory attempt to keep our heads above turbulent waters.
Meanwhile, I choose not to revel in fireworks, but to watch instead the most spectacular light-show I’ve ever seen. For more than an hour on this July 4th, the sky flashed and blazed hot and white, like the rage of a mother watching someone harm her child. The rain lashed and the wind toppled trees. There was no thunder, just the brilliant, silent white light illuminating our folly, and the irony of it all.
And then, on July 5th, the sun came back out for a while. The air hung heavy with the threat of more rain, as if to ask us: are you paying attention yet? What have you learned?
Christine Palm, who served three terms in the State Legislature, is founding director of The Active Voice, a leadership program for young environmentalists.",https://ctmirror.org/wp-content/uploads/2026/07/ap-dc-fireworks-july-4.jpg,,,2026-07-06 00:57:26.359199
,Connecticut Mirror,2026-07-06 04:01:00+00:00,CT Mirror,Erosion of the common good in our national health care system,Howard A. Selinger M.D.,,,,,https://ctmirror.org/2026/07/06/erosion-of-the-common-good-in-our-national-primary-care-health-care/,I have always felt secure about the role our state and federal governments have in supporting and promoting our health care delivery system…until now.,"I am a board-certified family physician, recently retired from direct patient care after 42 years in clinical practice. I truly loved building and sustaining relationships with patients which allowed me to contribute to their well-being and health over many years. 
My patients’ cultural and ethnic diversity always challenged me to listen to their needs and respect their backgrounds and values — values that guided me in the application of the medical standards of care to their identified healthcare issues. Often there is more than one approach to diagnose and treat a medical issue and the success of providing their care is doing so through the skill of “shared decision-making.”

Howard Selinger, MD

Throughout my clinical career I have always felt secure about the role our state and federal governments have in supporting and promoting our health care delivery system…until now.
To borrow a phrase from the long cherished “Star Wars” series–I feel a “disturbance in the force.” All my life I believed that our society and our government valued “the Common Good” above all else. This simple yet supremely powerful statement was first expressed in ancient Greece, by Aristotle and other philosophers, over 2000 years ago. It was interpreted to mean that the purpose of the city-state/government was to “help citizens live a good and flourishing life, to promote the welfare of the whole community.”  
Today “the common good” generally means: the social conditions, institutions and resources that allow all members of a community to flourish and pursue their wellbeing.” A strong primary care system is a common good because everybody benefits when communities have accessible, preventative and coordinated healthcare whenever and wherever it is needed.
One alarming and expected outcome from the One Big Beautiful Bill,  according to the Congressional Budget Office, is that immediately five million people could lose Medicaid coverage because of the work-reporting requirement, rising to 7.8 million by 2034, and most would become uninsured rather than move to employer-sponsored insurance.
 Studies of prior Medicaid work requirement programs found NO meaningful increase in workforce participation. To add serious insult to injury on June 1 the federal government announced an interim final rule defining “medical frailty.” In Connecticut alone 110,000 citizens are expected to lose state Medicaid coverage as a result of this further tightening of eligibility. 
The issue is that states must now prove that the condition “significantly impairs” a person from fulfilling work requirements. According to Connecticut Hospital Association vice-president Mark Schaefer, “That two-pronged test –diagnosis AND impairment –is seismic in its effect on the coverage loss projections”. According to Barton Reeves, Connecticut’s social services commissioner, “ NO ONE in ANY state agency…across the country has medical staff in place with the subject matter expertise to make that determination.”
In brief, this encompasses those with:

physical, intellectual and developmental disabilities
blind or disabled
disabling mental disorder
serious or complex medical condition
substance use disorder

What this will mean for those citizens dropped off their state Medicaid roll:

delayed primary care visits
reduced access to preventative services
difficulty affording medications
increased medical debt
greater use of emergency room care when underlying illness becomes more severe.


Combining Medicaid and Affordable Care Act (ACA) changes, CBO estimates that 11-12 million citizens could be uninsured by 2034. The House Republican’s budget reconciliation legislation would cut assistance that helps children in families with low incomes get enough to eat. The Supplemental Nutrition Assistance program (SNAP) would receive the largest cut in its history, nearly $300 billion through 2034. Expanding the work requirements would cut SNAP benefits for another 1 million children.

Graphic from Dottie Rosenbaum , Joseph Llobrera , Catlin Nchako  and Luis Nuñez of the Center on Budget and Policy Priorities . Credit: cbpp.org

To summarize, there is evidence that political rhetoric, leadership style and the broader political climate can affect mental health and, indirectly, physical health. Studies have found that periods of intense political polarization can be associated with:


increased anxiety and stress
sleep disturbances
elevated blood pressure
worsening cardiovascular risk
exacerbations of depression, irritable bowel syndrome, headaches and chronic pain.

Very importantly, many of the health effects of social and political environments were recognized only years/decades later. The term “social capital” has been defined as “features of social organizations” such as norms, networks and trust that facilitate coordination and cooperation for mutual benefit.” 
Examples in community health include -faith communities supporting sick members, families providing caregiving, and volunteer organizations filling gaps in social services.
These activities are truly Community-Level Health Assets, much as blood pressure control is an individual-level health asset. Public health researchers have linked “Higher Social Capital” to:



Lower mortality rates
Better self-reported health
Lower depression and suicide rates
Greater community resilience during disasters

Just as health depends on more than medical care, societal well-being depends on more than individual success. Communities rich in social capital generate trust, belonging, and shared purpose—the very conditions that allow both people and institutions to prosper. Protecting and strengthening these connections may be among the most important investments we can make in the future health of our nation.


H. Andrew Selinger M.D. is Chair of the Department of Family Medicine at the Frank H. Netter MD School of Medicine at Quinnipiac University.",https://ctmirror.org/wp-content/uploads/2026/06/work-requirement-chart-kff-1-1024x741.png,,,2026-07-06 00:57:26.359199
,Honolulu Civil Beat,2026-07-06 02:00:00+00:00,Honolulu Civil Beat,Candidate Q&A: State House District 28 – Anthony Nagatani,"""The Civil Beat Staff""",,,,,https://civilbeat.org/2026/07/candidate-qa-state-house-district-28-anthony-nagatani/,"""In our district, new housing has to be built over sewer and flood infrastructure laid before statehood, so builders have to fix what's beneath, and that cost gets passed to us in higher rents.""","""In our district, new housing has to be built over sewer and flood infrastructure laid before statehood, so builders have to fix what's beneath, and that cost gets passed to us in higher rents.""",,,,2026-07-05 22:57:07.205075
,Honolulu Civil Beat,2026-07-06 02:00:00+00:00,Honolulu Civil Beat,Candidate Q&A: State House District 28 – Reno Abihai,"""The Civil Beat Staff""",,,,,https://civilbeat.org/2026/07/candidate-qa-state-house-district-28-reno-abihai/,"""The Legislature should focus on improving the quality of debate and public review rather than limiting the number of bills introduced.""","""The Legislature should focus on improving the quality of debate and public review rather than limiting the number of bills introduced.""",,,,2026-07-05 22:57:07.205075
,Honolulu Civil Beat,2026-07-06 02:00:00+00:00,Honolulu Civil Beat,Candidate Q&A: State House District 28 – Ernest Caravalho,"""The Civil Beat Staff""",,,,,https://civilbeat.org/2026/07/candidate-qa-state-house-district-28-ernest-caravalho-3/,"""We need to diversify our economy by supporting local agriculture, strengthening small businesses and investing in skilled trades, STEM, and renewable energy.""","""We need to diversify our economy by supporting local agriculture, strengthening small businesses and investing in skilled trades, STEM, and renewable energy.""",,,,2026-07-05 22:57:07.205075
,Honolulu Civil Beat,2026-07-06 02:00:00+00:00,Honolulu Civil Beat,Candidate Q&A: State House District 28 – Nadia Alves,"""The Civil Beat Staff""",,,,,https://civilbeat.org/2026/07/candidate-qa-state-house-district-28-nadia-alves/,"""Wildfire experts, scientists and HIEMA administrators continue to request better preparedness measures, and every year we fall short.""","""Wildfire experts, scientists and HIEMA administrators continue to request better preparedness measures, and every year we fall short.""",,,,2026-07-05 22:57:07.205075
,Honolulu Civil Beat,2026-07-06 02:00:00+00:00,Honolulu Civil Beat,Candidate Q&As: State House District 28 – Michael Ratcliffe,"""The Civil Beat Staff""",,,,,https://civilbeat.org/2026/07/candidate-qas-state-house-district-28-michael-ratcliffe/,"""I would introduce a bill to create the Chinatown Community Action Center which will serve as a resource for positive urban change.""","""I would introduce a bill to create the Chinatown Community Action Center which will serve as a resource for positive urban change.""",,,,2026-07-05 22:57:07.205075
,Mississippi Today,2026-07-05 20:00:00+00:00,Mississippi Today,"China resumes US soybean purchases under trade deal with Trump, but future for farmers remains ‘daunting’","Cassandra Stephenson, Tennessee Lookout",,,,,https://mississippitoday.org/2026/07/05/china-resumes-u-s-soybean-purchases/,"Women take a shortcut through a field of soybeans, Tuesday, June 23, 2026, in Belzoni.","Audio recording is automated for accessibility. Humans wrote and edited the story.
Crops are in the ground, the weather is cooperating, soybean prices are up slightly from 2025, and China — the biggest buyer of U.S. soybean exports — is once again placing orders after a trade agreement ended the country’s purchasing freeze last fall.
But while morale is higher among soybean farmers as the 2026 growing season gets underway, the cost to plant crops remains high, and U.S. Department of Agriculture data shows there is still a long way to go before China’s purchases reach pre-trade war levels.
“There have been some positive movements in trade relations with China, specifically with soybeans, that have caused markets to improve over last year,” said Stefan Maupin, executive director of the Tennessee Soybean Promotion Council. “However, we are definitely not where we were in years past. For most farmers out there, the big question in front of them is, will it get back?”
Soybeans are a major agricultural product nationwide, covering about 10% of all U.S. farmland. Roughly 40% of U.S. soybeans are exported, and in recent years, around half of exported beans went to China. 
Soybeans are the second-largest agricultural product in Mississippi behind chickens. Valued at around $1.6 billion a year, almost all of the state’s soybeans are destined for international markets. The state ranked 11th in U.S. soybean production in 2025, producing 97 million bushels on 1.7 million acres, according to the Mississippi State University Extension Service and USDA.
Will Maples, an agricultural economist with the Mississippi State University Extension Service, said some markets have shown modest improvement this winter, including a 27% increase in soybean planting projections.
“We have seen a decent rally in soybean and cotton prices this winter. Margins are still expected to be tight, but things are slightly better,” Maples said in an April 8 Extension Service report. “Last year, tariff uncertainty weighed on soybean prices and contributed to reduced acreage in Mississippi. This winter, soybean prices have strengthened, making them more competitive relative to other crops.”
READ: Mississippi soybean farmers end dour year, hope for profitable ’26
China stopped purchasing U.S. soybeans in 2025 during tariff negotiations with the Trump administration, leaning instead on soybeans from South American trade partners. China ultimately agreed to purchase 12 million metric tons of soybeans in 2025 and at least 25 million metric tons each year through 2028.
USDA Deputy Secretary Stephen Vaden said he is confident that China will meet those numbers. 
“They have the entire marketing period to meet the 25 million metric ton commitment for this year,” Vaden told Brownfield, an agriculture-focused news outlet.
The current marketing period runs from September 2025 to September 2026.
Exports to China from January through March were up 57% compared to last year, USDA data shows. That’s explained by an increase in sales to China during the off-season in response to the trade agreement, said Andrew Muhammad, a professor of agricultural and resource economics at the University of Tennessee. 

In other words, China is now buying the soybeans that U.S. producers stored in fall 2025, when China halted its usual buys. Typically, China purchases most of its American soybeans in the fall, turning instead to Brazil and Argentina for soybeans during the South American harvest season in the spring. 
“But if we look at the accumulated total for the actual marketing year, going back to September, exports to China are still lagging what we did in years past,” Muhammad said.
From the start of September through March, China accounted for less than 30% of U.S. soybean exports — about half of their volume in previous years.
“We won’t really know until the end of this year whether or not China is able to keep up with these commitments,” Muhammad said.
Asked about China’s total soybean purchases lagging behind previous years, a USDA spokesperson stated that President Donald Trump “has made clear he will hold China to its commitments.”
“President Trump executed another historic deal with China after the previous administration refused to hold them accountable to its future purchase of American soybeans, sorghum, beef, and other commodities,” the spokesperson stated.
Long-term outlook still ‘daunting’
“The farmers and everybody with whom they do business feel better about that positive movement in the negotiations, but they’re not naive,” Maupin said of Tennessee soybean farmers. “They know … there is that potential that (China) will not fully buy what they have committed to buying.”
What really matters is whether commodity traders believe that China will fulfill those commitments, Maupin said. Market prices are currently stronger this year, but “the jury is still out on that.”
And despite improved prices compared to 2025, University of Tennessee data predicts that the price of soybeans at average yields still won’t be high enough for farmers to break even. 
“(Farmers) are now in their third year of the question, how much money will they lose on this crop?” Maupin said. 
The University of Tennessee estimated total losses of nearly $110 million for soybean farmers last year, on top of multimillion-dollar losses in 2024.
Those who are still farming this year likely made “major adjustments” to try to lower their expenses and input costs as much as possible to weather the financial hardships of the last two years, Maupin said, but trying to just break even is not sustainable, particularly when many farmers depend on financing tied to their property and equipment.
Government stockpiles and growing global markets
North Dakota farmer Tyler Stafslien stands in front of storage silos holding grain and soybeans. The tariff war with China forced Stafslien to store more of his soybeans in the 2025 harvest season, Ryder, North Dakota, Nov. 14, 2025.  Credit: Gabrielle Nelson/Buffalo’s Fire
Muhammad said this type of trade deal also means governments are involved in agricultural markets.
“When you say to China, ‘We need you to buy so many soybeans,’ the only reason they could pull that off is because we’re not talking about capitalistic market purchases, we’re just talking about government stockpiling,” Muhammad said.
While the trade deal may appeal to U.S. producers, “once tensions die down, they’ll just start using what they’ve stockpiled. It almost comes across as a Band-Aid for a much more serious problem … the trade tensions between the U.S. and China,” he said.
Vaden said Trump sets targets in his trade deals, making outcomes measurable. The USDA did not respond to questions about the long-term effectiveness of trade targets.
Maupin said China has been known to stockpile goods and then cease purchasing or put excess goods back out on the world market. 
It’s this market instability that encourages farmers to develop relationships with other countries and find domestic uses for soybeans, Maupin said. Commodity farmers pay a percentage of the sale price of their products — called “checkoff dollars” — toward research and new market development.
During a 2025 Mississippi agriculture legislative committee meeting, one idea that was floated was building a processing plant in the state to create more demand and expand capabilities.
Vaden said that while China is an “important market” for the U.S., Canada and Mexico buy more U.S. agricultural products overall. 
“We’re not just focused on China,” he said. “We’re focused on our larger trading partners here in North America, as well as the many other markets that we need to open, because ultimately this is a game of addition. If we focus too much on any one country, we’re not keeping our eye on the overall ball, which is increasing sales worldwide.”
Maupin said representatives from the European Union visited Tennessee last growing season to see if the state’s soybean production meets their sustainability goals. Their feedback was positive, Maupin said. 
The U.S. is also looking to develop relationships with nations that could use soybean meal to feed livestock, or as a protein source for human consumption. 
The country has exported more soybeans to Egypt, Indonesia, Pakistan and Japan since September, partially offsetting the decrease in sales to China, Muhammad said. 
“At the end of the day, worldwide, the demand for soybeans as an ingredient, mostly in animal feed, remains high, whether it’s in China or Mexico, the EU, or Egypt,” Maupin said.
Mississippi Today Economic Development Reporter Katherine Lin contributed to this report.
This story is a product of the Mississippi River Basin Ag & Water Desk, an independent reporting network based at the University of Missouri in partnership with Report for America, with major funding from the Walton Family Foundation.",https://cdn.mississippitoday.org/uploads/2026/06/25145109/Belzoni-11.jpg,,,2026-07-05 16:56:59.967814
,The Texas Tribune,2026-07-05 19:38:19+00:00,The Texas Tribune,Former U.S. Rep. Bill Archer dies at 98,Alex Nguyen,,,,,https://feeds.texastribune.org/link/16799/17373484/bill-archer-texas-congressman-obituary,"The Houston Republican served for three decades in Congress, rising to become chair of the powerful House Ways and Means Committee. ","Former U.S. Rep. Bill Archer died Saturday at 98. In this file photo, the Republican congressman who represented parts of Houston spoke in 2017 at the Harris County Republican Party Lincoln Reagan Dinner at the Bayou City Events Center in Houston.",,,,2026-07-05 16:56:59.967814
,Michigan Advance,2026-07-05 19:24:59+00:00,Michigan Advance,McMorrow suspends U.S. Senate campaign,Jon King,,,,,https://michiganadvance.com/2026/07/05/mcmorrow-withdraws-from-u-s-senate-race/,"Democratic state Sen. Mallory McMorrow suspended her campaign for Michigan’s open U.S. Senate seat on Sunday, leaving the Aug. 4 Democratic primary race a two-way contest between U.S. Rep. Haley Stevens and former Wayne County Health Department executive Abdul El-Sayed. In a video posted to social media, McMorrow said she was ending her bid with […]","Michigan state Sen. Mallory McMorrow participates in a U.S. Senate candidate debate during the Mackinac Policy Conference on Mackinac Island, Mich., on May 28, 2026. (Photo by Andrew Roth/Michigan Advance)Democratic state Sen. Mallory McMorrow suspended her campaign for Michigan’s open U.S. Senate seat on Sunday, leaving the Aug. 4 Democratic primary race a two-way contest between U.S. Rep. Haley Stevens and former Wayne County Health Department executive Abdul El-Sayed.
In a video posted to social media, McMorrow said she was ending her bid with “a deep, deep sense of gratitude” for volunteers, donors, staff and her family, while emphasizing that she would remain politically active.
“For our thousands of volunteers, for everyone who donated what you could — building a campaign with zero corporate PAC dollars. For my staff, who built this team up from nothing. I thank you,” McMorrow said. “I may be suspending this campaign, but I am not leaving the fight.”
The winner of the Democratic primary will face Republican former U.S. Rep. Mike Rogers (R-White Lake) in the November general election for the seat being vacated by Democratic Sen. Gary Peters.
Despite leaving the race, McMorrow reiterated her call for new leadership within the Democratic Party.
“I haven’t been shy about calling for new leadership and a better Democratic Party,” she said. “The energy is there. People are crying out for change. And we owe it to them to listen.”
McMorrow, whose name will remain on the Aug. 4 ballot, pledged to back the eventual Democratic nominee and urged Democrats to unite behind the party’s statewide ticket, including gubernatorial candidate Jocelyn Benson, and to expand Democratic majorities in the Michigan Legislature.

Stevens, in a message posted to social media, praised McMorrow’s campaign and legislative record.
“Anyone who raises their hand to serve the people of Michigan and puts forward thoughtful ideas for how they would lead earns my respect,” Stevens said. “Mallory McMorrow has been an important voice, both in this race and in the State Senate, for policies that benefit Michigan’s children and families, and I look forward to working with her in the future to build a stronger Michigan for everyone.”
Stevens said she would spend the final month of the primary making the case that she is “the strongest Democrat to defeat Mike Rogers this November, lower costs, protect manufacturing jobs, and stand up to Trump’s abuses of power.”
El-Sayed also thanked McMorrow, her family, staff and supporters.
“The same party insiders she had the courage to challenge have been bullying anyone who opposes their chosen candidate,” El-Sayed said in a video. “I welcome her supporters to our movement to stand up against money in politics, to put money back in pockets, and pass Medicare for All. We cannot allow the establishment to decide our nominee for us.
McMorrow’s withdrawal drew an immediate endorsement for Stevens from Michigan’s Democratic Attorney General Dana Nessel, saying the “choice is clear.”
“Representative Haley Stevens is a seasoned fighter for Michigan who knows how to work in a difficult environment to get essential policies across the finish line,” Nessel said in a statement. “She has the proven ability to work with members in DC and in our local communities to create laws that enhance the lives of everyday Michiganders.”",https://michiganadvance.com/wp-content/uploads/2026/05/AMR_1499-1024x683.jpg,,,2026-07-05 15:58:33.242401
,South Dakota Searchlight,2026-07-05 18:58:22+00:00,South Dakota Searchlight,‘Come fund our government’ isn’t likely to succeed as a tourism slogan,Brad Johnson,,,,,https://southdakotasearchlight.com/2026/07/05/come-fund-our-government-isnt-likely-to-succeed-as-a-tourism-slogan/,"Some states treat visitors like guests. Others treat them like customers. A proposal before South Dakota would create a third category: visitors as government revenue. The theory is simple: If property taxes are unpopular, perhaps someone else can pay the bill. Preferably someone who doesn’t vote here. That is the theory underlying Republican gubernatorial c[...]","Attendees walk toward the amphitheater to get their seats for South Dakota’s Freedom 250 Mount Rushmore Fireworks Celebration on July 3, 2026. Mount Rushmore attracts about 2 million visitors annually. (Photo by Meghan O'Brien/South Dakota Searchlight)Some states treat visitors like guests. Others treat them like customers.
A proposal before South Dakota would create a third category: visitors as government revenue.
The theory is simple: If property taxes are unpopular, perhaps someone else can pay the bill. Preferably someone who doesn’t vote here.
That is the theory underlying Republican gubernatorial candidate Toby Doeden’s proposal to eliminate property taxes and replace them with what he has described as a tourism tax and other external revenue paid primarily by people who don’t live in the state.
It’s an attractive idea. Nobody likes paying property taxes, and everybody likes the idea of somebody else paying them instead. It’s the fiscal version of hoping the neighbor who admired your lawn will also mow it.
Ep. 15: How governor candidate Toby Doeden says he’ll phase out property taxes

Last year, visitors spent $5.16 billion in South Dakota. They filled hotel rooms, packed restaurants, booked pheasant hunts, fished the state’s waters, shopped on Main Streets and kept thousands of small businesses alive.
They supported nearly 60,000 jobs, generated more than $406 million in state and local taxes, produced 16.5% of all state sales tax collections and reduced the average South Dakota household’s tax burden by an estimated $1,121.
That isn’t a side business. It’s one of South Dakota’s economic engines. And it’s enticing to think we could pull even more revenue from it to replace property taxes.
But South Dakota’s tourism economy wasn’t built by maximizing taxes. It was built by maximizing value.
Wall Drug became a roadside empire by offering free ice water and giving travelers a reason to stop. The Black Hills built destinations. Communities invested in parks, campgrounds, trails, boat ramps and attractions. Sportsmen’s groups invested millions in habitat. Travel South Dakota markets experiences, hospitality and adventure.
No tourism campaign has ever succeeded by saying, “Come fund our government.” Nobody plans a vacation around subsidizing the construction of roads, schools and jails.
The real formula for success has always been simple: Create enough interest that people want to visit, and enough value that they want to come back.
South Dakota doesn’t compete in a vacuum. Every vacation dollar is also being courted by Wyoming, Montana, North Dakota, Minnesota and dozens of other destinations that understand visitors always have another option.
Tourism is a discretionary purchase. Families can shorten a trip, delay it, or choose somewhere else.
Which is why the idea of squeezing substantially more revenue from the same visitors feels less like innovation and more like testing how far you can lean on a fence post before it snaps.
Doeden argues South Dakota is leaving between $2 billion and $3 billion in potential tourism revenue on the table. Perhaps. But potential revenue is not actual revenue.
The question isn’t whether visitors help pay for South Dakota. They already do. The existing $406 million of revenue is already an enormous contribution.



Quotation







Nobody likes paying property taxes, and everybody likes the idea of somebody else paying them instead. It’s the fiscal version of hoping the neighbor who admired your lawn will also mow it.


The question is whether they can realistically replace $1.9 billion in property taxes that fund schools, counties and other local governments.
If tourism is expected to replace property taxes, South Dakotans deserve to know exactly how.
What gets taxed? Hotels? Restaurants? Campgrounds? Retail purchases? Guided hunts? Fishing trips? At what rate? What happens if visitor spending declines?
When a proposal would fundamentally change how South Dakota finances schools, counties and local government, it deserves careful scrutiny.
Maybe visitors will gladly pay substantially more while continuing to choose South Dakota over every competing destination. That seems like an odd wager for a state whose most famous tourism success story began with free ice water.
Wall Drug is an example of the way South Dakota built its tourism economy on a simple idea: Make visitors feel like guests, and they’ll come back.
That’s a business model. Treating those same visitors like revenue is a different business model entirely.",https://southdakotasearchlight.com/wp-content/uploads/2026/07/EM8A7538-1024x683.jpg,,,2026-07-05 14:59:25.748172
,Mississippi Today,2026-07-05 18:01:35+00:00,Mississippi Today,Civil rights veteran the Rev. Ed King who helped found the Mississippi Freedom Democratic Party has died,Jerry Mitchell,,,,,https://mississippitoday.org/2026/07/05/civil-rights-veteran-ed-king-died/,"The Rev. Ed King, a former chaplain at Tougaloo College, sits in Woodworth Chapel on the campus in Jackson, Miss., on Saturday, June 25, 2016. King, who participated in the March Against Fear in 1966, was a chaplain at the historically Black private college that was a safe haven for civil rights activists. He was also active in the Mississippi Freedom Democr[...]","Audio recording is automated for accessibility. Humans wrote and edited the story.
The Rev. Ed King, a white minister who challenged Mississippi’s dangerously segregated society in the 1960s and was one of the last living founders of the Mississippi Freedom Democratic Party, died in Jackson on the same day the nation celebrated its 250th birthday of freedom. He was 89.
“He truly heard Jesus’ commands for us: loving your neighbor, meting out justice, taking care of the least of these and loving your enemy,” recalled former Assistant Secretary of State Constance Slaughter-Harvey.
At the time she met King in 1964, she was a sophomore at Tougaloo College, a private historically Black college in Jackson, where he served as chaplain and a sponsor for civil rights meetings. He supported her and the movement over and over, she said.
“He was an inspiration, always encouraging, always welcoming,” said Joan Trumpauer Mulholland, the first white student to attend Tougaloo. “Everybody was always going by his house.”
King seemed like the least likely person to get involved in the movement. His great-grandfather fought with Confederate Gen. Robert E. Lee and generations of his remained committed to segregation
But as he neared adolescence, he began to realize things needed to change.
“By the time I was 10 or 12 in Vicksburg, I had realized that America had not figured out yet how to deal with our history of slavery and continuing racism,” he said in a 2018 interview with a University of Mississippi Medical Center publication.
He had previously attended Millsaps College. There, he began to take part in meetings at Tougaloo College and met Mississippi NAACP leader Medgar Evers, who encouraged him.
After studying in Boston, King, encouraged by Evers, returned to Mississippi and began working at Tougaloo, which served as a safe haven for activists. He helped organize sit-in protests and was repeatedly jailed for his activism. 
Freedom Vote poster in 1963 promotes Aaron Henry for Mississippi governor and the Rev. Ed King for lieutenant governor. Credit: Mississippi Department of Archives and History
In 1963, he was a candidate in the Freedom Vote, a mock election that showed Black Mississippians wanted to take part in the democratic process even as they still faced poll taxes and violence that prevented most of them from becoming registered voters. More than 83,000 Black Mississippians cast ballots in that mock election.
Aaron Henry, a Black pharmacist from Clarksdale, was the candidate for governor; King was the candidate for lieutenant governor.
The interracial ticket drew national attention.
“Ed King really provided a lot of the political know-how taught by the Mississippi Freedom Democratic Party,” said Leslie Burl McLemore, who served on the party’s first executive committee with King.
In 1964, Mississippi Freedom Democratic Party activists including King, Henry and Fannie Lou Hamer challenged Mississippi’s all-white delegation to the Democratic National Convention. Although they lost, their fight helped remake the Democratic Party.
Mississippi’s segregationist leaders liked to claim that the Civil Rights Movement was led by “outside agitators,” but the involvement of Mississippi natives such as King, Hamer and Hollis Watkins demonstrated that claim was a lie, said McLemore, a retired Jackson State University political scientist who served on the Jackson City Council from 1999 to 2009.
Getting involved in the movement in those days meant “you were putting your life on the line every day,” he said. “You and your family could be harassed. You could lose your job. Lots of people lost jobs because of their involvement in the movement.”
In hopes of waking up Christians in the early 1960s, King challenged racial segregation in churches. He and Evers drove Tougaloo students to all-white churches. In most cases, the churches turned them away.
“Confronting segregation on Sunday morning was one of the more radical things that Ed King was involved in that people don’t know about,” said Millsaps history professor Stephanie Rolph, author of “Resisting Equality: The Citizens’ Council, 1954-1989.”
On the same night that President John F. Kennedy spoke about the grandsons of slaves still not being free, King’s friend, Evers, was killed by an assassin’s bullet.
Six days later, King and Tougaloo professor John Salter were injured in a car crash that shattered King’s jaw and tore up the right side of his face. He required numerous surgeries over the next dozen years.
King suffered severe injuries again in a second collision in Canton. Activists believed both crashes were attempts to kill movement leaders.
The Rev. Ed King, a former chaplain at Tougaloo College, sits in Woodworth Chapel on the campus in Jackson, Miss., on Saturday, June 25, 2016. King, who participated in the March Against Fear in 1966, was a chaplain at the historically Black private college that was a safe haven for civil rights activists. He was also active in the Mississippi Freedom Democratic Party, which challenged the state’s 1960s white establishment. King says people still need to continue challenging injustice. “You have to be able to say, ‘As an American, I have a right to ask these questions, to say that things aren’t perfect,'” King says. “We’re moving into a mood of despair now, and with despair you look for scapegoats to blame.”  Credit: AP Photo/Rogelio V. Solis
Later on, King took a step back from that leadership, Rolph said. “He understood when it was right to let someone else lead.”
Instead, he served as an advocate and ally to the rising leaders in the movement, she said.
Throughout his life, King “sacrificed himself for the good of the cause,” Slaughter-Harvey said, “and that cause was justice and service and love.”
King was one of many plaintiffs in a lawsuit filed in 1977 charging the Mississippi Sovereignty Commission with illegal surveillance of citizens. The state-funded agency operated from 1956 to 1977, spying on civil rights activists and feeding information to law enforcement officers. In 1994, a federal judge established a procedure to release the commission files. An appeals court upheld that decision two years later, and King appealed to the U.S. Supreme Court, arguing that every person named in the files should have access to the documents before any public release. The high court declined to hear King’s appeal, and the files were later opened to the public.
King later worked for the University of Medical Center and co-wrote the 2014 book “Ed King’s Mississippi: Behind the Scenes of Freedom Summer” for University Press of Mississippi, which featured dozens of his never-before-published photos from the movement in Mississippi.
The book included an excerpt from a speech King gave at the University of Virginia in 2002, where he said an important part of the Civil Rights Movement was “to get the oppressed people to change their identity of themselves. They had to stand up and claim their freedom and claim their dignity.”
King said this was done by reminding people that they are children of God.
“We also had to … let America, let the rest of the nation, know that Black people weren’t just waiting to be saved by Washington, that they were standing up and demanding,” he said in the speech. “Now, that shocked America.”
Reena Evers-Everette, executive director of the Medgar & Myrlie Evers Institute, said King remained faithful to his friends and the movement. “He was such a loyal confidant and strategist with my father as well as a family friend. He continued fighting for civil rights for all of his life.”",https://cdn.mississippitoday.org/uploads/2026/07/02095340/AP16196627833668.jpg,,,2026-07-05 14:59:25.748172
,Idaho Capital Sun,2026-07-05 17:41:37+00:00,Idaho Capital Sun,In photos: Idaho celebrates 250 years of American independence,Abigail Gerstein,,,,,https://idahocapitalsun.com/2026/07/05/in-photos-idaho-celebrates-250-years-of-american-independence/,"As cities and towns across Idaho celebrated the 250th anniversary of the signing of the Declaration of Independence, thousands lined Boise’s Capitol Boulevard on Saturday to watch the annual July 4 parade.  ","Thousands turned out to watch Saturday's parade in honor of the Declaration of Independence's 250th anniversary. (Abigail Gerstein/Idaho Capital Sun)As cities and towns across Idaho celebrated the 250th anniversary of the signing of the Declaration of Independence, thousands lined Boise’s Capitol Boulevard on Saturday to watch the annual July 4 parade.
 
Current and former members of the United States military were a focus of the parade. (Abigail Gerstein/Idaho Capital Sun)Pageantry was on full display as victors from various pageants waved to the crowd. (Abigail Gerstein/Idaho Capital Sun)Spectators cheered and shouted ""thank you"" as veterans of foreign wars rolled past. (Abigail Gerstein/Idaho Capital Sun)Spectators lined the median in front of Idaho's State Capitol to catch a glimpse of the annual July 4 parade. (Abigail Gerstein/Idaho Capital Sun)Corporate sponsors made appearances throughout the parade. Semiconductor company Micron, which is headquartered in Boise, featured in both the parade and at a booth in Cecil D. Andrus Park. (Abigail Gerstein/Idaho Capital Sun)People of all ages braved temperatures as high as 95 degrees to partake in celebrations Saturday. (Abigail Gerstein/Idaho Capital Sun)The 2026 Honor Color Guard toss American flags in time with the marching band's music. (Abigail Gerstein/Idaho Capital Sun)Women dressed in traditional Mexican riding sidesaddle were a favorite of parade watchers. (Abigail Gerstein/Idaho Capital Sun)A young boy with a wheelbarrow helped clean up after the horses he followed during the parade. (Abigail Gerstein/Idaho Capital Sun)A yellow school bus decorated with paint and streamers for the occasion featured in the parade. (Abigail Gerstein/Idaho Capital Sun)Members of the Sons of American Revolution donned colonial costume for Saturday's events. (Abigail Gerstein/Idaho Capital Sun) Idaho's replica of the liberty bell, which was refurbished last year, was on display outside the capitol after it paraded through Boise's downtown. (Abigail Gerstein/Idaho Capital Sun)A small group dressed in the distinctive red coats of the British army playfully informed concertgoers that their taxes were overdue by roughly 250 years. (Abigail Gerstein/Idaho Capital Sun)
SUPPORT: YOU MAKE OUR WORK POSSIBLE",https://idahocapitalsun.com/wp-content/uploads/2026/07/83BC68FB-7F90-4E73-ACA5-722C6F9B26B7-1024x683.jpg,,,2026-07-05 13:57:34.072494
,South Dakota Searchlight,2026-07-05 16:32:09+00:00,South Dakota Searchlight,Company proposing Black Hills uranium mine eyes state permitting restart after 13-year pause,Makenzie Huber,,,,,https://southdakotasearchlight.com/2026/07/05/company-proposing-black-hills-uranium-mine-eyes-state-permitting-restart-after-13-year-pause/,"A company spearheading a long-lingering uranium mining proposal in southwestern South Dakota hopes to restart its state permitting process after a 13-year hold. The Dewey-Burdock project — spanning nearly 20 square miles in Custer and Fall River counties — secured the last of its necessary federal permits for the project last month, according to the […]","The site of the proposed Dewey-Burdock uranium mine in Fall River County, South Dakota. (Courtesy of U.S. Bureau of Land Management)A company spearheading a long-lingering uranium mining proposal in southwestern South Dakota hopes to restart its state permitting process after a 13-year hold.
The Dewey-Burdock project — spanning nearly 20 square miles in Custer and Fall River counties — secured the last of its necessary federal permits for the project last month, according to the federal Permitting Council. The project was included last year in FAST-41, a federal process meant to improve coordination among permitting agencies and hold them accountable to deadlines. 
The project, decades in the making, was added to the process in August of last year. Dewey-Burdock — named for rural locations near Edgemont along the southwestern edge of the Black Hills — requires numerous federal, state and local permits and has been mired in administrative and court appeals for years.
Trump administration selects Black Hills uranium mining proposal for fast-track permitting program

The mining method for the project is “in situ”: drilling wells to inject a water-based solution underground, dissolving uranium and pumping it to the surface. The water would be pulled from local aquifers and then treated and pumped back underground after being used for mining, causing opponents to fear pollution of local water sources. 
Emily Domenech, Permitting Council executive director, said in a news release that the fast-tracking process advanced the project, which is “critical to national security and energy dominance.” Uranium is a metallic, radioactive element used as fuel in nuclear weapons and nuclear power plants.
EnCore Energy Executive Chair William Sheriff said in a news release that the company plans to begin the state permitting process next. 
The South Dakota Department of Agriculture and Natural Resources confirmed that the company submitted new water-rights applications and supporting information. The company has not yet submitted new applications for mine or groundwater discharge permits, said Brian Walsh, department spokesman.
The timeline for processing state permits is “difficult to predict,” Walsh added, depending on the “level of public participation.”
The project’s state applications have been inactive since 2013, while the federal permitting process played out. The South Dakota Water Management Board rejected the company’s request to restart its water permitting process in 2021, due in part to outstanding federal permits and active litigation.
SUBSCRIBE: GET THE MORNING HEADLINES DELIVERED TO YOUR INBOX.
“I just don’t think it’s appropriate for the state of South Dakota and this board to spend millions of dollars once again on an issue and then have the rug pulled out from under our feet after we’ve made a decision,” board member Rodney Freeman said at the time.
Lilias Jarding, executive director of the Black Hills Clean Water Alliance, has been a vocal opponent of the Dewey-Burdock project for years. She is concerned about potential water contamination and the amount of water needed for the project. She expects opponents to push back and attempt to appeal federal permits, which she said could affect the state process and overall project.
“The people don’t want this,” Jarding said. “There will be public pushback.”
The Oglala Sioux Tribe and NDN Collective, a Rapid City-based Indigenous advocacy group, have also opposed the project, citing concerns about potential impacts to historic and cultural sites in the Black Hills — land central to the spiritual beliefs and practices of many tribes.
The same groups also oppose a proposal to conduct exploratory drilling for uranium near Craven Canyon, not far from the Dewey-Burdock project area. A hearing on the permit application for the drilling plan, from Canadian company Nexus Uranium, is on hold as a court considers a lawsuit from a project opponent.",https://southdakotasearchlight.com/wp-content/uploads/2026/06/20250730_120810.jpg,,,2026-07-05 13:01:07.082988
,VTDigger,2026-07-05 14:51:17+00:00,VTDigger,PHOTOS: Warren July 4th parade draws thousands,Glenn Russell,,,,,https://vtdigger.org/2026/07/05/photos-warren-july-4th-parade-draws-thousands/,"
Early rain eventually gives way to raucous display.
Read the story on VTDigger here:  PHOTOS: Warren July 4th parade draws thousands.","Thousands of people participate in a Fourth of July parade in Warren on Saturday, July 4, 2026. Photo by Glenn Russell/VTDigger
Thousands of people lined Main Street in Warren for the annual Fourth of July parade.  Torrential rain began to fall right before the start of the sesquicentennial celebration, but that didn’t deter those marching or watching from enjoying the display. After a raucous review in the rain, the sun came out again.
Thousands of people participate in a Fourth of July parade in Warren on Saturday, July 4, 2026. Photo by Glenn Russell/VTDigger
Thousands of people participate in the Fourth of July parade in Warren on Saturday, July 4, 2026. Photo by Glenn Russell/VTDigger

Torrential rain falls on the Fourth of July parade in Warren on Saturday, July 4, 2026. Photo by Glenn Russell/VTDigger

Thousands of people participate in a Fourth of July parade in Warren on Saturday, July 4, 2026. Photo by Glenn Russell/VTDigger

Thousands of people participate in a Fourth of July parade in Warren on Saturday, July 4, 2026. Photo by Glenn Russell/VTDigger

Read the story on VTDigger here:  PHOTOS: Warren July 4th parade draws thousands.",https://vtdigger.org/wp-content/uploads/2026/07/warren-parade-10-20260704-1024x681.jpg,,,2026-07-05 10:56:55.818169
,VTDigger,2026-07-05 14:13:00+00:00,VTDigger,Vermonters need to do their part to keep bears wild,Jason Batchelder,,,,,https://vtdigger.org/2026/07/05/opinion-vermonters-need-to-do-their-part-to-keep-bears-wild/,"
Vermont's bear population is thriving. Now Vermonters need to step up if they want to keep it that way.
Read the story on VTDigger here:  Vermonters need to do their part to keep bears wild.","This commentary is by Jason Batchelder, the commissioner of the Vermont Fish and Wildlife Department.
On June 3, the Vermont Fish and Wildlife Department authorized the killing of a bear in Stowe that had grown dangerously comfortable seeking food around people from homes and businesses. If the past few years are any indication, by the end of summer, we will have had to put down or provide similar authorizations for dozens more bears to end acute conflicts that threaten human safety. 
No one wants this outcome for Vermont’s bears. But when Vermonters fail to put proactive coexistence measures in place before bears learn that our homes and villages are good places to find food, this is the predictable outcome. This challenge is not limited to Stowe or even to mountain towns. Except for the Champlain Islands, if you live in Vermont, you live in bear country, and Vermonters are collectively failing our bears.
I say “collectively” because whole communities teach bears where to find food, not just individual households. It is tempting to blame one family’s birdfeeder or one business’s dumpster, but bears are more adaptable than this. Our neighborhoods need to be in lockstep, taking down birdfeeders when the snow melts and keeping trash cans and totes stored inside until immediately prior to pickup on trash day. And our downtowns need to present a unified front of well-secured dumpsters. 
A bear that finds an easy meal when one house leaves their garbage out overnight will soon test other houses. Vermont’s bears mastered strategies like this over many years and have now passed their knowledge on to multiple generations of cubs.
Bears are not at fault for these behaviors. Creativity, group learning and tenacity are simply their nature. These are also the qualities that inspire our affinity and respect for bears. Humans are to blame when we collectively create situations that encourage bears to take risks and then fail to correct our mistakes quickly enough for coexistence to work. 
Over the past several decades, our department’s approach to human-bear coexistence has centered on creating the conditions for our bear population to thrive and providing the information and assistance for Vermonters to voluntarily keep bears wild. 
We conserve thousands of acres of remote bear habitat, place hundreds of “Keep Bears Wild” signs in communities across the state, partner with the nonprofit BearWise on print materials to share at workshops and community gatherings, and publish extensive coexistence resources online. We invite bear coexistence news coverage each spring and throughout the summer, support peer-learning networks on living in bear country and oversee a sustainable, regulated bear hunt every fall. 
Our biologists and game wardens annually field upwards of 1,000 inquiries about living with bears and conduct hundreds of site visits to provide on-the-ground coexistence advice. In serious cases, wardens issue citations when bears are being intentionally fed. Even so, both the number and severity of bear incidents are escalating, putting both bears and humans at risk. 
Today, our Fish and Wildlife Department estimates that Vermont is home to as many as 8,000 bears, substantially more than in the past. But whether those encounters become conflicts has less to do with bear numbers than with what people do or don’t do. Human behavior, and specifically our ability to make good on the shared responsibility of living in bear country, is the single most important factor.
Put simply, Vermont’s bear population is thriving, and we need Vermonters to meet a higher standard as stewards of our bears. If we cannot change course together, then Vermont will continue to play out the grim adage: A fed bear is a dead bear.
Read the story on VTDigger here:  Vermonters need to do their part to keep bears wild.",https://vtdigger.org/wp-content/uploads/2025/02/Commentaries_featured-image-25.png,,,2026-07-05 10:56:55.818169
,VTDigger,2026-07-05 13:03:00+00:00,VTDigger,Montpelier tackles housing shortage with talks of taller buildings and simplified zoning,The Bridge,,,,,https://vtdigger.org/2026/07/05/montpelier-tackles-housing-shortage-with-talks-of-taller-buildings-and-simplified-zoning/,"
Planners say development projects in the River District, including apartment buildings, can shape Montpelier's future and that current zoning allows for six-story buildings but developers aren’t doing it.
Read the story on VTDigger here:  Montpelier tackles housing shortage with talks of taller buildings and simplified zoning.","Multi-story apartment building on Cedar Street in Montpelier. Photo by Michael Bielawski/The Bridge

This story by Michael Bielawski was first published in The Bridge on July 1, 2026.
MONTPELIER — Planning commissioners have been considering the possibility that buildings could start getting taller in Montpelier’s River District. 
Planning Director Mike Miller recently spoke with The Bridge about the direction in which the commission is going in terms of shaping the city’s future development, starting with zoning.
The conversation focused on the River District, or “that stretch, from the Nature Conservancy up through Barr Hill,” according to Maria Arsenlis, vice chair of the commission. She also said, “I would love to see that as kind of a pro-development area similar to the CCR (Country Club Road). Kind of like, ‘Yes, please develop here. … We want six-story apartment buildings here.’”
During a Planning Commission meeting in April, Arsenlis mentioned she wouldn’t mind seeing 10-story buildings on Stone Cutter’s Way, which connects Main Street to Granite Street.
Miller said current zoning downtown already allows for six-story buildings, but for the most part, developers aren’t doing it.
“For 50 years we have allowed six-story buildings in the downtown, and we haven’t had anyone build six-story buildings,” Miller said. He later added, “It’s a policy decision, and it’s for the public and the Planning Commission and the City Council to decide.”
At the meeting, Montpelier resident Peter Kelman spoke about his vision of a new river district, which commissioners jokingly refer to as Gasoline Alley.
“I think you guys should talk to Jon Copans (executive director of the Foundation for a Resilient Montpelier) and the people who are really thinking about the river as being in some ways much more of an inviting place for, yes, restaurants and music venues but not so much gas stations and automobile parts,” Kelman said.
The initial discussion was about design review zones, which require extra consideration for changes to building designs. Miller said these zones can help protect the historic character of Montpelier.
Commissioner Sean Linehan suggested that no matter how the city is zoned, development always takes time.
“These changes that we make, the time scale to see results from this are going to be quite long. It is going to be less impactful than both supporters and detractors hope and fear. We could make the entire city urban, and if you come back in 50 years it’s still going to look like it does today,” Linehan said.
There was much discussion about simplifying the various zoning districts from the current number of smaller zones into fewer, larger ones.
Responding to a question about possible pressure to increase housing development, Miller said, “We need housing. I mean, every study says we have a lot of homeless (people) in central Vermont because we have a housing shortage.
“It adds a lot of stress to the housing system, and then people who are housing-stressed are more likely to have that one thing that happens that bumps them into homelessness.”
Read the story on VTDigger here:  Montpelier tackles housing shortage with talks of taller buildings and simplified zoning.",https://vtdigger.org/wp-content/uploads/2026/07/Housing-on-Cedar-Street-1-2048x1536-1-1024x768.jpg,,,2026-07-05 09:56:52.563623
,VTDigger,2026-07-05 12:30:00+00:00,VTDigger,Nothing to sneeze at: Dartmouth Hitchcock is home to the region’s only pollen counter,Olivia Gieger,,,,,https://vtdigger.org/2026/07/05/nothing-to-sneeze-at-dartmouth-hitchcock-is-home-to-the-regions-only-pollen-counter/,"
For the first summer, Vermont and New Hampshire get a closer picture of what allergens are in our air.
Read the story on VTDigger here:  Nothing to sneeze at: Dartmouth Hitchcock is home to the region’s only pollen counter.","The roof of Dartmouth Hitchcock Medical Center, in Lebanon, New Hampshire, is home to the only motorized pollen counter of its kind in New England. Photo by Olivia Gieger/VTDigger
LEBANON, N.H. — On the roof of Dartmouth Hitchcock Medical Center, cast against a backdrop of the Upper Valley’s rolling green hills, a green metal motor no bigger than a blender hums as its rudder directs it to spin and turn with the breeze.
This unassuming device is the only one of its kind in New England. It’s a counter that catches pollen from the air and traps each day’s sample on a sticky strip of petroleum jelly nestled inside its metal drum.
It allows clinicians in Vermont and New Hampshire to have a better understanding of what exactly is in the air. Up until April 2025, when the device first came online, they relied on the closest device in Rochester, New York, for a snapshot of our skies. 
Every week, March through September, Dr. Alex Zajack visits the device.
“Oh, that’s the most fun part,” Zajack said of his weekly rooftop sojourn. As a second-year fellow in allergy and immunology at the medical center, he assists with the day-to-day work of the project. 
He repeats this ritual of visiting the hospital’s roof, emptying the drum and studying the particles under a microscope. He then shares the results with the National Allergy Bureau of the American Academy of Allergy, Asthma & Immunology. 

The roof of Dartmouth Hitchcock Medical Center, in Lebanon, New Hampshire, is home to the only motorized pollen counter of its kind in New England. Photo by Olivia Gieger/VTDigger

This summer marks the first that Dartmouth Hitchcock has collected continuous data, after a May malfunction in the device cut collection efforts short last summer.
On Wednesday, Zajack pulled out a round metal disc from the collection device to find it rather sparse. 
“It’s been a rainy week,” he said, explaining the relative lack of pollen. Sometimes, he removes the disc to see it covered with yellow dust.
By late June, the region is coming down from a big spike of pine pollen, Zajack said. He’s starting to see more grass pollen, alongside oak, maple and birch.
This spring’s quantity and type of pollen tracks pretty closely with that of last year.
“Everyone is always like, ‘This season is so much worse,’” Zajack said, “but I think they just forget how bad allergies are over the winter.” 
It’s helpful to have a finer local measurement, as well as insight into what types of pollen are dominant, so clinicians can tailor allergy tests and treatments.
“We want to customize allergy shots, and we can adjust the (allergy testing) panel,” said Dr. Erin Reigh, who specializes in allergy and immunology at Dartmouth Hitchcock and leads the station.
She established the project in the fall of 2024, after the National Allergy Bureau of the American Academy of Allergy, Asthma & Immunology approached her about setting up a New England counter.  
Identifying the different pollens in the samples, though, is not an easy task. 
Zajack separates each day’s measurement from the device’s sticky film and turns them into slides that he reads under a microscope. A busy spring day can yield hundreds of pollens on a slide and can take hours to analyze.

Dr. Alex Zajack identifies pollen types under a microscope at Dartmouth Hitchcock Medical Center. Grass (top right) ash (bottom left) and hemlock pollen (bottom right) are seen under magnification.

To an untrained eye, many of the pollens are indistinguishable — varying types of round, ragged circles. Zajack looks for traits in the pollen’s pores, their shape, size and edges. Pine pollen, for instance, has a distinct “Mickey Mouse ears” look of three overlapping circles. Grass, on the other hand, yields merely a circle. 
Both Zajack and Reigh see the value in collecting long-term data for this national database, not only for clinical purposes but also for future research around weather and climate. 
National data has shown that higher levels of carbon dioxide, which increases with the continued combustion of fossil fuels, can increase pollen production. Other research has indicated that warmer average temperatures extend plants’ pollen producing days, making for longer allergy seasons.
If nothing else, Zajack said, it’s empowering for patients to read the data in the National Allergy Bureau’s database, the same as a clinician or researcher might.
“It’s cool to give patients access to pollen counts,” Zajack said. “They can have a sense of their own care, and see what they are most reactive to.”
Read the story on VTDigger here:  Nothing to sneeze at: Dartmouth Hitchcock is home to the region’s only pollen counter.",https://vtdigger.org/wp-content/uploads/2026/06/DH-Pollen-Meter-06-1024x768.jpg,,,2026-07-05 08:57:53.674080
,VTDigger,2026-07-05 12:05:00+00:00,VTDigger,"Then Again: Lemuel Haynes — a minuteman, preacher and longtime Vermonter — puts his stamp on history again",Mark Bushnell,,,,,https://vtdigger.org/2026/07/05/then-again-lemuel-haynes-a-minuteman-preacher-and-longtime-vermonter-puts-his-stamp-on-history-again/,"
Haynes may be little remembered by most Americans today despite his role in the Revolution, but he is featured on a recently released U.S. postage stamp.
Read the story on VTDigger here:  Then Again: Lemuel Haynes — a minuteman, preacher and longtime Vermonter — puts his stamp on history again.","Lemuel Haynes is featured on a new U.S. Postal Service stamp as part of its Figures of the American Revolution series, which honors 25 individuals who played important roles during the period. Photo by Mark Bushnell
Lemuel Haynes was of two minds about the American Revolution. He was outraged by the stark hypocrisy of some of the rebellion’s leaders, slaveholders who condemned the British government for impinging on their freedoms. At the same time, however, he risked his life for the revolutionary cause. 
Haynes, a minuteman, preacher and longtime Vermonter, may be little remembered by most Americans today, but he is featured on a recently released U.S. postage stamp. Haynes is one of 25 “Figures of the American Revolution” being honored. His portrait on the sheet of stamps is surrounded by better-known figures, including Benjamin Franklin, Alexander Hamilton, Patrick Henry and the Marquis de Lafayette. The series highlights others worthy of note, such as Mercy Otis Warren, a writer who chronicled the Revolution; Agwalongdongwas, an Oneida leader who helped rally support for the American cause; and Deborah Sampson, who disguised herself as a man to serve in the Continental Army.
Drawn into a ‘dreadfull tragedy’
Lemuel Haynes was born under challenging circumstances. Then, as now, parentage could determine one’s life prospects. Haynes never knew either of his parents. Conceived during a tryst, Haynes was born in West Hartford, Connecticut, in 1753, his father already having left. His mother soon abandoned the infant. 
His parents’ identities remain a mystery to historians. According to contemporary accounts, his father was African American and his mother white. One theory holds that she was a Scottish-born servant who worked for a family named Haynes; another claims she was a young woman from a prominent family who sought refuge in the Haynes household during a scandalous pregnancy. Either way, the baby was given the last name of Haynes, though he didn’t remain in the household for long.
The Hayneses gave the baby away to a family named Rose, who left West Hartford to settle in the western Massachusetts town of Granville. The Roses, who already had one son and five daughters, didn’t adopt Haynes. Instead, they took him on as an indentured servant, a common practice in Colonial America under which an orphaned, impoverished or out-of-wedlock child was taken into a household and provided room, board and a basic education in exchange for labor until the child turned 21. 
From a young age, Haynes worked long hours on the Roses’ farm. As members of a settler family, the other children probably did too. Haynes remembered being treated well by the Roses, especially by the mother, Elizabeth. He later said, “I remember it was a saying among the neighbors, that she loved Lemuel more than her own children.”  
The Roses encouraged Haynes to get an education, a challenge on what was then the Western frontier. Haynes learned to read, studied on his own when he found time, and attended school whenever the Rose children did, which was infrequently. The head of the household, Deacon David Rose, recognized Haynes’ intelligence and came to rely on him for the important task of negotiating with horse traders.
The Roses’ household was pious, the deacon and his family regularly discussing religious matters and reading sermons aloud. Haynes began to consider a career in the ministry. 
Life in Massachusetts felt particularly tenuous in 1774, the year that Haynes turned 21 and his indentured servitude ended. Responding to the Boston Tea Party, which took place in December of the previous year, the British Parliament enacted the so-called Coercive Acts. Among other things, the new laws closed Boston’s harbor, required colonists to house British troops, and banned town meetings, at which much of the protest against the Crown had been organized. Sympathizing with the Colonial cause, Haynes joined his town’s militia. 
When word reached Granville of the April 19, 1775, British attacks on Lexington and Concord, Haynes’ unit mobilized and marched to Boston. There, Granville’s minutemen joined other militias at the siege of Boston, which successfully contained British forces in the area. 
Shocked by the violence unleashed against colonists by British soldiers, Haynes penned an epic poem, “Battle of Lexington,” to document the “dreadfull tragedy.”
The poem reads, in part:
For Liberty, each Freeman StrivesAs it’s a Gift of GodAnd for it willing yield their LivesAnd Seal it with their Blood
He called on England to “let thy Fury cease/At this convulsive Hour” and “Consult those Things that make for Peace/Nor foster haughty Power.”

An etched portrait of Lemuel Haynes serves as the frontispiece of the 1837 book “Sketches of the Life and Character of the Rev. Lemuel Haynes.” Wikimedia Commons

The Granville unit’s stay in Boston lasted less than a month. Such a short enlistment period was common for a variety of reasons: Militiamen were typically farmers or craftsmen who could not afford to be away long; those militia members felt most loyal to defending their own communities; and Colonial society was deeply suspicious of standing armies, fearing that they gave too much power to whoever paid them.
If militia service was often short, it was also sporadic. Like many men, Haynes returned to service when needed. In 1776, he enlisted with his local Hampshire County militia and marched north to aid in the defense of Fort Ticonderoga, which had been captured the previous year by forces led by Ethan Allen and Benedict Arnold. Haynes’ service at the fort was cut short when he contracted typhus and was invalided out of the army.
Sometime during that year, Haynes encountered the Declaration of Independence.
Historian Pauline Meier noted that the declaration’s first paragraph resonated with white colonists, who believed fervently that the time had come “for one people to dissolve the political bands which have connected them with another.” 
In contrast, Meier said, Black people viewed the declaration’s second paragraph as its key point: “We hold these truths to be self-evident, that all men are created equal, that they are endowed by their Creator with certain unalienable Rights, that among these are Life, Liberty and the pursuit of Happiness.”
Haynes wrote his own treatise, apparently also in 1776, in which he argued that the institution of slavery violated natural law. Historians are unsure whether Haynes wrote his tract before or after reading the declaration. His treatise, titled “Liberty Further Extended: Or Free Thoughts on the Illegality of Slave-Keeping,” was not published during his lifetime. 
He wrote that although his fellow revolutionaries were “zealous to maintain” their rights, it was essential that they realize that a “greater oppression” was being inflicted upon enslaved people. After all, wasn’t freedom “equally as precious to a Black man, as it is to a white one, and Bondage Equally as intolerable to the one as it is to the other?” 
Haynes wrote, “Every one of those unfortunate men who are pretended to be Slaves, has a right to Be Declared free, for he never Lost his Liberty; he could not Lose it.”
‘An ambassador of God’
During the late 1770s, Haynes supported himself by working as a farmhand and a teacher’s assistant, while also studying Greek and Latin. The languages were required for those, like Haynes, who aspired to become Congregational ministers.
Once he completed his studies in 1780, the parishioners of a new Congregational church in Granville called him to be their preacher, making Haynes the first known African American ever to lead an all-white congregation. Five years later, he became the first Black person ordained by a religious organization in North America.
One of his parishioners, a white schoolteacher named Elizabeth Babbitt, became an admirer. The pair courted, but since Haynes was biracial, it was socially unacceptable for him to ask Babbitt to marry him. So she popped the question. After consulting his fellow preachers to gauge the reaction of other whites, Haynes accepted. (The couple would have 10 children and remain married for 50 years, until his death.)
In 1787, Haynes served on a preaching circuit that took him into what was then the Republic of Vermont, where his passionate sermons caught people’s attention. The West Parish congregation in West Rutland asked Haynes to serve as their full-time pastor. He held the position for 30 years.
That didn’t mean he found universal acceptance. Years later, one church member recalled being taunted by boys from another church who mocked Haynes with racial slurs. Racial prejudice didn’t stop Haynes from becoming a success. Under his leadership, the West Rutland congregation grew from 46 members to more than 300. 
People remembered him for his quick, sometimes acerbic wit. When another minister’s papers were lost in a fire, Haynes supposedly suggested they had produced more light in the blaze than they ever had from the pulpit. Another time, two boys greeted him in the street by saying, “Father Haynes, have you heard the good news? The Devil is dead!” Haynes patted the boys on the head and said, “Oh, you poor fatherless children! What will become of you?”
But in church, Haynes seldom joked. An acquaintance said, “When he ascended the pulpit, it was with a gravity which seemed to indicate that he felt the amazing weight of his charge as an ambassador of God to dying men.” 

A painting depicts Rev. Lemuel Haynes preaching from the pulpit. The image, which was painted onto a tray, is in the collection of the Museum of Art at the Rhode Island School of Design in Providence, Rhode Island. It is believed to have been painted circa 1835-40, shortly after Haynes’ death. Courtesy of the RISD Museum, Providence, RI

A fellow minister remembered Haynes’ remarkably quick mind: “His enunciation, though remarkably clear, was extremely rapid; a delightful flow of words and thoughts, as if they were crowding each other for utterance.”
That “delightful flow of words” won Haynes admirers throughout the Northeast. He was regularly invited to be a visiting preacher or to deliver a sermon on holidays, including Independence Day or George Washington’s birthday. Haynes wrote a widely read attack on Universalism’s belief in universal salvation and received an honorary master’s degree from Middlebury College.
After three decades of leading his West Rutland congregation, Haynes sensed he was no longer wanted. He submitted his resignation, and the congregation accepted. Haynes later explained to a friend that after 30 years, his congregation had discovered it had a Black preacher. Although racism might have been the cause, it also might have been a case of a preacher and his congregation growing apart, a common occurrence in early America. Some of Haynes’ religious beliefs, particularly his traditional Calvinist view that only a select few would attain salvation, may have fallen out of favor with new, younger members of his congregation.
After departing West Rutland, Haynes went on to a three-year stint in Manchester, then finished his career after 11 years in South Granville, New York, just over the border from West Pawlet.
Haynes fought his entire life to overcome the disadvantages of his obscure birth and of racial prejudice. Despite those struggles, he eventually found broad professional and social acceptance. Perhaps fearing losing that acceptance, Haynes seldom spoke out in later years on the most important racial issue of the day, slavery. Although he avoided the subject of race, Haynes’ prominent achievements made everyone who encountered him confront the issue at some level. As one scholar suggested, his very presence and example made those who knew him “better Christians” and better people.
Read the story on VTDigger here:  Then Again: Lemuel Haynes — a minuteman, preacher and longtime Vermonter — puts his stamp on history again.",https://vtdigger.org/wp-content/uploads/2026/06/Haynes-on-sheet-of-stamps-1024x702.jpg,,,2026-07-05 08:57:53.674080
,CommonWealth Beacon,2026-07-05 11:18:46+00:00,CommonWealth Beacon,Gov. Healey should reject the federal education voucher program,Jessica Tang,,,,,https://commonwealthbeacon.org/opinion/gov-healey-should-reject-the-federal-education-voucher-program/,"Gov. Healey has an opportunity to lead by joining three other governors who have opted out – Gov. Tina Kotek in Oregon, Gov. Tim Walz in Minnesota, and Gov. Tony Evers in Wisconsin – and taking a stand for all students, while the federal government works to publicly subsidize private schools.","A SIGNATURE COMPONENT of the Trump administration’s agenda to dismantle public education is a federal school voucher program that would take effect in 2027. This scheme, from The Heritage Foundation’s Project 2025, threatens to gravely undermine public education across the United States and puts the Commonwealth’s standing in public education at risk.
Vouchers are a product of the anti-integration movement in the wake of Brown v. Board of Education, when Southern states began offering “scholarship grants” to white families sending their children to segregated private schools. No matter what you call them, the result is the same—expanded opportunity gaps and increased racial and economic inequity.
The most recent iteration of this plan provides individuals who donate to scholarship-granting organizations (SGOs) a dollar-for-dollar tax credit, up to $1,700. SGOs distribute the money as vouchers to students to pay for school tuition and fees. By comparison, even taxpayers in the highest income bracket can only claim 35 cents per dollar donated to every other charitable cause, including food banks, disaster relief, and more. No other donation is eligible for a 100 percent tax credit. Governors, including Gov. Healey, have until the end of the year to decide whether their state will opt in.
In their recent op-ed, Democrats for Education Reform CEO Jorge Elorza and Worcester Regional Chamber of Commerce CEO Timothy Murray borrow messaging to make it appear as if their privatization efforts are new and innovative. 
In fact, this is just a new way to achieve the same ends as direct private school vouchers. 
As the highly-respected Brookings Institutution explains, “tax-credit scholarship programs, like ESA [education savings account] programs, are variants of school voucher plans that were designed to skirt the legal and political obstacles facing vouchers.” 
Some basic facts are in order. 
Vouchers won’t make Massachusetts schools better 
Studies have shown that school voucher programs have a detrimental impact on student outcomes. Decades of commitment and collaboration between government, labor, and the business community to create best-in-the-nation schools would be lost. 
Voucher programs have minimal or no curricular or testing requirements. They have no academic standards or teacher certification mandates to ensure students are receiving a quality education. Massachusetts could not impose any requirements for teaching children with special needs. Public money would flow to private schools with zero accountability. 
Educators across the state can agree with Elorza and Murray on one thing: there is still a lot to do to close gaps exacerbated by the pandemic. They’re wrong, however, to misleadingly paint a rosy picture of how Gov. Healey can set her own rules around the program to ensure it actually supports students in need, instead of just the wealthy. They completely ignore the fact that Massachusetts would be prohibited under federal law from creating any guardrails or accountability measures for how this money is spent. 
There is no such thing as “free money” 
Every dollar that’s funneled to a federal voucher program is subtracted from existing federal funding. History shows that most voucher money pays tuition for children already attending private school. That means less funding for the schools that serve all students.  
Our Gateway Cities, vocational schools, and educational collaboratives are already disproportionately impacted by reckless cuts to federal funding and widespread elimination of critical safeguards that protect our most vulnerable students. Vouchers would only exacerbate these inequities. 
There’s no spending cap on the voucher program, but it’s estimated to cost upwards of $51 billion annually—more than what was spent on Title I and IDEA special education grants combined last year. 
This is not free money we are leaving on the table. Elorza and Murray say that opting out does not prevent this program from moving forward nationwide. While that may be true, each time a state opts in, more federal dollars are drained from other programs. SGOs currently operate in voucher states with very little oversight or accountability, which has led to significant waste and fraud. 
This funding can’t be used for all after-school programs 
Local proponents continue to falsely claim that this program will provide direct help to families, allowing them to cover costs for after-school programming at local centers of their choosing. It won’t. Federal regulations are very clear. This money can only go to places that already provide elementary or secondary education.   
This is not designed to help poor districts 
The program is designed to help the wealthiest families the most. Struggling regions of the state will not see a financial windfall, and it is disingenuous to suggest that students most in need would benefit. Unlike federal childcare assistance eligibility requirements, which are only available to those making 85 percent or less than the state median income, families earning up to 300 percent of their county’s median income are eligible for these vouchers. 
Siphoning off funding from our neediest students in order to cover vouchers to private and religious schools that do not have to serve all students goes against the very objectives of our nation’s democracy and is the antithesis of the values we purport to uphold here in the Commonwealth. 
We joined 32 other educator unions representing millions of public employees from across the country to urge governors to opt-out of this dangerous voucher program. 
“Voucher schemes undermine the very foundation of public education by diverting public resources away from neighborhood schools and into private institutions that are not subject to the same standards of accountability, transparency, civil rights protections or democratic oversight,” our letter to the governors reads. 
Elorza and Murray mischaracterize opposition as an issue of partisanship—that Democrats are letting their opinion of the president prevent them from agreeing to opt in. This isn’t political and that argument ignores the fact that many rural Republicans are staunchly opposed to these programs because of the devastating impact they have on rural communities. It’s about doing everything we can to ensure all students have access to the quality public education they’re afforded under the Massachusetts Constitution. 
Public education is an essential tenet of our democracy. 
Gov. Healey has an opportunity to lead by joining three other governors who have opted out – Gov. Tina Kotek in Oregon, Gov. Tim Walz in Minnesota, and Gov. Tony Evers in Wisconsin – and taking a stand for all students, while the federal government works to publicly subsidize private schools.  
As the birthplace of public education, it is incumbent upon Massachusetts to hold the line by protecting public schools and the students they serve from a further dismantling of a revolutionary public good.  
Jessica Tang is president of the American Federation of Teachers – Massachusetts.",https://i0.wp.com/commonwealthbeacon.org/wp-content/uploads/2017/09/desks-school.jpg?fit=600%2C450&amp;ssl=1,,,2026-07-05 07:59:16.945988
,VTDigger,2026-07-05 11:17:00+00:00,VTDigger,Bolstered bloc of Vermont Republicans see bills repealed this year as a win,Shaun Robinson,,,,,https://vtdigger.org/2026/07/05/bolstered-bloc-of-vermont-republicans-see-bills-repealed-this-year-as-a-win/,"
“We've now spent an entire session undoing harmful policies passed by the previous supermajority,” Gov. Phil Scott said, pointing to when Democrats had greater numbers in the House and Senate.
Read the story on VTDigger here:  Bolstered bloc of Vermont Republicans see bills repealed this year as a win.","Senate Minority Leader Scott Beck, R-Caledonia, listens to discussion on the floor of the Senate on the opening day of the legislature at the Statehouse in Montpelier on Wednesday, January 8, 2025. Photo by Glenn Russell/VTDigger
Political parties are quick to declare victory when the bills they support make it into law. But for Vermont’s Republican minority in the Legislature, it was the laws they succeeded in rolling back this year that seem to have the party celebrating just as much.
In a newsletter to supporters last month, Paul Dame, chair of the Vermont Republican Party, adopted a sweeping tone as he reflected on the 2026 legislative session that had ended just days before.
“If Vermont’s Republicans are not the most effective minority in any legislature in the country, then I’d like to hear who is,” Dame wrote in the email. The GOP accomplished its goals, he went on, “in ways that seemed impossible just two years ago.”
Two years ago, Vermont’s 2023-24 legislative biennium ended with Democrats enacting six bills into law that Republican Gov. Phil Scott had vetoed and that Scott’s GOP allies in the House and Senate broadly opposed. Democrats were able to do so because they had a supermajority of seats in both chambers.
But then, voters elected a wave of additional Republicans to the House and Senate that November — many if not all of them maligning some of those new laws on the campaign trail — and the political dynamic in the Statehouse changed.
In the two years since, Republicans enjoyed more committee leadership roles, which dictate which bills get airtime, and found an easier path to get some of their party’s priorities into law. Dame pointed, for example, to a 2025 law expanding state tax breaks for military retirees, something Scott had backed for years with no success.

READ MORE

Democrats still held a majority of seats in both chambers and so could set the agenda as they liked. They had their own priorities that they pursued, at times over many Republicans’ opposition, such as a new legal avenue for Vermonters to sue federal agents whom they allege have violated their constitutional rights. 
But Republican leaders said that one of, if not their biggest, win of the 2025-26 biennium, which started last January and ended this May, was slowing or reversing some of the policies passed in the prior two-year period.
“Most of what Republicans did was apply the brakes,” Dame wrote in another newsletter last month. Even if the party succeeded in some ways, though, “there is still work to do in order to turn the car around and start moving toward prosperity instead of away from it,” he added.
Senate President Pro Tempore Phil Baruth, D/P-Chittenden Central, said the results of the 2024 election made it clear to him that his GOP colleagues would try to change some of what his caucus passed before.
“And that’s part of the democratic process,” he said in an interview. “The voters are the ones who decide. And so, given the change in the chamber, I think they accomplished some of their goals.”Baruth agreed Republicans had a stronger voice in the Statehouse the past two years, but said he didn’t think that meant the legislative process was more confrontational. 
“By and large it was not, every day, a struggle with an emboldened minority,” he said. “We worked very smoothly together — on what amounted to the Democrats’ agenda.”
The policies Republicans repealed was a focus for Gov. Scott at a press conference the week after the Legislature adjourned.
“We’ve now spent an entire session undoing harmful policies passed by the previous supermajority rather than making meaningful progress,” he said in early June.
‘The highlights of the session’
The most significant reversal Republicans say they won this year was to a slate of conservation measures included in a 2024 land use law, Act 181. That was one of the laws Democrats passed over Scott’s veto and opposition from the GOP.
Parts of the law aimed to loosen state reviews for new housing in already-developed areas. But at the same time — in response to climate change and habitat loss — the law added environmental protections for building projects in sensitive areas.
As state officials rolled out draft maps of these areas, ire from rural landowners, local officials and housing proponents bubbled up. Their opposition, which was echoed by Republican Lt. Gov. John Rodgers and GOP members of the House and Senate, also drew a large protest on the Statehouse steps in March.
After the Senate passed a bill delaying the implementation of some of those provisions, Democratic House leadership went a step further, and in an unexpected about-face approved a rollback of those measures entirely. That’s what lawmakers ultimately passed in May and Scott then signed into law.
Dame also pointed, in an interview, to how the 2025-26 biennium marked the end for the Clean Heat Standard, a 2023 law that Democrats also enacted over Scott’s red pen aimed at reducing the carbon emissions that come from heating and cooling buildings. 

READ MORE

Democrats came into the 2025 session understanding the policy was dead. The state’s Public Utilities Commission had recommended against moving it forward over concerns about its cost to consumers and the fact Vermont had little to model the initiative on.
Many Republicans, who cited concerns over costs of the policy on the campaign trail in 2024, pushed for a formal repeal over the past two years, which would have been largely symbolic but that they argued would show a spirit of compromise. Language repealing the policy passed the Senate, but the House did not take it up before adjournment.
“Things like the Clean Heat Standard would have made things more expensive for Vermonters,” Senate Minority Leader Scott Beck, R-Caledonia, said in an interview. “So the ability to knock back those types of increases, and actually move the other direction a little bit — and then also to get (parts of Act 181) repealed — were probably the highlights of the session for Republicans.”
Republicans also flexed their legislative numbers in at least one other key instance this year. That was over a bill that sought to largely bar federal law enforcement officers, including U.S. Immigration and Customs Enforcement agents, from wearing masks.
When House Democratic leaders tried to bring a final version of the bill up for a vote on the final day of the session in May, House Republicans used a procedural move to block its consideration, killing the legislation. The move drew ire from Democrats, though not all of them supported the bill due to concerns a judge would find it unconstitutional.
Scott’s veto pen
At the same time, because Democrats could no longer override Scott’s vetoes on their own over the past two years, the likelihood of a bill getting rejected was at times enough for lawmakers not to advance it. A veto threat, for instance, was the reason at least some legislative leaders gave for why they did not pursue any policies that would help the state get on track to meet its carbon emissions reduction goals this year. 
Scott leveraged that power throughout this year’s session. He spent months threatening to veto the state budget and key property tax rate-setting legislation if lawmakers did not advance a version of this year’s marquee legislation — an education reform plan — that he liked. Democratic lawmakers for a time contemplated whether the state government might shut down as a result, but they reached an education deal with time to spare.
The veto threat loomed over lawmakers’ decision to use more state revenue this year to again reduce property tax increases — a move backed by Scott. Lawmakers put $101 million in the coming fiscal year’s budget to “buy down” the average education property tax rate increase statewide.
Beck said Republicans’ increased numbers in the House and Senate could be directly tied to lower average increases in property tax bills. He contrasted the tax-rate setting legislation that Democrats enacted over Scott’s veto in 2024, which resulted in a 13.8% average increase in bills, to the versions of the annual bill enacted in 2025 and 2026, which set out an average increase of 1.1% and 3.5%, respectively. (Actual tax rate increases — or even decreases — have and will vary widely by town.)
“I think those are huge, huge wins,” he said Thursday.
To be sure, some Democrats, particularly in the Senate, voiced support for buying down property tax rates to the greatest extent possible from the beginning of this year’s legislative session. 
“I told people on election night that I heard the message — and I do believe the message was primarily around the burden of the property tax,” Baruth said, referring to 2024.
The governor ultimately vetoed fewer bills over the 2025-26 biennium than he did in 2023 and 2024. In the more recent period, he rejected 13 bills, though one was over a technical error in how the bill was drafted and not a policy disagreement. Over the two years before that, he rejected 17. In 2023, that included the state budget bill, which lawmakers overrode.
Democrats came close to succeeding on one veto override attempt this year, over a bill that proposed a new regulatory framework for large data centers. Scott said he rejected the bill, which passed both chambers with overwhelming bipartisan support, because he thought the state’s existing land use regulations would be sufficient.
The House came just seven votes short of the threshold needed to overturn Scott’s veto. Senators did not attempt an override vote. Beck — who voted for the bill — said in a post-session newsletter to his constituents that he understood the governor’s decision, and that he was OK letting the legislation fall by the wayside. 
The bill could well be an issue on the campaign trail this year. The Vermont Democratic Party slammed Scott’s decision in a social media post in early June, saying that the governor “sided with big tech and corporations over Vermonters.”
Baruth, who is not running for reelection, echoed that criticism. 
“I think the Legislature should go hard on that next session,” he said.
Read the story on VTDigger here:  Bolstered bloc of Vermont Republicans see bills repealed this year as a win.",https://vtdigger.org/wp-content/uploads/2025/01/scott-beck-1-20250108-1024x681.jpg,,,2026-07-05 07:59:16.945988
,Washington State Standard,2026-07-05 11:00:11+00:00,Washington State Standard,Forest Service chief defends agency’s largest reorganization in a century,Mike Koshmrl,,,,,https://washingtonstatestandard.com/2026/07/05/forest-service-chief-defends-agencys-largest-reorganization-in-a-century/,"This story was first published by WyoFile. PARK CITY, UTAH — The U.S. Forest Service received roughly 300 applications for the 15 new state director jobs created during a major agency reorganization that’s dissolving regional offices the agency’s first chief, Gifford Pinchot, created nearly 120 years ago. That’s 20 applications per job, on average, for […]","USDA Forest Service Chief Tom Schultz meets with employees of the Kisatchie National Forest in Louisiana on April 2, 2025. (Photo by Preston Keres/courtesy of USDA)This story was first published by WyoFile.
PARK CITY, UTAH — The U.S. Forest Service received roughly 300 applications for the 15 new state director jobs created during a major agency reorganization that’s dissolving regional offices the agency’s first chief, Gifford Pinchot, created nearly 120 years ago.
That’s 20 applications per job, on average, for well-paying “senior executive service” positions at a federal agency that employs roughly 30,000 staff.
It’s a figure that, to many, suggests stunningly little interest in the jobs and a reminder that it remains a tough time to be a Forest Service employee tasked with managing 193 million acres of the United States.
But U.S. Forest Service Chief Tom Schultz on Tuesday sounded upbeat about the 300 applications, a datapoint he offered without prompting. Applicants are a mix of Forest Service veterans and outside candidates, and there are more than he needs to fill the state director jobs and restructure. Schultz’s team has already narrowed the pool of candidates and is starting to arrange for interviews, he told WyoFile from a boardroom at Park City’s Deer Valley Resort.
“I expect [interviews] to begin within the next couple weeks,” Schultz said.
The Trump administration’s pick to lead the Forest Service took a break from the Western Governors’ Association conference and sat down with WyoFile to discuss the status of the agency’s workforce and looming structural changes that were signaled in summer 2025 and formally set in motion this spring. The University of Wyoming graduate spoke just over the Wasatch Range from Salt Lake City, where he’s planning to live and work after relocating the agency’s headquarters from Washington, D.C.
Nearly five dozen research and development stations may also be shuttered, and their staff will be clustered at more centralized operations instead.
U.S. Forest Service map that highlights state offices and regions. (Map courtesy of the U.S. Forest Service)
All these changes are coming quickly.
Schultz says he will wait until after the already deadly, active wildfire season dies down before reassigning regional personnel and opening the doors on state offices.
“Sometimes toward the end of October, early November is when we’d be looking at getting those offices operational,” the Forest Service chief said.
Wyoming’s office is coming to Cheyenne, though the building has not been selected. The state offices in the Equality State and elsewhere will house an estimated “six to eight” staff, and will include positions specializing in communications, legislative affairs, tribal affairs and other “liaison-type” roles, Schultz said.
“The intent is not to replicate the regional model,” he said. “It’s to have those positions supervise the forest supervisors, and also to be a liaison with states, with counties, with tribes.”
A former Idaho Department of Lands director, Schultz moved to the private sector and was an executive with an Idaho logging company before U.S. Department of Agriculture Secretary Brooke Rollins hired him away in February 2025. Restructuring the Forest Service will concentrate resources and decision-making in the states and communities where national forestland is part of the landscape, he said.
“What we’re trying to do is basically bring the Forest Service closer to the people that we serve,” Schultz said. “The change from regional offices to a state director role is to really empower folks closest to the ground — district rangers and others who make decisions.”
It won’t be immediate, but eventually national forests like Wyoming’s Bridger-Teton, Shoshone, Bighorn, Medicine Bow-Routt and Black Hills should experience an increase in staffing and money as resources are diverted away from regional offices in places like Denver and Ogden, Utah, Schultz said.
“That is the intent,” he said.
Yet, the reorganization is also immensely controversial. Partly that’s a product of the administration spearheading the changes.
President Donald Trump’s second term started by bringing a wrecking ball to the federal government. The face of the aggressive, abrupt job cuts, now-trillionaire Elon Musk even wielded a chainsaw on stage to signify the actions of his now-defunct “Department of Government Efficiency,” which trimmed the Forest Service’s workforce by about 18%.
 Forest Service employees express skepticism

Many Forest Service employees are unsettled by the structural changes afoot. Retired White River National Forest supervisor Scott Fitzwilliams, who took a buyout during the DOGE era, criticized how hastily the reorganization was decided and implemented.
“This is turning over 100 years of organization,” Fitzwilliams said. “This is not thought out. And it’s chaotic.”
The Forest Service rolled out its plans in the absence of public review, Fitzwilliams pointed out. Except for stakeholders like the timber and fossil fuels industries, he said the reorganization wasn’t vetted and caught almost everyone off guard.
“I know for a fact, ranking members of resources committees on the Senate side and the House side, they learned about it when you and I learned about,” Fitzwilliams said.
But Schultz argues the concept of restructuring has been kicked around for nearly two decades. There’s been talk of redesigning the Forest Service to a state-focused system since 2008, and the effort became more formal in August 2024, he said.
Retirees who are formally organized have also voiced concerns.
Bill Avey, who chairs the National Association of Forest Service Retirees, told WyoFile that he feels the reorganization is “not in the best interest of the public or the national forests or the Forest Service itself.” He worried that the new structure will lead to the Forest Service becoming beholden to state politics.
“These are national forests; they aren’t state forests,” said Avey, who supervised the Helena-Lewis and Clark National Forest. “The forests are going to be much more influenced by the politics of the state, when they should be managed for the people of the nation.”
The Forest Service state directors will be hired into career positions, and are not political appointees, according to Schultz.
But those assurances didn’t allay the concerns of Avey, who pointed to how state offices and directors function at the Bureau of Land Management.
“State directors are very political positions,” Avey said. “We’re worried about increased politicization of the Forest Service.”
Steve Ellis preceded Avey in chairing the National Association of Forest Service Retirees. His career started at the Forest Service but crossed over to the BLM, where he became the Idaho state director and then deputy director for the whole agency.
“So I know both the structures,” Ellis said. “Democratic and Republican governors in the West, my observation is they always liked the BLM model better.”
Two weeks ago, the bipartisan Western Governors’ Association pledged its support for the Forest Service restructuring in a letter.
“This state-based model will ensure strong communication between the agency and states and territories, and promote coordination on forest and rangeland management, recreational use, and wildfire mitigation and response,” Utah Republican Gov. Spencer Cox and Hawaii Democrat Gov. Josh Green wrote.
 Salt Lake City HQ

Delivering the keynote address at the Western Governors Association conference this week, Schultz told the crowd that he’s “thinking about” giving the states more national forest management control. And he argued that there will be benefits to the coming headquarters move to Salt Lake City and the broader Forest Service restructuring.
“I currently have 26 direct reports,” Schultz said. “Under this new model, I’m going to have six reports. We’re going to align much like a normal corporate structure.”
Moving Forest Service headquarters to Salt Lake City has been criticized partly because of the first Trump administration’s 2019 reorganization of the BLM, which included moving its headquarters to Grand Junction, Colorado, a mid-sized city about the size of Casper. That effort failed spectacularly. Less than 13% of the 328 employees whose jobs were moved chose to relocate and only three employees ended up moving to Grand Junction, according to High Country News. In fall 2021, the Biden Administration Interior Secretary Deb Haaland moved the office back to Washington.
Schultz is hopeful the Forest Service’s 2026 headquarters relocation will go differently. Salt Lake and Grand Junction are “two fundamentally different communities,” he said.
“Salt Lake is a large metropolitan area — 1.6 million people,” Schultz said. “We’ve already gotten commitments from folks that are willing to go there.”
Asked if the Forest Service has goals for retention during the transitions, Schultz didn’t specify. He pointed out instead that only about 1% of the workforce will be asked to move throughout the entire reorganization.
“There could be fewer than 300 people that have to physically relocate,” the chief said.
Although the headquarters is officially changing locations, most of its employees will actually remain in Washington. Although the Forest Service’s fact sheet about the reorganization indicated that two-thirds of the National Capital Region positions would be relocated, the numbers shared by Schultz looked much different.
Out of the 750 people who are assigned to the Washington office, more than half are already remote, he said. That leaves roughly 350 employees who show up to the brick-and-mortar office on Independence Avenue.
“We’re expecting probably less than 50, at this point, may have to relocate out of the DC area,’ Schultz said. “Some of [the headquarters employees] are going to go to Maryland.”
Forest Service whistleblowers who wrote a letter to Congress have argued that leadership is underestimating the disruption and that mandatory relocations could impact as many as 1,900 employees.
Some 6,500 Forest Service employees were informed in a letter that their job would be affected by the reorganization in some capacity.
“It basically said in that letter that you may have a different supervisor, you may have a different structure, you may have a different job,” Schultz said.
As of Tuesday, those 6,500 employees haven’t been told what’s specifically changing.
“It’s still being worked on,” Schultz said.
U.S. Forest Service Chief Tom Schultz meets with Wyoming State Forester Kelly Norris and partners from the Black Hills National Forest on March 18, 2026, to discuss timber harvesting, thinning, and prescribed burning on the Bearlodge Ranger District. (Photo by Preston Keres/courtesy of U.S. Forest Service)
Unions for Forest Service employees have called leadership’s communication style “engineered vagueness.” In early June, six congressional Democrats from Colorado wrote Agriculture Secretary Rollins a letter urging the Trump administration to disclose more information about the plans.
State of staffing
At the moment, the Forest Service has roughly 30,000 employees, Schultz said. The agency lost nearly 7,000 staff last year, according to Office of Personnel Management data. The great majority, 6,500 of them, accepted one of the “deferred resignation program” offers, he said.
“So it’s been largely voluntary,” Schultz said.
Current staffing at the Forest Service is at about the same level as it was in 2018, according to the chief. The workforce swelled in 2020 and 2021 due to funding from the Inflation Reduction Act and Infrastructure Investment and Jobs Act, but the Forest Service’s base appropriation didn’t grow enough to support the larger workforce, and in 2024 under the Biden administration the “ball had already started rolling” of how to right the books.
“Decisions had to be made on how to get the budget straight,” Schultz said. “We can’t overspend what Congress has authorized.”
In 2025, the Forest Service went without non-fire seasonal staff because of the budget crunch. That’s changed, however, and the Forest Service so far in 2026 has added more than 1,600 employees, OPM data shows. Most new staffers are seasonals doing recreation work, Schultz said.
While that fits with Schultz’s goal of bringing more resources to forests and ranger districts, the Trump administration’s proposed Forest Service budget for fiscal year 2027 goes in the opposite direction. Proposed funding levels for the National Forest System would fall by $438 million, or 24%, and research, operations and maintenance line items are cut even deeper. Some $620 million for the “forest and rangeland research” and “state private and tribal forestry” would be zeroed out completely.
In a May 13 budget-focused Senate hearing, Schultz did not put up a fight or ask for more funds.
Fitzwilliams, the retired White River National Forest supervisor, struggled to see how Trump’s Forest Service budget fits Schultz’s vision of beefing up resources at forests and ranger districts.
“More resources on the ground, I think we’d all agree that’s really important,” Fitzwilliams said. “You can’t say that and then stand behind the president’s budget proposal, which he does.”
Turmoil in the federal government over the last 18 months has caused the workforce’s job satisfaction to outright plummet, according to a survey of 10,000 workers. At the Forest Service, the depleted staff and the agency’s reorganization has been cause for plenty of bad vibes.
“They’re stressed,” Fitzwilliams said, “and morale is horrendous.”",https://washingtonstatestandard.com/wp-content/uploads/2026/07/mike-schultz-1024x683.jpg,,,2026-07-05 07:59:16.945988
,Mississippi Today,2026-07-05 11:00:00+00:00,Mississippi Today,America’s civil service protections were born from ‘Death by Lightning’ and put in jeopardy by Supreme Court,Bobby Harrison,,,,,https://mississippitoday.org/2026/07/05/civil-service-supreme-court-assassination-death-by-lightning/,"On July 2, 1881, President James A. Garfield was walking casually through a reception room in a Washington railroad station. At the other end of the room, near an exit, stood a 39-year-old attorney, Charles Guiteau. When the president reached the center of the room, Guiteau fired twice, hitting the president in the left shoulder and in the back, as shown in[...]","Audio recording is automated for accessibility. Humans wrote and edited the story.
An epilogue should be added to the recently released streaming miniseries “Death by Lightning” explaining how this past week’s U.S. Supreme Court decision gutted the governmental reform that was at the heart of the historical drama – the inception of American civil service protections.
“Death by Lightning” tells the story of James Garfield and his unlikely successful candidacy to become the nation’s 20th president in 1880.
Garfield, a preacher, attorney and Ohio congressman, campaigned on civil service protections and the end of the so-called “spoils system” where people were awarded governmental jobs as political favors. He also campaigned on ensuring that Black Americans who were recently freed from slavery were afforded the right to vote and other civil rights, in addition to access to educational opportunities. 
Garfield was tragically shot and killed in his first year in office by Charles J. Guiteau,  a mentally unstable man whose disturbingly persistent efforts to be rewarded as part of that spoils system were rejected by Garfield and his staff.
While Garfield’s tenure was one of the shortest in American history and thus his accomplishments were limited, his death did help to spur the nation’s first civil service reforms that ultimately provided some protections for government employees and based their hiring and employment on a merit system instead of the spoils system that had led to corruption throughout the history of the country.
The inception of the civil service system was viewed at the time as a reform furthering the still novel idea of American democracy.
This past week, the Supreme Court in a 6-3 decision in Trump v. Slaughter allowed President Donald Trump  to fire commissioners of various governmental commissions without cause. Many of the commissions were established by Congress and approved by past presidents to have both Democratic and Republican members regardless of who the president was. The intent was to remove politics, as well as the spoils system,  from governmental decisions when possible. Trump fired the Democratic members, and the Supreme Court ruled he had that authority.
The decision was viewed by many as a significant weakening of the United States civil service system that can trace its infancy to Garfield’s assassination.
Trump v. Slaughter came in conjunction with other recent rulings by the Supreme Court diminishing civil service protection. The nation’s highest court, for instance, recently rubber stamped the firing of a large number of employees of the Department of Education without cause.
The decision by the Supreme Court is the latest in their efforts to significantly limit the impact of landmark legislation that was viewed as important in the nation’s history and in the ongoing efforts to achieve a more just society.
Earlier this year, the Court gutted the Voting Rights Act that protected the voting strength of Black Americans and other minorities.
People died in furtherance of civil rights for Black people leading up to the passage of the Voting Rights Act. And, as depicted in “Death by Lightning,” a president was killed leading up to the passage of laws to create civil service protections in the 1880s.
In “Death by Lightning,” taking a bit of dramatic license, the former first lady, Lucreta Garfield, secretly visited  Guiteau in prison soon after her husband’s death. In a dramatic scene she said that she lied to her husband on his death bed by telling him he would be remembered as a great president.
In reality, she said, she knew what could have been a great president would be a historical footnote because of his short tenure caused by Guiteau’s bullet. But she goes on to deliver the ultimate blow to the egotistical Guiteau, who had illusions of grandeur, by telling him he would be even less of a footnote.
Perhaps, she was wrong.
Thanks to the 2026 version of the United State Supreme Court, it could be argued the legacy of Charles Guiteau lives.",https://cdn.mississippitoday.org/uploads/2026/07/01155529/Garfield.jpg,,,2026-07-05 07:59:16.945988
,Honolulu Civil Beat,2026-07-05 10:01:00+00:00,Honolulu Civil Beat,The Sunday Crossword: Fourth Of July,"""The Civil Beat Staff""",,,,,https://civilbeat.org/2026/07/the-sunday-crossword-fourth-of-july/,Here's hoping the fireworks didn't keep you up too late! ,Here's hoping the fireworks didn't keep you up too late!,,,,2026-07-05 06:56:38.674313
,Honolulu Civil Beat,2026-07-05 10:01:00+00:00,Honolulu Civil Beat,It’s Time For Hawaiʻi’s Elders To Let Go,"""Ashley Lukens""",,,,,https://civilbeat.org/2026/07/its-time-for-hawaiis-elders-to-let-go/,We need to rebuild the expectation that leadership includes succession.,We need to rebuild the expectation that leadership includes succession.,,,,2026-07-05 06:56:38.674313
,Honolulu Civil Beat,2026-07-05 10:01:00+00:00,Honolulu Civil Beat,Neal Milner: Moderates Make Little Difference In Solid-Blue Hawaiʻi,"""Neal Milner""",,,,,https://civilbeat.org/2026/07/neal-milner-moderates-make-little-difference-in-solid-blue-hawai%ca%bbi/,Even moderate Republicans tend to vote Democrat because GOP candidates are too extreme or non-existent.,Even moderate Republicans tend to vote Democrat because GOP candidates are too extreme or non-existent.,,,,2026-07-05 06:56:38.674313
,Honolulu Civil Beat,2026-07-05 10:01:00+00:00,Honolulu Civil Beat,The Sunshine Blog: You’ll Never Believe Who’s (Finally) Riding The Rail,"""The Sunshine Blog""",,,,,https://civilbeat.org/2026/07/the-sunshine-blog-youll-never-believe-whos-finally-riding-the-rail/,"Short takes, outtakes, our takes and other stuff you should know about public information, government accountability and ethical leadership in Hawai‘i.","Short takes, outtakes, our takes and other stuff you should know about public information, government accountability and ethical leadership in Hawai‘i.",,,,2026-07-05 06:56:38.674313
,Honolulu Civil Beat,2026-07-05 10:01:00+00:00,Honolulu Civil Beat,Does The Hawaiʻi AG Have The Will Or Ability To Finish What She Started?,"""Alexander Silvert""",,,,,https://civilbeat.org/2026/07/does-the-hawai%ca%bbi-ag-have-the-will-or-ability-to-finish-what-she-started/,Managing civil litigation and negotiating settlements takes one set of skills. Successfully prosecuting a sweeping criminal corruption case takes another.,Managing civil litigation and negotiating settlements takes one set of skills. Successfully prosecuting a sweeping criminal corruption case takes another.,,,,2026-07-05 06:56:38.674313
,Honolulu Civil Beat,2026-07-05 10:01:00+00:00,Honolulu Civil Beat,Will Caron: Some Strings Attached,"""Will Caron""",,,,,https://civilbeat.org/2026/07/will-caron-some-strings-attached/,"Politics, policy and public affairs as seen through the eyes of our political cartoonist.","Politics, policy and public affairs as seen through the eyes of our political cartoonist.",,,,2026-07-05 06:56:38.674313
,Honolulu Civil Beat,2026-07-05 10:01:00+00:00,Honolulu Civil Beat,Grassroot Institute Aims To Keep Growing Its Political Influence,"""Chad Blair""",,,,,https://civilbeat.org/2026/07/grassroot-institute-aims-to-keep-growing-its-political-influence/,"Now in its 25th year, the nonprofit policy research organization wants to play a larger role in influencing state and county governance.","Now in its 25th year, the nonprofit policy research organization wants to play a larger role in influencing state and county governance.",,,,2026-07-05 06:56:38.674313
,Arkansas Advocate,2026-07-05 10:00:42+00:00,Arkansas Advocate,Don’t fight Arkansas school vouchers by governing like Trump,Andrew DeMillo,,,,,https://arkansasadvocate.com/2026/07/05/dont-fight-arkansas-school-vouchers-by-governing-like-trump/,"Fred Love isn’t the first elected official promising to use his executive power to circumvent the legislative process.  The Democratic state senator is running for governor in Arkansas, where voters have three times backed a president who’s used executive orders to test and ignore the limits of his power. That’s what makes Love’s vow to […]","Libertarian candidate Colt Shelby (left) listens as Democratic state Sen. Fred Love (center) addresses a question from Natural State Media CEO Roby Brock (right) during a gubernatorial debate on June 26, 2026 in Eureka Springs. (Photo by Antoinette Grajeda/Arkansas Advocate)Fred Love isn’t the first elected official promising to use his executive power to circumvent the legislative process. 
The Democratic state senator is running for governor in Arkansas, where voters have three times backed a president who’s used executive orders to test and ignore the limits of his power.
That’s what makes Love’s vow to end Arkansas’ school voucher program on his first day in office so concerning. 
Beyond promising to take an action that would most certainly be challenged in court as unconstitutional, he’s embracing a brand of governing that treats the law as an obstacle. It’s the wrong lesson for Democrats to take from President Donald Trump’s time in office.
Love proposed the order as he faced off against Libertarian nominee Colt Shelby in a governor’s race debate that Republican Gov. Sarah Huckabee Sanders skipped.
“As the executive of the state, my department of education will not administer (Educational Freedom Accounts),” Love said at the Arkansas Press Association debate. “But what we will do is we will reinvest that money into the public education system because that’s where the money should go in the first place.”
Going after the voucher program that was a key part of Sanders’ signature education law is no surprise. 
Democrats have warned about the growing cost of the program using taxpayer funds to pay for private and homeschool education expenses, and the impact that its growth will have on the state’s public school system.
But they face long odds in fighting the voucher program politically, with Republicans holding a predominant majority in the Legislature and Sanders in a comfortable position for reelection. The vast majority of those legislators weren’t around during the reforms that were enacted in response to the decades-long Lake View school funding litigation.
And the legal landscape is just as challenging, with Republican-linked justices holding a 5-2 majority on the state Supreme Court. 
There’s a temptation in politics to go tit for tat when the other side overreaches, or to warn of unilateral disarmament by eschewing tactics that your opponent has clearly used with impunity.



Let us know what you think...


 


And Democrats can easily point to orders Sanders has signed since taking office that were gimmicky political statements or legally questionable. That includes her 2024 order directing schools to follow state law instead of Title IX’s protections for LGBTQ+ students proposed by the Biden administration. Those protections were eventually struck by a federal judge. 
That approach to executive action shouldn’t be the norm, either in Little Rock or Washington.
Imagine a Republican governor using a similar approach to unilaterally end the state’s Medicaid expansion, despite the program being repeatedly reauthorized by state legislators.
Such a promise is also a politically risky move. The threat of an order ending vouchers gives Sanders and Republicans a new talking point: that Democrats don’t want to follow the law.
It also undermines the key argument from Democrats and some Republicans that Trump has thumbed his nose at the law and the Constitution. That argument is highlighted by the U.S. Supreme Court’s rulings rebuking Trump’s attempts to end birthright citizenship and impose far-reaching tariffs by order rather than through the legislative process.
Opponents of Arkansas’ school vouchers face a difficult path forward in trying to end or even just scale back the program. Their frustration is compounded by the state’s efforts to restrict voters’ ability to use the initiative process to change the law.
Frustration doesn’t warrant bypassing the legislative process. The governor, just like the president, wasn’t meant to be a one-person Legislature. That principle should apply no matter which party is in the office.",https://arkansasadvocate.com/wp-content/uploads/2026/06/20260626_APADebate_ColtShelby_FredLove_RobyBrock_BrGrajeda-1024x682.jpeg,,,2026-07-05 06:56:38.674313
,Connecticut Mirror,2026-07-05 09:00:00+00:00,CT Mirror,Muskets and pickling: Fifth Regiment brings CT’s Revolutionary War era to life,Julia Levine,,,,,https://ctmirror.org/2026/07/05/ct-fifth-regiment-revolutionary-war-reenactment-greenwich/,"Last week, members of the 54-year-old regiment gathered in Greenwich where they made camp and prepared for battle in front of the yacht club.","An occasional look at Connecticut’s remarkable people, places and things

As America celebrates its 250th year of independence, a group of Revolutionary War reenactors known as the Fifth Connecticut Regiment is marking its 54th season of staging armed skirmishes and dramatizing colonial domestic life.
Last Sunday, members of the regiment gathered in Greenwich to participate in the town’s celebration of America’s Semiquincentennial, making camp that morning at Roger Sherman Baldwin Park. By midafternoon, members dressed as British and American soldiers began preparing for battle, lining up with their teenage flagbearers on the lawn in front of the Greenwich yacht club.

The Fifth Connecticut Regiment participate in a skirmish opposing a group reenacting British forces in Greenwich on June 28, 2026.  Credit: Julia Levine / CT Mirror

Then marching commenced, muskets were fired (without actual bullets), and several soldiers fell to the ground, feigning death or injury at the hands of their opponents.
Members of the Fifth Regiment say the reenactments make them feel connected to the Patriots and Continentals who walked the same dirt less than three centuries ago, fighting a war that rewrote history.
“It’s like you’re standing in the same spot,” commander of the Fifth Regiment, Al Abraham, said. “It’s just a real, real humbling experience.”

Tom Traue, a member of the Fifth Regiment, poses for a portrait at the Semiquincentennial celebration in Greenwich on Sunday, June 28, 2026. Traue is from Old Wethersfield and reenacts as a regimental surgeon.  Credit: Julia Levine / CT Mirror


Jim Freebairn hold a button he cast from pewter with the regiment’s symbol in Greenwich on June 28, 2028. Freebairn, 92, is one of nine charter members of the Fifth Regiment and worked as a tool and die maker.  Credit: Julia Levine / CT Mirror
A member of the Fifth Connecticut Regiment carries a canteen and bayonet over his wool militia coat in Greenwich on Sunday, June 28, 2026.  Credit: Julia Levine / CT Mirror
Henri Riendeau is a reenactor in the Ye Olde Lebanon Towne Militia and shows off his shoes, purchased online. Riendeau, 15, attended the Greenwich 250th celebration with his mother, Rachel Riendeau, a history teacher from Columbia.  Credit: Julia Levine / CT Mirror

According to members of the group, there’s more to know about the Revolutionary War than just the Battles of Saratoga, Lexington and Concord, and Bunker Hill. For each reenactment, the group’s members — their ranks nearly 60-strong — don era-specific wool coats, hand woven stockings and tricorn hats, often handmade by women in the regiment.
Some of the events require as much as a year of planning. And some last a full weekend, with members camping in canvas tents, drinking home brewed ales, and waking at sunrise to the sound of the fife and drum.
Sunday’s event was on the shorter side. After about 10 minutes of fighting, members of the regiment packed away their muskets, rolled up their tents and began heading for the parking lot.
The commander

Al Abraham, in charge of the Fifth Regiment, poses for a portrait in Greenwich on June 28, 2026. Abraham holds a spontoon and wears a yellow cockade in his hat, distinguishing him as the commander.  Credit: Julia Levine / CT Mirror

Al Abraham, the group’s commander, lives in Redding — a town often referred to as “Connecticut’s Valley Forge.” Like Valley Forge, Pa., Redding served as the winter encampment for one division of the Continental Army.
Connecticut came to be known as the “Provisions State,” largely for its role providing food and supplies to the Continental Army. Redding served as a supply depot after the Battle of Ridgefield in 1777, when British forces raided parts of Connecticut, destroying much of the army’s stock of provisions. 
Abraham was in attendance as a spectator at the Battle of Ridgefield’s 240-year anniversary reenactment in 2017, and he recounted how he’d strained to see the action while peering over people in the crowd. That’s when he realized, “The best seat in the house is actually to be in the battle.” 
So he joined the Fifth Regiment, which had been organizing reenactments since its founding in the 1970s in Fairfield County. After serving in various positions, Abraham was voted commander roughly a year ago; He’s currently halfway through his two-year term leading the group.
While the reenactments put him at the center of the Revolutionary War action, Abraham also feels personally connected to the war’s local history in Redding.

Al Abraham parks the regiment’s van at his home in Redding. His militia and captain coats hang in the van.  Credit: Julia Levine / CT Mirror

Growing up, Abraham said one of his favorite books was “My Brother Sam Is Dead,” a young adult novel about a family divided over the Revolutionary War. He later learned that the story took place just down the street from his home.
Marking 250 years since the Declaration of Independence is more than a one-day celebration for Abraham, he said. The regiment will be holding events throughout the coming year, and Abraham said he’s expecting to attend the 250th anniversary reenactment of the Battle of Ridgefield next April.

Karina Lovette, a member of the Fifth Regiment, poses for a portrait during Greenwich’s 250th anniversary of independence celebration on Sunday, June 28, 2026.  Credit: Julia Levine / CT Mirror

The homesteader
Off the battlefield, some members of the Fifth Regiment explore other aspects of 18th century life, bringing a careful eye to their reenactments. Some specialize in textiles, muskets or metal goods, like founding member Jim Freebairn, who casts spoons and buttons out of pewter in his cellar. 
Karina Lovette concentrates on food preservation. A homesteader in Bristol, Lovette harvests hundreds of pounds of produce each year, including watermelon, potatoes and strawberries. She even ferments her own fertilizers from comfrey plants and grass clippings.

Lovette preserves her hauls with the same techniques that farmers used during the Revolutionary War. Her home is stocked full of canned, jammed and fermented foods. “The work comes in the harvest,” she said.
Lovette learned about the Fifth Regiment through her son, James-Peyton, who first marched with the group in 2022 during the Battle of Ridgefield’s 245th anniversary. Disappointed he wouldn’t be allowed to carry a musket, James-Peyton — who was nine years old at the time — took up the fife. The regiment doesn’t allow members to march in battle until age 12.

Last Sunday, on a carved wooden chair in the shade, Lovette sat next to another woman in the regiment, who was weaving on a loom propped up on her apron. At one point, Lovette stood and walked to a nearby canvas tent, where she uncovered a glass jar filled with glistening, pickled watermelon rinds. Her pickling practices are true to the era; The jar, she said, not so much.
James-Peyton rested under the tent, preparing for battle.",https://ctmirror.org/wp-content/uploads/2026/07/FIFTH-REGIMENT-0628-JL-05-1024x683.jpg,,,2026-07-05 05:56:30.307278
,Kansas Reflector,2026-07-05 08:33:47+00:00,Kansas Reflector,"Born on the Fifth of July: The next 250 years start now, so let’s get to work",Max McCoy,,,,,https://kansasreflector.com/2026/07/05/born-on-the-fifth-of-july-the-next-250-years-start-now-so-lets-get-to-work/,"What now? The excesses, stupidity and insensitive garishness of the chief executive’s American birthday celebration for himself is, like yesterday’s fireworks, just a memory. We’ll be paying for the party for years — one way or another — but the bangs! and the puffs of smoke marking the event have receded into the changeless past. Good […]","A flag with a peace sign hangs from the author's porch in July 2026. (Photo by Max McCoy/Kansas Reflector)What now?
The excesses, stupidity and insensitive garishness of the chief executive’s American birthday celebration for himself is, like yesterday’s fireworks, just a memory. We’ll be paying for the party for years — one way or another — but the bangs! and the puffs of smoke marking the event have receded into the changeless past.
Good riddance.
What could have been a dignified and inspiring celebration of 250 years of American independence was instead shameless and desultory. The images that future historians will examine for proof of intelligent life may prove inscrutable: the UFC cage fight on the White House lawn, the “renovated” but algae-choked Reflecting Pool, the shoddy plywood mockup of the “Triumphal Arch” at the state fair event on the National Mall. Trump’s ballroom? It’s still a construction zone where the East Wing once stood.
In 1976, the nation celebrated its 200th birthday with ringing bells and tall ships.
“Americans, 215 million strong, lit up their night skies, filled their waters with ships and sail, marched up their streets with streaming colors, trembled the air with pride and song,” reported the Associated Press on July 5, 1976. President Gerald R. Ford signed the Bicentennial Day Declaration, reaffirming American’s commitment to “liberty, justice, and freedom.” At 1 p.m. central time, Ford rang a ceremonial bell on the  flight deck of the aircraft carrier USS Forrestal in New York and reviewed a procession of tall ships from around the world.
Now we are a nation of 341 million. Ford, the president who pardoned Richard Nixon, has been dead 20 years. In those days, a president who stumbled a couple of times while disembarking from Air Force One was fodder enough to launch comedian Chevy Chase, whose pratfalls mimicked the president’s, to stardom. “Saturday Night Live,” now in its 51st year, has featured a cold open portraying the current president of the United States at least 70 times, but I seldom laugh. It’s difficult to wring humor from the terrifyingly absurd.
Here on Constitution Street, in our small town in east central Kansas, the days leading up to the Fourth of July weekend passed with little note save the peace flag that fluttered from our porch. The cats sprawled on the porch and slept through the heat. Our routine was unchanged. While I sipped a cup of black tea one night at my desk, I thought of Julys long past.
On July 5, 1852, Frederick Douglass — who escaped from slavery to become a leading abolitionist — delivered a speech in Rochester, New York, in which he asked, “What to the Slave is the Fourth of July?” The holiday belonged to the white crowd, Douglass said, and while they might rejoice, he must mourn.
“At a time like this, scorching irony, not convincing argument, is needed. O! had I the ability, and could I reach the nation’s ear, I would, today, pour out a fiery stream of biting ridicule, blasting reproach, withering sarcasm, and stern rebuke. For it is not light that is needed, but fire; it is not the gentle shower, but thunder. We need the storm, the whirlwind, and the earthquake.”
The earthquake — the Civil War — came a decade later.
Across three days in July 1863, what would become the most pivotal battle in American history was fought on Pennsylvania farmland near the town of Gettysburg. The battle becomes ever more remote in our collective memory because more than years separate us. At that time, notes historian Allen C. Guelzo in his 2013 book on the battle, time was still reckoned by the rising and setting of the sun, and watches were set to the sound of church bells. It was not a modern war, Guelzo notes, because nearly all of the buildings in the path of the combatants remain. Modern firepower leaves little standing.
The battle is a touchstone to the present because it was fought to preserve a liberal democracy that would eventually end the enslavement of millions. It was the bloodiest battle of the Civil War, with more than 7,000 dead. Along with the fall of Vicksburg the day after, it spelled eventual defeat for the Confederate armies.
“It was not merely that Gettysburg finally delivered a victory, or that it administered a bloody reverse to Southern fortunes at the point and in the place where they might otherwise have scored their greatest triumph,” Guelzo writes, “or that it had come at such a stupendous cost in lives. It was that the monumental scale of the bloodletting was its own refutation to the old lie, that a democracy enervates the virtue of its people to the point where they are unwilling to do more than blinkingly look to their personal self-interest.”
Eighty-one years later, America was again engaged in great struggle to preserve American democracy, and freedom around the world. In July 1944, my father was a sailor on the battleship Pennsylvania while her 14-inch guns bombarded Guam in advance of its recapture by American forces. My father was a yeoman, manning a typewriter, and my mother was living in base housing in California. This was many years before I was born. My father rarely spoke of World War II, but he kept a framed photo of the Pennsylvania in the living room of our home in Baxter Springs.
While my father was typing, allied forces in Europe were bogged down in Normandy after the D-Day invasion. About 133,000 American troops had been part of the largest amphibious landing in history, and in the weeks that followed the fighting was hedgerow to hedgerow across the pastoral French landscape. In July, American forces encountered fierce resistance at the town of Saint Lô, a strategic crossroads. When the battle was over, the town was reduced to rubble and about as many Americans had died there as on the Union side at Gettysburg. But the battle paved the way for an allied victory over the Nazis in May 1945.
No wars are just. But some may be necessary.
As a kid I was taught that fireworks were a way to celebrate the guns and tanks and other tools of war that helped make us free, and I was an enthusiastic pyrotechnician. As I grew older, I lost my fascination for the actual bang! and became more thoughtful about the cost of war, in blood and treasure. As a nation, we have often committed great and unjustified violence — to Indigenous peoples, to the Japanese Americans placed in concentration camps, to civilians in the path of our military ambitions. But we have also fought for noble causes, as at Gettysburg and in Normandy, and sanctified those causes with American blood. The 14th Amendment would not have been possible without Gettysburg. The liberation of Dachau would not have been possible without Normandy.
I am an abolitionist when it comes to nuclear weapons, as I have written about before. But I am not a pacifist. One has a moral obligation to fight when the boot of tyranny is stamping on your face.
And they will tell you it’s for your own good.
What Douglass, the Black abolitionist, said in 1852 remains evergreen to millions of Americans who feel left out of this weekend’s Independence Day celebrations.
Answering what Independence Day meant to enslaved persons, Douglass said: “A day that reveals to him the gross injustice and cruelty to which he is the constant victim. To him, your celebration is a sham; your boasted liberty, an unholy license; your national greatness, swelling vanity; your sounds of rejoicing are empty and heartless.”
Douglass was writing from the viewpoint of an enslaved individual, but his denunciation of American hypocrisy transcends the decades. The eternal truth is that we are either a nation that upholds the principles of its founding, or we are a nation damned to the sixth ditch of the eighth circle of hell. The hypocrites in Dante’s “Inferno” wear capes that appear to be glittering gold, but are actually made of lead.
Now, on the 5th of July, in 2026, I ask — what next?
We must declare our independence from the gauds and shams of our present age and begin the work of liberty anew.
While honoring the sacrifices that have been made for freedom at Gettysburg and Normandy and Selma, we must realize the past is a territory to which no map leads. The only path is forward.
We must work toward a future that is more just and prosperous for all Americans. That means fighting for civic, social, political and economic equality. It’s not a communist or Marxist philosophy, but the bedrock of the Declaration of Independence. The political right uses these terms (inaccurately) as slurs for liberalism, explained historian Heather Cox Richardson in Atlantic magazine in 2023, as a way of denouncing as illegitimate any government in which racial minorities have a say.
The declaration, despite its faults for failing to include Black people or Native Americans or women, was the initial point of an American experiment that over decades would become ever more inclusive.
“We hold these truths to be self-evident,” reads the most famous line of the declaration, “that all men are created equal.” Our inalienable rights include life, liberty and the pursuit of happiness. To secure these rights, we form governments, which derive their just powers from the consent of the governed.
We must show the current administration that we do not consent.
We can express this displeasure with our votes, with our voices and by sharing our vision of what the future of America should be.
The tasks are many, but the most pressing is ending an unjust war against Iran that has cost Americans the lives of 13 service members and $135 billion, so far. Iran has suffered thousands of dead. The ceasefire agreed upon June 17 by the U.S. and Iran has failed to cease the firing, and the world economy remains unstable because of the lack of oil coming through the Strait of Hormuz. There is no noble cause or coherent strategy behind the war.
The war is a product of the current administration, which has little in common with the soldiers at Gettysburg or Omaha Beach and is increasingly resembling the booted tyrant Orwell warned us about. Of the thousand things that should give you pause about the state of our democracy, consider this: the new Air Force One is a $400 million gift from the Qatari royal family, one that President Donald  Trump will take with him when leaving office. This is not the symbol of a functioning democracy, but the symptom of institutional kleptocracy catering to oligarchs.
Still, there is reason to hope.
On June 30, the Supreme Court rejected Trump’s attempt to end birthright citizenship, as guaranteed by the 14th Amendment. Decisions by the court have not been much of a reason for optimism lately, but this 6-3 holding was one.
It means that babies born of parents who are in the United States illegally or temporarily will be U.S. citizens. Somewhere today there is a newborn who may grow up to become the individual to help heal our wounds and unite us as a country. About 260,000 babies this year would not have been granted citizenship if Trump’s order had been upheld, according to statistics from Pew Research Center. The birth of every American is a cause for celebration — another step toward fulfilling the promise of the Declaration of Independence.
Do you love your country?
Then help make it the kind of nation where the birth of every natural born citizen represents the civic miracle of democracy. At just 250 years, we’re still in our political childhood. Let’s work together so that in another decade or two we can be the kind of nation again that is the envy of the world. In another century or two, we might just become the kind of country where every individual truly has inalienable rights.
Let us celebrate the Fifth of July as that beginning.
Max McCoy is an award-winning author and journalist. Through its opinion section, the Kansas Reflector works to amplify the voices of people who are affected by public policies or excluded from public debate. Find information, including how to submit your own commentary, here.",https://kansasreflector.com/wp-content/uploads/2026/07/Peace-Flag-1024x576.jpg,,,2026-07-05 04:56:37.875333
,Connecticut Mirror,2026-07-05 08:30:00+00:00,CT Mirror,250 years of independence. 350 years of CT traffic,Jim Cameron | Columnist,,,,,https://ctmirror.org/2026/07/05/250-years-of-independence-350-years-of-connecticut-traffic/,The Mohegan Turnpike was the state's first turnpike: proof that Connecticut has always been an early adopter of charging people money to get somewhere.,"People complain about Connecticut’s roads. I get it. The potholes. The detours. The construction that begins in April and somehow ends in April of the following year.  
But before you curse your GPS, consider this: getting anywhere in colonial Connecticut could be genuinely life-threatening.



We’re talking about a time when “road conditions” meant snakes, waist-deep mud, fording unbridged rivers, and a footpath barely wide enough for a horse. And yet, Connecticut built America’s first great transportation network.  It started with the King’s Highway.
In 1672, New York Governor Francis Lovelace had a problem: getting a letter from New York to Boston took forever and often arrived mangled, late, or not at all.  Sound familiar?  His solution was a monthly postal route, and in January of 1673 the first rider began to blaze what would eventually become the Boston Post Road, U.S. Route 1.
Here in Connecticut, that route followed an ancient Pequot trail, a path Native Americans had kept clear for centuries, it’s said, by burning back the brush each November.  So we didn’t build the road.  We inherited it.  And then we paved over the history with good intentions and, for a while, added toll booths.
In 1792, Connecticut solved the pesky problem of “who pays for roads” the way it still does: user fees. The Mohegan Turnpike was the state’s first, and the country’s second, turnpike: proof that Connecticut has always been eager to be an early adopter of charging people money to get somewhere. Over the next four decades, roughly 100 private turnpike companies laid some 1,400 miles of toll roads across the state.  Most of those concerns eventually went bankrupt.
By the early 1700s, Connecticut had three branches of the Post Road threading through the colony: the Upper route through Hartford and Springfield, the Lower route hugging Long Island Sound through Stratford and Saybrook, and a Middle route cutting diagonally through Bolton and Woodstock. The road system was, for its time, impressive. Travel was still agonizing… a trip from Hartford to Boston could eat up several days.
In 1753, it’s said that Benjamin Franklin himself drove the Lower Post Road in a carriage fitted with an odometer, standardizing postal rates by distance and ordering stone mile markers placed along the route. Connecticut’s General Assembly then required every town to erect them.  Imagine that: state government mandating infrastructure improvements while arguing about who pays for it.  Some things never change.

This marker placed by the Clinton Historical Society reminds the public of the mile markers Benjamin Franklin had installed along the Boston Post Road.  Credit: Photograph by Conrad Ward / HMdb.org

But the real transportation superhighway of colonial Connecticut wasn’t a road at all.  It was the water.
Long Island Sound was our I-95, only it actually worked.  New London, blessed with deep water and a protected harbor, was one of the colony’s busiest ports.  In a single year, 1748 to 1749, 62 vessels departed for foreign ports.  Norwich and Middletown, reached by river, funneled the colony’s farms and forests down to waiting ships.  New Haven moved goods both north and south.
And what were they shipping?  Horses, cattle, lumber, salted beef, and barrel staves, all headed to sugar plantations in the West Indies.  What came back in exchange?  Molasses, rum, coffee and, shamefully, enslaved human beings. The slave trade made Connecticut both prosperous and complicit in equal measure.
Much of this water commerce ended, suddenly and violently, in September 1781, when Benedict Arnold sailed into New London harbor and burned it to the ground.  The King’s Highway survived.  The waterfront never fully recovered.
So, next time you’re stuck on I-95 wondering why our state can’t seem to get transportation right, remember: we’ve only been at this for 350 years.  And we’ve always moved, but never moved quite fast enough.",https://ctmirror.org/wp-content/uploads/2026/07/Boston-Post-Road-painting.jpg,,,2026-07-05 04:56:37.875333
,Connecticut Mirror,2026-07-05 08:30:00+00:00,CT Mirror,Reflections upon the Reflecting Pool,Thomas Cangelosi,,,,,https://ctmirror.org/2026/07/05/reflections-upon-the-reflecting-pool/,"Trump brags about being “a very aesthetic person,” and “a builder,” yet his “projects” prove destructive to our nation’s history, character, and beauty.","President Trump’s vanity projects in our nation’s capital remind me of Oscar Wilde’s novel, “The Picture of Dorian Grey.  In Wilde’s cautionary tale, the anti-hero trades his soul to appear forever young while only his portrait reflects his physical and moral corruption.
Donald Trump’s artistic aspirations seem to betray a similar deal.  The President considers himself a master artist.  And his constant reference to “Trump” in the third person suggests that he thinks of the Trump brand as a self-created work of art. In his own words, he considers himself a “very aesthetic person,” often describes himself as “a builder”; and describes his business and political negotiations as “the art of the deal.”
Just as Dorian Grey’s corrupt inner life is reflected in his deteriorating portrait, we can see President Trump’s soul reflected in his capital beautification projects.  He’s paved over the iconic White House Rose Garden with a signature Mar a Lago patio.  He slapped his name on the Kennedy Center before closing it down for “renovation.”  He destroyed the historic East Wing to construct a monstrous ballroom that will make the White House look like a doll’s house.  
His plan for a faux Arc De Triomphe dwarfs The Lincoln Memorial and interrupts its mournful sightline upon Arlington Cemetery.  And his recent renovation of the Lincoln Memorial Reflecting Pool reflects less the monuments and ideals of President Washington and Lincoln, and more Trump’s narcissistic character.   
Though Trump brags about being “a very aesthetic person,” and “a builder,” each of his “projects” prove destructive to our nation’s history, character, and beauty. Like Dorian Grey’s monstrous portrait, Trump’s “art” reveals his immoral character.
In the case of the reflecting pool, Trump initially boasted, “[W]e’re going to be able to do it for about 1.8 million, and it’s going to take one week.” Instead, he spent over $14 million of taxpayers’ money.  Rather than putting the project out to competitive bidding, Trump awarded the contract to John J. Carfiro, a Trump donor and Mar-a- Lago neighbor, who was once involved in a bribery scandal. The predictably shoddy results include several leaks, floating strips of paint, and a green algae coating that poetically occludes transparency.  Further, Trump denies his responsibility for this sordid mess, blaming non-existent vandals.
Now, for unknown additional costs to taxpayers, the pool requires  a literal draining of what ironically amounts to the metaphorical swamp Trump initially claimed he would drain.   In other words, the truth of Trump’s immoral character is now reflected in his art of destruction.
This “art” is also embodied in his destructive policies, like the failed economic tariffs, the catastrophic war against Iran, the rifts with our allies, the rising deficit, ICE attacks upon immigrants, and a Justice Department weaponized against his political enemies: the “art” of his deals “reflect” Trump’s monumental vanity and corruption.
And now on our nation’s 250 Anniversary, as the Lincoln Memorial broods over the reflecting pool, reminding us to rededicate ourselves to the principles and ideals for which our democracy was founded; instead a polluted pool, like Dorian Grey’s portrait, reflects the corruption of those ideals by the self-proclaimed “Number One Attraction anywhere in the World,” celebrating himself in a damning portrait of our democracy.
Thomas Cangelosi is a retired teacher from Avon.",https://ctmirror.org/wp-content/uploads/2026/07/ap-reflecting-pool.jpg,,,2026-07-05 04:56:37.875333
,North Dakota Monitor,2026-07-04 20:06:03+00:00,North Dakota Monitor,"New garden symbolizes work that remains to build relationship between tribes, Roosevelt library",Jacob Orledge,,,,,https://northdakotamonitor.com/2026/07/04/new-garden-symbolizes-work-that-remains-to-build-relationship-between-tribes-roosevelt-library/,"MEDORA – The Theodore Roosevelt Presidential Library unveiled a medicinal garden, developed by a Native American artist, during a private ceremony Friday evening to mark a renewed commitment to a partnership with tribal communities in the years ahead.  The garden’s form was designed by Cannupa Hanska Luger, a member of the Three Affiliated Tribes who […]","Theodore Roosevelt Presidential Library staff unveiled a medicinal garden July 3, 2026, during a private ceremony with the Roosevelt family and Native American leaders. The small crowd pauses in a moment of silence for the dedication. (Photo by Jacob Orledge/North Dakota Monitor)MEDORA – The Theodore Roosevelt Presidential Library unveiled a medicinal garden, developed by a Native American artist, during a private ceremony Friday evening to mark a renewed commitment to a partnership with tribal communities in the years ahead. 
The garden’s form was designed by Cannupa Hanska Luger, a member of the Three Affiliated Tribes who lives in New Mexico, to symbolize the hard work ahead to maintain that partnership.
“The core of anything that I’ve ever tried to express is one of belonging, what it means to belong to place,” the artist said at the ceremony Friday evening. “It’s different to belong to a place than to have a place belong to you.”
Theodore Roosevelt library opening recalls past, calls for civic engagement

Traditional seeds from tribes in the region will be planted in three garden beds, shaped to resemble a tipi skin laid open on the ground in order to symbolize the collective intent to gather as a community before a tipi is raised up. It was designed to reinforce the idea that relationships between the library and the tribes will require constant renewal and participation.
“It’s hard to get something started,” Hanska Luger said. “That’s true for this place and I think it’s represented in the garden. And it will take watering. It’ll take maintenance. It’ll take care.”
Twyla Baker, head of the advisory council of Native Americans consulting on the library and the president of the Nueta Hidatsa Sahnish College in New Town, said Native Americans have long known the act of putting your hands in the dirt and growing crops helps not only feed one’s people, but feed their spirit as well. 
“We are so happy, we are so proud to be able to share that knowledge,” Baker said. “What we have needs to go on, and this is a fantastic opportunity for that to happen for us to continue to share that legacy.”
Theodore Roosevelt V, the great-great-grandson of the former president known for conservation, said that this was the start of a process, not the end of it. The garden is a symbolic gesture representing the incorporation of Native Americans into the future of the library, and they have to follow through on that, he said. 
“That’s something that’s going to happen for years to come,” Roosevelt V said. “Keeping that garden, replanting that garden, that’s the symbolic nature of what needs to happen. The bigger thing is making sure that we continue to incorporate their views and their understandings and them into the project, and that’s a bigger project that we need to do.”
Theodore Roosevelt IV and his son, Theodore Roosevelt V, attend a dedication ceremony on July 3, 2026, for a medicinal garden that marks the spot where tribal leaders blessed the land in 2022 prior to the construction of the Theodore Roosevelt Presidential Library near Medora. (Photo by Jacob Orledge/North Dakota Monitor)
The process began in 2021 and 2022 when Ed O’Keefe, CEO of the library’s foundation, said he put 2,700 miles on his father’s Subaru while traveling North Dakota to hear from Native Americans on the library. That led to a day of honest conversations between tribal leaders, library executives and the Roosevelt family in the autumn of 2022, which concluded in a blessing of the land on the spot the medicinal garden is now located.
O’Keefe said the input could be summarized with two things. First, don’t lionize Theodore Roosevelt, whose racist rhetoric and policies harmed Native Americans. Second, ensure tribal communities feel heard and remind visitors not just of a hard past but also the vibrant present and future for Indigenous peoples. 
“We have told the truth where truth needs telling, and we have, as diligently as we can, focused not just on the past, but the present and the future,” O’Keefe said. 


Prairie Rose Seminole, an archivist with the Northern Plains National Heritage Area, participated as a member of the advisory council that has been consulting with the library. She said it is important the library continues to engage tribal communities, emphasizing they are welcome to make their voices heard.
“One of the things that folks don’t learn is that when conservation efforts started in this country, they removed the tribes. We weren’t a part of those conversations, and then we weren’t allowed to be on the land anymore,” Seminole said. “Those of us who hunted and gathered and had treaty rights to be in these places were no longer allowed, and so this is just really coming back.”
The Badlands stretching west as seen from the Theodore Roosevelt Presidential Library on July 3, 2026. (Photo by Jacob Orledge/North Dakota Monitor)
Candace Stock, a Native American executive chef hired by the library, said she viewed the ceremony as an invitation to connect and build a strong partnership between the tribes and library, despite the “apprehension when it comes to tribal nations being involved in the Theodore Roosevelt Presidential Library because of his view on Native Americans.”
“Where it goes will really bring us closer together in this project,” Stock said. “I’m really excited to share the fruition from these gardens with everyone.”
That continues a long tradition among the Mandan, Hidatsa and Arikara Nation, Baker said. They served as a significant trade hub for thousands of years. 
“For thousands of years, actually, this whole place was a place of trade. It was a place of coming together and bringing together peoples from across the country, across the nation,” Baker said. “There were no lines that divided us.”

More Theodore Roosevelt Presidential Library coverage

The seeds will be planted in community with each other, rather than in rows. The MHA’s garden bed will include Hidatsa red beans, Arikara yellow beans, Mandan bride corn, black sunflowers, and green striped squash. Stock said there will also be tobacco planted that was originally grown by her youth group. 
“One of the things about our tribal foodstuffs is that it is restorative to the ground and the land that we planted in it is intended that way,” Baker said. “It is meant to replenish the land, and we plant them not in rows, but in community with each other.”
Candace Stock, executive chef at the Theodore Roosevelt Presidential Library, speaks during a dedication ceremony of the medicinal garden on July 3, 2026. (Photo by Jacob Orledge/North Dakota Monitor)
Theodore Roosevelt IV said he is hoping this partnership will lead to an exchange of information on conservation practices. He said many Indigenous people have developed best practices over thousands of years of history that the United States could learn from in managing public lands, such as taking soil from lakes for use in farming and using prescribed burns to keep a forest healthy. 
“There’s a lot of very interesting technologies that the Indigenous peoples here have that is clearly useful as we are going through this existential problem of how do we take care of our public lands in an era when we probably use them more than we should, and in the threat of global warming,” he said. 
Seminole hopes the library will continue to take concrete steps to incorporating Native Americans, as well as Indigenous history. 
She suggested hiring more Native Americans, in addition to the executive chef, to help curate the exhibits.
Theodore Roosevelt’s racist rhetoric complicates his legacy in North Dakota

Seminole said there are ways to weave Indigenous history into many of the major narratives Medora and the library explore about life on the frontier during the era Roosevelt visited. 
“You go to Medora and the history is very much the frontier in the West and the cowboys. Very little on the relationship with the tribal populations here, and there’s some really great stories of the tribal population here working with the cowboys,” Seminole said. “There’s this whole culture there, and I want to see more of that. So there’s so many layers to what that can look like.”
The Badlands region where the library is located is sacred to the MHA Nation. Baker said it is where her ancestors would come to pray because of the energies and spirits present in the area. 
Outsiders traveling through the Badlands, like Theodore Roosevelt in the 1880s, will often recognize the area is special. But they lack the knowledge of thousands of years of Indigenous history, customs and traditions that help contextualize the region’s past. 
“People just drive through here without understanding or seeing or knowing the significance of what they drive by. The ceremonial spots. The places where battles happen. The places where we came together as people,” Baker said. “This place was the center of all things, was the center of everything that we were as a people.”
Cannupa Hanska Luger, center, a Native American artist who designed the medicinal garden at the Theodore Roosevelt Presidential Library, speaks with Theodore Roosevelt V, left, and architect Craig Dyers, right, after a dedication ceremony. (Photo by Jacob Orledge/North Dakota Monitor)
Rep. Bernie Satrom, a Republican from Jamestown, was in Medora for the library festivities and was present for the commemoration ceremony. He said relations between the state and tribal nations have not always been handled as well as they should have been, but former Gov. Doug Burgum placed the state on the right path toward fixing that. 
Satrom said “we each have to do our part,” and the ceremony was the latest step. 
“I think it’s really symbolic of a healing process that has been occurring and is occurring in North Dakota,” Satrom said. “The Native people are the biggest part of the history of our state, and I’m encouraged that there’s going to be some studies and some sharing of their history here as well.”
The Roosevelt family knows there is more work to be done to put this partnership into practice now that the library is open. 
“We, and I, personally recommit to the work that is still to be done to ensure the tribal communities in this region and in this state feel the healing care and honored place here that they deserve,” said Serena Roosevelt, wife of Roosevelt V.
North Dakota Monitor reporter Jacob Orledge can be reached at jorledge@northdakotamonitor.com.
SUBSCRIBE: GET THE MORNING HEADLINES DELIVERED TO YOUR INBOX.
SUPPORT: YOU MAKE OUR WORK POSSIBLE",https://northdakotamonitor.com/wp-content/uploads/2026/07/IMG_3582-1024x683.jpg,,,2026-07-04 16:58:04.786963
,North Dakota Monitor,2026-07-04 20:01:30+00:00,North Dakota Monitor,"Theodore Roosevelt library opening recalls past, calls for civic engagement","Jeff Beach, Michael Achterling",,,,,https://northdakotamonitor.com/2026/07/04/theodore-roosevelt-library-opening-recalls-past-calls-for-civic-engagement/,"MEDORA, N.D. — Theodore Roosevelt V said his great-great-grandfather thought U.S. citizenship was not to be treated as an inherited title, but something that required service and responsibility.  “Today, we might call it showing up for our communities, for one another, for the places we love, and most importantly, for the future we owe those […]","Members of the MHA Nation perform during the opening ceremony of the Theodore Roosevelt Presidential Library in Medora on July 4, 2026. (Photo by Michael Achterling/North Dakota Monitor)MEDORA, N.D. — Theodore Roosevelt V said his great-great-grandfather thought U.S. citizenship was not to be treated as an inherited title, but something that required service and responsibility. 
“Today, we might call it showing up for our communities, for one another, for the places we love, and most importantly, for the future we owe those who come after us,” Roosevelt said Saturday at the public opening of the Theodore Roosevelt Presidential Library.
As America celebrated its 250th birthday, the flag-waving visitors got their first chance to show up for the library dedicated to Roosevelt, who credited his time in North Dakota’s Badlands for helping him reach the White House. Roosevelt became one of America’s most revered presidents. 
Theodore Roosevelt V speaks during the grand opening of the Theodore Roosevelt Presidential Library on July 4, 2026. (Photo by Michael Achterling/North Dakota Monitor)Rough Rider reenactors ride off after delivering flags to the Theodore Roosevelt Presidential Library opening ceremony on July 4, 2026, in Medora. (Photo by Michael Achterling/North Dakota Monitor)Visitors line up to attend the opening ceremony of the Theodore Roosevelt Presidential Library in Medora on July 4, 2026. (Photo by Michael Achterling/North Dakota Monitor)Hilary Hamm, chair of the Theodore Roosevelt Presidential Library Foundation, speaks during the opening ceremony for the Theodore Roosevelt Presidential Library on July 4, 2026, in Medora. (Photo by Michael Achterling/North Dakota Monitor)North Dakota Gov. Kelly Armstrong speaks during the opening ceremony for the Theodore Roosevelt Presidential Library on July 4, 2026, in Medora. (Photo by Michael Achterling/North Dakota Monitor)Theodore Roosevelt reenactor Joe Wiegand speaks to Bishop Austin Vetter of Linton, N.D., before the opening ceremony of the Theodore Roosevelt Presidential Library in Medora on July 4, 2026. (Photo by Michael Achterling/North Dakota Monitor)Members of the Queen of the West and the Need Mores perform during the opening ceremony of the Theodore Roosevelt Presidential Library in Medora on July 4, 2026. (Photo by Michael Achterling/North Dakota Monitor)
The 96,000-square-foot library was built at the Old West-themed tourist town of Medora that is the gateway to Theodore Roosevelt National Park.  
“Theodore Roosevelt’s life should not make us nostalgic for a more heroic past. It should make us more determined to build a worthy future,” Roosevelt V said. 
Roosevelt’s family has been heavily involved with the development of the highly interactive library at Medora. 
The library had been toured by officials and donors in the days leading up to the public opening, highlighted by a visit from President Donald Trump on Wednesday. 
The grand opening ceremony began at 10:27 a.m., corresponding with Roosevelt’s birthday on Oct. 27, 1858. 
The ceremony began with a blessing of the land and library from the Mandan, Hidatsa and Arikara Nation, and included Rough Riders on horseback, like the brigade led by Roosevelt during the Spanish-American War. 
Rough Rider reenactors ride through water after delivering flags to the Theodore Roosevelt Presidential Library opening ceremony on July 4, 2026, in Medora. (Photo by Michael Achterling/North Dakota Monitor)
Hilary Hamm, chair of the board of trustees, said the library does not ignore Roosevelt’s flaws and complexities, such as his racist views on Indigenous people.
The library was built to “confront history honestly,” said Hamm, daughter of major benefactor Harold Hamm, founder of Continental Resources. 
She said she also hoped the library would be “a call back to engagement” with public service at a time when people may be discouraged with political division in America.
People were lined up well before 8:30 a.m., when they were allowed to gather for the opening ceremony, visit the gift shop and take in views of the Badlands. The library provided free tickets to 3,500 people for the opening ceremony, and 1,800 ticket-holders planned to view the exhibits, said spokesperson Matt Briney.
New garden symbolizes work that remains to build relationship between tribes, Roosevelt library

Collin Burkhart of Helena, Montana, drove seven hours to be near the front of the line for Saturday’s public opening. Burkhart said he works as a librarian with a special interest in early 20th Century history, when Roosevelt served as America’s 26th president. 
When he heard about plans for the library, “I knew I had to show up,” Burkhart said. 
Gov. Kelly Armstrong, who’s from Dickinson east of Medora, went into the history books to quote a speech Roosevelt made in Dickinson on July 4, 1886, in which Roosevelt talked of his love for “big things.” 
Roosevelt came to North Dakota while mourning the deaths of his wife and mother, later returning to New York to begin his life in public service. 
“He came here broken. This place healed him, and it transformed him into the larger than life figure we are celebrating today,” Armstrong said. “It makes perfect sense to have this institution here in Medora because you cannot fully understand what this place did to Theodore Roosevelt until you stand in it.” 
Senate Majority Leader David Hogue brands a piece of wood from a tree Theodore Roosevelt and his family planted at Sagamore Hill in 1895 during the Theodore Roosevelt Presidential Library grand opening ceremony on July 4, 2026. (Photo by Michael Achterling/North Dakota Monitor)
The state of North Dakota is supporting the facility with a $50 million endowment passed by the Legislature in 2019. The endowment, now valued at more than $60 million, will help pay for ongoing operational costs of the library. 
Organizers set a $450 million fundraising goal for the library. 
Famed historian Doris Kearns Goodwin believes Theodore Roosevelt would have enjoyed inspiring new generations into public service through his presidential library, and he probably would have talked and argued with the library’s AI-version of himself.
Kearns Goodwin, a member of the Theodore Roosevelt Presidential Library Foundation Board, gave a pair of lectures during opening events for benefactors Thursday and Friday. 
“I think mostly, he would be really happy to see that there’s an energy in the place that makes him come alive,” Kearns Goodwin said in an interview Friday. “What more would you want than the idea that other people are experiencing who you were in all of your fullness of personality?”
Reach North Dakota Monitor deputy editor Jeff Beach at jbeach@northdakotamonitor.com and reporter Michael Achterling at machterling@northdakotamonitor.com.
SUPPORT: YOU MAKE OUR WORK POSSIBLE",https://northdakotamonitor.com/wp-content/uploads/2026/07/IMG_0036edit-1024x681.jpg,,,2026-07-04 16:58:04.786963
,Iowa Capital Dispatch,2026-07-04 19:27:04+00:00,Iowa Capital Dispatch,"Iowa Down Ballot podcast: SNAP junk food, USDA staff cuts, Iowa polls",Kathie Obradovich,,,,,https://iowacapitaldispatch.com/2026/07/04/iowa-down-ballot-podcast-snap-junk-food-usda-staff-cuts-iowa-polls/,"Iowa Down Ballot with Dave Price 7/4/26 by Iowa Writers Collaborative Laura Belin of Bleeding Heartland and Kathie Obradovich of Iowa Capital Dispatch are here to discuss SNAP waivers, USDA cuts, and a poll for every taste. Read on Substack Iowans receiving are no longer restricted on what foods they can buy using the Supplemental […]","Iowans are no longer restricted on what foods they can buy with federal nutrition assistance. (Stock photo by hapabapa/Getty Images)
Iowa Down Ballot with Dave Price 7/4/26 by Iowa Writers Collaborative
Laura Belin of Bleeding Heartland and Kathie Obradovich of Iowa Capital Dispatch are here to discuss SNAP waivers, USDA cuts, and a poll for every taste.
Read on Substack

Iowans receiving are no longer restricted on what foods they can buy using the Supplemental Nutrition Assistance Program or SNAP but other U.S. Department of Agriculture programs are seeing staffing cuts in Iowa. Dave Price, Laura Belin and I also talk about new polls in the Iowa governor and U.S. Senate race. Listen here.



The Iowa Down Ballot Podcast with Dave Price is a production of the Iowa Writers’ Collaborative. Please consider a paid subscription today to help us cover production costs, or moving up to the benefactor level — or sending a gift subscription to a friend — if you’re already a paid subscriber. And please spread the word to friends who might enjoy the podcast. Thanks!",https://iowacapitaldispatch.com/wp-content/uploads/2026/04/snapbiglots-1024x683.jpg,,,2026-07-04 15:57:16.734017
,Daily Montanan,2026-07-04 18:45:23+00:00,Daily Montanan,"ICE raids Gallatin County sites, with as many as 100 detained",Jenna Martin,,,,,https://dailymontanan.com/2026/07/04/ice-raids-gallatin-county-sites-with-as-many-as-100-detained/,"BOZEMAN —A series of targeted immigration enforcement operations across Gallatin County this week has left residents reeling, with community organizations estimating that more than 100 people were detained by U.S. Immigration and Customs Enforcement. The arrests may be part of a broader nationwide surge in immigration detentions ahead of the holiday weekend.[...]","An Immigration and Customs Enforcement ICE officer's badge and weapon are seen in Washington, D.C., on August 30, 2025. (Photo by Kevin Dietsch/Getty Images) BOZEMAN —A series of targeted immigration enforcement operations across Gallatin County this week has left residents reeling, with community organizations estimating that more than 100 people were detained by U.S. Immigration and Customs Enforcement. The arrests may be part of a broader nationwide surge in immigration detentions ahead of the holiday weekend.
“What we’re hearing is ICE arrived as early as last Thursday and have been making multiple detentions,” said Sally Moyce, board member of Gallatin County based immigrant resource center, Bienvenidos. “We’re hearing a lot of reports of individuals being pulled over in their vehicle and then being detained along with anybody else who happens to be in the vehicle. We’ve heard reports of agents knocking on doors, perhaps looking for a specific person, but then detaining anybody who happens to be in that location. We’ve also heard reports of people being detained who actually do have legal authorization to be here.” 
Bienvenidos estimated that 25 to 30 people were detained between Monday and Tuesday, followed by more than 80 detentions on Wednesday, with additional arrests continuing through Thursday.
Moyce emphasized tracking exact numbers is made more difficult by the lack of information from federal agencies. 
“We are depending on input from families and loved ones in addition to observers,” she said. “Lack of transparency and accountability with ICE makes it impossible to know what they are doing, who they are taking or where they’re sending them.” 
 Three Blocks Away

On Monday morning, Bozeman resident Brandy Straub dropped her 12-year-old daughter and her neighbor’s 11-year-old at Camp Equinox, a summer theater camp at Bozeman Summit School that hosts more than 100 kids for two sessions each summer, spanning grades from kindergarten to eighth grade. 
As Straub left the school, two men jumped out of a pickup truck and ran across the street, leaving the vehicle to slowly roll into a street sign. Straub slammed on her brakes to avoid the truck. Moments later, two ICE agents chased the men on foot, with guns drawn. 
“They looked like a freaking cartoon, they were running in jeans and hoodies, with what looked like a police vest, maybe, but I’m not kidding you when I say it looked like it came from a Halloween store,” said Straub. “Then one of them pointed his gun at me through my passenger side window.” 
Straub said she felt instantly paralyzed. 
“I didn’t know what to do, so I drove, but all I could think of was my daughter and the children right down the street,” she said. 
Straub immediately called the school to notify them, and confirmed the school had no knowledge of nearby ICE raids. “They were never told. Fortunately because it was raining, maybe divine intervention, the kids were all inside anyway,” she said.

Then she called 911. 
“The woman I got with the dispatch said that they couldn’t do anything about it, that what ICE agents do is not their responsibility,” said Straub. “I explained to her that I understand they didn’t have any control over these agents, but that they have 120 children in a school three blocks away. And no one to protect the community, obviously, since I just had a weapon drawn on me.” 
Both the Bozeman Police Department and the Gallatin County Sheriff’s office confirmed the recent increase in ICE activity, but stated they were not coordinating with ICE. 
“We are aware of what’s going on, we are not participating in it,” said Bozeman Police Department Patrol Lieutenant Quinn Ellingson. “Because they (ICE) are a different agency, we actually don’t have involvement in that and don’t know what their goals and objectives are.” 
“Anytime our federal law enforcement partners are doing some kind of operation they let us know since there’s a de-confliction that has to occur so we don’t run into one another,” said Gallatin County Sheriff Dan Springer. “We appreciate them coming down and doing their job, we allow them to do their work, and appreciate the public’s response to that.”
Residents, though, described their work as less than professional.
“This was chaotic, unprofessional, disorganized, and incredibly unsafe,” said Straub. “My assumption is they (ICE) probably didn’t even know there was a school with a camp going on three blocks away. Because they don’t give a rat’s a– about our community. 
“As angry and terrified as I was, I can’t imagine what our immigrants are going through right now. I feel for these families, for their children. This was not a professional process. I don’t think anyone deserves to be treated this way.” 
Two days later, a similar scene unfolded in Gallatin Gateway Village. 
According to an on-site witness who out of fear of retribution and retaliation asked to be identified only as “J,” ICE agents arrived at approximately 5 a.m., as workers from several construction and masonry companies were boarding buses bound for the Yellowstone Club worksite. J was worried speaking out could cost him his job.
“The first two or three buses were already fairly loaded, getting ready to go,” said J. “Then it all turned to chaos.”
J described the scene as an explosion. 
“Not a single one of them identified themselves. They came out and were just running around with hoodies and (bullet-proof vest) plates. Everyone was running. ICE started tackling guys and handcuffing them. They threw them into the vehicles and just took off,” he said. “I think I saw about five arrests. There was a lot going on.”
ICE also collected belongings people left behind. 
“ICE took their bags, their helmets, everything, and threw them in their trucks,” J said. “They kept circling and swarming the neighborhood, even after the buses left.” 
J also said some employees and bus drivers appeared to cheer as the arrests unfolded.
“Several of the bus drivers, at least four of them, were all standing around smiling and pointing out, you know, like, ‘Oh, he ran that way.'”
“I was like, ‘Wow. I really thought higher of you,'” J said.
The Yellowstone Club did not respond to requests for comment from the Daily Montanan. PCL Construction sent the following statement:




	“PCL Construction is aware of reported immigration enforcement activity in the Big Sky area. Based on the information available to us, the activity did not occur on a PCL jobsite. We are working with our project team and subcontracting partners to understand any potential project impacts. PCL uses E-Verify to confirm employment eligibility for all PCL employees, and subcontractors are responsible for verifying the employment eligibility of their own employees in accordance with applicable laws. Safety, compliance and respect for everyone on our projects remain top priorities.” [/indent]
  A Human Misery Pipeline 

Andres Haladay, an attorney with Upper Seven Law who assists in immigration cases throughout the state, described the incredible difficulty of tracking people taken by ICE. 
“When ICE arrests someone, they’re not reporting it in any way. This isn’t like going to a regular court or a jail where your name is reported,” Haladay said. “You’re held in a place like the Helena Hold Room, which is completely off the map in terms of where somebody is. The ICE DTE locator does not say where you are. It provides no opportunity for people to speak to legal counsel, no opportunity for people to call loved ones. And from there, you could be put on a plane or a van to anywhere. It could be days before people figure out where a loved one or family member is, if they ever find out at all.”
People are often transferred rapidly between facilities. As of Wednesday evening, the Cascade County Detention Center listed 20 people with immigration holds, 15 of whom had arrived within the previous three days. By Thursday morning, 10 had already been transferred elsewhere. Their destinations remain unclear.
Haladay said one common transfer route from Gallatin County begins at the Helena Hold Room, continues to the Cascade County Detention Center, then to Jefferson County, Idaho, before ultimately ending at detention facilities in Washington or Nevada. 
“Our understanding as of this week is that the volumes that they have are so big that people are going different places and unfortunately we’re not going to know until there’s an autopsy where some of these folks went,” Haladay said. “There’s no disclosure of who they are, where they are, and they have no way to contact friends and family.”
Haladay also emphasized the poor conditions in which people are being held, citing descriptions from previous filings. In one instance, a client reported that 17 people were confined overnight in the Helena Hold Room, a space measuring approximately 200 square feet, because ICE was unable to process them quickly enough. Based on the client’s report, the group was forced to share a single blanket among all 17 people.
“The Helena Hold Room is an entry point to a human misery pipeline,” Haladay said. 
Andrea Sweeney, an immigration attorney and founder of Big Sky Immigration Legal Services & Advocacy, emphasized the people taken over the week do not have criminal records. 
“My understanding is that nobody has been criminally charged as a result of these raids,” Sweeney said. “Every case I’ve heard about involves administrative immigration detentions.”
Sweeney pointed out many people taken by ICE are law-abiding individuals who are already participating in the legal immigration process, with pending applications and scheduled court appearances.
“Many individuals that are being detained, they’re already in the immigration process. They already have filed applications. They already have court dates that they plan to attend, and so detaining them now just doesn’t make any sense because they’re already moving their case through the process,” Sweeney said.  
She added that immigration is a very complex system, with cases often taking years to resolve, and that living and working in the United States while those cases are pending is a standard part of the legal immigration process. 
“It really isn’t a matter of somebody being undocumented or not, they’re in a process,” Sweeney continued. “These processes can take many, many years, and in the interim, people need to be able to live and work and create their lives. They should be afforded the due process rights to see that to the end, while they’re not detained, not locked up in a detention facility.”
  Gallatin’s Next Steps 

In the meantime, local organizations and community members continue to offer assistance to immigrants and their families. Bienvenidos confirmed Thursday evening they were able to distribute 70 grocery boxes delivered to families. 
Moyce encouraged community members who wish to help to volunteer and donate to local organizations providing mutual aid and legal assistance. 
For those who are searching for a loved one, Moyce recommended reaching out to Bienvenidos directly. 
“We have somebody who can help find family members or loved ones who have been detained,” she said. “The majority of people here in Gallatin County are very welcoming and generous and understand that immigrants strengthen our community. Most people are saddened by this and nervous on behalf of our neighbors. We actually really just want ICE to go away.”
The Department of Homeland Security did not respond to multiple requests for comment from the Daily Montanan.",https://dailymontanan.com/wp-content/uploads/2026/05/gettyimages-2232883103-1024x661.jpg,,,2026-07-04 14:57:17.628970
,North Carolina Newsline,2026-07-04 18:43:47+00:00,NC Newsline,North Carolina celebrates America 250 (Photo Gallery),Clayton Henkel,,,,,https://ncnewsline.com/2026/07/04/north-carolina-celebrates-america-250-photo-gallery/,North Carolinians braved triple-digit temperatures in downtown Raleigh on Saturday as America celebrates 250 years of independence. Enjoy the photo gallery below.,"Photo: Clayton Henkel/NC NewslineNorth Carolinians braved triple-digit temperatures in downtown Raleigh on Saturday as America celebrates 250 years of independence. Enjoy the photo gallery below.








Photo: Clayton Henkel/NC Newsline






















































Photo: Clayton Henkel/NC Newsline",https://ncnewsline.com/wp-content/uploads/2026/07/20260704_0956391-1024x591.jpg,,,2026-07-04 14:57:17.628970
,DC,2026-07-04 18:16:36+00:00,News From The States - Fair. Fearless. Free.,"America's 250th birthday celebrated, despite extreme heat, canceled events",Ashley Murray,,,,,https://www.newsfromthestates.com/article/americas-250th-birthday-celebrated-despite-extreme-heat-canceled-events,,"WASHINGTON —  A large swath of America melted under record heat for the country’s 250th birthday, including in the nation’s capital, where despite being one of the hottest places across the globe Saturday, President Donald Trump planned a nighttime speech followed by a massive fireworks display.Some major events were canceled. Organizers for the annual National Independence Day Parade in Washington, D.C., called off the event due to the extreme heat, as did organizers for the Salute to Independence Semiquincentennial Parade in Philadelphia. Scenes from the Capitol Hill Fourth of July Parade in Washington, D.C., and the U.S. Army Golden Knights Parachute Team landing on the Ellipse on Saturday, July 4, 2026. (Video by Ashley Murray/States Newsroom)Forecasters predicted temperatures would reach around 100 degrees, with the possibility of an all-time record of 101 degrees in the nation’s capital, according to AccuWeather. Heat indexes were expected to reach 110 to 115 degrees.The neighborhood Capitol Hill Fourth of July Parade however, went on, though shortened to one hour, instead of the usual two-hour event. 

 







A color guard team marched with the Kerkhoven-Murdock-Sunberg High School band from Kerkhoven, Minnesota, in the Capitol Hill Fourth of July parade on Saturday, July 4, 2026 in Washington, D.C. (Photo by Ashley Murray/States Newsroom)

Some high school marching bands that traveled across the country to perform in the national parade, including those from Minnesota and Nebraska, switched last minute to march in the community Capitol Hill event.“We flew in on Wednesday and were able to go sightseeing, and then last night we heard that the parade was canceled,” said Cassidy Moody, 28, the color guard coach for Grand Island Senior High School in Grand Island, Nebraska. “When they found out this parade was happening, they were super pumped they could play their instruments in Washington,” Moody said, adding their tour guide connected them to parade organizers.“This is so fun. I’m trying not to cry.”Time capsule, concerts, block parties, ceremoniesOther events up and down the sweltering East Coast carried on, including the burial in Philadelphia of a congressionally mandated time capsule to be unearthed and opened in 2276. The capsule, organized by the bipartisan America250 commission, contains contributions from each state and territory; sports memorabilia, including an Olympic gold medal; a 1GB digital archive from the Library of Congress; and a pocket Constitution signed by each Supreme Court justice, among hundreds of other items.

 







Members of the Washington, D.C.-based Ruff Ridaz Performance Percussion Squad played drums in the Capitol Hill Fourth of July Parade on Saturday, July 4, 2026 in Washington, D.C. (Photo by Ashley Murray/States Newsroom)

Congress commissioned America250 in 2016 to plan ways to commemorate the 250th anniversary of the signing of the Declaration of Independence.The commission is hosting events across the country Saturday, including block parties in Boston; Charleston, South Carolina; Fort Campbell, Kentucky; Milwaukee and Philadelphia.The famous Times Square New Year’s Eve ball dropped eight times on Friday to ring in the Fourth of July, representing the eight time zones in the territories and continental United States. The first occurred at 10 a.m. Eastern Friday when midnight struck in Guam and the Northern Mariana Islands.

 







A U.S. Army helicopter review was part of the dozens of Freedom 250 flyovers in Washington, D.C., on Saturday, July 4, 2026. (Photo by Ashley Murray/States Newsroom)

The America250 commission also scheduled an Independence Day benefit concert in Los Angeles, featuring Chris Stapleton, the Smashing Pumpkins, Chaka Khan and other artists. Tickets cost $17.76.Other events included the Virginia 250 commission’s naturalization ceremony for immigrants from 36 nations. The ceremony took place at Thomas Jefferson’s Monticello home in Charlottesville, Virginia, where there was also a live reading of the Declaration of Independence.Not all were celebrating the ideals of the United States Saturday. 

 







Members of the white nationalist group Patriot Front walk through the Eastern Market Metro station as the National Guard stood by in Washington, D.C., on Saturday, July 4, 2026. (Photo by Ashley Murray/States Newsroom)

 

 







Dozens of Patriot Front members boarded the Metro at the Eastern Market station in Washington, D.C., on Saturday, July 4, 2026. (Photo by Ashley Murray/States Newsroom)

Hundreds of members of the neo-Nazi organization Patriot Front marched through the Capitol Hill neighborhood in Washington, D.C., holding upside-down American flags. States Newsroom also witnessed the masked men boarding the city’s Metro while National Guard members looked on.Military flyovers and another Trump speechTrump promised his administration’s Freedom 250 Salute to America events would go forward on the National Mall despite the heat, though organizers revised the schedule and publicized the presence of cooling tents and hydration stations. America250 and Freedom 250 diverged over the past year and each created dueling program offerings and merchandise to mark the semiquincentennial.The Freedom 250 Great American State Fair on the mall shut down at 5 p.m. on Friday due to the heat and its Fourth of July opening was postponed from 10 a.m. to noon. 

 







A woman marching in the Capitol Hill Fourth of July Parade in Washington, D.C., blew bubbles on Saturday, July 4, 2026. (Photo by Ashley Murray/States Newsroom)

Military flyovers were scheduled to begin at 1:15 p.m. Eastern and occur several times an hour until nearly 8 p.m. Visitors and residents in D.C. can expect to see multiple different aircraft, including F-22 Raptors, a B-1 bomber and a MV-22 Osprey, an aircraft that takes off and lands vertically like a helicopter but flies like a plane.

 







A U.S. Navy Leap Frog paratrooper lands on the Ellipse in Washington, D.C., on Saturday, July 4, 2026, as part of the Freedom 250 programming. (Photo by Ashley Murray/States Newsroom)

The administration promised a world record-breaking fireworks display, set to begin at 10:30 p.m. Eastern, later than in other years. The Western Pennsylvania-based Pyrotechino is expected to shoot off more than 850,000 fireworks, according to local news reports.Trump is scheduled to deliver remarks at 9:45 p.m. Eastern, one of numerous appearances the president scheduled tied to the holiday. 

 







Members of Washington, D.C.-based advocacy group Seniors Defending Democracy marched in the Capitol Hill Fourth of July Parade on Saturday, July 4, 2026. (Photo by Ashley Murray/States Newsroom)

On July 1 in Medora, North Dakota for the opening of the Theodore Roosevelt Presidential Library during his Freedom 250 tour, Trump said he planned a lengthy speech on Independence Day despite heat warnings.“July 4, it’s going to be approximately 107 degrees out, and I’m gonna go and I’m gonna make a really long speech just to show that I can do anything,” he said.

 







Matthew Wetherill, 28, of Cincinnati, Ohio, rode the Metro in Washington, D.C., to attend a tour of the U.S. Capitol on Saturday, July 4, 2026. (Photo by Ashley Murray/States Newsroom)

Trump also spoke at Mount Rushmore in South Dakota Friday, on the eve of the semiquincentennial. Prior to a celebratory fireworks display, Trump focused his comments on labeling communism as a “mortal threat to American liberty.” Trump kicked off the state fair on June 24 on the National Mall with a another 25-minute speech that refashioned much of his 2024 presidential campaign rhetoric.",https://www.newsfromthestates.com/themes/custom/sn/images/icons/No_image.svg,,,2026-07-04 14:57:17.628970
,Louisiana Illuminator,2026-07-04 17:31:12+00:00,Louisiana Illuminator,Arrest warrant for AG Liz Murrill quashed by Louisiana Supreme Court,Greg LaRose,,,,,https://lailluminator.com/2026/07/04/murrill-warrant/,An arrest warrant for Attorney General Liz Murrill for intimidation and malfeasance charges has been recalled at the direction of the Louisiana Supreme Court in an order issued late Friday night. The court’s clarifying order followed one it issued earlier in the day that stayed a 16-count indictment against Murrill from a special prosecutor in […],"A Louisiana Senate committee blocked legislation backed by Attorney General Liz Murrill that could have moved thousands of cases from juvenile to adult court. (Wes Muller/Louisiana Illuminator)An arrest warrant for Attorney General Liz Murrill for intimidation and malfeasance charges has been recalled at the direction of the Louisiana Supreme Court in an order issued late Friday night.
The court’s clarifying order followed one it issued earlier in the day that stayed a 16-count indictment against Murrill from a special prosecutor in Orleans Parish. The charges, handed up Thursday, are related to a letter she sent in May to seven elected officials in New Orleans that said Gov. Jeff Landry could remove them from office for disobeying a new state law that consolidated the two local clerk of court offices into one. 
Murrill asked the justices to intervene late Thursday, and they granted the stay order early Friday. Murrill made another emergency request to the Supreme Court later Friday after she said special prosecutor Laurie White refused to withdraw her arrest warrant, which set a $400,000 bond for Murrill. Online court records show the warrant was pulled Saturday morning.
“The lawfare continues!” Murrill said in a statement Friday. “On the eve of celebrating 250 years of freedom and independence, the special prosecutor in New Orleans refuses to remove the active warrant for the arrest of the Attorney General, even though the Louisiana Supreme Court has stayed the indictment.”
The attorney general was never taken into custody while the legal showdown unfolded. The stay calls off an arraignment scheduled for Wednesday and allows Murrill to seek to have the charges against her dismissed.
“There is considerable support for the view that the Attorney General is likely to succeed on the merits of a motion to quash this indictment on either a legal basis or due to apparent procedural irregularities,” the stay order reads.
Associate Justices Jay McCallum, Jefferson Hughes, Piper Griffin, Cade Cole and Billy Burris concurred in issuing the stay, while Chief Justice John Weimer and Associate Justice John Guidry dissented. Griffin joined the dissent in the order that lifted the arrest warrant.
“Ironically, on the eve of this July 4th when our nation will commemorate the 250th anniversary of the Declaration of Independence, this court is once again called upon to provide exceptions to the normal process pursuant to another feigned emergency by one party,” Weimer wrote in his dissent on recalling the arrest warrant.
In the stay order, the Supreme Court sided with Murrill’s view that the grand jury proceedings that led up to her indictment took place under questionable circumstances. 
“By all public accounts the Orleans Parish Criminal District Court violated express provisions of state law requiring that grand jury returns occur in the public eye, ‘in open court,’ the order reads. ”Numerous media outlets have stated that reporters were handcuffed and removed from these otherwise public proceedings.”
One journalist and an attorney for the television station where he works were briefly handcuffed and removed from the court, news outlets reported. White told reporters afterward they were displaced in order to protect the anonymity of grand jury members who were in the courthouse at the time.
The dispute has dramatically intensified a political showdown between the state’s Republican leadership and Democratic elected officials in New Orleans. It originated with a legislative proposal to pare down the city’s judiciary branch, which has separate courts and clerks for civil and criminal cases in contrast with the state’s other 41 judicial districts. 
Another measure from the state lawmaker, Sen. Jay Morris, R-West Monroe, sought to remove elected several judges from both Orleans courts, though it was ultimately amended to remove just three from the criminal bench.
Judge Leon Roche, who was slated for removal in Morris’ bill before it was amended, appointed White as a special prosecutor to investigate Murrill’s letter, sent to Mayor Helena Moreno, District Attorney Jason Williams, five New Orleans City Council members and retired Judge Calvin Johnson.
The attorney general told the mayor and council members the governor could use the state’s usurper law to replace them after the council voted to name Johnson interim court clerk and call a special election to find a permanent leader of the consolidated clerk’s office. Murrill argued, and the Louisiana Supreme Court agreed, that the new law to combine the two offices put Civil Clerk of Court Chelsea Richard Napoleon in charge of both. Johnson could have been imprisoned if he sought to carry out the clerk’s duties, Murrill wrote in her letter. 
The new clerk consolidation law also prevented Calvin Duncan, who had been elected to the criminal court clerk’s post in November, from assuming office in May. Duncan won resoundingly in his first bid for elected office after having served nearly three decades at Angola State Penitentiary for a 1981 murder he didn’t commit. He was released after pleading guilty to a lesser charge in 2011 and cleared of any wrongdoing in 2021.
After his release from prison, Duncan obtained a law degree and campaigned to run the office he said had placed numerous obstacles in the path to freedom for himself and other wrongfully prosecuted people.  
In her stay request to the Louisiana Supreme Court, Murrill pointed out her office is currently defending White, a former Orleans Parish Criminal Court judge, in a sexual harassment case. The prevailing justices agreed this relationship presents a conflict of interest, and it resulted in White violating the secrecy of the grand jury process because she called the attorney general’s office to discuss the pending indictment against Murrill.
This is a developing story.",https://lailluminator.com/wp-content/uploads/2024/07/IMG_5974-1024x683.jpg,,,2026-07-04 13:59:15.549053
,Washington State Standard,2026-07-04 16:45:54+00:00,Washington State Standard,The Declaration of Independence,The Second Continental Congress,,,,,https://washingtonstatestandard.com/2026/07/04/the-declaration-of-independence/,"The following is a National Archives transcript of the Declaration of Independence, unanimously adopted by the Second Continental Congress: In Congress, July 4, 1776 The unanimous Declaration of the thirteen united States of America When in the Course of human events, it becomes necessary for one people to dissolve the political bands which have connected […[...]","Parchment of the actual Declaration of Independence. (National Archives photo)

The following is a National Archives transcript of the Declaration of Independence, unanimously adopted by the Second Continental Congress:
In Congress, July 4, 1776
The unanimous Declaration of the thirteen united States of America
When in the Course of human events, it becomes necessary for one people to dissolve the political bands which have connected them with another, and to assume among the powers of the earth, the separate and equal station to which the Laws of Nature and of Nature’s God entitle them, a decent respect to the opinions of mankind requires that they should declare the causes which impel them to the separation.
We hold these truths to be self-evident, that all men are created equal, that they are endowed by their Creator with certain unalienable Rights, that among these are Life, Liberty and the pursuit of Happiness.–That to secure these rights, Governments are instituted among Men, deriving their just powers from the consent of the governed, –That whenever any Form of Government becomes destructive of these ends, it is the Right of the People to alter or to abolish it, and to institute new Government, laying its foundation on such principles and organizing its powers in such form, as to them shall seem most likely to effect their Safety and Happiness. Prudence, indeed, will dictate that Governments long established should not be changed for light and transient causes; and accordingly all experience hath shewn, that mankind are more disposed to suffer, while evils are sufferable, than to right themselves by abolishing the forms to which they are accustomed. But when a long train of abuses and usurpations, pursuing invariably the same Object evinces a design to reduce them under absolute Despotism, it is their right, it is their duty, to throw off such Government, and to provide new Guards for their future security.–Such has been the patient sufferance of these Colonies; and such is now the necessity which constrains them to alter their former Systems of Government. The history of the present King of Great Britain is a history of repeated injuries and usurpations, all having in direct object the establishment of an absolute Tyranny over these States. To prove this, let Facts be submitted to a candid world.

He has refused his Assent to Laws, the most wholesome and necessary for the public good.
He has forbidden his Governors to pass Laws of immediate and pressing importance, unless suspended in their operation till his Assent should be obtained; and when so suspended, he has utterly neglected to attend to them.
He has refused to pass other Laws for the accommodation of large districts of people, unless those people would relinquish the right of Representation in the Legislature, a right inestimable to them and formidable to tyrants only.
He has called together legislative bodies at places unusual, uncomfortable, and distant from the depository of their public Records, for the sole purpose of fatiguing them into compliance with his measures.
He has dissolved Representative Houses repeatedly, for opposing with manly firmness his invasions on the rights of the people.
He has refused for a long time, after such dissolutions, to cause others to be elected; whereby the Legislative powers, incapable of Annihilation, have returned to the People at large for their exercise; the State remaining in the mean time exposed to all the dangers of invasion from without, and convulsions within.
He has endeavoured to prevent the population of these States; for that purpose obstructing the Laws for Naturalization of Foreigners; refusing to pass others to encourage their migrations hither, and raising the conditions of new Appropriations of Lands.
He has obstructed the Administration of Justice, by refusing his Assent to Laws for establishing Judiciary powers.
He has made Judges dependent on his Will alone, for the tenure of their offices, and the amount and payment of their salaries.
He has erected a multitude of New Offices, and sent hither swarms of Officers to harrass our people, and eat out their substance.
He has kept among us, in times of peace, Standing Armies without the Consent of our legislatures.
He has affected to render the Military independent of and superior to the Civil power.
He has combined with others to subject us to a jurisdiction foreign to our constitution, and unacknowledged by our laws; giving his Assent to their Acts of pretended Legislation:
For Quartering large bodies of armed troops among us:
For protecting them, by a mock Trial, from punishment for any Murders which they should commit on the Inhabitants of these States:
For cutting off our Trade with all parts of the world:
For imposing Taxes on us without our Consent:
For depriving us in many cases, of the benefits of Trial by Jury:
For transporting us beyond Seas to be tried for pretended offences:
For abolishing the free System of English Laws in a neighbouring Province, establishing therein an Arbitrary government, and enlarging its Boundaries so as to render it at once an example and fit instrument for introducing the same absolute rule into these Colonies:
For taking away our Charters, abolishing our most valuable Laws, and altering fundamentally the Forms of our Governments:
For suspending our own Legislatures, and declaring themselves invested with power to legislate for us in all cases whatsoever.
He has abdicated Government here, by declaring us out of his Protection and waging War against us.
He has plundered our seas, ravaged our Coasts, burnt our towns, and destroyed the lives of our people.
He is at this time transporting large Armies of foreign Mercenaries to compleat the works of death, desolation and tyranny, already begun with circumstances of Cruelty & perfidy scarcely paralleled in the most barbarous ages, and totally unworthy the Head of a civilized nation.
He has constrained our fellow Citizens taken Captive on the high Seas to bear Arms against their Country, to become the executioners of their friends and Brethren, or to fall themselves by their Hands.
He has excited domestic insurrections amongst us, and has endeavoured to bring on the inhabitants of our frontiers, the merciless Indian Savages, whose known rule of warfare, is an undistinguished destruction of all ages, sexes and conditions.

In every stage of these Oppressions We have Petitioned for Redress in the most humble terms: Our repeated Petitions have been answered only by repeated injury. A Prince, whose character is thus marked by every act which may define a Tyrant, is unfit to be the ruler of a free people.
Nor have We been wanting in attentions to our Brittish brethren. We have warned them from time to time of attempts by their legislature to extend an unwarrantable jurisdiction over us. We have reminded them of the circumstances of our emigration and settlement here. We have appealed to their native justice and magnanimity, and we have conjured them by the ties of our common kindred to disavow these usurpations, which, would inevitably interrupt our connections and correspondence. They too have been deaf to the voice of justice and of consanguinity. We must, therefore, acquiesce in the necessity, which denounces our Separation, and hold them, as we hold the rest of mankind, Enemies in War, in Peace Friends.
We, therefore, the Representatives of the united States of America, in General Congress, Assembled, appealing to the Supreme Judge of the world for the rectitude of our intentions, do, in the Name, and by Authority of the good People of these Colonies, solemnly publish and declare, That these United Colonies are, and of Right ought to be Free and Independent States; that they are Absolved from all Allegiance to the British Crown, and that all political connection between them and the State of Great Britain, is and ought to be totally dissolved; and that as Free and Independent States, they have full Power to levy War, conclude Peace, contract Alliances, establish Commerce, and to do all other Acts and Things which Independent States may of right do. And for the support of this Declaration, with a firm reliance on the protection of divine Providence, we mutually pledge to each other our Lives, our Fortunes and our sacred Honor.",https://washingtonstatestandard.com/wp-content/uploads/2026/07/Declaration_Pg1of1_AC-scaled-e1783015928157-1024x557-1.jpg,,,2026-07-04 12:59:41.498474
,South Carolina Daily Gazette,2026-07-04 14:00:57+00:00,SC Daily Gazette,"SC now requires American-made steel for roads, bridges and other public projects",Jessica Holdman,,,,,https://scdailygazette.com/2026/07/04/sc-now-requires-american-made-steel-for-roads-bridges-and-other-public-projects/,Nearly all taxpayer-funded construction projects must be built using U.S.-made steel and iron under a new law in South Carolina.,"Following a push from South Carolina steel companies, Gov. Henry McMaster signed a law to require state and local officials to build all taxpayer-funded projects using U.S.-made steel and iron. (File photo/Getty Images)COLUMBIA — Nearly all taxpayer-funded construction projects must be built using U.S.-made steel and iron under a new law signed by Gov. Henry McMaster.
The law, pushed by South Carolina steel companies, passed through the General Assembly with almost no opposition. The House gave unanimous approval. Only two senators — one Republican and one Democrat — voted against the measure before the governor signed it June 30.
“We want to keep our steel industry strong,” said Sen. Larry Grooms, whose Berkeley County district is home to a Nucor steel mill.
South Carolina is where industry giant Nucor Corp. broke into steel in 1962, when it purchased Florence-based Vulcraft. Its first recycled steel mill, known in the industry as a mini mill, has been in operation in Darlington since 1969.
“We have a very healthy metal recycling industry in South Carolina, so we do make a lot of steel here,” said Grooms, R-Bonneau Beach.
SUBSCRIBE: GET THE MORNING HEADLINES DELIVERED TO YOUR INBOX.
While Charlotte-based Nucor, the largest steel manufacturer and recycler in North America, got its start in South Carolina, the lion’s share of the country’s production is based in Indiana, followed by Ohio, Texas and Pennsylvania.
No other state accounted for more than 4% of total domestic raw steel production, according to the U.S. Geological Survey.
And in the Southeast, South Carolina has three steel mills — two owned by Nucor in Darlington and Berkeley County and one owned by CMC in Cayce — compared to seven in Alabama.
South Carolina’s mills have a total production capacity of about 6 million tons. The majority of that comes from Nucor’s Berkeley mill. In 2022, the company invested $425 million to add a new 500,000 ton line to its existing 3.8 million ton plant. The line makes flat-rolled sheet metal, essential to the state’s growing automotive industry.
Vice President Vance touts ‘golden age’ of manufacturing in SC steel visit

The state chipped in $400,000, as well as income tax credits for the 50 new jobs associated with the investment.
A fourth South Carolina mill, the Liberty Steel Mill in Georgetown, closed for good in 2024 after nearly a decade of on-again-off-again operations.
At a hearing for the bill in January, industry officials blamed cheaply made steel from Turkey, India and China for the industry’s decline.
Still, Nucor employs some 2,500 South Carolinians at multiple locations across Berkeley, Darlington, Florence, Laurens, Lexington, and York counties, Devin Webster, a Nucor vice president in the state, told legislators. That includes manufacturing of custom metal buildings, steel foundations and rebar for construction projects.
The new law could end up costing taxpayers, however, as American-made steel has historically been the most expensive in the world. U.S. steel prices hover around $1,100 to $1,200 per ton.
Import taxes, known as tariffs, levied by the Trump administration on companies that import steel into the country has driven up costs, pushing foreign suppliers out of the U.S. market.

Two employees of Nucor Steel Berkeley talk with each other before ahead of Vice President J. D. Vance speaking at the steel mill in Huger, South Carolina, on Thursday May 1, 2025. (Photo by Mark Susko/Special to the SC Daily Gazette)

But that also means the cost of steel overall has gone up.
For the first time in 26 years, the U.S. was third largest steel producer in the world. Production jumped to 82 million tons in 2025, up about 3%, pushing the U.S. past Japan, behind only China and India.
While China is the world’s largest producer and exporter, it sends very little to the U.S. — less than 2% of total imports into the country, according to U.S. Census Bureau data and the International Trade Administration.
President Donald Trump passed a 25% tariff on Chinese steel during his first term, pricing the country out of the market. He’s since upped that to 50%.
Most steel coming into the country comes from Canada, followed by Brazil, Mexico, South Korea and Germany. Imports make up about a fifth of all steel used in the U.S.
The new law seeks to address the pricing issue by waiving the requirement if a government can’t get U.S.-made steel fast enough or if the use of American steel increases costs by more than 25% above initial estimates.
There are also exceptions in cases of emergency, such as a tornado damaging a firehouse, Grooms said. And the requirement does not apply to state-funded affordable housing projects or those receiving state tax credits.
And a negligible amount of foreign steel and iron can be used incidentally in any project, which the law defines as not exceeding 0.1% of the project’s total steel and iron costs or $2,500, whichever is greater.
The federal government has had U.S. production requirements for federally funded road projects on the books since the 1980s. Congress has tightened those mandates over the years, including most recently in the Biden administration’s massive infrastructure law.
The legislation’s sponsor, Rep. Richie Yow, R-Chesterfield, said the new law takes those federal requirements and applies them to the state.
Texas passed similar legislation in 2017, and Florida did the same last year. Legislators in the major steel state of Ohio are considering the measure, Bill Paxton, a national lobbyist for the iron and steel industry told legislators in January.
SUPPORT: YOU MAKE OUR WORK POSSIBLE
Steel i-beams form a perimeter barrier around an event at Nucor Steel Berkeley in Huger, South Carolina, where Vice President J.D. Vance spoke on Thursday, May 1, 2025. (Photo by Mark Susko/Special to the SC Daily Gazette)",https://scdailygazette.com/wp-content/uploads/2026/07/J.D.-Vance-Wide-7-1024x682.jpg,,,2026-07-04 12:59:41.498474
,Kansas Reflector,2026-07-04 14:00:02+00:00,Kansas Reflector,Kansas Supreme Court’s chief justice celebrates ideals of 250-year-old Declaration of Independence,Tim Carpenter,,,,,https://kansasreflector.com/2026/07/04/kansas-supreme-courts-chief-justice-celebrates-ideals-of-250-year-old-declaration-of-independence/,"Chief justice of Kansas Supreme Court connects dots between Declaration of Independence, Kansas Constitution and value of co-equal branches of government.","Kansas Supreme Court Justice Eric Rosen requests Kansans draw appreciation from the Declaration of Independence, the U.S. Constitution and the Kansas Constitution in terms of the importance of government anchored to the rule of law. In this January 2026 image, Rosen administers the oath of office to a legislator at the Capitol. (Photo by Morgan Chilson/Kansas Reflector)TOPEKA — Kansas Supreme Court Chief Justice Eric Rosen urged Kansans to celebrate the 250th anniversary of the Declaration of Independence’s aspirational vision of government as a protector of life, liberty and pursuit of happiness.
Rosen, who signed a proclamation recognizing the milestone, said the Kansas Constitution reflected core principles from the Declaration of Independence and U.S. Constitution, including the necessity of a government bound by laws and enhanced by coequal but independent branches.
“The declaration announced our ideals, and it was the Constitution, the courts and generations of Americans committed to justice that built the framework to protect them,” the chief justice said. “For 250 years, Americans have worked to bring those ideals closer to reality.”
In advance of the July 4 celebration, Rosen expressed gratitude to judges, judicial employees, attorneys and others who supported work of the state’s courts.
“Through your dedication and service, you fulfill the enduring promise first declared 250 years ago,” he said.
Fifty years ago during the nation’s bicentennial celebration, Kansas officials convened July 5, 1976, to place a cornerstone during construction of the Kansas Judicial Center in Topeka. It has served as headquarters of the Kansas Supreme Court and the Kansas Court of Appeals.
“This milestone during our nation’s bicentennial year reflected Kansas’ own enduring commitment to constitutional government and judicial independence,” Rosen said.
The cornerstone event occurred amid a multiyear effort to bring state courts under the administrative jurisdiction of the Kansas Supreme Court and to move ahead with reestablishment of the Kansas Court of Appeals, which had been disbanded in 1901.
The Kansas Judicial Center’s design told a story of the state’s constitutional design. The new courthouse and the existing Capitol were at the same elevation and the same distance from 10th Avenue that separated the structures. The alignment symbolized the relationship between coequal judicial, legislative and executive branches of government.
“Today, we honor our history not by remembering it, but by living its principles every day — upholding the rule of law, protecting equal justice under law and earning the trust and confidence of the people we serve,” Rosen said.",https://kansasreflector.com/wp-content/uploads/2026/01/Rosen-Silas-20260112_141206-1024x653.jpg,,,2026-07-04 10:59:24.412648
,Iowa Capital Dispatch,2026-07-04 13:00:16+00:00,Iowa Capital Dispatch,"Iowa State University Lake LaVerne project dredges up history, items lost to time",Brooklyn Draisey,,,,,https://iowacapitaldispatch.com/2026/07/04/iowa-state-university-lake-laverne-project-dredges-up-history-items-lost-to-time/,"Dredging of Lake LaVerne’s depths has revealed the Iowa State University lake’s role as a time capsule, hiding spot and trash can as university officials look to its future as a campus landmark. Lake LaVerne is a human-made body of water that started as a dammed stream on ISU’s campus more than a century ago. […]","Excavation crews work to dredge Lake LaVerne at Iowa State University on July 2, 2026. (Photo by Brooklyn Draisey/Iowa Capital Dispatch) Dredging of Lake LaVerne’s depths has revealed the Iowa State University lake’s role as a time capsule, hiding spot and trash can as university officials look to its future as a campus landmark.
Lake LaVerne is a human-made body of water that started as a dammed stream on ISU’s campus more than a century ago. It’s currently empty of water as crews work to restore it and add new features. While project planning has taken place for the last decade, the university has spent recent months draining the water and moving out the lake’s wildlife. A turtle-catching event was held to move the amphibians to a safer area for construction.
Workers began  dredging its bed in early June, according to Chris Strawhacker, campus planner for real estate and capital planning.
Neither Strawhacker or Facilities Construction Manager Claire Vorthmann came in with big assumptions about what could be unearthed, they said, but they definitely didn’t expect a cannon. The rusted, several-foot-long weapon was discovered June 25.
“They were really excited to reach out to us,” Vorthmann said of the restoration workers who found the cannon. “The manager of the company here said, ‘I’m not going to spoil the surprise, I want the operator himself to tell you what he found,’ so we were really excited and came by. You can tell that the folks out here are excited about what they find as well.”
SUBSCRIBE: GET THE MORNING HEADLINES DELIVERED TO YOUR INBOX.
Its origins are currently unknown, but Vorthmann said it might be the cannon used to celebrate touchdowns at football games before it was stolen from Alpha Sigma Phi fraternity in the early 1970s.
Other items dragged out of the lake with mud and sediment include a bowling ball — possibly from the bowling alley housed in the ISU Memorial Union nearby — as well as parts of bicycles and glass bottles from as far back as the 1940s and 50s, Vorthmann said. One glass was from ABC Brewing, which she said used to operate near Ames but is closed now.
Dredging crew operators found a cannon in Iowa State University’s Lake LaVerne. (Photo courtesy of Iowa State University)
Despite their size, Vorthmann said the excavation equipment can delicately extract items when operators spot them. So far, there is no formal plan as to what to do with everything they find. The team will also remove some obstacles, like rocks from the shoreline that students like to pry out and plop into the lake to see ripples or ice cracking.
Not all refuse that ends up in the lake was waiting for the restoration project. Strawhacker said an ISU professor brings a class out to the lake every fall to sample the water and collect specimens — including multiple bicycles every year.
The lake hasn’t been completely dredged since the 1950s, Strawhacker said, and sediment has been settling at the bottom throughout that time, filling in the lake to the point where its maximum depth had been cut in half from 12 feet to 6.
“The goal is to get close to the original planned depths, for a couple of reasons,” Strawhacker said. “One for habitat, for deeper pockets for the fish and animals to live in, but also to improve the water quality.”
Deeper water means a smaller chance of algae blooms developing in the lake, Strawhacker said, and it provides living spaces for fish and animals, but portions of the bed will be shallower to act as spawning beds. Once the project is complete, Lake LaVerne should have an average depth of 5 feet with areas as much as 13 feet deep.
Close to 500 truckloads of sediment have been pulled from the lake, Vorthmann said, and where original estimates placed the total number of loads at 1,000, she believes the trucks will probably carry closer to 1,200. Describing the lake as “a little bit mysterious,” she said the team isn’t sure what the actual number will be, or what else they might find during the dredging process.
Other aspects of the Lake LaVerne restoration project include reshaping its north shore for a new pathway and seating areas, which is in the process of being dug out, Strawhacker said, and west shore improvements to include a bridge and amphitheater, still in the design phase.

 Swans to return
Lake LaVerne has been home to a pair of swans since the 1930s, always called Lancelot and Elaine, although at least some of the pairs have been female. The tradition ended when one of the swans died in 2022 and the other was sent to a new home. The plan is to introduce a new pair after the restoration.

“We actually had a course do some work before we did the actual design, they did some surveys with students and found that most people really pass by the lake, they don’t sit and enjoy the lake that much,” Strawhacker said. “So the plan is to create these spaces where people can come and spend time and appreciate the lake.”
Once the project is complete, the lake will be restocked with fish and two new swans will call it their home. As for their hopes for Lake LaVerne’s future, Strawhacker said he’s interested to see how students and community members will want to engage with the spaces they will have created around it and make memories on campus they’ll carry forever.
An ISU alum herself, Vorthmann said she would have responded to the survey the same as many students, that she walked by the lake without ever really stopping to enjoy it. She said she’s excited to see the lake area used for more than just a path to the Memorial Union.
“It is almost like a little oasis on campus, where there’s water, there’s these very big old mature trees, some more wildlife,” Vorthmann said. “I just look forward to seeing that on campus, because it’s a unique feature.”
SUPPORT: YOU MAKE OUR WORK POSSIBLE",https://iowacapitaldispatch.com/wp-content/uploads/2026/07/lake-laverne-1024x768.jpg,,,2026-07-04 09:56:37.010543
,Mississippi Today,2026-07-04 13:00:00+00:00,Mississippi Today,"This summer’s ‘dead zone’ in the Gulf will be larger than average, but task force claims progress is being made","Héctor Alejandro Arzate, Mississippi Ag & Water Desk",,,,,https://mississippitoday.org/2026/07/04/dead-zone-gulf-of-mexico-summer/,"The Mississippi River watershed flows across more than 40% of the continental United States, which includes agricultural, natural and developed land. Each year, an excess of nutrient pollution from agricultural industries and urban areas creates a dead zone in the Gulf of Mexico.","Audio recording is automated for accessibility. Humans wrote and edited the story.
The National Oceanic and Atmospheric Administration expects a so-called “dead zone” roughly the size of New Jersey to develop in the Gulf of Mexico this summer.
Also known as a hypoxic zone, a reference to the low-oxygen conditions that kill fish and marine life, this year’s measurement is expected to cover more than 7,000 square miles.  Although that forecast falls below the record size of nearly 8,800 square miles in 2017, it is higher than the four-decade average of just over 5,200 square miles.
“The trend has been one of growth mostly since they started measuring it,” said Doug Daigle, a research associate at Louisiana State University and coordinator of the Louisiana Hypoxia Working Group of researchers, government agencies and other stakeholders focused on the issue.
As a researcher with years of experience working on the Gulf’s dead zone, Daigle said it’s important to focus on the overall goal to reduce the size of the dead zone. 
“We don’t get too hung up on any particular year because what we’re interested in is affecting the trend over time,” Daigle said.
That’s a goal shared by the Environmental Protection Agency’s Mississippi River/Gulf of America Hypoxia Task Force, a cooperative of federal, state and tribal agencies. Currently, the group is working to shrink the deadzone to 1,900 square miles — or 5,000 square kilometers — by 2035.  
The annual dead zone forms due to an overabundance of nutrient pollution, such as nitrates and phosphorus, that is caused primarily by agricultural industries and urban areas throughout the Mississippi and Atchafalaya rivers. This excess in nutrients then causes algae to overgrow, die, decompose and then deplete oxygen in the surrounding waters. 
With little to no oxygen, fish populations in the Gulf sharply decline, along with those of shellfish, coral and aquatic plants. As a result, both the seafood and tourism industries have suffered critical losses.
The Mississippi River meets the Gulf of Mexico. For 2026, the National Oceanic and Atmospheric Administration forecasts that nutrient pollution from the river will create a low-oxygen deadzone covering more than 7,000 square miles in the Gulf.  Credit: La’Shance Perry/The Lens. Aerial support provided by SouthWings
“So it not only has ecological and environmental impacts, it has economic impacts as well,” said Kelly McGinnis, executive director of One Mississippi, a national nonprofit that works on conserving and restoring the river.
But along with the levels of discharge, Daigle said each year’s measurements can be affected by climate conditions such as drought, flooding or rainfall. If the forecast is high, he said that usually means there’s been rain or flooding upstream.
“And then when you have the dry periods, it’s less, but a lot of those nutrients will get flushed out later,” Daigle said.
While changing weather can affect the annual results, the work toward reducing the size of the dead zone appears to be progressing, Mike Naig, the secretary of agriculture for Iowa and co-chair of the Mississippi River/Gulf of America Hypoxia Task Force, said in a mid-June press release. The task force  announced then that it had achieved its interim goal of reducing pollution from the Mississippi and Atchafalaya rivers into the Gulf by 20%. 
According to the group, that’s likely a result of states in the basin — such as Missouri, Illinois and Wisconsin — implementing their own nutrient reduction programs. 
“State-driven, science-based strategies and local partnerships are critical to continue scaling up conservation practices, accelerating implementation and delivering measurable results,” said Naig in the press release.
Each year, NOAA uses multiple models and datasets, such as the U.S. Geological Survey’s, to track nutrient levels, which help to inform its hypoxia forecast model and identify sources. In turn, the members of the task force use the data to support their states’ nutrient reduction strategies and the overall goal for the Mississippi River and the Gulf of Mexico. Meanwhile, researchers have also conducted a cruise survey for over four decades to compare dead zone predictions in the Gulf.
The Gulf of Mexico dead zone and Mississippi River Delta are seen by satellite south of Louisiana in 2017.  Credit: National Ocean Service, National Oceanic and Atmospheric Administration
Despite the many years of collaborative efforts, Daigle does not expect the dead zone to disappear completely. Yet, he is concerned about the future of hypoxia reduction programs both in the Mississippi River and in the Gulf downstream. 
“What a lot of folks don’t realize is that it’s never really gotten the resources adequate to reverse the trend,” he said.
As such, Daigle’s Louisiana Hypoxia Working Group — along with 62 other organizations in agriculture and conservation — signed a letter last December to ask Congress to support their efforts. Previously, lawmakers authorized funding for fiscal years 2022 through 2026 for the EPA to implement its hypoxia program in the Gulf. Without future funding secured, advocates like McGinnis said the reduction goal for 2035 seems “highly unattainable.”
“I want the federal government to be successful in reaching that goal,” she said, “but it is hard to see the pathways that will lead to it.”
This story is a product of the Mississippi River Basin Ag & Water Desk, an independent reporting network based at the University of Missouri in partnership with Report for America, with major funding from the Walton Family Foundation.",https://cdn.mississippitoday.org/uploads/2026/06/29091434/Hypoxia-26-map.jpg,,,2026-07-04 09:56:37.010543
,Nevada Current,2026-07-04 11:03:01+00:00,Nevada Current,"‘What, to the American slave, is your Fourth of July?’",Frederick Douglass,,,,,https://nevadacurrent.com/2026/07/04/what-to-the-american-slave-is-your-fourth-of-july/,"Editor’s note: It is a tradition at the Nevada Current that each Fourth of July we publish excerpts from the famous speech delivered by Frederick Douglass in Rochester, New York, on July 5, 1852. The optimism Douglass expresses and his praise of the “great principles” of the Declaration of Independence are perhaps particularly noteworthy as […]","A tourist inspects a display entitled 'The Dirty Business of Slavery' at the President's House on August 9, 2025 in Philadelphia. (Photo by Matthew Hatcher/Getty Images)Editor’s note: It is a tradition at the Nevada Current that each Fourth of July we publish excerpts from the famous speech delivered by Frederick Douglass in Rochester, New York, on July 5, 1852. The optimism Douglass expresses and his praise of the “great principles” of the Declaration of Independence are perhaps particularly noteworthy as the nation observes the 250th anniversary of that document’s adoption.
…Fellow-citizens, pardon me, allow me to ask, why am I called upon to speak here to-day? What have I, or those I represent, to do with your national independence? Are the great principles of political freedom and of natural justice, embodied in that Declaration of Independence, extended to us? and am I, therefore, called upon to bring our humble offering to the national altar, and to confess the benefits and express devout gratitude for the blessings resulting from your independence to us?
Would to God, both for your sakes and ours, that an affirmative answer could be truthfully returned to these questions! Then would my task be light, and my burden easy and delightful.
…But, such is not the state of the case. I say it with a sad sense of the disparity between us. I am not included within the pale of this glorious anniversary! Your high independence only reveals the immeasurable distance between us. The blessings in which you, this day, rejoice, are not enjoyed in common. — The rich inheritance of justice, liberty, prosperity and independence, bequeathed by your fathers, is shared by you, not by me… This Fourth of July is yours, not mine…
…My subject, then fellow-citizens, is AMERICAN SLAVERY. I shall see, this day, and its popular characteristics, from the slave’s point of view. Standing, there, identified with the American bondman, making his wrongs mine, I do not hesitate to declare, with all my soul, that the character and conduct of this nation never looked blacker to me than on this 4th of July! Whether we turn to the declarations of the past, or to the professions of the present, the conduct of the nation seems equally hideous and revolting. America is false to the past, false to the present, and solemnly binds herself to be false to the future. Standing with God and the crushed and bleeding slave on this occasion, I will, in the name of humanity which is outraged, in the name of liberty which is fettered, in the name of the constitution and the Bible, which are disregarded and trampled upon, dare to call in question and to denounce, with all the emphasis I can command, everything that serves to perpetuate slavery — the great sin and shame of America! “I will not equivocate; I will not excuse;” I will use the severest language I can command; and yet not one word shall escape me that any man, whose judgment is not blinded by prejudice, or who is not at heart a slaveholder, shall not confess to be right and just.
But I fancy I hear some one of my audience say, it is just in this circumstance that you and your brother abolitionists fail to make a favorable impression on the public mind. Would you argue more, and denounce less, would you persuade more, and rebuke less, your cause would be much more likely to succeed. But, I submit, where all is plain there is nothing to be argued. What point in the anti-slavery creed would you have me argue? On what branch of the subject do the people of this country need light?
…At a time like this, scorching irony, not convincing argument, is needed. O! had I the ability, and could I reach the nation’s ear, I would, to-day, pour out a fiery stream of biting ridicule, blasting reproach, withering sarcasm, and stern rebuke. For it is not light that is needed, but fire; it is not the gentle shower, but thunder. We need the storm, the whirlwind, and the earthquake. The feeling of the nation must be quickened; the conscience of the nation must be roused; the propriety of the nation must be startled; the hypocrisy of the nation must be exposed; and its crimes against God and man must be proclaimed and denounced.



Quotation







There is not a nation on the earth guilty of practices, more shocking and bloody, than are the people of these United States, at this very hour.


What, to the American slave, is your 4th of July? I answer: a day that reveals to him, more than all other days in the year, the gross injustice and cruelty to which he is the constant victim. To him, your celebration is a sham; your boasted liberty, an unholy license; your national greatness, swelling vanity; your sounds of rejoicing are empty and heartless; your denunciations of tyrants, brass fronted impudence; your shouts of liberty and equality, hollow mockery; your prayers and hymns, your sermons and thanksgivings, with all your religious parade, and solemnity, are, to him, mere bombast, fraud, deception, impiety, and hypocrisy — a thin veil to cover up crimes which would disgrace a nation of savages. There is not a nation on the earth guilty of practices, more shocking and bloody, than are the people of these United States, at this very hour.
Go where you may, search where you will, roam through all the monarchies and despotisms of the old world, travel through South America, search out every abuse, and when you have found the last, lay your facts by the side of the everyday practices of this nation, and you will say with me, that, for revolting barbarity and shameless hypocrisy, America reigns without a rival.
***
…the church of this country is not only indifferent to the wrongs of the slave, it actually takes sides with the oppressors. It has made itself the bulwark of American slavery, and the shield of American slave-hunters. Many of its most eloquent Divines. who stand as the very lights of the church, have shamelessly given the sanction of religion and the Bible to the whole slave system. They have taught that man may, properly, be a slave; that the relation of master and slave is ordained of God; that to send back an escaped bondman to his master is clearly the duty of all the followers of the Lord Jesus Christ; and this horrible blasphemy is palmed off upon the world for Christianity.
For my part, I would say, welcome infidelity! welcome atheism! welcome anything! in preference to the gospel, as preached by those Divines! They convert the very name of religion into an engine of tyranny, and barbarous cruelty, and serve to confirm more infidels, in this age, than all the infidel writings of Thomas Paine, Voltaire, and Bolingbroke, put together, have done! These ministers make religion a cold and flinty-hearted thing, having neither principles of right action, nor bowels of compassion. They strip the love of God of its beauty, and leave the throng of religion a huge, horrible, repulsive form. It is a religion for oppressors, tyrants, man-stealers, and thugs. It is not that “pure and undefiled religion” which is from above, and which is “first pure, then peaceable, easy to be entreated, full of mercy and good fruits, without partiality, and without hypocrisy.” But a religion which favors the rich against the poor; which exalts the proud above the humble; which divides mankind into two classes, tyrants and slaves; which says to the man in chains, stay there; and to the oppressor, oppress on; it is a religion which may be professed and enjoyed by all the robbers and enslavers of mankind; it makes God a respecter of persons, denies his fatherhood of the race, and tramples in the dust the great truth of the brotherhood of man…
***
Americans! your republican politics, not less than your republican religion, are flagrantly inconsistent. You boast of your love of liberty, your superior civilization, and your pure Christianity, while the whole political power of the nation (as embodied in the two great political parties), is solemnly pledged to support and perpetuate the enslavement of three millions of your countrymen. You hurl your anathemas at the crowned headed tyrants of Russia and Austria, and pride yourselves on your Democratic institutions, while you yourselves consent to be the mere tools and body-guards of the tyrants of Virginia and Carolina. You invite to your shores fugitives of oppression from abroad, honor them with banquets, greet them with ovations, cheer them, toast them, salute them, protect them, and pour out your money to them like water; but the fugitives from your own land you advertise, hunt, arrest, shoot and kill. You glory in your refinement and your universal education yet you maintain a system as barbarous and dreadful as ever stained the character of a nation — a system begun in avarice, supported in pride, and perpetuated in cruelty. You shed tears over fallen Hungary, and make the sad story of her wrongs the theme of your poets, statesmen and orators, till your gallant sons are ready to fly to arms to vindicate her cause against her oppressors; but, in regard to the ten thousand wrongs of the American slave, you would enforce the strictest silence, and would hail him as an enemy of the nation who dares to make those wrongs the subject of public discourse! You are all on fire at the mention of liberty for France or for Ireland; but are as cold as an iceberg at the thought of liberty for the enslaved of America. You discourse eloquently on the dignity of labor; yet, you sustain a system which, in its very essence, casts a stigma upon labor. You can bare your bosom to the storm of British artillery to throw off a threepenny tax on tea; and yet wring the last hard-earned farthing from the grasp of the black laborers of your country. You profess to believe “that, of one blood, God made all nations of men to dwell on the face of all the earth,” and hath commanded all men, everywhere to love one another; yet you notoriously hate, (and glory in your hatred), all men whose skins are not colored like your own. You declare, before the world, and are understood by the world to declare, that you “hold these truths to be self evident, that all men are created equal; and are endowed by their Creator with certain inalienable rights; and that, among these are, life, liberty, and the pursuit of happiness;” and yet, you hold securely, in a bondage which, according to your own Thomas Jefferson, “is worse than ages of that which your fathers rose in rebellion to oppose,” a seventh part of the inhabitants of your country.
Fellow-citizens! I will not enlarge further on your national inconsistencies. The existence of slavery in this country brands your republicanism as a sham, your humanity as a base pretence, and your Christianity as a lie. It destroys your moral power abroad; it corrupts your politicians at home. It saps the foundation of religion; it makes your name a hissing, and a bye-word to a mocking earth. It is the antagonistic force in your government, the only thing that seriously disturbs and endangers your Union. It fetters your progress; it is the enemy of improvement, the deadly foe of education; it fosters pride; it breeds insolence; it promotes vice; it shelters crime; it is a curse to the earth that supports it; and yet, you cling to it…
***
…Allow me to say, in conclusion, notwithstanding the dark picture I have this day presented of the state of the nation, I do not despair of this country. There are forces in operation, which must inevitably work the downfall of slavery. “The arm of the Lord is not shortened,” and the doom of slavery is certain. I, therefore, leave off where I began, with hope. While drawing encouragement from the Declaration of Independence, the great principles it contains, and the genius of American Institutions, my spirit is also cheered by the obvious tendencies of the age. Nations do not now stand in the same relation to each other that they did ages ago. No nation can now shut itself up from the surrounding world, and trot round in the same old path of its fathers without interference. The time was when such could be done. Long established customs of hurtful character could formerly fence themselves in, and do their evil work with social impunity. Knowledge was then confined and enjoyed by the privileged few, and the multitude walked on in mental darkness. But a change has now come over the affairs of mankind. Walled cities and empires have become unfashionable. The arm of commerce has borne away the gates of the strong city. Intelligence is penetrating the darkest corners of the globe. It makes its pathway over and under the sea, as well as on the earth. Wind, steam, and lightning are its chartered agents. Oceans no longer divide, but link nations together. From Boston to London is now a holiday excursion. Space is comparatively annihilated. Thoughts expressed on one side of the Atlantic, are distinctly heard on the other. The far off and almost fabulous Pacific rolls in grandeur at our feet. The Celestial Empire, the mystery of ages, is being solved. The fiat of the Almighty, “Let there be Light,” has not yet spent its force. No abuse, no outrage whether in taste, sport or avarice, can now hide itself from the all-pervading light…",https://nevadacurrent.com/wp-content/uploads/2026/02/slavery-exhibit-philly-1-1024x661-1.jpeg,,,2026-07-04 07:57:00.930017
,Utah News Dispatch,2026-07-04 11:02:55+00:00,Utah News Dispatch,"For America 250, University of Utah library showcases ‘The Many Voices of Democracy’",Katie McKellar,,,,,https://utahnewsdispatch.com/briefs/america-250-university-of-utah-library-exhibit-voices-of-democracy/,"As part of celebrations of the 250th anniversary of the signing of the Declaration of Independence this Fourth of July, a library at the University of Utah has a new exhibit showcasing collections of cultural stories intertwined in the country’s history and how they gave rise to democracy.  The exhibit, called “America in the Archive: […]","A reproduction of the Declaration of Independence is on display as part of an exhibit titled ""America in the Archive: The Many Voices of Democracy"" at the University of Utah J. Willard Marriott Library in Salt Lake City, Utah until Sept. 9, 2026. (Photo courtesy of the University of Utah J. Willard Marriott Library)As part of celebrations of the 250th anniversary of the signing of the Declaration of Independence this Fourth of July, a library at the University of Utah has a new exhibit showcasing collections of cultural stories intertwined in the country’s history and how they gave rise to democracy. 
The exhibit, called “America in the Archive: The Many Voices of Democracy” will be on display at the University of Utah J. Willard Marriott Library, on the fourth floor gallery, until Sept. 9. It was curated by Rachel Ernst, special collections reference librarian, and Amanda Hurtado, special collections program manager. 
At the exhibit, “discover the layered history of democracy in America through the voices and stories of the people who were instrumental in helping to create democracy and essential to preserving it in our present and future,” reads a description of the exhibit on the library’s website, while noting it will “explore American history with a particular focus on Utah and the Intermountain West.” 
It promises to lay out the nation’s history not as a straight line, but as a web of stories from different peoples and beliefs, and pointing to gaps in the record. 
SUBSCRIBE: GET THE MORNING HEADLINES DELIVERED TO YOUR INBOX.
In a news release issued Monday, curators said that one of the “unique challenges encountered” while creating the exhibit was how to use “archival materials that are geographically specific to the American West and temporally distant from the historical event in question.” 
“Consider the fact that the University of Utah was founded in 1850, but Utah Territory did not become a state until 1896 — both well after the 1776 signing and the revolution,” curators said in the news release. “This historical distance required us to think more broadly about the American Revolution and how its repercussions rippled across the continent.” 
The display starts with a reproduction of the Declaration of Independence from Peter Force’s multi-volume “American Archives” of historical records. It then “moves viewers through time, beginning with the indigenous people and histories that long predate the European colonization of this continent,” curators said. 
“Viewers then examine the philosophers and thinkers who laid the groundwork for American democracy, and the historical events that brought colonists and settlers ever westward as cartographic boundaries shifted and changed,” curators said. 
The exhibit is free and open to the public. The library’s hours vary, so check its website for access before you go. 
Exhibition tours with a curator are also available upon request. To request one, email rachel.ernst@utah.edu. 
Looking for other ways to celebrate America 250? Visit America250.utah.gov to find an event in your community. 
SUPPORT: YOU MAKE OUR WORK POSSIBLE",https://utahnewsdispatch.com/wp-content/uploads/2026/07/Constitution-891-1-1024x683.jpeg,,,2026-07-04 07:57:00.930017
,Nevada Current,2026-07-04 11:00:49+00:00,Nevada Current,The Declaration of Independence,The Second Continental Congress,,,,,https://nevadacurrent.com/2026/07/04/the-declaration-of-independence/,"The following is a National Archives transcript of the Declaration of Independence unanimously adopted by the Second Continental Congress: In Congress, July 4, 1776 The unanimous Declaration of the thirteen united States of America When in the Course of human events, it becomes necessary for one people to dissolve the political bands which have connected […]","Parchment of the actual Declaration of Independence. (National Archives photo)The following is a National Archives transcript of the Declaration of Independence unanimously adopted by the Second Continental Congress:
In Congress, July 4, 1776
The unanimous Declaration of the thirteen united States of America
When in the Course of human events, it becomes necessary for one people to dissolve the political bands which have connected them with another, and to assume among the powers of the earth, the separate and equal station to which the Laws of Nature and of Nature’s God entitle them, a decent respect to the opinions of mankind requires that they should declare the causes which impel them to the separation.
We hold these truths to be self-evident, that all men are created equal, that they are endowed by their Creator with certain unalienable Rights, that among these are Life, Liberty and the pursuit of Happiness.–That to secure these rights, Governments are instituted among Men, deriving their just powers from the consent of the governed, –That whenever any Form of Government becomes destructive of these ends, it is the Right of the People to alter or to abolish it, and to institute new Government, laying its foundation on such principles and organizing its powers in such form, as to them shall seem most likely to effect their Safety and Happiness. Prudence, indeed, will dictate that Governments long established should not be changed for light and transient causes; and accordingly all experience hath shewn, that mankind are more disposed to suffer, while evils are sufferable, than to right themselves by abolishing the forms to which they are accustomed. But when a long train of abuses and usurpations, pursuing invariably the same Object evinces a design to reduce them under absolute Despotism, it is their right, it is their duty, to throw off such Government, and to provide new Guards for their future security.–Such has been the patient sufferance of these Colonies; and such is now the necessity which constrains them to alter their former Systems of Government. The history of the present King of Great Britain is a history of repeated injuries and usurpations, all having in direct object the establishment of an absolute Tyranny over these States. To prove this, let Facts be submitted to a candid world.

He has refused his Assent to Laws, the most wholesome and necessary for the public good.
He has forbidden his Governors to pass Laws of immediate and pressing importance, unless suspended in their operation till his Assent should be obtained; and when so suspended, he has utterly neglected to attend to them.
He has refused to pass other Laws for the accommodation of large districts of people, unless those people would relinquish the right of Representation in the Legislature, a right inestimable to them and formidable to tyrants only.
He has called together legislative bodies at places unusual, uncomfortable, and distant from the depository of their public Records, for the sole purpose of fatiguing them into compliance with his measures.
He has dissolved Representative Houses repeatedly, for opposing with manly firmness his invasions on the rights of the people.
He has refused for a long time, after such dissolutions, to cause others to be elected; whereby the Legislative powers, incapable of Annihilation, have returned to the People at large for their exercise; the State remaining in the mean time exposed to all the dangers of invasion from without, and convulsions within.
He has endeavoured to prevent the population of these States; for that purpose obstructing the Laws for Naturalization of Foreigners; refusing to pass others to encourage their migrations hither, and raising the conditions of new Appropriations of Lands.
He has obstructed the Administration of Justice, by refusing his Assent to Laws for establishing Judiciary powers.
He has made Judges dependent on his Will alone, for the tenure of their offices, and the amount and payment of their salaries.
He has erected a multitude of New Offices, and sent hither swarms of Officers to harrass our people, and eat out their substance.
He has kept among us, in times of peace, Standing Armies without the Consent of our legislatures.
He has affected to render the Military independent of and superior to the Civil power.
He has combined with others to subject us to a jurisdiction foreign to our constitution, and unacknowledged by our laws; giving his Assent to their Acts of pretended Legislation:
For Quartering large bodies of armed troops among us:
For protecting them, by a mock Trial, from punishment for any Murders which they should commit on the Inhabitants of these States:
For cutting off our Trade with all parts of the world:
For imposing Taxes on us without our Consent:
For depriving us in many cases, of the benefits of Trial by Jury:
For transporting us beyond Seas to be tried for pretended offences:
For abolishing the free System of English Laws in a neighbouring Province, establishing therein an Arbitrary government, and enlarging its Boundaries so as to render it at once an example and fit instrument for introducing the same absolute rule into these Colonies:
For taking away our Charters, abolishing our most valuable Laws, and altering fundamentally the Forms of our Governments:
For suspending our own Legislatures, and declaring themselves invested with power to legislate for us in all cases whatsoever.
He has abdicated Government here, by declaring us out of his Protection and waging War against us.
He has plundered our seas, ravaged our Coasts, burnt our towns, and destroyed the lives of our people.
He is at this time transporting large Armies of foreign Mercenaries to compleat the works of death, desolation and tyranny, already begun with circumstances of Cruelty & perfidy scarcely paralleled in the most barbarous ages, and totally unworthy the Head of a civilized nation.
He has constrained our fellow Citizens taken Captive on the high Seas to bear Arms against their Country, to become the executioners of their friends and Brethren, or to fall themselves by their Hands.
He has excited domestic insurrections amongst us, and has endeavoured to bring on the inhabitants of our frontiers, the merciless Indian Savages, whose known rule of warfare, is an undistinguished destruction of all ages, sexes and conditions.

In every stage of these Oppressions We have Petitioned for Redress in the most humble terms: Our repeated Petitions have been answered only by repeated injury. A Prince, whose character is thus marked by every act which may define a Tyrant, is unfit to be the ruler of a free people.
Nor have We been wanting in attentions to our Brittish brethren. We have warned them from time to time of attempts by their legislature to extend an unwarrantable jurisdiction over us. We have reminded them of the circumstances of our emigration and settlement here. We have appealed to their native justice and magnanimity, and we have conjured them by the ties of our common kindred to disavow these usurpations, which, would inevitably interrupt our connections and correspondence. They too have been deaf to the voice of justice and of consanguinity. We must, therefore, acquiesce in the necessity, which denounces our Separation, and hold them, as we hold the rest of mankind, Enemies in War, in Peace Friends.
We, therefore, the Representatives of the united States of America, in General Congress, Assembled, appealing to the Supreme Judge of the world for the rectitude of our intentions, do, in the Name, and by Authority of the good People of these Colonies, solemnly publish and declare, That these United Colonies are, and of Right ought to be Free and Independent States; that they are Absolved from all Allegiance to the British Crown, and that all political connection between them and the State of Great Britain, is and ought to be totally dissolved; and that as Free and Independent States, they have full Power to levy War, conclude Peace, contract Alliances, establish Commerce, and to do all other Acts and Things which Independent States may of right do. And for the support of this Declaration, with a firm reliance on the protection of divine Providence, we mutually pledge to each other our Lives, our Fortunes and our sacred Honor.",https://nevadacurrent.com/wp-content/uploads/2026/07/Declaration_Pg1of1_AC-scaled-e1783015928157-1024x557.jpg,,,2026-07-04 07:57:00.930017
,Mississippi Today,2026-07-04 11:00:00+00:00,Mississippi Today,Sweet as Kickapoo Honey: Civil engineer finds harmony as a beekeeper,Vickie D. King,,,,,https://mississippitoday.org/2026/07/04/kickapoo-honey-engineer-beekeeper/,"Kickapoo Honey owner Mauricka McKenzie at his farm where the zinnias and other wildflowers he planted for his honey bees are in full bloom, Friday, June 12, 2026, in Clinton.","Audio recording is automated for accessibility. Humans wrote and edited the story.
CLINTON – Mauricka McKenzie didn’t grow up imagining he’d become a beekeeper one day.
By profession, he is a civil engineer and president of Cornerstone Engineering, LLC, in Clinton.
“I love it so much out here,” Mauricka McKenzie said about his honey bees at Kickapoo Honey on Friday, June 12, 2026, in Clinton. “Sometimes, I just come out here, sit and talk to my bees.” Credit: Vickie D. King/Mississippi Today
His path to beekeeping began in one of those subtle, unexpected ways: as a casual, out-of-the-blue suggestion from a friend after McKenzie purchased acreage along Kickapoo Road in rural Clinton that was once a pecan orchard. 
“I thought, ‘I’ll rejuvenate this pecan farm.’ Sell pecans,’” McKenzie said. “But Mother Nature had other ideas. Those trees just weren’t producing like I knew they could. One day, a friend of mine said, ’Get you some honey bees.’” 
For McKenzie, that planted a seed. 
“I liked the idea of it,” said McKenzie. “Honey bees.” 
Even now, the thought of those first inklings makes him smile. And Kickapoo Honey was born.
“So I started doing the research. I learned about types of honey bees, cross-pollination, which flowers attract bees and the honey they produce. My bees are Italian honey bees. They’re gentle and famously industrious,” he explained. “They’re known for their calm temperament and steady honey production. Ideal for Mississippi’s long, warm seasons.”
Kickapoo Honey worker bees deconstruct a damaged queen cell containing new queen larvae, Friday, June 12, 2026, in Clinton. Credit: Vickie D. King/Mississippi Today
“My first year, I started with two nucs, consisting of a queen and ten thousand bees,” McKenzie said. “My bees did pretty good and I realized how much I loved being out here. They fascinate me and I admit, I’ve become a bit obsessed. I also planted a couple of acres of wildflowers and white clover.”
Nucs, pronounced “nukes,” is short for nucleus colonies of bees. They are “starter” beehives and are the most popular way for people to begin their journey into beekeeping. Italian honey bees, like McKenzie’s, have been prized in American apiaries since the 1850s.
By year two, McKenzie had grown his apiary, a bee yard, to six nucs and had successfully caught two swarms, producing 10-15 gallons of honey. However, disaster struck in his third year. Mites decimated nearly half his hives. 
“That was unexpected and kind of scary, and I knew I had to do more research,” he said. “I learned a lot online and from other beekeepers like Mack Busby in Soso. He’s been a beekeeper for ages. I treated my bees, saving those the mites hadn’t reached.” 
Beekeepers treat their bees against mites using miticides – organic acids such as formic acid and oxalic acid, or synthetic chemicals used in vaporizers. A popular, nontoxic method is dusting bees with powdered sugar. Bees groom themselves and other bees. Powdered sugar compels bees to groom, which rids them of mites before the mites can attach.
An Italian honey bee from Kickapoo Honey gathers pollen and nectar from a white clover blossom, Friday, June 12, 2026, in Clinton. Kickapoo Honey’s spring honey is produced by honey bees gathering pollen and nectar from white clover. Credit: Vickie D. King/Mississippi Today
Out at his farm, McKenzie spotted a swarm trap he’d placed in a nearby tree, covered in hundreds of honey bees. He explained how he traps wild bees or bees that have swarmed from his own hives by tricking them.
“See all these bees on the outside of the trap? That tells me the box is full and it’s time to move these bees to a hive,” he said. “For the trap, what I do is soak a cotton ball with lemongrass oil. It smells similar to a queen bee’s pheromone. A scout bee picks up the scent and alerts other bees to my box.”
He donned a beekeeper’s suit and ignited the contents of his smoker before heading to the hives. McKenzie took a moment to survey his hives, watching his honey bees zip to and fro to gather pollen and nectar before returning to the hives. 
“The smoke doesn’t hurt them,” McKenzie said. “It just blocks their pheromone signals to attack. They’ll tell you what they need if you pay attention.”
Kickapoo Honey’s fall honey, left, and spring honey from white clover are shown Friday, June 12, 2026, in Clinton. Credit: Vickie D. King/Mississippi Today
He checked on a frame covered in bees and honey.
“Sometimes, I come out here and just sit and talk with them. It’s calming listening to them, their rhythmic hum. And their honey boosts immune systems by providing antioxidants. You know, a lot can be learned from that hive mentality. It teaches how to work together for a common goal, for the good of the family.”
This bear of a man doused his smoker, and sat on a bucket watching as his tiny honey bees covered his outstretched, gloved hand. 
“You see, they don’t panic. They just work,” McKenzie beamed. “They love the white clover I planted out here, and they make the most delicious raw spring honey. My busy li’l bees turn fall wildflowers into a darker, richer honey, but the spring honey is my favorite and really popular with customers.” 
This is the honey that is building Kickapoo Honey’s reputation: clean, light and unmistakably tied to the land.
Contact Kickapoo Honey: 600 E. Northside Drive, Clinton. The honey store is open 8 a.m.-5 p.m. Monday-Friday. Before you go, call to be certain someone is at the store: 601-946-4450.
“All these bees on the outside of my bait box tells me the box is full and it’s time to relocate these bees to a hive,” said Kickapoo Honey owner Mauricka McKenzie, Friday, June 12, 2026, in Clinton. Credit: Vickie D. King/Mississippi Today
Kickapoo Honey owner Mauricka McKenzie shares bee ambrosia or bee bread, a mixture of pollen, honey and bee digestive enzymes with a worker bee, Friday, June 12, 2026, in Clinton. Credit: Vickie D. King/Mississippi Today
Kickapoo Honey owner Mauricka McKenzie discovers multiple queen cells, (the tan, nut-like structures), in one of his hives. The queen cells are a sign that the current queen is old and not producing as many eggs as she once did. The yellow substance on the tool is bee ambrosia or bee bread, a mixture of pollen, honey and bee digestive enzymes. It is used to feed larvae and young worker bees, Friday, June 12, 2026, in Clinton. Credit: Vickie D. King/Mississippi Today
A curious drone bee, right, noses around a damaged queen cell containing new queen larvae, Friday, June 12, 2026, in Clinton. Credit: Vickie D. King/Mississippi Today
A cotton ball soaked with lemongrass essential oil attracted these wild honey bees to a swarm trap or bait box. The scented oil mimics pheromones released by scout bees that will attract the rest of the colony to the trap location, Friday, June 12, 2026, in Clinton. Credit: Vickie D. King/Mississippi Today
Kickapoo Honey worker bee gathers pollen from a white clover blossom, Friday, June 12, 2026, in Clinton. Kickapoo Honey’s spring honey is produced by honey bees gathering pollen and nectar from white clover. Credit: Vickie D. King/Mississippi Today
Kickapoo Honey owner Mauricka McKenzie uses a smoker at one of his hives effectively masking the warning signals from guard bees to attack a perceived threat to the hive, Friday, June 12, 2026, in Clinton. Credit: Vickie D. King/Mississippi Today
A smoker is used to mask warning signals from guard bees to attack a perceived threat to the hive, Friday, June 12, 2026, in Clinton. Credit: Vickie D. King/Mississippi Today
Kickapoo Honey owner Mauricka McKenzie pulls a frame from a hive to check on his bees, Friday, June 12, 2026, in Clinton. Credit: Vickie D. King/Mississippi Today
Italian honey bees tend to cells in their hive at Kickapoo Honey, Friday, June 12 2026, in Clinton. Credit: Vickie D. King/Mississippi Today
Kickapoo Honey owner Mauricka McKenzie shows a frame of honey bees pulled from one of his bee hives, Friday, June 12, 2026, in Clinton. Credit: Vickie D. King/Mississippi Today
Kickapoo Honey owner Mauricka McKenzie scrapes away old honeycomb because over time, beeswax degrades and exposes the hive to toxins and diseases, Friday, June 12, 2026, in Clinton. Credit: Vickie D. King/Mississippi Today",https://cdn.mississippitoday.org/uploads/2026/06/21221958/Kickapoo-honey-8.jpg,,,2026-07-04 07:57:00.930017
,WyoFile,2026-07-04 10:22:00+00:00,WyoFile,Wyoming women and America’s ever-evolving democracy,Tennessee Watson,,,,,https://wyofile.com/state-of-equality-wyoming-women-and-americas-ever-evolving-democracy/,"

As America celebrates its 250th anniversary, WyoFile will examine the degree to which Wyoming lives up to its moniker as the Equality State.
The post Wyoming women and America’s ever-evolving democracy appeared first on WyoFile .","I’m ashamed to say I had no idea Wyoming was the first state to grant women the right to vote until I moved here in 2016. Ashamed because women’s history and the suffrage movement were a huge part of my upbringing. 
Lou Daniels, my great-great-aunt, was a suffragist who traveled multiple times from her home in Vermont to protests in Washington, D.C., calling for the passage of the 19th Amendment. She was arrested repeatedly and went on a hunger strike in 1917 with other jailed suffragists. They’re remembered as the Iron Jawed Angels for that act of civil disobedience. Without the right to vote, Aunt Lou refused to pay her taxes and painted “A Square Deal, Votes for Vermont Women” in large white letters on the side of her home. 

Tennessee Watson and her father Bill Watson with the historic marker honoring Lou Daniels’ contributions to the suffrage movement in the front yard of the family home in Grafton, VT. (Tricia Suriani for Bill Watson)

I also spent a good portion of my childhood in Seneca Falls, New York, the site of the first Women’s Rights Convention in July 1848, which culminated with the signing of the Declaration of Sentiments. The document, authored by Elizabeth Cady Stanton, mimicked the Declaration of Independence, with the addition of the rights of women. 
And my most constant reminder of the fight for women’s suffrage is my namesake — Tennessee Claflin, a prominent activist in the late 19th-century women’s movement. Her sister, Victoria Woodhull, was the first woman to run for president — and she did so before women had the right to vote. 
If I grew up steeped in the movement for women’s suffrage from birth, yet missed Wyoming’s important role in that story, I’m likely not the only one. I take that as motivation to more deeply explore and amplify the Equality State’s contribution to the evolution of American governance for the people and by the people. Who this nation considers a person has expanded since its founding because of the tenacious efforts of activists committed to the ideals laid forth in the Declaration of Independence — that we are all endowed with certain inalienable rights. 
Over the next few months, as a part of the ongoing celebration of the anniversary of America’s founding, WyoFile’s project — “America at 250: State of Equality” — will examine, through a series of articles and public events, Wyoming’s historic role as the Equality State and the degree to which it lives up to the moniker. 
What’s in a name?
Wyoming is known as the Equality State because women here were the first in the nation to secure the right to vote, serve on juries and hold public office. Wyoming’s territorial legislature granted these rights in 1869, 21 years before statehood and a full half-century before the nation’s ratification of the 19th Amendment. 
Wyoming was also the first state to elect a female governor, Nellie Tayloe Ross, in 1924.
This remarkable history is cause for celebration as well as curiosity. When Wyoming women first exercised their new right to vote on Sept. 6, 1870, were all women included? 
While the election marked the first time in U.S. history that Black women voted, as historian Jennifer Helton wrote on WyoHistory.org, the lack of voter records from this election leaves questions about who they were and their experience going to the polls. The history of white women’s first vote is more prominently preserved. 
“It is important to note that while this law did enfranchise Black women, it did not enfranchise Wyoming’s Indigenous women,” Helton wrote. “For the most part, Indigenous women were not considered American citizens until the passage of the Indian Citizenship Act of 1924.”
What equality means, and to what degree Wyoming embodies its nickname, are questions we hope to reflect on through WyoFile reporting, guest commentaries and essays, and public events. 
We’ll look back at history, for example, to get a deeper understanding of how Wyoming impacted the broader American suffrage movement, and we’ll look ahead to women’s roles in politics and the 2026 election. 
We’ll explore women’s contributions to Wyoming’s economy, civil society and land stewardship. We’ll examine women’s access to healthcare. We’ll focus on prominent Wyoming symbols, from the cowboy to the buffalo, and reflect on the complex stories they tell about gender. 
We’ll invite you to share your family’s history, as well as your reflections on what equality means and women’s status in Wyoming. 
A lasting legacy
When I arrived in Laramie nearly 10 years ago, it didn’t take long for me to learn Wyoming’s special place in women’s history, but it felt like it happened by chance. On a chilly December stroll through my new hometown, I passed a bronze statue of Louisa Gardner Swain — the first Wyoming woman to cast a ballot. 
Had I not encountered that public monument, I’m sure I would have learned eventually about Wyoming’s history as the Equality State. In the coming months, WyoFile will do its part to examine Wyoming’s pivotal role in American democracy and what that legacy means for the state’s future. 
After all, shouldn’t we make history this important, this impossible to miss?
The post Wyoming women and America’s ever-evolving democracy appeared first on WyoFile .",https://wyofile.com/wp-content/uploads/LouisaSwain-250-300x225.jpg,,,2026-07-04 06:58:14.867444
,Arkansas Advocate,2026-07-04 10:00:59+00:00,Arkansas Advocate,A quiet moment for the Declaration of Independence,Andrew DeMillo,,,,,https://arkansasadvocate.com/2026/07/04/a-quiet-moment-for-the-declaration-of-independence/,"The Fourth of July isn’t a quiet holiday. Between fireworks, parades, military flyovers and screenings of “Independence Day,” noise is a hallmark of the way the United States celebrates its birthday. But it’s a day that also requires some quiet reflection and meditation over the nation’s founding and the ideals espoused by the Declaration of […]","A replica of the Liberty Bell on the Arkansas state Capitol grounds in Little Rock on Thursday, July 2, 2026 (Photo by Andrew DeMillo/Arkansas Advocate)The Fourth of July isn’t a quiet holiday. Between fireworks, parades, military flyovers and screenings of “Independence Day,” noise is a hallmark of the way the United States celebrates its birthday.
But it’s a day that also requires some quiet reflection and meditation over the nation’s founding and the ideals espoused by the Declaration of Independence.
The declaration is far from a perfect document. It proclaimed all men are created equal at a time when Black people, Indigenous people and women weren’t considered with the same humanity or granted the same respect and rights. 
Most of the men who signed the document enslaved other human beings, and the declaration doesn’t address the slave trade. Its list of grievances against King George III includes a racist slur directed at Native Americans.
But other principles laid out in the declaration have stood the test of time, even though the nation has struggled to live up to its promises. Abraham Lincoln once said he never had a “feeling politically that did not spring from the sentiments embodied in the Declaration of Independence.”
As the United States celebrates the 250th anniversary of the declaration’s adoption, it’s worth setting aside some time to read the document and reflect on its promises — and even its flaws.
What follows is a transcription from the National Archives: 
 
Note: The following text is a transcription of the Stone Engraving of the parchment Declaration of Independence (the document on display in the Rotunda at the National Archives Museum). The spelling and punctuation reflect the original.
In Congress, July 4, 1776
The unanimous Declaration of the thirteen united States of America, When in the Course of human events, it becomes necessary for one people to dissolve the political bands which have connected them with another, and to assume among the powers of the earth, the separate and equal station to which the Laws of Nature and of Nature’s God entitle them, a decent respect to the opinions of mankind requires that they should declare the causes which impel them to the separation.
We hold these truths to be self-evident, that all men are created equal, that they are endowed by their Creator with certain unalienable Rights, that among these are Life, Liberty and the pursuit of Happiness.–That to secure these rights, Governments are instituted among Men, deriving their just powers from the consent of the governed, –That whenever any Form of Government becomes destructive of these ends, it is the Right of the People to alter or to abolish it, and to institute new Government, laying its foundation on such principles and organizing its powers in such form, as to them shall seem most likely to effect their Safety and Happiness. Prudence, indeed, will dictate that Governments long established should not be changed for light and transient causes; and accordingly all experience hath shewn, that mankind are more disposed to suffer, while evils are sufferable, than to right themselves by abolishing the forms to which they are accustomed. But when a long train of abuses and usurpations, pursuing invariably the same Object evinces a design to reduce them under absolute Despotism, it is their right, it is their duty, to throw off such Government, and to provide new Guards for their future security.–Such has been the patient sufferance of these Colonies; and such is now the necessity which constrains them to alter their former Systems of Government. The history of the present King of Great Britain is a history of repeated injuries and usurpations, all having in direct object the establishment of an absolute Tyranny over these States. To prove this, let Facts be submitted to a candid world.
He has refused his Assent to Laws, the most wholesome and necessary for the public good.
He has forbidden his Governors to pass Laws of immediate and pressing importance, unless suspended in their operation till his Assent should be obtained; and when so suspended, he has utterly neglected to attend to them.
He has refused to pass other Laws for the accommodation of large districts of people, unless those people would relinquish the right of Representation in the Legislature, a right inestimable to them and formidable to tyrants only.
He has called together legislative bodies at places unusual, uncomfortable, and distant from the depository of their public Records, for the sole purpose of fatiguing them into compliance with his measures.
He has dissolved Representative Houses repeatedly, for opposing with manly firmness his invasions on the rights of the people.
He has refused for a long time, after such dissolutions, to cause others to be elected; whereby the Legislative powers, incapable of Annihilation, have returned to the People at large for their exercise; the State remaining in the mean time exposed to all the dangers of invasion from without, and convulsions within.
He has endeavoured to prevent the population of these States; for that purpose obstructing the Laws for Naturalization of Foreigners; refusing to pass others to encourage their migrations hither, and raising the conditions of new Appropriations of Lands.
He has obstructed the Administration of Justice, by refusing his Assent to Laws for establishing Judiciary powers.
He has made Judges dependent on his Will alone, for the tenure of their offices, and the amount and payment of their salaries.
He has erected a multitude of New Offices, and sent hither swarms of Officers to harrass our people, and eat out their substance.
He has kept among us, in times of peace, Standing Armies without the Consent of our legislatures.
He has affected to render the Military independent of and superior to the Civil power.
He has combined with others to subject us to a jurisdiction foreign to our constitution, and unacknowledged by our laws; giving his Assent to their Acts of pretended Legislation:
For Quartering large bodies of armed troops among us:
For protecting them, by a mock Trial, from punishment for any Murders which they should commit on the Inhabitants of these States:
For cutting off our Trade with all parts of the world:
For imposing Taxes on us without our Consent:
For depriving us in many cases, of the benefits of Trial by Jury:
For transporting us beyond Seas to be tried for pretended offences:
For abolishing the free System of English Laws in a neighbouring Province, establishing therein an Arbitrary government, and enlarging its Boundaries so as to render it at once an example and fit instrument for introducing the same absolute rule into these Colonies:
For taking away our Charters, abolishing our most valuable Laws, and altering fundamentally the Forms of our Governments:
For suspending our own Legislatures, and declaring themselves invested with power to legislate for us in all cases whatsoever.
He has abdicated Government here, by declaring us out of his Protection and waging War against us.
He has plundered our seas, ravaged our Coasts, burnt our towns, and destroyed the lives of our people.
He is at this time transporting large Armies of foreign Mercenaries to compleat the works of death, desolation and tyranny, already begun with circumstances of Cruelty & perfidy scarcely paralleled in the most barbarous ages, and totally unworthy the Head of a civilized nation.
He has constrained our fellow Citizens taken Captive on the high Seas to bear Arms against their Country, to become the executioners of their friends and Brethren, or to fall themselves by their Hands.
He has excited domestic insurrections amongst us, and has endeavoured to bring on the inhabitants of our frontiers, the merciless Indian Savages, whose known rule of warfare, is an undistinguished destruction of all ages, sexes and conditions.
In every stage of these Oppressions We have Petitioned for Redress in the most humble terms: Our repeated Petitions have been answered only by repeated injury. A Prince, whose character is thus marked by every act which may define a Tyrant, is unfit to be the ruler of a free people.
Nor have We been wanting in attentions to our Brittish brethren. We have warned them from time to time of attempts by their legislature to extend an unwarrantable jurisdiction over us. We have reminded them of the circumstances of our emigration and settlement here. We have appealed to their native justice and magnanimity, and we have conjured them by the ties of our common kindred to disavow these usurpations, which, would inevitably interrupt our connections and correspondence. They too have been deaf to the voice of justice and of consanguinity. We must, therefore, acquiesce in the necessity, which denounces our Separation, and hold them, as we hold the rest of mankind, Enemies in War, in Peace Friends.
We, therefore, the Representatives of the united States of America, in General Congress, Assembled, appealing to the Supreme Judge of the world for the rectitude of our intentions, do, in the Name, and by Authority of the good People of these Colonies, solemnly publish and declare, That these United Colonies are, and of Right ought to be Free and Independent States; that they are Absolved from all Allegiance to the British Crown, and that all political connection between them and the State of Great Britain, is and ought to be totally dissolved; and that as Free and Independent States, they have full Power to levy War, conclude Peace, contract Alliances, establish Commerce, and to do all other Acts and Things which Independent States may of right do. And for the support of this Declaration, with a firm reliance on the protection of divine Providence, we mutually pledge to each other our Lives, our Fortunes and our sacred Honor.
Georgia
Button Gwinnett
Lyman Hall
George Walton
 
North Carolina
William Hooper
Joseph Hewes
John Penn
 
South Carolina
Edward Rutledge
Thomas Heyward, Jr.
Thomas Lynch, Jr.
Arthur Middleton
 
Massachusetts
John Hancock
 
Maryland
Samuel Chase
William Paca
Thomas Stone
Charles Carroll of Carrollton
 
Virginia
George Wythe
Richard Henry Lee
Thomas Jefferson
Benjamin Harrison
Thomas Nelson, Jr.
Francis Lightfoot Lee
Carter Braxton
 
Pennsylvania
Robert Morris
Benjamin Rush
Benjamin Franklin
John Morton
George Clymer
James Smith
George Taylor
James Wilson
George Ross",https://arkansasadvocate.com/wp-content/uploads/2026/07/IMG_3934-1024x768.jpeg,,,2026-07-04 06:58:14.867444
,Colorado Newsline,2026-07-04 10:00:12+00:00,Colorado Newsline,"What being an American, and Coloradan, means",Newsline contributor,,,,,https://coloradonewsline.com/briefs/what-being-an-american-and-coloradan-means/,"By Avery Clifton, Malia Walker and Melodie Miller While the United States marks its 250th birthday as a nation, Colorado is celebrating its 150th birthday as a state. Colorado entered the union on Aug. 1, 1876, adding a 38th star to the U.S. flag.  Avery Clifton, Malia Walker and Melodie Miller, student journalists from the […]","A historic 38-star American flag, featuring a star for Colorado, the 38th state. (Photo courtesy of History Colorado)By Avery Clifton, Malia Walker and Melodie Miller



Read stories from Colorado at 150, a special reporting project on the history of Colorado from 1876.


While the United States marks its 250th birthday as a nation, Colorado is celebrating its 150th birthday as a state. Colorado entered the union on Aug. 1, 1876, adding a 38th star to the U.S. flag. 
Avery Clifton, Malia Walker and Melodie Miller, student journalists from the Colorado Student News Service, asked people at a Juneteenth event in Denver on June 20 what being an American (and by extension, a Coloradan) means to them on these twin anniversaries.
“The most important part of being in America is the exchange between Africa and here,” said Rosma Oyugi, an American from Kenya, who has lived in the United States for 25 years. “I’ve learned a lot and changed a lot for the better. Now I have a business life in America. Of course, it is hard, but it is good.”
Here is what others said:




“We’re a melting pot. I want us to be a melting pot.”
— Bilgun Purevsuren, a Denver resident from Mongolia who said he came to the United States in 2002 to pursue the American dream







“It means never giving up on the dream. It’s not even a place. It’s an idea we have to protect.”
— Ryan Landell, who goes by the name “Mr. Bhuetful” (Mr. Beautiful) to promote his clothing line of sweatshirts, beanies and other items







“It’s free will, the right to vote, coming together and being one as a people. I love being here in Colorado. I love the weather, and I love the scenery.”
— Jon-Than Fenderson, who was working as a voter signature gatherer for measures on the November ballot



SUPPORT: YOU MAKE OUR WORK POSSIBLE",https://coloradonewsline.com/wp-content/uploads/2026/01/38-Star-Flag-1876-History-Colorado-73.68.16-copy.png,,,2026-07-04 06:58:14.867444
,Colorado Newsline,2026-07-04 09:30:03+00:00,Colorado Newsline,Don’t read too much into election results,Brad Jones,,,,,https://coloradonewsline.com/2026/07/04/dont-read-too-much-election-results/,Tuesday’s primaries saw a series of impressive wins for progressive candidates in Colorado. The starkest example of this was Melat Kiros’ upset victory over U.S. Rep. Diana DeGette. The symbolism of a 30-year incumbent being unseated by a challenger who was not even born when the candidate she defeated was first sworn into office is […],"Melat Kiros, a democratic socialist and first-time candidate, speaks to supporters in Denver after unseating longtime Democratic Rep. Diana DeGette in Colorado's 1st Congressional District on June 30, 2026. (Photo by Chase Woodruff/Colorado Newsline)Tuesday’s primaries saw a series of impressive wins for progressive candidates in Colorado. The starkest example of this was Melat Kiros’ upset victory over U.S. Rep. Diana DeGette. The symbolism of a 30-year incumbent being unseated by a challenger who was not even born when the candidate she defeated was first sworn into office is too delicious to ignore.
In this column, I’ll argue that it is a mistake to read too much into election results. As V.O. Key (one of the founders of modern political science) once said, “It thus can be a mischievous error to assume, because a candidate wins, that a majority of the electorate shares (their) views on public questions, approves (their) past actions, or has specific expectations about (their) future conduct.”
Many in the political commentariat have been trying to draw broad conclusions about the success of these progressive candidates and what it may portend for the future of the Democratic Party and the country. Similarly broad conclusions were drawn from President Donald Trump’s victory in 2024. The conclusions drawn from Trump’s election did not age well, and I suspect those being spun from the success of a few candidates this cycle will age equally poorly.
SUBSCRIBE: GET THE MORNING HEADLINES DELIVERED TO YOUR INBOX.
In the wake of the 2024 election, there was a lot of talk about the political earthquake that had just hit the American political landscape. There was data showing that Trump had made significant improvements with his margins among younger voters and people of color — particularly young men. This was interpreted by many as a ringing endorsement of Trumpism; a fundamental remaking of political coalitions. Trump himself – despite continually undermining public trust in elections – has repeatedly referenced his popular vote victory in 2024, and although he is prone to exaggeration in his claims about the magnitude of that win, it is true that he won a majority of the votes in 2024.
Politicians obviously have an incentive to claim a “mandate” for governing. They get into the business of politics to enact their policy agenda, and it is helpful for them to present themselves as having the full-throated endorsement of the American people behind them. Combining this with the incentives of media figures to tell big stories about the importance of current events, and the appetite of news consumers to read stories that confirm their politics (or their worst fears about their political opponents’ politics), and we have the makings of an iron triangle.
The claims about how Trump remade the political landscape have not been borne out in the data. The groups that swung toward him in the 2024 election have swung back in a dramatic fashion. The anti-incumbent backlash that was partly responsible for bringing Trump into office was a global phenomenon in 2024, and one can argue that the ways the Trump administration has overplayed its hand since coming into office for the second time have hastened the downward trend in public esteem that almost all presidents experience over the course of their terms.
In an analogous way, the success of Kiros and others who have framed their candidacies as anti-establishment and against the institution of the Democratic Party is due – at least in part – to a broader discontent. None of this is to say that at least some of the voters for either Trump or these democratic socialist candidates do indeed wholeheartedly support their policies. Key’s insight is simply to note that it is a mistake to assume that all of the voters for these candidates are univocal in their reasons for support. To quote Key again:
“The voice of the people is but an echo. The output of an echo chamber bears an inevitable and invariable relation to the input. As candidates and parties clamor for attention and vie for popular support, the people’s verdict can be no more than a selective reflection from among the alternatives and outlooks presented to them.”
As we move forward into the inevitable post-election media cycles, we would do well to remember his words.
SUPPORT: YOU MAKE OUR WORK POSSIBLE",https://coloradonewsline.com/wp-content/uploads/2026/07/DSC03894-1024x683.jpeg,,,2026-07-04 05:56:39.069079
,Rhode Island Current,2026-07-04 09:15:14+00:00,Rhode Island Current,Our founding fathers’ other revolutionary choice: Separating religion and government,Peter C. Mancall,,,,,https://rhodeislandcurrent.com/2026/07/04/our-founding-fathers-other-revolutionary-choice-separating-religion-and-government/,"This article is republished from The Conversation under a Creative Commons license. Read the original article. Did the founders of the United States intend to create a Christian nation? Political leaders who addressed a prayer rally on the National Mall on May 17, 2026, seem to think so: House Speaker Mike Johnson led the crowd […]","‘Scene at the Signing of the Constitution of the United States' at Independence Hall in Philadelphia, painted by Howard Chandler Christy in 1940. (U.S. Capitol)
This article is republished from The Conversation under a Creative Commons license. Read the original article.
Did the founders of the United States intend to create a Christian nation?
Political leaders who addressed a prayer rally on the National Mall on May 17, 2026, seem to think so: House Speaker Mike Johnson led the crowd in “rededicat(ing) the United States of America as one nation under God.”
Some, and perhaps many, scholars would say no: that while many founders were religious, as a group they concluded that the national government should not support any particular faith.
As a scholar of Colonial North America, I believe that history provides an answer. European colonizers in lands that became the United States did link church and state. But the architects of the new nation broke from that idea as surely as they broke from Britain.
 ‘Doctrine of Discovery’


The European desire to expand the boundaries of Christendom played a central role in the Colonial era, as I describe in my 2026 book, “Contested Continent.”
That drive mattered greatly to Christopher Columbus, who sailed west in 1492. Upon landing in the Bahamas, he laid claim to already populated territories, writing that Christ would rejoice “as he foresees that so many souls of so many people heretofore lost are to be saved.”
The “Doctrine of Discovery,” proclaimed by the Vatican in 1493, granted European monarchs title over lands occupied by non-Christians and urged them to convert the people who lived there.
Less than a generation later, the Protestant Reformation transformed Christianity, dividing Europe and spawning brutal violence.
In England, the schism reshaped the relationship between church and state. King Henry VIII severed ties with the pope in the 1530s. He ordered the dissolution of monasteries, and his followers defaced church statues of Catholic saints.
After Henry rejected Rome’s authority, Parliament passed the Supremacy Act of 1534, which made the monarch the leader of an independent national church, the Church of England.
Queen Elizabeth I, Henry’s daughter, further reduced the political power of English Catholics in 1559. Her desire to promote her Protestant faith, along with a yearning to expand England’s political authority, helped fuel a vicious campaign to take control of Ireland, where the Reformation’s teachings had not taken hold.

A plate from ‘The Image of Irelande’ by John Derrick, published in 1581, shows English soldiers during the Tudor conquest of Ireland. (Edinburgh University Library via Wikimedia Commons)
 Protestant migrants

The desire to promote Protestantism also figured in English plans for the colonization of North America.
In the 1580s, an expedition sent by Sir Walter Raleigh arrived on the Outer Banks of what is now North Carolina. They were eager to learn about the region’s natural resources and its peoples. English colonial planners also hoped to convert Carolina Algonquians, and to keep Catholics away. A small group of Jesuit priests had already tried to establish a mission on a tributary of Chesapeake Bay in 1571, but they were killed by Indigenous people.
Thomas Harriot, who chronicled the English efforts when he arrived in 1585, believed that Carolina Algonquians would convert to Protestantism. In fact, he wrote, Native people were so eager to accept the faith that they grabbed a Bible “to embrace it, to kisse it, to hold it to their bre(a)sts” in order to absorb the lessons it contained.
In 1607, the Virginia Company of London established a settlement at Jamestown, promising, according to the colony’s 1609 charter, that colonization would lead to “the conversion and reduccion of the people in those partes unto the true worshipp of God and Christian religion.” To advance their goal, they tried to bar anyone holding “the superstitions of the Churche of Rome.” Colonists had to swear the oath of supremacy to the English monarch, which meant accepting the Church of England.
Within a generation, other Protestants arrived in English America, including critics of the Church of England who are now often called “Pilgrims.” Puritans, who migrated soon after, held similar beliefs. Persecuted in England for their dissenting views, they arrived eager to demonstrate to the world that they knew the best ways to advance a civilization, based on their interpretation of Scripture.

‘Pilgrims Going To Church,’ painted by George Henry Boughton in 1867. (New York Historical via Wikimedia Commons)
Among these migrants was John Winthrop, a leader of the Massachusetts Bay colony. In 1630, he wrote what became the most famous sermon in early America – although he was not a minister and likely never delivered it to a congregation.
Winthrop advocated the blending of church and state. As he put it, drawing on the Bible’s Book of Matthew, “We shall be as a city upon a hill. The eyes of all people are upon us.” Colonists’ failure, he suggested, would be a victory for the enemies of God.
 Competition for American souls

English advocates of colonization were aware that Catholics had been erecting churches in modern-day Mexico and Peru. Protestants feared that Rome’s influence might spread across the East Coast, moving southward from French Canada and northward from Spanish Florida. While English authorities allowed limited migration of Catholics, especially to Maryland, their Colonies remained Protestant strongholds.
No single official church establishment stretched across the 13 Colonies that would eventually join in the American Revolution. But church and state were closely related in each.
Towns across New England taxed residents to support local Congregational churches, which evolved out of Puritan traditions. Colonial governments established the Church of England in Virginia in 1619 and in New York in 1693.
Pennsylvania’s 1682 frame of government promised that law-abiding people would not be persecuted for their religious views or forced to worship. But those who held public office needed to “possess faith in Jesus Christ.” Even Rhode Island, famous for its tradition of tolerance, specified in its 1663 charter that residents should edify “themselves, and one another, in the holie Christian faith.”
 A revolutionary achievement

By the mid-1770s, many Colonial Americans decided that the time had come to separate from Great Britain. Many also wanted to separate church and state.
In 1777, just a year after he drafted the Declaration of Independence, Thomas Jefferson wrote Virginia’s Statute for Religious Freedom. As he put it, one’s ability to serve the public should “have no dependance on our religious opinions, any more than on our opinions in physics or geometry.” When the statute became law in Virginia in 1786, it protected freedom of worship and ended taxes to support the Church of England.
Article 6 of the United States Constitution, written in Philadelphia in 1787, forbade any religious oaths for those who wanted to hold office. The First Amendment, which became part of the Constitution in late 1791, held that Congress “shall make no law respecting an establishment of religion, or prohibiting the free exercise thereof.”
The leaders of the American Revolution did not agree on all matters of faith. But had they wanted public support of religious institutions, they had plenty of models at hand – including the Church of England.
They decided, instead, that a durable republic could best survive if politics and religion inhabited different spheres. This recognition contradicted almost two centuries of Colonial practice, making it among the most radical achievements of the founding era.
SUBSCRIBE: GET THE MORNING HEADLINES DELIVERED TO YOUR INBOX.",https://rhodeislandcurrent.com/wp-content/uploads/2026/06/signing-1024x646.png,,,2026-07-04 05:56:39.069079
,Maryland Matters,2026-07-04 09:00:32+00:00,Maryland Matters,Scientists who identified remains of Revolutionary war soldier from Maryland hope to name others,Jessica Holdman,,,,,https://marylandmatters.org/2026/07/04/scientists-who-identified-remains-of-revolutionary-war-soldier-from-maryland-hope-to-name-others/,"CAMDEN, SC — Fourteen unknown soldiers who died in the Battle of Camden are one step closer to being identified 246 years after their deaths. With one soldier named last month, a team of archaeologists, preservationists, genealogy and DNA experts hold out hope of raising the necessary funds to identify at least one other soldier […]","University of South Carolina archaeologists work in the fall of 2022 to recover the remains of 14 unidentified Revolutionary War soldiers who fell at the 1780 Battle of Camden. The identity of one soldier, John Pumphrey of Maryland, was unveiled in June 2026. (Photo courtesy of USC)CAMDEN, SC — Fourteen unknown soldiers who died in the Battle of Camden are one step closer to being identified 246 years after their deaths.
With one soldier named last month, a team of archaeologists, preservationists, genealogy and DNA experts hold out hope of raising the necessary funds to identify at least one other soldier — even perhaps all of the fallen fighters recovered from the heart of the Revolutionary War battlefield in the Midlands of South Carolina.
They have a lead: One of the other soldiers, known for now as 11A, has a lineage that traces to a man named Robert Fleming, who researchers say helped start a church in colonial York County.
Looking for clues to these soldiers’ heritage and seeking to share their stories amid the 250th anniversary of the country’s founding has filled the team at Texas-based FHD Forensics, one of few in the field, with a great sense of purpose.
“We all felt very honored to be able to do it at this time in our country’s history,” said Allison Peacock, president of the company conducting the genealogy research, who was surprised to learn she’s distantly related to Fleming.
Much work still remains. But for now, the group is celebrating identifying the first soldier: John Pumphrey was between 13 and 15 years old when he joined the 7th Maryland regiment of the Continental Army to fight British troops. He fell at the Battle of Camden on Aug. 16, 1780.
Maryland Revolutionary War soldier’s remains identified in South Carolina

Some 54 people deemed to be Pumphrey’s last remaining “next of kin” gathered June 18 in his home county of Anne Arundel, Maryland, to celebrate.
“We’re doing this in the 250th anniversary of our country, and I’m telling a story of a boy who was orphaned and then defrauded by his own relatives and left with nothing,” Peacock told the SC Daily Gazette. “As a 13- or 14-year-old, he went to war, marched 1,000 miles, got a $100 reenlistment bonus, and gave his life for the idea of escaping tyranny, even as he was escaping tyranny at home.”
If the group can raise the $50,000 or $60,000 it takes to fund testing and research, they plan to do the same for the unidentified 11A.
How it began
While the effort to honor the soldiers began in earnest nearly four years ago, it’s a project that’s been decades in the making, since preservationists from the Katawba Valley Land Trust in 1996 first tapped a pair of University of South Carolina archaeologists to map out and care for the 300-acre battle site.
Graves of unknown Revolutionary War soldiers who died in the Battle of Camden. The soldiers, whose shallow battlefield graves had been disturbed, were reburied with military honors at the Old Presbyterian Cemetery in Camden. (Photo courtesy of FHD Forensics)
Relic hunters had been on the site searching for medals, buttons and other memorabilia since the 1970s, and the land trust wanted the area protected.
By 2000, archaeologists Steven Smith and James Legg realized they had found the core of the battle, which was a decisive defeat for the Continental Army.
About 3,700 Patriot troops faced roughly 2,230 British soldiers and Loyalists — colonists who supported the British.
The dead, buried in a rush, included members of the Maryland and Delaware units, Virginia and North Carolina militias, and a corps known as Armand’s Legion, recruits of French Lt. Col. Charles Armand.
The digs continued on and off over two decades as time and funding allowed, Smith said.
But as time wore on, burials were unearthed and the condition of those unmarked, mass graves became more precarious.
“They were very shallow,” Smith said. “They were in danger.”
Honoring the fallen
The South Carolina Battleground Preservation Trust in 2019 asked the archeologists to recover the remains so the soldiers could be honored properly. Then the COVID-19 pandemic hit, delaying the effort until fall 2022.
The team went in knowing about six burials. Ultimately, they uncovered 14 soldiers.
“We recovered them with the whole goal of honoring them, recognizing them, and reburying them safely and deeply with military honors,” Smith said.
A grant from the Archaeological Research Trust, a nonprofit arm of USC’s SC Institute of Archaeology and Anthropology, where Smith works, paid for the initial DNA gathering.
At least 12 of the men are among the United States’ first veterans. One was Native American, likely fighting on the Loyalist side against the Continentals. The other was a British Highlander of the 71st Regiment of Foot.
Hundreds of people gathered in April 2023 for three days of events honoring the soldiers with a funeral service that included Revolutionary War reenactors, Army musicians, and flyovers by the 79th Fighter Squadron from Shaw Air Force Base.
On the first day, a caravan transported the coffins from the Richland County Coroner’s Office, where the DNA lab work was performed, to the Camden Military Academy. Stops were made at the Statehouse and Fort Jackson, and the remains lay in wake at the Kershaw-Cornwallis House until the morning of the funeral.
Revolutionary War soldiers who died at the Battle of Camden were honored at the battlefield and reburied with military honors at the Old Presbyterian Cemetery in Camden on April 22, 2023. (Photo courtesy of FHD Forensics)
The soldiers were buried at the Old Presbyterian Cemetery, which is next to the Quaker Cemetery in Camden, laid to rest in custom-made pine coffins sealed with hand-forged nails.
It was that care shown by those involved in the ceremony that convinced Peacock and her team to join in.
“Nobody knew whether it could be done,” Peacock said of the identification.
The remains are certainly the oldest her team and expert partners have ever encountered. Before Pumphrey, the oldest they’d tried was from the 1800s.
“They asked us to come out and tour the battlefield,” Peacock said. “Every single person we crossed paths with was doing it with an intense amount of respect, with care and concern for these men … Caring for the dead is just a unique calling and I recognize that in a lot of the people that were in Camden.”
The process: genetic genealogy
The practice of using what’s known as genetic genealogy to identify remains is not even a decade old.
In 2018, it was used in the Golden State Killer case when investigators uploaded the suspect’s crime scene DNA to the open-source genealogy platform GEDmatch to identify the California serial killer. Joseph James DeAngelo pleaded guilty in 2020 to 13 murders dating to the 1970s.
Before that, it was largely used by adoptees looking for biological family, Peacock said.
“So, it exploded on the world stage,” she said. “It’s still catching up in the archeology world.”
The samples undergo whole genome sequencing, producing DNA profiles that can be matched to others who share the same ancestry. After Peacock’s team gets a genetic profile, which can generate some 25,000 genetic matches from two public databases, the real work begins.
“We’re at this unique moment in time, in that millions of us are doing DNA testing because we want to know more about our past, we want to know more about who we are, who our ancestors were, and where they came from,” Peacock said.
For the Revolutionary soldiers, they have to build a paper trail and family trees to make the connections going back 246 plus years, pulling old land grants, tax records and wills for a time period when the U.S. Census did not yet exist.
It’s through this research that Peacock learned she’s actually distantly related to the unidentified soldier 11A. Fleming is her sixth-great-grandfather.
It took five private grants to identify Pumphrey. Peacock said her team has a lead on a grant that could cover a considerable portion of identifying 11A.
“I think everyone hopes that we’ll be able to get through all of them one day,” she said. “It’s just going to be a matter of finding the budget to make that happen.”
Telling the story
In the meantime, Smith and Legg are working to tell the story of the Battle of Camden, having found more than 3,000 artifacts at the site.
A sketch of the Battle of Camden (Photo courtesy of FHD Forensics)
“One individual artifact doesn’t tell you anything about what happened, but that many artifacts plotted on a map can give you valuable information as to how the battle unfolded,” he said. “Where heavy fighting occurred, where the retreat route was, and places it on the battleground makes the battle more real and interpretable to people who go out there.”
Today the property is managed by Historic Camden and boasts the Revolutionary War Visitors Center, which opened in 2021.
And now they have a name: John Pumphrey.
“We always held out the hope that we might be able to identify them somewhere down the line, and after a couple of years, this is an amazing thing that’s happened,” Smith said. “DNA technology gets better all the time, so possibly we’ll get additional profiles.”



SC Daily Gazette is part of States Newsroom, a nonprofit news network supported by grants and a coalition of donors as a 501c(3) public charity. SC Daily Gazette maintains editorial independence. Contact Editor Seanna Adcox for questions: info@scdailygazette.com.",https://marylandmatters.org/wp-content/uploads/2026/07/unnamed-1024x550-1.png,,,2026-07-04 05:56:39.069079
,Kansas Reflector,2026-07-04 08:33:30+00:00,Kansas Reflector,"On the the 250th anniversary of the U.S., caught between a firecracker and a snake in the grass",Tamara Moots,,,,,https://kansasreflector.com/2026/07/04/on-the-the-250th-anniversary-of-the-u-s-caught-between-a-firecracker-and-a-snake-in-the-grass/,"One of my earliest memories of America is lighting a firecracker on a picnic table bench across the yard from my watching parents and aunts and uncles on July 4. Picture a little towheaded tomboy in a sundress around 6 years old in the 1980s. As a rule, I refused to wear dresses. But it […]","A branded bag is seen at Freedom 250’s Great American State Fair in Washington, D.C., on June 30, 2026. (Photo by Sam Gauntt/States Newsroom)One of my earliest memories of America is lighting a firecracker on a picnic table bench across the yard from my watching parents and aunts and uncles on July 4.
Picture a little towheaded tomboy in a sundress around 6 years old in the 1980s. As a rule, I refused to wear dresses. But it was a holiday, and my mom insisted. The firecrackers and homemade strawberry ice cream after were to celebrate America’s birthday. July 4 was near enough to my birthday in early July that I imagined the party was for me, too.
They carefully explained the rules.
I was to light the firecracker and then run back to safety with the adults while not burning myself with the lit punk. This sounded like a solid plan and fairly safe. However, no one counted on the snake in the grass. No metaphor here — there was an actual snake, probably a harmless rat snake.
I have always been terrified of snakes. It did not help that this snake seemed massive. The long dark length of it stretched far into the grass, disappearing on both sides in front of me.
So, there we were: me, the snake, the lit firecracker and America. I ran from the firecracker until I met the snake. Then I ran from the snake back to the firecracker. Then I slowly backed into the middle ground between the two and hoped for the best while America and my family watched from a distance.
This, then, has always felt like the story of my generation.
I felt it then, and I feel it now. We are paralyzed between the hope of the American dream and the myth of trickle-down economics introduced by a silver-tongued movie star turned politician. We are never quite able to see either end of the truth before us. Cleverly worded policies change and slither, eroding the very things that made the American Dream possible: affordable education, employment protections, and public infrastructure.
For many of us who grew up under the threat of mushroom clouds and were taught America has always been a beacon of hope and democracy, the last two decades have been a lesson in grief and loss.
We’ve seen politicians torch the future of our children to gain political points. We’ve lost the belief that the American Dream is still possible. We’ve lost the ideal that America is good and fair for all. The lie of these things perhaps should have been obvious all along. But we were taught cherrypicked, beautiful things, and many of us didn’t think to pull back the curtain and see the weird, rotten little white grand wizard behind it.
Now that we see these truths and lies, the question becomes: What will we do about it for our children and our children’s children? Will we stand by and watch?
Tamara Moots lives and works in Manhattan. Through its opinion section, Kansas Reflector works to amplify the voices of people who are affected by public policies or excluded from public debate. Find information, including how to submit your own commentary, here.",https://kansasreflector.com/wp-content/uploads/2026/07/merch250bag.jpg,,,2026-07-04 04:57:19.551437
,South Dakota Searchlight,2026-07-04 04:47:57+00:00,South Dakota Searchlight,Trump uses Mount Rushmore speech to allege ‘mortal threat’ from communism,"Seth Tupper, Meghan O'Brien",,,,,https://southdakotasearchlight.com/2026/07/03/trump-uses-mount-rushmore-speech-to-allege-mortal-threat-from-communism/,"On the eve of the nation’s 250th birthday, President Donald Trump used his address Friday night at Mount Rushmore National Memorial in South Dakota to allege that there is “a resurgence of the communist menace in our land.” “Communism is a mortal threat to American liberty,” Trump said. “It is the greatest threat to our […]","President Donald Trump speaks at Mount Rushmore National Memorial on July 3, 2026, near Keystone, South Dakota. Trump spoke before a fireworks show at the mountain carving, kicking off a weekend of 250th Independence Day celebrations across the country. (Photo by Chip Somodevilla/Getty Images)On the eve of the nation’s 250th birthday, President Donald Trump used his address Friday night at Mount Rushmore National Memorial in South Dakota to allege that there is “a resurgence of the communist menace in our land.”
“Communism is a mortal threat to American liberty,” Trump said. “It is the greatest threat to our country, including World War I, World War II, Pearl Harbor or even 9/11.”
Though he did not directly link Democratic socialists to communism in the speech, the rhetoric continued a recent theme of criticism by Trump alluding to electoral successes by Democratic socialist candidates. That includes New York Mayor Zohran Mamdani and Darializa Avila Chevalier, who upset a Democratic New York City congressman last month in a primary election.

Fireworks explode above Mount Rushmore National Memorial after a speech by President Donald Trump on July 3, 2026, near Keystone, South Dakota. The event kicked off a weekend of 250th Independence Day celebrations across the country. (Photo by Chip Somodevilla/Getty Images)

Democratic socialists advocate for expanding parts of the social safety net, such as health care coverage, through democratic means. Communist tenants include central economic planning and abolishing private property.
In Trump’s speech, he pivoted from communism to Republican chances in the November midterm elections.
“America will never be a communist country,” Trump said, adding “we can only lose the midterms” if “we are foolish, stupid and unwise.”
He then said Republicans will “not lose an election for a hundred years” if they terminate the filibuster and pass the SAVE America Act. The filibuster is a U.S. Senate rule that requires the votes of at least 60 senators to limit debate on most bills. The SAVE America Act would require all voters to prove their U.S. citizenship when they register and show identification at the polls.
Trump made those remarks with U.S. Senate Majority Leader John Thune, R-South Dakota, in the audience. Thune has pledged to protect the filibuster, which he’s called “a critical protection that ensures representation of the minority party in the Senate.”
Last week, Trump canceled a signing ceremony for a bipartisan housing bill and said he wouldn’t sign that legislation until Congress sent him the SAVE Act.
Thune, who did not deliver a speech Friday night, responded last week by saying “there are not the votes to nuke the filibuster and there aren’t going to be 10 Democrat votes to all of a sudden support the SAVE America Act. Those are just hard realities and I think people at some point have to come to grips with that.”
Earlier in Trump’s speech, he called Thune “a good friend of mine and all of us.” Thune met Trump earlier at Ellsworth Air Force Base near Rapid City when Air Force One landed there.
Trump was preceded at the podium Friday night by South Dakota Republican Gov. Larry Rhoden and Interior Secretary Doug Burgum, who formerly served as governor of North Dakota. A fireworks display followed Trump’s speech.
This story will be updated with further details.
Air Force One flies over Mount Rushmore National Memorial in western South Dakota on July 3, 2026, before a fireworks display attended by President Donald Trump. (Photo by Meghan O'Brien/South Dakota Searchlight)A George Washington impersonator descends a set of stairs in the Mount Rushmore National Memorial amphitheater at South Dakota's Freedom 250 Mount Rushmore Fireworks Celebration on July 3, 2026. (Photo by Meghan O'Brien/South Dakota Searchlight) An attendee at South Dakota’s Freedom 250 Mount Rushmore Fireworks Celebration wears a stars-and-stripes button-up shirt and a ""Make America Great Again"" hat on July 3, 2026. (Photo by Meghan O'Brien/South Dakota Searchlight)Attendees walk toward the amphitheater to get their seats for South Dakota’s Freedom 250 Mount Rushmore Fireworks Celebration on July 3, 2026. (Photo by Meghan O'Brien/South Dakota Searchlight)Jan Rudd traveled from Texas to Keystone, South Dakota, on July 3, 2026, to celebrate the 250th anniversary of America’s founding. When asked what the anniversary meant to her, she said “Everything. Freedom, America."" (Photo by Joshua Haiar/South Dakota Searchlight)National Guard soldiers and law enforcement patrol the designated protest area and enterance into Mount Rushmore along a highway leading out of Keystone, South Dakota on July 3, 2026. (Joshua Haiar/South Dakota Searchlight)President Donald Trump supporter Rudy Martinez sets up flags and hats to sell along a highway on July 3, 2026, in Keystone, South Dakota. The highway leads to Mount Rushmore, where Trump was scheduled to speak before a fireworks display. (Photo by Joshua Haiar/South Dakota Searchlight)Leann Pearson, 67, of Fairfield, California, poses for a photo at South Dakota’s Freedom 250 Mount Rushmore Fireworks Celebration on July 3, 2026. (Photo by Meghan O'Brien/South Dakota Searchlight)Park rangers and military personnel monitor walkways during South Dakota’s Freedom 250 Mount Rushmore Fireworks Celebration on July 3, 2026. (Photo by Meghan O'Brien/South Dakota Searchlight)Fritz Klein, left, has been impersonating President Abraham Lincoln for decades. He spoke with park rangers and guests at a Freedom 250 fireworks display at Mount Rushmore National Memorial on July 3, 2026. (Photo by Meghan O'Brien/South Dakota Searchlight)Mary Lou Emerson, 84, and her son, Ron Emerson, both of Willis, Texas, pose for a photo at South Dakota’s Freedom 250 Mount Rushmore Fireworks Celebration on July 3, 2026. (Photo by Meghan O'Brien/South Dakota Searchlight)",https://southdakotasearchlight.com/wp-content/uploads/2026/07/GettyImages-2284570445.jpg,,,2026-07-04 00:56:43.965146
,Connecticut Mirror,2026-07-04 04:01:00+00:00,CT Mirror,What to a person of color is the Fourth of July?,Kevin L. Booker Jr.,,,,,https://ctmirror.org/2026/07/04/what-to-a-person-of-color-is-the-fourth-of-july/,"I challenge us to view celebrating Independence Day not as celebrating the moment in our history, but as celebrating how far we have come as a nation in the last 250 years","When I was a child, I always wondered if the Fourth of July celebration, or Independence Day, was for people of color; for people like me. This annual holiday commemorates the signing of the Declaration of Independence in the United States on July 4, 1776, in which the writers declared that the United States of America was a sovereign nation, free from British rule.
Still, as an adult, I would wonder if this holiday applied to me. Often, I read and reflect on Frederick Douglass’ speech on July 5, 1852, which asked the question “What to the slave is the fourth of July?”

Kevin L. Booker Jr.

Douglass shares in his speech: 
“I am not included within the pale of glorious anniversary! Your high independence only reveals the immeasurable distance between us. The blessings in which you, this day, rejoice, are not enjoyed in common. The rich inheritance of justice, liberty, prosperity and independence, bequeathed by your fathers, is shared by you, not by me. The sunlight that brought light and healing to you, has brought stripes and death to me. This Fourth of July is yours, not mine. You may rejoice, I must mourn.” 
Some of the questions and thoughts Douglass raised are still on the minds of people of color today. Similarly, he points out the hypocrisy at play in the United States from which it was founded, and how people have been treated and viewed throughout the history of the formation of our nation.
In 1776, when the writers of the Declaration of Independence asserted that the 13 colonies of the United States were independent and free from the rule of the British, they were simultaneously claiming control over the indigenous people who were in the land before them and those whom they enslaved and brought to the United States against their will. We know that the statement in the Declaration of Independence that “all men are created equal” did not truly mean all men.
When the Constitutional Convention was drafting the United States Constitution in 1787, the issue of who should be counted as a citizen of the country arose, specifically how people who are enslaved should be counted. Several delegates, including Roger Sherman of Connecticut and Elbridge Gerry of Massachusetts, did not want people who were enslaved to be counted at all. Gerry criticized the idea that they would be counted in a census because they were merely property, like cattle or horses, and should not be represented in government. 
The southern colonies pushed for those enslaved to be counted as full persons in order to gain more political influence on the national level. 
Through what is known as the “Three-Fifths Compromise,” the delegates compromised that enslaved individuals would be counted as three-fifths of a person in the census. This compromise was motivated by a desire for greater power and leverage in the national government, not to recognize enslaved individuals as people. Hence why Frederick Douglass asked the question in 1852, “What to the slave is the fourth of July?”
Fast forward to July 4, 2026, we are celebrating 250 years of our great nation. Is Independence Day a day of celebration for people who have been historically disenfranchised? Does our country now exemplify true independence and freedom to all who call it home?
The founding fathers did not have certain individuals in mind when they declared their independence. In spite of not having equal access or resources, people who have been historically disenfranchised have had an irreplaceable impact on the building of our country. They have built our nation’s infrastructure, shaped the economy, served in our military, invented countless innovations used worldwide, and so much more.
Even though the founding fathers did not believe all people were truly deserving of being counted as people in our country, they included provisions in the U.S. Constitution to allow amendments.  The 13th, 14th, and 15th Amendments to the U.S. Constitution made sweeping changes to move our country toward a more equitable society. One of the beautiful things about our country is the freedom to challenge the laws and how they are applied.
One such challenge was the recent case addressing the 14th Amendment and the case for birthright citizenship. In a 6-3 ruling, the U.S. Supreme Court ruled that the 14th Amendment of the U.S. Constitution guarantees that all children born in the U.S. have citizenship, ruling President Trump’s executive order to not allow automatic citizenship to children born on U.S. soil as unconstitutional. 
Even though our forefathers denied rights to a very large percentage of the population, they created opportunities in the Constitution to amend it, and we are allowed to challenge and question the law. What I love about this country is that we have the freedom to challenge the system, unlike in some other countries where they do not have the freedom to speak up or push back against unfair laws or oppression. 
Furthermore, we have freedoms in the United States that many other countries do not.  The First Amendment in the U.S. Constitution established our rights to freedom of speech, freedom of the press, freedom of religion, the right to peaceably assemble, and the right to petition the government. 
Reflecting on the last 250 years of perseverance and progress, I have begun to view Independence Day differently. Even though people of color and other historically disenfranchised groups were not included in the Declaration of Independence, I challenge us to view celebrating Independence Day not as celebrating the moment in our history, but as celebrating how far we have come as a nation in the last 250 years.
Similarly, when a couple celebrates their 50th wedding anniversary, they do not just relive the day they were married, celebrating who they were 50 years ago.  They celebrate who they have become, the ups and downs they have been through together, and the life that they have created over the last 50 years.  Even on a birthday, an individual does not relive the day of their birth; they celebrate the accomplishments and life they have experienced throughout their time on this planet.
Celebrating Independence Day does not have to honor the moment 250 years ago when 56 wealthy white men signed a document declaring freedom from the British. Independence Day can be a day to celebrate the transformation our nation has undergone and the expansion of freedoms that have occurred over the last 250 years.
As the great Frederick Douglass once said, “Without struggle, there is no progress.” We still have a long way to go in our nation, but let’s continue persevering through the struggle to ensure real progress is made for everyone. 
Let the last 250 years of history inform the next 250 years.
Kevin L. Booker, Jr. of New London is a former member of the Connecticut Mirror’s Community Editorial Board.",https://ctmirror.org/wp-content/uploads/2026/07/july-4-1939.jpg,,,2026-07-04 00:56:43.965146
,Capitol News Illinois,2026-07-03 23:43:43+00:00,Capitol News Illinois,"Rep. Harry Benton resigns, withdraws name from ballot amid ethics investigation",Brenden Moore,,,,,https://capitolnewsillinois.com/news/rep-harry-benton-resigns-withdraws-name-from-ballot-amid-ethics-investigation/,Rep. Harry Benton resigned from the Illinois House on Friday in the wake of a legislative inspector general investigation that has still not been made public.,,,,,2026-07-03 19:57:33.533847
,North Dakota Monitor,2026-07-03 23:38:05+00:00,North Dakota Monitor,"All living North Dakota governors, past and present, gather in Medora for presidential library",Jacob Orledge,,,,,https://northdakotamonitor.com/2026/07/03/all-living-north-dakota-governors-past-and-present-gather-in-medora-for-presidential-library/,"MEDORA – The leaders of North Dakota’s government for the last 34 years made history Friday by gathering in Medora to celebrate the opening of the Theodore Roosevelt Presidential Library.  Five governors of North Dakota in one place is a rare occurrence. In attendance were former Govs. Ed Schafer, 1992-2000; John Hoeven, 2000-2010; Jack Dalrymple, […]","From the left, Gov. Kelly Armstrong, U.S. Interior Secretary Doug Burgum, former Gov. Jack Dalrymple, U.S. Sen. John Hoeven and former Gov. Ed Schafer speak during a panel discussion featuring five North Dakota governors at the Theodore Roosevelt Presidential Library on July 3, 2026, in Medora.  (Photo by Bryan Bedder/Getty Images for Theodore Roosevelt Presidential Library)MEDORA – The leaders of North Dakota’s government for the last 34 years made history Friday by gathering in Medora to celebrate the opening of the Theodore Roosevelt Presidential Library. 
Five governors of North Dakota in one place is a rare occurrence. In attendance were former Govs. Ed Schafer, 1992-2000; John Hoeven, 2000-2010; Jack Dalrymple, 2010-2016; Doug Burgum, 2016-2024; and Gov. Kelly Armstrong, in office since the end of 2024. 
“Hands down the best possible job is being governor,” Hoeven said. “A lot of it is being able to set the agenda to create initiatives and then follow through.”
Sens. Gillibrand, Cramer agree Theodore Roosevelt Presidential Library can heal grief, divisions

Hoeven now represents the state as a U.S. senator, and Burgum is the country’s Interior Department secretary. 
It has likely been a quarter century since the last time at least five governors of the state shared a stage. Six were present in 2001 for the 20th anniversary of the North Dakota Heritage Center in Bismarck according to the State Archives, including: Hoeven, Schafer, and former Govs. George Sinner, 1984-1992; Allen Olson, 1980-1984, Art Link, 1972-1980; and Bill Guy, 1960-1972. Four gathered in Bismarck ahead of the demolition of the old governor’s residence in 2017.
“We can say for sure that this is the most governors that have ever been on the stage at the same time in Medora,” Armstrong said. 
Every governor present in Medora on Friday played a role in making the Theodore Roosevelt Presidential Library possible. 
Schafer said he remembers standing on a bluff overlooking Medora in 1952, when he was 6 years old, and hearing his father, Harold Schafer, sharing his concern that what made Medora special was in danger of disappearing. 
Former Gov. Ed Schafer speaks during a panel discussion featuring five North Dakota governors at the Theodore Roosevelt Presidential Library on July 3, 2026, in Medora. (Photo by Bryan Bedder/Getty Images for Theodore Roosevelt Presidential Library)
“It was kind of melancholy about that independent way of life, the cowboys on the prairie, the honor and work that you did on the prairie, how it shapes the character and individual values of people,” Schafer said. “That’s what he was kind of concerned with disappearing because this was a place that really had the opportunity to generate those things in other people.”
The governors said it was Schafer, ushering in a business-friendly climate as governor during the economic doldrums of the 1990s, and his family’s promotion of tourism that made it possible to contemplate a $450 million presidential library making its home in a town with a population of fewer than 200. 
“It takes a team to get things done,” Hoeven said. “We all got a little piece of it.”
Several of the governors on stage gave Burgum the lion’s share of the praise for making the library possible in its current form. 
“This place as it exists, and what we are in today, doesn’t happen without Gov. Burgum,” Armstrong said. 
The Interior secretary said he and others decided to take a gamble and upscale the very concept into something memorable. 
“This whole thing was like TR,” Burgum said. “It was bold. It was audacious. It was impossible.”
Burgum said he knew they had an opportunity to “build a lasting cultural institution” that could inspire visitors the way the Badlands inspired Roosevelt in the 1880s. 
U.S. Interior Secretary Doug Burgum, a former governor, speaks during a panel discussion featuring five North Dakota governors at the Theodore Roosevelt Presidential Library on July 3, 2026, in Medora. (Photo by Bryan Bedder/Getty Images for Theodore Roosevelt Presidential Library)
“We also knew that we had an opportunity to not just look in the past but have a place where people could come and be inspired about how they could play a role in citizenship, leadership, and conservation,” Burgum said. “How they could be in the arena, not be a critic on the side.”
Dalrymple said people chuckled at first when Burgum, before he became governor, “stuck his neck out” and declared he would make the presidential library happen. 
“All of a sudden I’m saying to people, ‘You don’t know Doug Burgum that well, do you?’” Dalrymple said. “This guy creates software companies out of thin air.”
All five living governors of North Dakota, past and present, shake hands after speaking in Medora on July 3, 2026, at the Theodore Roosevelt Presidential Library. Pictured are former governors Ed Schafer, now-Sen. John Hoeven, Jack Dalrymple, now-Interior Secretary Doug Burgum and current Gov. Kelly Armstrong. (Photo by Jacob Orledge/North Dakota Monitor)
 
Burgum was governor when the decision was made to relocate the development of the library from Dickinson to Medora, when the Legislature agreed to back it with a $50 million taxpayer-funded endowment to jumpstart fundraising, and throughout much of the construction process. 
“This is a milestone. It’s not a finish line. It’s a starting line,” Burgum said. “Everybody on the stage, and everybody inside, has had a hand in helping this institution come to life. But remember, let’s celebrate this incredible beginning, this incredible milestone, but let’s all recommit ourselves to how great we can make this.”
One thing all five men have in common is they have all run on the Republican Party ticket and have collectively overseen a growing dominance of the party throughout state government. 
“Special nod to Ed Schafer because he was the first guy that broke through as a Republican governor,” Burgum said. 
Schafer ran on a campaign of “Schafer means business” and said he tried to get the government out of the way and create a business friendly climate for the economy to thrive. 
“We were able to really bring North Dakota out of the doldrums and into a fun, exciting, happy, moving forward place, because we put people in the equation, not government,” he said.
The five men on stage led the Republican Party as it transformed North Dakota’s political landscape and contributed to making it so the most important election arguably occurs in June rather than November.
But Dalrymple said he was most proud of his bipartisanship, first as a state lawmaker, later as lieutenant governor and finally as governor. He said building relationships and working with another political party on policy is a “tremendous advantage,” and he lamented the loss of that tradition in the country’s current politics. 
“What’s happened is really a tragedy,” Dalrymple said, “maybe the biggest problem facing our nation right now.”
North Dakota Monitor reporter Jacob Orledge can be reached at jorledge@northdakotamonitor.com.
SUBSCRIBE: GET THE MORNING HEADLINES DELIVERED TO YOUR INBOX.
SUPPORT: YOU MAKE OUR WORK POSSIBLE",https://northdakotamonitor.com/wp-content/uploads/2026/07/2284523750-1024x683.jpg,,,2026-07-03 19:57:33.533847
,South Dakota Searchlight,2026-07-03 23:16:54+00:00,South Dakota Searchlight,No protesters appear for Trump’s Mount Rushmore fireworks six years after clash resulted in arrests,Joshua Haiar,,,,,https://southdakotasearchlight.com/2026/07/03/no-protesters-appear-for-trumps-mount-rushmore-fireworks-six-years-after-clash-resulted-in-arrests/,"KEYSTONE — Six years after authorities arrested demonstrators blocking a road leading to a fireworks display featuring President Donald Trump at Mount Rushmore, the same area stood empty as he returned. The National Park Service reserved a 100-foot-long zone for First Amendment activities Friday along the highway leading out of the town of Keystone and […]","President Donald Trump supporter Rudy Martinez sets up flags and hats to sell along a highway on July 3, 2026, in Keystone, South Dakota. The highway leads to Mount Rushmore, where Trump was scheduled to speak before a fireworks display. (Photo by Joshua Haiar/South Dakota Searchlight)KEYSTONE — Six years after authorities arrested demonstrators blocking a road leading to a fireworks display featuring President Donald Trump at Mount Rushmore, the same area stood empty as he returned.
The National Park Service reserved a 100-foot-long zone for First Amendment activities Friday along the highway leading out of the town of Keystone and toward the mountain carving in western South Dakota’s Black Hills.
By the late afternoon, nobody had showed up to protest amid a military and law enforcement presence that was keeping an eye on the area. Trump was scheduled to speak later in the evening before the fireworks.
Nick Tilsen, CEO of the Rapid City-based Indigenous advocacy group NDN Collective, led the 2020 protest and was one of the people arrested that year following a physical clash with law enforcement. Charges were later dropped.

National Guard soldiers and law enforcement patrol the designated protest area along a highway leading out of Keystone, South Dakota, toward Mount Rushmore on July 3, 2026, before a nighttime fireworks show and speech by President Donald Trump. (Joshua Haiar/South Dakota Searchlight)

Several months ago, Tilsen told South Dakota Searchlight “my guess is that Lakota people all across the homelands from this area won’t sit on the sidelines” of this year’s fireworks show. Lakota tribes formerly controlled the Black Hills under treaties violated by the federal government, and the tribes still assert those treaty rights. There are also numerous sites of Lakota spiritual significance in the Black Hills.
In recent days, Tilsen told Searchlight that NDN Collective was “boycotting” this year’s Trump visit.
“Quite frankly, we don’t need to feed into his narrative,” Tilsen said.
He cited a desire to focus on community organizing, which he said has produced numerous wins since 2020. He pointed to a jury trial victory in a lawsuit against owners of a Rapid City hotel who were accused of discriminating against Native American guests, a company’s withdrawal from an exploratory graphite drilling project in a Black Hills meadow used for spiritual ceremonies, and a 20-year-ban on mining activity in the Black Hills’ Rapid Creek watershed.
Podcast: Trump, Rushmore, fireworks, Little Bighorn and how it’s all related

Tilsen is separately helping to launch the Day One Movement, which is described as “the beginning of a new future” on Sunday, the day after the nation’s 250th birthday. The movement includes advocacy for returning lands taken from Native Americans and providing reparations to African American people for slavery, among other goals.
With no protesters along the highway Friday, people clothed in red, white and blue trickled into and through Keystone to celebrate Trump and the nation’s 250th birthday.  
Rob Wills of Rapid City said he was “looking forward to seeing something that hasn’t taken place in the last six years over a beautiful monument.”
Lynda Boepple and her husband traveled from Whitefish, Montana. A relative came from Northern California to join them. 
“We love President Trump,” Boepple said.
They had unsuccessfully entered the online lottery for the 4,800 tickets awarded to view the fireworks show from the Mount Rushmore amphitheater. They planned to watch from Keystone, about 2 miles below Mount Rushmore, and hoped to find a livestream of Trump’s speech.
“The 250th is just a wonderful celebration of our amazing country and the freedoms that are afforded to us,” Boepple said. 
Boepple and her husband were also in Keystone during the 2020 event. She recalled seeing a convoy of law enforcement vehicles travel toward the protesters’ blockade and protesters being transported back through town. 
“There was stuff going on up there, but overall, the vibe of love of country and patriotism overshadowed all of that,” she said. 
Boepple attributed the lack of a similar protest this year partly to the different political climate. She and her husband said the COVID-19 pandemic, Black Lives Matter movement and controversies over the removal of Confederate statues had contributed to heightened tensions ahead of the 2020 event. 
SUBSCRIBE: GET THE MORNING HEADLINES DELIVERED TO YOUR INBOX.",https://southdakotasearchlight.com/wp-content/uploads/2026/07/IMG_4556-1024x683.jpg,,,2026-07-03 19:57:33.533847
,North Dakota Monitor,2026-07-03 23:10:29+00:00,North Dakota Monitor,"Sens. Gillibrand, Cramer agree Theodore Roosevelt Presidential Library can heal grief, divisions",Michael Achterling,,,,,https://northdakotamonitor.com/2026/07/03/sens-gillibrand-cramer-agree-theodore-roosevelt-presidential-library-can-heal-grief-divisions/,"MEDORA – Members of Congress rarely agree on anything, but North Dakota Sen. Kevin Cramer, a Republican, and New York Sen. Kirsten Gillibrand, a Democrat, agreed the new Theodore Roosevelt Presidential Library in Medora can be a place for healing. During a Friday panel discussion about Roosevelt’s legacy, both members of Congress shared how the […]","North Dakota U.S. Sen. Kevin Cramer, left, and New York U.S. Sen. Kirsten Gillibrand speak during a panel discussion at the Theodore Roosevelt Presidential Library on July 3, 2026, in Medora.  (Photo by Bryan Bedder/Getty Images for Theodore Roosevelt Presidential Library)MEDORA – Members of Congress rarely agree on anything, but North Dakota Sen. Kevin Cramer, a Republican, and New York Sen. Kirsten Gillibrand, a Democrat, agreed the new Theodore Roosevelt Presidential Library in Medora can be a place for healing.
During a Friday panel discussion about Roosevelt’s legacy, both members of Congress shared how the strength that he received during his time in Medora is transferable.

More Theodore Roosevelt Presidential Library coverage

“As it was for Teddy Roosevelt, it is clearly a place of healing,” Gillibrand said. “When you come here, you see some of God’s most beautiful creations, and you very much feel part of the land.”
In 1884, Roosevelt traveled to Medora after his wife and mother died on the same day in order to find himself and renew his purpose.
“It’s not surprising that he came here to strengthen himself, to strengthen his mind, soul, and his spirit,” she said.
New York U.S. Sen. Kirsten Gillibrand speaks during a panel discussion at the Theodore Roosevelt Presidential Library on July 3, 2026, in Medora. (Photo by Bryan Bedder/Getty Images for Theodore Roosevelt Presidential Library)
Gillibrand said Roosevelt tried to learn from every experience he had in life to better himself, which is something she has tried to emulate as a public servant. She added that she admired Roosevelt enough to name her oldest son Theodore.
Cramer said his own family has experienced grief in recent years. 
“This place that drew Roosevelt here to heal has the same effect on just about anybody that comes here,” Cramer said. “When they are in this place, this place being the Badlands of North Dakota, they get it immediately. They feel the calm of it.”
The lessons Roosevelt learned during his time in politics are also needed in today’s political environment.
Gillibrand said Roosevelt railed against corruption, the “insider,” and the accumulation of power. She added that he would eventually learn that you need to work with everyone to get anything of consequence accomplished.
“By the time he became president, he understood a lot of his role was to bring people together,” Gillibrand said. She and Cramer go to weekly bible study and prayer breakfasts together while being from opposite political parties, she said.
North Dakota U.S. Sen. Kevin Cramer speaks during a panel discussion at the Theodore Roosevelt Presidential Library on July 3, 2026, in Medora. (Photo by Bryan Bedder/Getty Images for Theodore Roosevelt Presidential Library)
Gillibrand has a lot of Roosevelt’s qualities, Cramer said. 
“One of them is persistence,” he said. 
Cramer said the problem with modern politics is that bipartisanship is being demonized.
“You are rewarded more for being a jerk than you are for being a friend,” Cramer said. “We have to work on that by example, but I hope this place … can absolutely build on that theme.”
Both senators agreed that conservation and being proper stewards of the land — foundational in Roosevelt’s life — is also something that people of all political stripes can still get behind.
The Theodore Roosevelt Presidential Library opens to the public on Saturday.
North Dakota Monitor reporter Michael Achterling can be reached at machterling@northdakotamonitor.com.
SUPPORT: YOU MAKE OUR WORK POSSIBLE
SUBSCRIBE: GET THE MORNING HEADLINES DELIVERED TO YOUR INBOX.",https://northdakotamonitor.com/wp-content/uploads/2026/07/2284521483-1024x683.jpg,,,2026-07-03 19:57:33.533847
,North Dakota Monitor,2026-07-03 23:00:46+00:00,North Dakota Monitor,Military Gallery construction project stalls with fundraising lagging in North Dakota,Amy Dalrymple,,,,,https://northdakotamonitor.com/2026/07/03/military-gallery-construction-project-stalls-with-fundraising-lagging-in-north-dakota/,"Construction of the Military Gallery at the North Dakota Heritage Center in Bismarck is paused through at least July 31 due to insufficient private fundraising, the State Historical Society announced Friday. Half of the $78 million facility on the Capitol grounds is supposed to be supported by private fundraising, but pledges so far are at […]","Construction is paused July 3, 2026, on the Military Gallery addition to the North Dakota Heritage Center due to insufficient fundraising. (Photo by Amy Dalrymple/North Dakota Monitor)Construction of the Military Gallery at the North Dakota Heritage Center in Bismarck is paused through at least July 31 due to insufficient private fundraising, the State Historical Society announced Friday.
Half of the $78 million facility on the Capitol grounds is supposed to be supported by private fundraising, but pledges so far are at $4.1 million of the total $38.8 million fundraising goal.
The project has only collected about $800,000 in private donations so far, said Shannon Schweigert, principal manager with PACE Fundraising, a Fargo-based consultant working on behalf of the North Dakota National Guard Foundation.
Ceremony kicks off construction of North Dakota military museum

The project needs to reach one-third of its fundraising goal, or about $12.8 million, before it can access $15 million in state funding under the requirements approved by lawmakers last year.
Bill Peterson, director of the State Historical Society, said Friday the committee advising the project had “really high confidence” before breaking ground a year ago that the project would soon hit the $12.8 million milestone.
“At the time, we had every reason to believe that this would be a slam dunk,” said Peterson, who chairs the Joint Military Museum Advisory Committee.
But since then, the project has encountered economic headwinds organizers didn’t anticipate, Peterson said, citing tariffs and the overall economy.
At one point, the project had about $9.4 million in private fundraising pledged, Schweigert said. 
A donor tied to the oil industry rescinded a $5 million pledge in February amid low oil prices at the time, Schweigert said, adding that conversations with the donor are ongoing.
Most pledges are to be paid over five years, he said. 
Price tag has grown for North Dakota Military Museum as plans progress

The 70,000-square-foot facility is being developed in partnership with the State Historical Society and the North Dakota National Guard and their foundations to preserve the history of the state’s military members.
North Dakota lawmakers have committed $39.2 million in state funding. That includes a $20 million line of credit from the state-owned Bank of North Dakota, which has been expended, Peterson said.
Lawmakers will need to budget for $20 million in the 2027 legislative session to repay that line of credit, not including interest.
Lawmakers also approved $4.2 million for the library last year to repay a separate line of credit that was used for planning and design.
Peterson said the project has no unpaid bills at this point. But it can’t proceed without more money.
Peterson, Schweigert and Jackie Huber, president of the North Dakota National Guard Foundation, all said Friday they remain confident that the private fundraising goal can be met.
“From the onset, this project has had just immense community support,” said Huber, who also is brigadier general with the North Dakota National Guard.
The State Historical Society Foundation has also been traveling the state to promote the project and connect with potential individual and family donors, Huber said.
The fundraising campaign has overlapped with the campaign for the $450 million Theodore Roosevelt Presidential Library in western North Dakota. Schweigert, who is focused on raising corporate gifts, said the timing has affected the military project fundraising.
“On the heels of TR, we’ve had a number of donor prospects tell us, ‘Can you please allow us to just take a breath,’” Schweigert said. “So we do think time is going to be important to us. We do think now that TR is open we can finish our project.”
SUBSCRIBE: GET THE MORNING HEADLINES DELIVERED TO YOUR INBOX.",https://northdakotamonitor.com/wp-content/uploads/2026/07/IMG_2223-1024x768.jpeg,,,2026-07-03 19:57:33.533847
,Mississippi Today,2026-07-03 21:30:00+00:00,Mississippi Today,Some paid the ultimate price to enact voting rights. Their survivors see America turning backward,"Gary Fields, Associated Press",,,,,https://mississippitoday.org/2026/07/03/voting-rights-america-turning-backward/,"Dennis Dahmer, whose father Vernon Dahmer Sr. was killed when the Ku Klux Klan firebombed the family home 1966, speaks about seeing his father dying in the hospital, in Hattiesburg, Miss., Wednesday, June 3, 2026.","Audio recording is automated for accessibility. Humans wrote and edited the story.
WASHINGTON — Holiday gatherings and major life events have come with an empty seat. Certain dates on the calendar meant time at a cemetery, standing before granite stones.
They are a relatively small group of people, scattered across different states, but they share a common bond that stretches back decades: Each had a family member die violently in the struggle for voting and civil rights, victims on a long and difficult path marked by blood that ended when the country seemed to mature into the nation of its creed.
But 61 years later, and as the country marks its 250th anniversary, those sacrifices are in question. In a series of decisions over the past dozen years, including one in April, the Supreme Court has effectively dismantled the law that their family members died to see enacted, the Voting Rights Act of 1965.
“My mother’s blood is on that bill. We were always proud of that, and now it’s gone,” said Anthony Liuzzo, whose mother, Viola Liuzzo, died on an Alabama highway between Selma and Montgomery while driving marchers in 1965.
Critics of the law argue that times have changed, a point Chief Justice John Roberts made in a 2013 decision that was the first major step in rolling back the law.
Survivors of lost loved ones disagree, pointing to the speed with which Republican-led state legislatureseliminated majority-Black congressional districts after the court’s April ruling, which severely weakened a section of the law that had protected voting rights for minority communities. They feel anger and sadness that a milestone political victory decades ago has been reversed, but they are committed to keep fighting.
A church bombing and a chunk of concrete
Lisa McNair was born Sept. 19, 1964. Her older sister, Denise, died in the Sept 15, 1963, bombing of the 16th Street Baptist Church in Birmingham, Alabama. The church had been a central organizing point for civil rights protest.
The explosion killed Denise McNair, 11, Addie Mae Collins, 14, Carole Robertson, 14, and Cynthia Morris Wesley, 14. Nearly two dozen others were injured. Three Klansmen were convicted years later.
Lisa McNair arranges flowers on the grave of her late sister, Carol Denise McNair, Monday, June 1, 2026, in Birmingham, Ala. (AP Photo/Mike Stewart) Credit: AP Photo/Mike Stewart
One of Lisa McNair’s early memories of her sister was of the box that their grandmother kept from the funeral home. It included Denise McNair’s shoes, a purse and a rock-sized piece of concrete that had been embedded in her skull.
The crime brought the civil rights struggle onto the national stage and outraged Democratic President John F. Kennedy.
The times were tumultuous, McNair said, but it seemed the nation was heading in the right direction. Most of her life, “I’ve seen advances” on television, in commercials, with interracial marriages, civil rights and voting rights, “a plethora of rights that we got over the greater part of my lifetime.” But that has changed, she said.
McNair, 61, said she is “physically sick” about the Supreme Court decision and subsequent actions by lower courts and legislatures.
“I am constantly working to pray my way through it, so I can get up and go to work in the morning and do what I need to do. But I just want to ask every white person I see, What more do you want?” she said. “Why do you hate us so?”
They left for Freedom Summer and never came home
On Father’s Day 1964, civil rights workers Andrew Goodman, James Chaney and Michael Schwerner were ambushed and killed in Philadelphia, Miss. Their murders gripped the nation and helped lead to the federal Civil Rights Act of 1964. Credit: FBI archives
Michael Schwerner, known as Mickey, came from a family in which human rights activism and challenging social norms were expected. He was in Mississippi in 1964 as part of Freedom Summer when he, Andrew Goodman and James Chaney vanished one day in June while investigating a bombing at a Black church.
Their bodies were found weeks later, buried in an earthen dam in a rural area of Neshoba County. Schwerner, 24, and Goodman, 20, were white; Chaney, 21, was Black.
Stephen Schwerner, who died earlier this year and was a social activist in his own right, told The Associated Press in a 2023 interview that as soon as the family heard his younger brother and the other men were missing, they knew they were dead.
“Our family was very out front in the media that the only reason there was international attention was two of the young men were white,” said Stephen’s daughter, Cassie Schwerner. “Had all three of those young men been Black, they would have ended up absent from our history and our narrative.”
Cassie Schwerner, executive director of Morningside Center for Teaching Social Responsibility, said her family has followed voting rights through their ups and downs. That includes the 2013 Supreme Court decision that allowed states and counties with a history of discriminatory voting rules to make changes without prior approval from the Department of Justice.
The court’s April decision, she said, brought rage “and a good deal of sadness — not for me and my family, but for this country.” There is, she said, work to be done on multiple fronts.
Rights paid for in blood turned out to be fragile
Tamara Orange said among her many thoughts when she heard of the Supreme Court decision in this year’s Voting Rights Act case, there was relief — “relief that my dad is not here to see that; that Jimmie Lee Jackson is not here to see it; that Viola Liuzzo is not here to see it,” she said. “I’m relieved for them because to me, it’s as though the sacrifices that were made were done in vain.”
Her father, James Orange, was working with the Southern Christian Leadership Conference to organize voting rights protests in Marion and Perry County, Alabama, in 1965. When juveniles joined the effort, he was arrested for contributing to the delinquency of minors. Concern arose that Orange was going to be taken out of the jail and lynched.
A protest to intervene ended with Jackson, a 26-year-old Black church deacon, being shot in the stomach by a state trooper while Jackson tried to shield his mother and grandfather.
His death was the catalyst for what became the Selma to Montgomery march and “Bloody Sunday.”
Orange stayed in the movement all his life and died in 2008, Tamara Orange said. But even after the Voting Rights Act passed, “He would say, be careful or we’re going to lose it.”
‘We got bad news for you’
Anthony Liuzzo had just turned 10 when his mother, 39, left their middle-class neighborhood in Michigan and headed for Selma, Alabama. She had cried as she watched scenes from “Bloody Sunday” on television.
Viola Liuzzo participated in a portion of the second march and then helped drive other civil rights protesters around the Black Belt region of the state. On March 25, 1965, she was driving one protester between Selma and Montgomery when a vehicle pulled alongside and fired into the car.
An iron fence surrounds the memorial to civil rights activist Viola Liuzzo on Friday, July 7, 2000, near Lowndesboro, Ala., on U.S. 80.  Credit: AP Photo/Dave Martin
The phone call came around midnight. Anthony Liuzzo remembers the caller asking his dad, “Is your wife Viola? We got bad news for you. She’s been shot.” When his father asked whether she was all right, the caller said “No, she’s dead,” and then hung up.
An informant for the FBI quickly identified members of the Ku Klux Klan as her killers. The three men charged would escape conviction on state charges but be convicted in federal court.
Anthony Liuzzo and his siblings lived with the lost birthdays and other missed milestones. His comfort was that the voting rights she had died for had become a reality. But the April ruling by the Supreme Court and the subsequent rush by Republican-led legislatures in several Southern states to eliminate congressional districts represented by Black lawmakers left him angry and distraught.
Even so, he said he is still proud his mother had the courage to go to Selma “when others sat in their pretty little houses.”
One morning, the Klan returned
The inscription at the bottom of Vernon Dahmer Sr.’s tombstone reads simply: “If you don’t vote, you don’t count.”
It is a message that embodies his life’s work and the story behind his death.
Even after Democratic President Lyndon Johnson signed the Voting Rights Act, not every state was eager to implement the new law. In Mississippi, it came with a “poll tax.” The amount was $2, but in a world where a farmworker’s wages might only be $5 a day, that was substantial, said Dahmer’s son, Dennis Dahmer Sr.
Dennis Dahmer, whose father Vernon Dahmer Sr. was killed when the Ku Klux Klan firebombed the family home 1966, holds a photo of his brothers as they overlook the destroyed home after, after retiring home from military service, in Hattiesburg, Miss., Wednesday, June 3, 2026.  Credit: AP Photo/Gerald Herbert
The elder Dahmer, 57 at the time of his death, was a successful businessman who owned a store, sawmill and farm near Hattiesburg. He also was a civil rights leader and NAACP president in Ford County. He offered to pay the $2 for Black residents who wanted to register to vote.
He had already been under scrutiny by the local Ku Klux Klan. There was harassment and there were threatening phone calls. The windows were shot out of his store, but no one challenged him directly because his sons were always present and armed.
That seemed to trail off after Johnson signed the law.
“The Klan quit calling,” Dennis Dahmer said. “They quit shooting out the windows, so my family thought that all of this was behind us.”
That changed in the early hours of Jan. 10, 1966, when two carloads of Klansmen showed up. They firebombed the house and adjacent grocery store and began shooting at the house. The elder Dahmer shot back, using his ample arsenal to fight off the attack.
His wife and the three children who were home survived, but he suffered severe injuries from inhaling the smoke and fumes from the flames. He died later that day.
Dennis Dahmer was 12 as he stood next to his dad’s hospital bed. He wondered why some people wanted his father dead just for trying to help Black people vote.
A copy of a poll tax receipt sits in the old schoolhouse meeting place, as part of the legacy of Vernon Dahmer, Sr., who was killed when the Ku Klux Klan firebombed the family home 1966, in Hattiesburg, Miss., Wednesday, June 3, 2026.  Credit: AP Photo/Gerald Herbert
A former Imperial Wizard of the Ku Klux Klan, Sam Bowers, was convicted in 1998 for the attack and sentenced to life.
Like the families of other survivors, Dennis Dahmer’s family has witnessed the methodical dismantling of the Voting Rights Act.
“Finally, they basically turned it into a relic,” he said.
His plan now is activism, to speak out and promote the need for a massive voter turnout. He also wants to remind people of the price that certain families paid for everyone to have the right to vote and be represented by someone of their choosing.
“We’re living in a time when America has a lot of the same characteristics of the 1960s that I grew up in,” he said. “People say, are we going back? Hell, we’re already there.”",https://cdn.mississippitoday.org/uploads/2026/07/03120144/AP26177661186003.jpg,,,2026-07-03 17:58:24.023592
,Connecticut Mirror,2026-07-03 21:30:00+00:00,CT Mirror,"KOSA, wage theft and New Britain’s finances: CT Politics news",CT Mirror Staff,,,,,https://ctmirror.org/2026/07/03/ct-politics-kosa-wage-theft-new-britain/,"Plus: Early childhood education funding, UConn Health expansion, free college courses for high schoolers and Eversource's storm costs.","These news briefs are part of The Connecticut Mirror’s 2026 political coverage. For more news about the 2026 legislative session, campaigns, elections and more, sign up here for The Issue, the CT Mirror’s weekly politics newsletter.
New Britain’s financial report card
There’s some financial news out of New Britain that does not involve any direct mention of the previous mayor’s handling of her city credit card, among other things. S&P Global Ratings has upgraded the City of New Britain’s long-term general obligation bond rating from ‘A’ to ‘A+’ with a Stable Outlook.
“This upgrade is a direct reflection of the disciplined financial approach our administration has taken since day one,” Mayor Bobby Sanchez said in a statement. “When we came into office, we made a commitment to restore confidence in the City’s finances through responsible budgeting, transparency, and accountability.”
S&P’s take: ”Since taking office in November 2025, the new administration has prioritized fiscal discipline to correct for optimistic budgeting practices that led to inconsistent operations.” 
— Mark Pazniokas, Capitol Bureau Chief
A free college course for every CT high schooler?
CT has invested millions in dual credit courses that give high schoolers college credit. They’re meant to make college more accessible, but not all high schools have the means to implement them.
Now, Gov. Ned Lamont wants to give students at those schools access to a free online course through Charter Oak State College. All public state colleges and universities would enter matriculation agreements with Charter Oak to ensure the credits transfer.
Lamont’s campaign office said the governor would re-introduce the proposal in January if re-elected and that costs would come out of the General Fund. 
— Theo Peck-Suzuki, Education Reporter
Comptroller-supported wage theft bill signed
Efforts to address wage theft in Connecticut have new support. On Tuesday, the governor signed a bill, backed by the state comptroller, during a ceremony in Norwich. The measure gives the comptroller the power to temporarily halt payments to contractors working on state-funded projects if those contractors are being investigated for wage theft violations. The measure was previously introduced in 2025, but did not pass.
The new law goes into effect on Oct. 1.
— P.R. Lockhart, Economic Development Reporter
U.S. House and Senate split over KOSA
As online protections for children remain a priority for Congress, the House and Senate are split over how to address the issue. The House passed a package of reforms including a version of the Kids Online Safety Act that removes the controversial “duty of care” provision, which requires companies to mitigate harms when designing platforms. U.S. Rep. Jim Himes was Connecticut’s only House member to support the KIDS Act.
U.S. Sen. Richard Blumenthal, who coauthored the Senate version, has been opposed to the House’s efforts. After its passage this week, he said, “We will not greenlight hollow reforms.” 
— Lisa Hagen, Federal Policy Reporter
New review for federal grants
U.S. Rep. Rosa DeLauro, D-3rd District, and state Department of Public Health Commissioner Manisha Juthani joined Yale University researchers on Monday to decry a proposed rule by the Trump administration that would subject federal grants to review by political appointees to ensure they “demonstrably advance the president’s policy priorities.”
John Krystal, chair of psychiatry at Yale School of Medicine, called the proposal a “tragedy” that could interfere “with medical science for decades to come.” The administration is currently accepting comments on the proposal through July 13. If adopted, the changes would go into effect on Oct. 1. 
— Katy Golvala, Health Reporter
PURA releases storm costs draft decision
The Public Utilities Regulatory Authority signaled its intention this week to allow Eversource to recover nearly $1 billion in accrued storm costs — but not an additional $400 in million in interest sought by the company. Eversource had been seeking to recuperate the costs spent responding to “catastrophic” storms between 2018 and 2023.  
Last year, lawmakers passed legislation allowing utilities to securitize those costs, meaning they can be paid back over a longer period of time at lower interest rates. Before regulators can approve securitization however, they first have to determine how much of the costs were properly incurred.
Eversource spokeswoman Jamie Ratliff said in a statement Tuesday that the company is evaluating PURA’s draft decision. PURA is scheduled to issue its final decision in the case on July 29.
— John Moritz, Energy and Environment Reporter
UConn adds more hospitals to its system
UConn Health on Monday posted a notice to its website announcing it will apply for state approval to acquire Bristol and Day Kimball Hospitals. The notice must remain posted for 20 days before UConn can apply for approval, which the hospital plans to do later this month, according to a spokesperson. Bristol and Day Kimball leaders expect the deals to close later this year or early next year.
The deal is seen by many as a win-win: The acquisitions will provide needed support for the independent community hospitals, while also facilitating the expansion of UConn Health, which state officials have said is critical to its survival. 
— Katy Golvala, Health Reporter
A boost for CT’s early childhood fund
Lamont announced on Tuesday that he would direct $411.7 million into the Early Childhood Education Endowment. The fund got its first infusion of $300 million in 2025. 
In an ambitious plan, the fund will make preschool free for low-income families and affordable for all families, while also providing childcare to very young children at no or low-cost.
“Making Connecticut more affordable means making it easier for families to live, work, and raise children here,” Governor Lamont said in a statement. 
— Laura Tillman, Human Services Reporter",https://ctmirror.org/wp-content/uploads/2026/03/2026_0303_SR_MedicalDebt_060-1024x683.jpg,,,2026-07-03 17:58:24.023592
,Mississippi Today,2026-07-03 20:00:00+00:00,Mississippi Today,"On nation’s 250th birthday, tiny Itta Bena and the Mississippi Delta provide a window into America",Nason Lollar,,,,,https://mississippitoday.org/2026/07/03/250th-birthday-mississippi-delta-america-b-b-king/,A student walks to class on Mississippi Valley State University's campus in Itta Bena.,"Audio recording is automated for accessibility. Humans wrote and edited the story.
Mississippi Today Ideas is a platform for thoughtful Mississippians to share their ideas about our state’s past, present and future. Opinions expressed in guest essays are the author’s own and do not necessarily represent those of Mississippi Today. You can read more about the section here.. 

“We hold these truths to be self-evident, that all men are created equal, that they are endowed by their Creator with certain unalienable Rights, that among these are Life, Liberty and the pursuit of Happiness.” 
— Declaration of Independence, July 4, 1776 

For 250 years, America has wrestled with the meaning of these words. 
The history of one small Mississippi Delta town offers a window into how we’ve grown into these ideals.

Benjamin Grubb Humphreys was a founding father of the Magnolia State. A planter, slaveholder, military officer and politician, Humphreys helped build the antebellum Mississippi we read about in history books.
When his family’s Claiborne County plantation fell on hard times in 1846, Humphreys steamed up the Yazoo River and selected a plantation site near Roebuck Lake. The rich Delta soil surrounding it, farmed by the Choctaw for centuries and opened to settlement through the Treaty of Dancing Rabbit Creek, was an ideal spot for a plantation. 
Humphreys named his new plantation after the Choctaw phrase for a home in the woods: Itta Bena. 
As war approached, Humphreys devoted himself to the Confederacy, serving with distinction at Antietam, Chancellorsville, Gettysburg and Chickamauga. 
After the war, Humphreys returned to Mississippi politics and became the state’s first post-war governor. Like many members of Mississippi’s planter class, he sought to restore the social hierarchy that had defined his successful antebellum life. 
Nason Lollar Credit: Courtesy photo
As governor, Humphreys opposed ratification of the 13th and 14th Amendments and enacted the infamous Black Codes. These laws imposed harsh restrictions on newly freed slaves and helped establish the segregated order that would dominate Mississippi for generations after the war.
Gov. Humphreys and his contemporaries rebuilt the post-war South, characterized by sharecropping, disenfranchisement and discrimination that dominated the Delta for decades.

Five miles west of Humphreys’ old plantation site stands a historical marker commemorating the 1925 birthplace of Riley B. King in a sharecropper’s home. 
Born in the cotton fields of Itta Bena, King learned the hard realities of a sharecropper’s life early on. In the blazing Mississippi sun, children would spend long days chopping cotton, picking cotton and singing about it alongside the adults. 
Orphaned by age 9, Riley bounced across the state, moving from Itta Bena to Kilmichael, then to Lexington and eventually to Indianola. 
In this photo taken May 6, 2015, a commercial truck drives past the Mississippi Blues Trail marker that proclaims an area adjacent to Bear Creek in the Berclair Community near Itta Bena, Miss., as the birthplace of B.B. King. King claimed Indianola as his hometown after moving there as a teenager. King died Thursday, May 14, 2015, at age 89 in Las Vegas, where he had been in hospice care. Credit: AP Photo/Rogelio V. Solis
Religion was a big part of Riley’s life. Early on, he was enthralled by a preacher’s unconventional delivery, which included using a guitar in his sermons. While he continued to move and change jobs, the music stayed with him. 
By the time he was 20, King had progressed to performing on street corners. And as soon as he learned that playing the blues yielded more tips in his open hat than the old religious standards, he escaped life in the fields and moved to Memphis. There, the hardships of his upbringing became a source of opportunity. 
King’s first job off the farm was serving as a disc jockey at WDIA. Soon after, calls and fan mail flooded into the radio station addressed to the personality they knew as “The Beale Street Blues Boy.” The nickname stuck and was eventually shortened, creating the name history remembers: B.B. King. 
Born into extreme poverty and surviving on his own as a kid, King used talent, discipline, persistence and a surprisingly positive outlook on a hard life to escape his situation and master a form of music deeply rooted in the suffering and endurance of the Mississippi Delta. 
Years later, King reflected on the role the blues played in his life in his autobiography. 
“As a little kid, blues meant hope, excitement, pure emotion. Blues were about feelings. They seem to bring out the feelings of the artist and they brought out my feelings as a kid. They made me wanna move, or sing, or pick up Reverend’s guitar and figure out how to make those wonderful sounds.” 
Widely regarded as one of the greatest guitarists in history, this great-grandson of slaves carried Mississippi’s music to the world stage and became one of the most celebrated musicians in America.
In 1946, as King fled the Delta, the Mississippi Legislature continued taking steps to keep society segregated. That year, lawmakers authorized the creation of the Mississippi Vocational College as a separate institution for Black students. 
After local protests prevented the school from opening at the old Greenwood Army Air Base, legislators selected another, more remote, location six miles to the west. And in a twist that could only take place in the Mississippi Delta, old plantation land in Itta Bena was transformed into an institution of higher learning for the descendants of the enslaved. 
Dr. James Herbert White was recruited to lead that institution when it opened in 1950. 
Also the son of sharecroppers, White envisioned something greater than an isolated vocational school designed to preserve the state’s “separate but equal” vision. White devoted himself not simply to constructing buildings and classrooms, but to constructing hope. 
Dr. White dreamed of building a true institution of higher learning that could lift students into lives of opportunity, dignity and excellence. Under his leadership, the school became Mississippi Valley State College, reflecting a vision that had grown well beyond its vocational beginnings. Today, the university nicknamed “The Valley” continues to produce educators, professionals, athletes and leaders whose influence extends far beyond the Mississippi Delta.
Take a Sunday drive through the Mississippi Delta, and you’ll notice historical markers everywhere. 
A few miles north of Itta Bena, there’s a marker on the banks of the Tallahatchie River memorializing the site of Emmett Till’s 1955 death. A couple of hours south, another one describes how Gen. Ulysses S. Grant used Mississippi College’s Provine Chapel as a field hospital during the Vicksburg campaign. Everywhere in between, marker after marker tells the story of how events from the front pages of American history played out across the Delta. 
A historical marker near the Tallahatchie County Courthouse in Sumner, Miss., highlights the 1955 trial of Emmett Till’s killers, who were acquitted in the courthouse across the street, on Tuesday, Aug. 6, 2025.  Credit: Eric Shelton/Mississippi Today
What other stretch of soil could intertwine the stories of a plantation owner, a musician, an educator and the president of the United States? 
Four months after the Battle of Gettysburg, Abraham Lincoln gave voice to an understanding of the American experiment that would eventually transform a thousand different corners of America, including Itta Bena. 
Standing among the graves of those who died preserving the Union, he returned to the Declaration of Independence and its central claim that all men are created equal. Lincoln acknowledged that America remained engaged in unfinished work, bringing the nation’s actions into closer alignment with its founding ideal. It was work to which he ultimately gave his life. 
Lincoln’s greatest contribution to those of us looking back across 250 years of the American experiment, though, may have been the challenge he left behind. Speaking to a generation enduring circumstances far worse than our own, he called on his countrymen to show an “increased devotion” to the cause of liberty. 
Itta Bena, Mississippi, offers a remarkable view of the American experiment today because it demonstrates that Lincoln’s challenge did not end at Gettysburg. Slowly but surely, generations of Americans accepted the responsibility of enlarging the promise contained in the Declaration.
Today, the only visible evidence of Benjamin Humphreys’ plantation is an aging historical marker at the intersection of Humphreys Street and Mississippi Highway 7 in downtown Itta Bena. 
Itta Bena Downtown Marker Credit: Nason Lollar
Glance east while reading it, and you can picture the columned porch of a plantation home still rising above the Delta landscape. Walk a few minutes in any direction, and you are standing in fields once worked by Humphreys’ slaves nearly two centuries ago. 
But other than those fields stretching to the horizon, neither Humphreys, Jefferson nor Lincoln would recognize much of the small Delta town today. Those fields that once supported a plantation produced one of the most celebrated musicians in American history and gave rise to a state-supported, historically Black university. Free elections have taken place across the Delta for decades now, with candidates from all parties up and down the ballot. 
The meaning of Itta Bena was not settled at the time Benjamin Humphreys founded it. As the American story unfolded, it eventually outgrew the antebellum world that created it.
The window it offers into the American experiment is one of hope.
Viewed through the lens of history, the American experiment in self-government is much more than a battle over political opinions. Every generation inherits an unfinished country. Progress isn’t just a debate over who wins elections; it is about what we choose to build. 
If the United States of America someday celebrates a 500th anniversary, it will not happen because Americans agree on everything. We never have, and we never will. It will happen because generation after generation of Americans accepted Lincoln’s challenge, overcame their differences and devoted themselves to preserving a government of the people, by the people, and for the people. 
In the Mississippi Delta, those fading historical markers tell the story of how previous generations helped our country achieve those founding ideals. Hopefully, the historical markers that have yet to be placed will say the same about us someday.

Nason Lollar was born in Leflore County. He currently serves as principal of Germantown Middle School in Madison County. Over his 26-year career in Mississippi’s public schools, he has served as a teacher, coach, assistant principal and principal. He holds a doctor of education degree from William Carey University and is the author of “The Five Principles of Educator Professionalism: Rebuilding Trust in Schools.” A husband and father of four, he writes about education, leadership, Mississippi history and life in his spare time.",https://cdn.mississippitoday.org/uploads/2021/09/22010719/MVSU4-scaled.jpg,,,2026-07-03 16:58:10.572339
,Idaho Capital Sun,2026-07-03 19:18:09+00:00,Idaho Capital Sun,"Chief Tom Schultz details, defends largest Forest Service reorganization in a century",Mike Koshmrl,,,,,https://idahocapitalsun.com/2026/07/03/chief-tom-schultz-details-defends-largest-forest-service-reorganization-in-a-century/,"This story was first published by WyoFile on July 2, 2026. PARK CITY, UTAH — The U.S. Forest Service received roughly 300 applications for the 15 new state director jobs created during a major agency reorganization that’s dissolving regional offices the agency’s first chief, Gifford Pinchot, created nearly 120 years ago. That’s 20 applications per […]","USDA Forest Service Chief Tom Schultz meets with employees of the Kisatchie National Forest in Louisiana on April 2, 2025. (Photo by Preston Keres/USDA)This story was first published by WyoFile on July 2, 2026.
PARK CITY, UTAH — The U.S. Forest Service received roughly 300 applications for the 15 new state director jobs created during a major agency reorganization that’s dissolving regional offices the agency’s first chief, Gifford Pinchot, created nearly 120 years ago.

That’s 20 applications per job, on average, for well-paying “senior executive service” positions at a federal agency that employs roughly 30,000 staff.
It’s a figure that, to many, suggests stunningly little interest in the jobs and a reminder that it remains a tough time to be a Forest Service employee tasked with managing 193 million acres of the United States.
But U.S. Forest Service Chief Tom Schultz on Tuesday sounded upbeat about the 300 applications, a datapoint he offered without prompting. Applicants are a mix of Forest Service veterans and outside candidates, and there are more than he needs to fill the state director jobs and restructure. Schultz’s team has already narrowed the pool of candidates and is starting to arrange for interviews, he told WyoFile from a boardroom at Park City’s Deer Valley Resort.
“I expect [interviews] to begin within the next couple weeks,” Schultz said.
The Trump administration’s pick to lead the Forest Service took a break from the Western Governors’ Association conference and sat down with WyoFile to discuss the status of the agency’s workforce and looming structural changes that were signaled in summer 2025 and formally set in motion this spring. The University of Wyoming graduate spoke just over the Wasatch Range from Salt Lake City, where he’s planning to live and work after relocating the agency’s headquarters from Washington, D.C.
Nearly five dozen research and development stations may also be shuttered, and their staff will be clustered at more centralized operations instead.
U.S. Forest Service map that highlights state offices and regions. (Map courtesy of the U.S. Forest Service)
All these changes are coming quickly.
Schultz says he will wait until after the already deadly, active wildfire season dies down before reassigning regional personnel and opening the doors on state offices.
“Sometimes toward the end of October, early November is when we’d be looking at getting those offices operational,” the Forest Service chief said.
Wyoming’s office is coming to Cheyenne, though the building has not been selected. The state offices in the Equality State and elsewhere will house an estimated “six to eight” staff, and will include positions specializing in communications, legislative affairs, tribal affairs and other “liaison-type” roles, Schultz said.
Idaho Forest Service employees told their positions may be affected by federal agency restructure

“The intent is not to replicate the regional model,” he said. “It’s to have those positions supervise the forest supervisors, and also to be a liaison with states, with counties, with tribes.”
A former Idaho Department of Lands director, Schultz moved to the private sector and was an executive with an Idaho logging company before U.S. Department of Agriculture Secretary Brooke Rollins hired him away in February 2025. Restructuring the Forest Service will concentrate resources and decision-making in the states and communities where national forestland is part of the landscape, he said.
“What we’re trying to do is basically bring the Forest Service closer to the people that we serve,” Schultz said. “The change from regional offices to a state director role is to really empower folks closest to the ground — district rangers and others who make decisions.”
It won’t be immediate, but eventually national forests like Wyoming’s Bridger-Teton, Shoshone, Bighorn, Medicine Bow-Routt and Black Hills should experience an increase in staffing and money as resources are diverted away from regional offices in places like Denver and Ogden, Utah, Schultz said.
“That is the intent,” he said.
Yet, the reorganization is also immensely controversial. Partly that’s a product of the administration spearheading the changes.
President Donald Trump’s second term started by bringing a wrecking ball to the federal government. The face of the aggressive, abrupt job cuts, now-trillionaire Elon Musk even wielded a chainsaw on stage to signify the actions of his now-defunct “Department of Government Efficiency,” which trimmed the Forest Service’s workforce by about 18%.
 Forest Service employees express skepticism

Many Forest Service employees are unsettled by the structural changes afoot. Retired White River National Forest supervisor Scott Fitzwilliams, who took a buyout during the DOGE era, criticized how hastily the reorganization was decided and implemented.
“This is turning over 100 years of organization,” Fitzwilliams said. “This is not thought out. And it’s chaotic.”
The Forest Service rolled out its plans in the absence of public review, Fitzwilliams pointed out. Except for stakeholders like the timber and fossil fuels industries, he said the reorganization wasn’t vetted and caught almost everyone off guard.
“I know for a fact, ranking members of resources committees on the Senate side and the House side, they learned about it when you and I learned about,” Fitzwilliams said.
But Schultz argues the concept of restructuring has been kicked around for nearly two decades. There’s been talk of redesigning the Forest Service to a state-focused system since 2008, and the effort became more formal in August 2024, he said.
Retirees who are formally organized have also voiced concerns.
Forest Service restructure will see Idaho managed under new state office

Bill Avey, who chairs the National Association of Forest Service Retirees, told WyoFile that he feels the reorganization is “not in the best interest of the public or the national forests or the Forest Service itself.” He worried that the new structure will lead to the Forest Service becoming beholden to state politics.
“These are national forests; they aren’t state forests,” said Avey, who supervised the Helena-Lewis and Clark National Forest. “The forests are going to be much more influenced by the politics of the state, when they should be managed for the people of the nation.”
The Forest Service state directors will be hired into career positions, and are not political appointees, according to Schultz.
But those assurances didn’t allay the concerns of Avey, who pointed to how state offices and directors function at the Bureau of Land Management.
“State directors are very political positions,” Avey said. “We’re worried about increased politicization of the Forest Service.”
Steve Ellis preceded Avey in chairing the National Association of Forest Service Retirees. His career started at the Forest Service but crossed over to the BLM, where he became the Idaho state director and then deputy director for the whole agency.
“So I know both the structures,” Ellis said. “Democratic and Republican governors in the West, my observation is they always liked the BLM model better.”
Two weeks ago, the bipartisan Western Governors’ Association pledged its support for the Forest Service restructuring in a letter.
“This state-based model will ensure strong communication between the agency and states and territories, and promote coordination on forest and rangeland management, recreational use, and wildfire mitigation and response,” Utah Republican Gov. Spencer Cox and Hawaii Democrat Gov. Josh Green wrote.
 Salt Lake City HQ

Delivering the keynote address at the Western Governors Association conference this week, Schultz told the crowd that he’s “thinking about” giving the states more national forest management control. And he argued that there will be benefits to the coming headquarters move to Salt Lake City and the broader Forest Service restructuring.
“I currently have 26 direct reports,” Schultz said. “Under this new model, I’m going to have six reports. We’re going to align much like a normal corporate structure.”
U.S. Forest Service Chief Tom Schultz delivers the keynote address at the Western Governors’ Association conference on June 30, 2026, in Park City, Utah. (Photo by Mike Koshmrl/WyoFile)
Moving Forest Service headquarters to Salt Lake City has been criticized partly because of the first Trump administration’s 2019 reorganization of the BLM, which included moving its headquarters to Grand Junction, Colorado, a mid-sized city about the size of Casper. That effort failed spectacularly. Less than 13% of the 328 employees whose jobs were moved chose to relocate and only three employees ended up moving to Grand Junction, according to High Country News. In fall 2021, the Biden Administration Interior Secretary Deb Haaland moved the office back to Washington.
Schultz is hopeful the Forest Service’s 2026 headquarters relocation will go differently. Salt Lake and Grand Junction are “two fundamentally different communities,” he said.

 “Salt Lake is a large metropolitan area — 1.6 million people,” Schultz said. “We’ve already gotten commitments from folks that are willing to go there.”
Asked if the Forest Service has goals for retention during the transitions, Schultz didn’t specify. He pointed out instead that only about 1% of the workforce will be asked to move throughout the entire reorganization.
“There could be fewer than 300 people that have to physically relocate,” the chief said.
Although the headquarters is officially changing locations, most of its employees will actually remain in Washington. Although the Forest Service’s fact sheet about the reorganization indicated that two-thirds of the National Capital Region positions would be relocated, the numbers shared by Schultz looked much different.
Out of the 750 people who are assigned to the Washington office, more than half are already remote, he said. That leaves roughly 350 employees who show up to the brick-and-mortar office on Independence Avenue.
“We’re expecting probably less than 50, at this point, may have to relocate out of the DC area,’ Schultz said. “Some of [the headquarters employees] are going to go to Maryland.”
Forest Service whistleblowers who wrote a letter to Congress have argued that leadership is underestimating the disruption and that mandatory relocations could impact as many as 1,900 employees.
Some 6,500 Forest Service employees were informed in a letter that their job would be affected by the reorganization in some capacity.
“It basically said in that letter that you may have a different supervisor, you may have a different structure, you may have a different job,” Schultz said.
As of Tuesday, those 6,500 employees haven’t been told what’s specifically changing.
“It’s still being worked on,” Schultz said.
U.S. Forest Service Chief Tom Schultz meets with Wyoming State Forester Kelly Norris and partners from the Black Hills National Forest on March 18, 2026, to discuss timber harvesting, thinning, and prescribed burning on the Bearlodge Ranger District. (Photo by Preston Keres/U.S. Forest Service)
Unions for Forest Service employees have called leadership’s communication style “engineered vagueness.” In early June, six congressional Democrats from Colorado wrote Agriculture Secretary Rollins a letter urging the Trump administration to disclose more information about the plans.
State of staffing
At the moment, the Forest Service has roughly 30,000 employees, Schultz said. The agency lost nearly 7,000 staff last year, according to Office of Personnel Management data. The great majority, 6,500 of them, accepted one of the “deferred resignation program” offers, he said.
“So it’s been largely voluntary,” Schultz said.
Current staffing at the Forest Service is at about the same level as it was in 2018, according to the chief. The workforce swelled in 2020 and 2021 due to funding from the Inflation Reduction Act and Infrastructure Investment and Jobs Act, but the Forest Service’s base appropriation didn’t grow enough to support the larger workforce, and in 2024 under the Biden administration the “ball had already started rolling” of how to right the books.
“Decisions had to be made on how to get the budget straight,” Schultz said. “We can’t overspend what Congress has authorized.”
In 2025, the Forest Service went without non-fire seasonal staff because of the budget crunch. That’s changed, however, and the Forest Service so far in 2026 has added more than 1,600 employees, OPM data shows. Most new staffers are seasonals doing recreation work, Schultz said.
While that fits with Schultz’s goal of bringing more resources to forests and ranger districts, the Trump administration’s proposed Forest Service budget for fiscal year 2027 goes in the opposite direction. Proposed funding levels for the National Forest System would fall by $438 million, or 24%, and research, operations and maintenance line items are cut even deeper. Some $620 million for the “forest and rangeland research” and “state private and tribal forestry” would be zeroed out completely.
In a May 13 budget-focused Senate hearing, Schultz did not put up a fight or ask for more funds.
Fitzwilliams, the retired White River National Forest supervisor, struggled to see how Trump’s Forest Service budget fits Schultz’s vision of beefing up resources at forests and ranger districts.
“More resources on the ground, I think we’d all agree that’s really important,” Fitzwilliams said. “You can’t say that and then stand behind the president’s budget proposal, which he does.”
Turmoil in the federal government over the last 18 months has caused the workforce’s job satisfaction to outright plummet, according to a survey of 10,000 workers. At the Forest Service, the depleted staff and the agency’s reorganization has been cause for plenty of bad vibes.
“They’re stressed,” Fitzwilliams said, “and morale is horrendous.”
SUBSCRIBE: GET THE MORNING HEADLINES DELIVERED TO YOUR INBOX.",https://idahocapitalsun.com/wp-content/uploads/2026/06/54437426310_71fefe468a_k-1024x683.jpg,,,2026-07-03 15:59:26.630198
,Connecticut Mirror,2026-07-03 19:14:14+00:00,CT Mirror,ICE releases Hartford restaurant owner after 12 days in custody,Mark Pazniokas,,,,,https://ctmirror.org/2026/07/03/ice-releases-portobello-restaurant-owner/,"Seyo Cecunjanin, the owner of Portobello, returned home 12 days after he was arrested by ICE and detained at Wyatt Detention Center in R.I.","The Hartford restaurant owner whose detention by U.S. Immigration and Customs Enforcement was the subject of a contentious press conference Monday has been released from custody, the offices of Congressman John B. Larson and U.S. Sen. Richard Blumenthal said Friday.
Seyo Cecunjanin, a resident of West Hartford and the owner of Portobello, returned home Thursday night, 12 days after he was arrested in West Hartford by federal immigration agents and detained at the Wyatt Detention Center in Central Falls, R.I.
Cecunjanin emigrated to the U.S. in 1997 from Montenegro, a province in the former Yugoslavia that was affiliated with Serbia before becoming independent.
According to the U.S. Department of Homeland Security, he entered the country illegally on a fraudulent passport in March 1997 and has been the subject of an order of removal issued six months later by an immigration judge.
Arrests by ICE agents surged in the final days of June, with more than 10,000 people detained nationally over a span of five days.
The circumstances of Cecunjanin’s release from ICE detention and what happens next regarding his immigration status was unclear Friday.
Larson and Blumenthal made the release public in a press statement and on social media.
“Our letters, protests, and work behind the scenes vindicated his cause. Seyo’s son, Emir, tells me he’s ‘doing great.’ As well, he deserves to be,” Blumenthal said in an emailed statement. “His courage and faith are a lesson to all of us on this 250th national birthday.”
In a post on Facebook, Larson said, “We were so relieved to get the call we’d been hoping for from Seyo Cecunjanin last night, letting us know he was back home in West Hartford.”
Larson, Blumenthal and other elected Democratic officials called for the businessman’s release at a press conference organized by Larson outside West Hartford’s town hall Monday.
They were challenged by a conservative talk radio host, Reese Hopkins, and heckled by a Republican candidate and others who complained the press conference was premature, since they had incomplete information at that point about the circumstances.
Blumenthal’s position then and now was the same: Whatever immigration issues Cecunjanin is facing, there was no reason for arresting him at gunpoint and then detaining him. He is seeking permanent status, and he has left the country and returned with the permission of immigration officials.
“ICE seizing and detaining him was cruel and unconscionable,” Blumenthal said in his statement Friday. “He was never a flight risk, or a danger to anyone. I’ll support his efforts to gain permanent legal status and more.”
Representatives for DHS and ICE could not be reached Friday, a federal holiday. On Monday, DHS confirmed that Cecunjanin had left the country and returned with the permission of immigration authorities, but an agency representative described that as a mistake made during the Biden administration.
“Cecunjanin has made a mockery of our immigration laws on several occasions for more than two decades,” the unnamed agency representative said in an emailed statement. “DHS is working rapidly and overtime to remove aliens like this from our streets and to their final destination—home. Under President Trump and Secretary Mullin, criminal illegal aliens are not welcome in our country.”
Markwayne Mullin is the secretary of homeland security.
The Associated Press contributed reporting.",https://ctmirror.org/wp-content/uploads/2026/07/IMG_1400-1024x768.jpeg,,,2026-07-03 15:59:26.630198
,Idaho Capital Sun,2026-07-03 18:47:17+00:00,Idaho Capital Sun,Disaster declaration approved to help counties in North Idaho after storm causes $5.9M in damages,Christina Lords,,,,,https://idahocapitalsun.com/briefs/disaster-declaration-approved-to-help-counties-in-north-idaho-after-storm-causes-5-9m-in-damages/,"U.S. President Donald Trump has approved the state of Idaho’s major disaster declaration to help six Idaho counties and areas affected by a March storm that brought damaging winds followed by intense rainfall from an atmospheric river which caused catastrophic flooding, landslides and debris runoff. The counties covered in the declaration include Benewah, Bo[...]","U.S. President Donald Trump has approved the state of Idaho’s major disaster declaration to help six North Idaho counties affected by a severe March storm. The Idaho Office of Emergency Management is also encouraging residents in southern Idaho to report damages from a late-June storm that hit the Treasure Valley. (Getty Images)U.S. President Donald Trump has approved the state of Idaho’s major disaster declaration to help six Idaho counties and areas affected by a March storm that brought damaging winds followed by intense rainfall from an atmospheric river which caused catastrophic flooding, landslides and debris runoff.
The counties covered in the declaration include Benewah, Bonner, Clearwater, Kootenai, Latah, and Nez Perce counties, according to a press release from the Idaho Office of Emergency Management. The March 11-15 storms had wind gusts from 58-99 mph and intense rainfall leading to flooding, severe landslides and debris flows.
A joint preliminary damage assessment in April done by the Federal Emergency Management Agency, the Idaho Office of Emergency Management and local representatives confirmed the total damage across the counties surpassed $5.9 million, the press release said.
“As North Idaho continues recovering from the devastating storm, this presidential disaster declaration marks an important next step. It helps provide the resources our communities need to restore public infrastructure, support businesses, and maintain our high quality of life,” said Idaho Gov. Brad Little in the release.
The president’s approval authorizes the Public Assistance Program, meaning government departments and some private nonprofit businesses in the approved counties may apply for assistance to help with recovery efforts. The Office of Emergency Management will be working with potential applicants to submit a request for public assistance within the 30-day application deadline of July 30, 2026, the press release said. The request is the first step to identify eligible applicants to the Public Assistance Program.
During the storm and its aftermath, over 11,000 customers experienced power loss as winds snapped poles, toppled trees and brought debris across power lines, the press release said. The event also caused extensive road and facility damages as severe flooding and landslides resulted from heavy rainfall and supersaturated soils. State, local, and private nonprofit agencies experienced extraordinary resource allocation to effectively respond to the effects of the storm, the press release said.
“The severe weather Northern Idaho faced damaged critical public infrastructure,” said Office of Emergency Management Bureau Chief Ben Roeber. “This presidential declaration will help eligible communities recover from these damages. We will continue to work alongside our local partners and FEMA throughout this process.”
 Southwest Idaho homeowners, renters and businesses encouraged to report damages after June storm

The Idaho Office of Emergency Management is also encouraging residents of southwest Idaho who experienced damage from the recent June 26-27 storm to report damages.
Homeowners, renters and businesses in Ada and Canyon counties are encouraged to report damages from the storm that lead to high winds, heavy rainfall and hail to ioem.idaho.gov/report-damages.
The reports and data will help state officials to determine if any disaster assistance programs could potentially be made available to those affected by the storm, according to a press release.
“Submitting damage information will only be used to provide state and local agencies a description of damage incurred and allow for an evaluation of potential assistance availability,” a press release from the Office of Emergency Management said. “Reporting damages does not guarantee assistance, is not a request for assistance, and is not an application for assistance.”
If affected areas are approved for disaster assistance programs, residents and businesses with damage will be asked to submit an application for that specific program.
SUBSCRIBE: GET THE MORNING HEADLINES DELIVERED TO YOUR INBOX.",https://idahocapitalsun.com/wp-content/uploads/2026/07/emergency-1024x683.jpg,,,2026-07-03 14:58:00.347977
,Mississippi Today,2026-07-03 18:03:21+00:00,Mississippi Today,"ICE must provide bond hearings within 90 days to detainees awaiting removal decision, 5th Circuit Court of Appeals says",Mukta Joshi,,,,,https://mississippitoday.org/2026/07/03/ice-detainees-bond-hearings-appeals-court/,The 5th U.S. Circuit Court of Appeals buildng in New Orleans.,"Audio recording is automated for accessibility. Humans wrote and edited the story.
Mukta Joshi is an investigative reporter at Mississippi Today. She is spending a year as a New York Times Local Investigations fellow examining immigration and criminal justice issues. She can be reached at mukta.joshi@nytimes.com.
Immigrants arrested within the country are entitled to a bond hearing within 90 days of detention, the 5th U.S. Circuit Court of Appeals ruled 2-1 Thursday. The court, which covers Mississippi, Louisiana and Texas, held that unjustified detention beyond this period would violate the due process guaranteed by the Constitution.
More than 58,000 immigrants held by U.S. Immigration and Customs Enforcement have petitioned federal courts across the country, challenging their detention. Nearly 600 of those petitions have been filed in Mississippi. The federal judge assigned to all of their cases, David Bramlette, has not decided on the merits of a single one, leaving hundreds of detainees in limbo. Some have been held in Mississippi for more than a year. 
The decision Thursday was made by a panel of three judges, which means the government will have an opportunity to seek a rehearing of the panel’s decision by the full appeals court.
Earlier this year in a separate case, the same court had interpreted the federal statute invoked by ICE to deny bond hearings en masse.
For decades, federal courts across the U.S. had distinguished between people arrested and detained at the border while trying to enter the country and people who had already been living in the United States for years. Those arrested inside the United States were automatically provided bond hearings by ICE. Bond hearings are the stage at which an immigration court would determine whether the detainee was dangerous, or posed a flight risk. 
But in 2025, the Trump administration began enforcing a mandatory detention policy, meaning most people would be denied bond hearings and be held in ICE custody until an immigration court decided whether they should be deported or allowed to remain in the country. 
As a result, federal courts across the country were flooded by constitutional habeas corpus petitions by ICE detainees challenging their continued detention without bond hearings. The decision on Thursday said the situation was creating “enormous difficulties” for district courts. 
In February, the conservative New Orleans-based appeals court became one of two circuits upholding this mandatory detention policy. It held that federal law did not make any distinction between where people had been arrested and how long they had been living in the U.S. 
On Thursday, the same court, while agreeing that the statute made no distinction, held that ICE could hold detainees “for ninety days but no longer” without a bond hearing, because continued detention without justification would violate the Constitution. 
The case decided on Thursday came before the court on appeal when judges in Texas granted bond hearings to three ICE detainees who had filed habeas petitions. Federal immigration authorities challenged those decisions, arguing they had the right to hold those detainees without providing them with bond hearings.  
The three petitioners, who were all detained by ICE during traffic stops, had entered the country more than a decade before, resided in the United States and were fathers to U.S. citizens. When Texas judges granted their habeas petitions after months of detention, the government had argued that they were not entitled to due process and had no right to a bond hearing. 
The court upheld that freedom from detention is a fundamental right the Constitution provides to all human beings within American jurisdiction, not just U.S. citizens. Referring to the Board of Immigration Appeals, the court said Thursday, “Even though the BIA reinterpreted the meaning of statutory language, the Constitution has not changed.”",https://cdn.mississippitoday.org/uploads/2026/04/21223520/5th-U.S.-Circuit-Court-of-Appeals.jpg,,,2026-07-03 14:58:00.347977
