id,name,published,outlet,title,authors,category,market,categoryorder,articleorder,url,description,text,image,error,sentiment,firstEyes
,,2026-09-29 03:40:40+00:00,www.reddit.com,Texas man defrauded Tricare of $26 million to fund lavish lifestyle - Reddit,Not Available,,,,,https://www.reddit.com/r/Veterans/comments/1wsuo27/texas_man_defrauded_tricare_of_26_million_to_fund/,"Not sure where you are at in Texas but my primary doc just offered chiropractic care through the VA, for Dallas.
I do not trust chiropractic care but it's an option.
Ive never heard of massage therapy being offered through the VA, that is interesting.
I would take that over chiropractic care.","Not sure where you are at in Texas but my primary doc just offered chiropractic care through the VA, for Dallas.

I do not trust chiropractic care but it's an option. Ive never heard of massage therapy being offered through the VA, that is interesting. I would take that over chiropractic care.",,N,0.0,2026-09-29 00:56:06.280239
,,2026-09-29 03:11:16+00:00,www.reddit.com,Texas man defrauded Tricare of $26 million to fund lavish lifestyle - Reddit,Not Available,,,,,https://www.reddit.com/r/texas/comments/1wsupc3/texas_man_defrauded_tricare_of_26_million_to_fund/,"62 votes, 14 comments. A Texas man used money defrauded from Tricare for a casino-themed party and a gold-plated Tesla Cybertruck, among other…",Not Available,,N,0.0,2026-09-29 02:56:34.474974
,,2026-09-29 03:11:04+00:00,www.facebook.com,TRICARE DISASTER ALERT: New Jersey & New York - Facebook,Not Available,,,,,https://www.facebook.com/DefenseHealthAgency/posts/tricare-disaster-alert-new-jersey-new-york/1507860784724826/,TRICARE DISASTER ALERT: New Jersey & New York,Not Available,https://scontent-iad6-1.xx.fbcdn.net/v/t39.99422-6/825279060_1096514529917116_4030298799802257494_n.png?stp=dst-jpg_tt6&cstp=mx1080x1350&ctp=p600x600&_nc_cat=100&ccb=1-7&_nc_sid=cae128&_nc_ohc=L_Vxc1Azeh4Q7kNvwGdZQRD&_nc_oc=Ado444n6omoRqqYT90E5CZb3bCQ3KJ-sDQXVcRxrbZ5U_8_xs4xy4Xno0t-AUJaP_PQ&_nc_zt=14&_nc_ht=scontent-iad6-1.xx&_nc_gid=MnUfiT_r-Nd-WKElWwuJ6g&_nc_ss=7b289&oh=00_AQOFslPHjQyUwMaeAhC04s9DPERpZFbk35t5ELPADQT8lA&oe=6AC16A54,N,0.0,2026-09-29 05:56:05.568894
,,2026-09-29 02:33:44+00:00,International Business Times UK,Texas Man Convicted in $26M Military Healthcare Fraud Scheme After Buying Gold-Plated ...,Regyl Jaen,,,,,https://www.ibtimes.co.uk/texas-counselor-convicted-tricare-fraud-scheme-1822337,"A Texas-licensed professional counsellor and clinic owner has been convicted for his role in a $26M scheme to defraud TRICARE, with prosecutors saying some of the proceeds paid for hotel stays, a casino-themed party, and a gold-plated Tesla Cybertruck.
A $26M Trail of False Claims Curry owned and operated Acuity TMS clinics in Plano and Fort Worth, Texas, and Emerald Coast TMS in Fort Walton Beach, Florida.
Prosecutors said the clinics billed TRICARE for transcranial magnetic stimulation or TMS, treatments that were medically unnecessary or, in many cases, never provided.
Prosecutors also said he directed employees to fabricate medical records to support claims submitted to the military health programme.
The Gold-Plated Cybertruck The Justice Department said Curry spent proceeds from the scheme on hotel stays, a lavish casino-themed party, and a gold-plated Tesla Cybertruck worth more than $100,000.","A Texas-licensed professional counsellor and clinic owner has been convicted for his role in a $26M scheme to defraud TRICARE, with prosecutors saying some of the proceeds paid for hotel stays, a casino-themed party, and a gold-plated Tesla Cybertruck.

Kevin D. Curry, 64, of Frisco, Texas, was found guilty by a federal jury in Fort Worth on Thursday, 24 September, of nine counts tied to health care fraud, illegal kickbacks, and engaging in monetary transactions in criminal-derived property, according to the US Department of Justice.

A $26M Trail of False Claims

Curry owned and operated Acuity TMS clinics in Plano and Fort Worth, Texas, and Emerald Coast TMS in Fort Walton Beach, Florida. Prosecutors said the clinics billed TRICARE for transcranial magnetic stimulation or TMS, treatments that were medically unnecessary or, in many cases, never provided.

According to evidence presented at trial, Curry offered and paid more than $5.5M in illegal kickbacks to persuade active-duty servicemembers, veterans, and their relatives to consent to TMS treatment they did not qualify for and, in many cases, did not receive. The clinics submitted more than $26M in false, fraudulent, and kickback-tainted claims. TRICARE paid approximately $17M, prosecutors said.

Doctors' Credentials and Fabricated Records

The Justice Department said Curry falsely presented himself as a medical doctor and used doctors' credentials without their knowledge or consent to bill TRICARE. Prosecutors also said he directed employees to fabricate medical records to support claims submitted to the military health programme.

US Attorney Ryan Raybould said Curry 'shamelessly preyed on the trust of servicemembers, veterans, and their families,' adding that he 'fabricated medical records, stole doctors' identities, and clogged the system with fraudulent claims, all while lining his pockets with kickback-tainted money.'

'This conviction sends an unmistakable message that those who manipulate our military community and defraud federal healthcare programs will face the full force of federal prosecution,' Raybould added. Assistant Attorney General Colin McDonald said on X that Curry spent 'stolen taxpayer dollars' on personal luxuries in an eight-post thread about the conviction.

The Gold-Plated Cybertruck

The Justice Department said Curry spent proceeds from the scheme on hotel stays, a lavish casino-themed party, and a gold-plated Tesla Cybertruck worth more than $100,000. The 2024 vehicle was among approximately $200,000 in assets seized in the case, including $136,022 in cash.

The vehicle's description also stands out because genuine gold-plated Cybertrucks do exist. Separately, another 2024 Tesla Cybertruck, not Curry's vehicle, was plated with 24-karat gold and sold through Cars & Bids for $102,000 in December 2024 at a charity auction.

Sentencing Still to Come

The jury convicted Curry on three counts of health care fraud, three counts of offering and paying illegal health care kickbacks, and three counts of engaging in monetary transactions involving criminally derived property. He is scheduled to be sentenced at a later date. Each count carries a maximum penalty of 10 years in prison, although his eventual sentence will be determined by a federal judge after considering the US Sentencing Guidelines and other statutory factors.

The investigation was conducted by the Defence Criminal Investigative Service, the FBI, the Texas Attorney General's Medicaid Fraud Control Unit, and the Department of Veterans Affairs Office of Inspector General.",https://d.ibtimes.co.uk/en/full/1833625/tricare-fraud-scheme.png,N,0.0,2026-09-28 23:56:12.181889
,,2026-09-29 00:19:20+00:00,www.facebook.com,Waiting at the pharmacy can take time. Use Q-Anywhere to activate your prescription ... - Facebook,Not Available,,,,,https://www.facebook.com/WRNMMC.DHA/posts/waiting-at-the-pharmacy-can-take-time-use-q-anywhere-to-activate-your-prescripti/1513731437459781/,Waiting at the pharmacy can take time. Use Q-Anywhere to activate your prescription and receive a notification when it's ready for pickup. This...,Not Available,https://scontent-iad6-1.xx.fbcdn.net/v/t15.5256-10/827512053_1323229496417823_4852324844750361340_n.jpg?_nc_cat=107&ccb=1-7&_nc_sid=596eb7&_nc_ohc=LDt6FBMkvqQQ7kNvwFk4AZp&_nc_oc=AdosBpi0MC-fvA6qxBGCvvOHVu8aHt8NoDMQNq5fiyu3Bl8p-A5IARbixoYDb5QjQN8&_nc_zt=23&_nc_ht=scontent-iad6-1.xx&_nc_gid=rsMK0tirJOR2qUCNWTgIcw&_nc_ss=7b289&oh=00_AQN5PjMWSU8x3GH_Uzx2enYoWubO3h3Lg6da4uMPvbkUKw&oe=6AC100E8,N,0.0,2026-09-29 00:56:15.798522
,,2026-09-29 00:10:59+00:00,TriCare,Resident Stories Archives - Page 8 of 8 - TriCare,Not Available,,,,,https://www.tricare.com.au/category/resident-stories/page/8/?ref=gymny,"TriCare Limited is committed to protecting and respecting your privacy, and we’ll only use your personal information to administer your account and to provide the products and services you requested from us.
From time to time, we would like to contact you about our products and services, as well as other content that may be of interest to you.
If you consent to us storing your personal data for this purpose, please tick the checkbox below.
I agree to allow TriCare Limited to store and process my personal data.
For more information on how to unsubscribe, our privacy practices, and how we are committed to protecting and respecting your privacy, please review our Privacy Policy.","TriCare Limited is committed to protecting and respecting your privacy, and we’ll only use your personal information to administer your account and to provide the products and services you requested from us. From time to time, we would like to contact you about our products and services, as well as other content that may be of interest to you. If you consent to us contacting you for this purpose, please tick below to say how you would like us to contact you:

In order to provide you the content requested, we need to store and process your personal data. If you consent to us storing your personal data for this purpose, please tick the checkbox below.

I agree to allow TriCare Limited to store and process my personal data.

You may unsubscribe from these communications at any time. For more information on how to unsubscribe, our privacy practices, and how we are committed to protecting and respecting your privacy, please review our Privacy Policy.",https://www.tricare.com.au/app/uploads/2021/01/tricare-og.jpg,N,0.0,2026-09-29 03:56:08.589714
,,2026-09-28 23:37:26+00:00,SSBCrack News,Medicaid Fraud Allegations Emerge Amid Autism Services Concerns - SSBCrack News,News Desk,,,,,https://news.ssbcrack.com/medicaid-fraud-allegations-emerge-amid-autism-services-concerns/,"Allegations of Medicaid fraud are increasingly alarming families reliant on autism services, particularly applied behavioral analysis therapy.
The conversation around this issue intensified as advocates like Lindsey Chaney and Kelsey Bennett from the Autism Families Alliance joined media discussions to shed light on the rising concerns of fraudulent billing practices affecting these essential services.
In a related development, a Texas mental health clinic owner, Kevin D. Curry, has been convicted on multiple counts of health care fraud.
The Justice Department reported that Curry’s clinics submitted over $26 million in fraudulent claims to TRICARE, which led to the program paying approximately $17 million.
This case not only highlights issues within TRICARE, but also underscores ongoing concerns regarding transparency and fraud in healthcare services, especially for vulnerable populations reliant on Medicaid and similar programs.","Allegations of Medicaid fraud are increasingly alarming families reliant on autism services, particularly applied behavioral analysis therapy. The conversation around this issue intensified as advocates like Lindsey Chaney and Kelsey Bennett from the Autism Families Alliance joined media discussions to shed light on the rising concerns of fraudulent billing practices affecting these essential services.

In a related development, a Texas mental health clinic owner, Kevin D. Curry, has been convicted on multiple counts of health care fraud. A federal jury found Curry guilty of orchestrating a staggering $26 million scheme aimed at defrauding TRICARE, the military’s health care program that serves active-duty servicemembers, veterans, and their families.

The courtroom was informed that Curry exploited TRICARE by billing for transcranial magnetic stimulation (TMS) therapy, which was not only medically unnecessary but often not provided at all. During his operations in clinics located in Plano and Fort Worth, Texas, as well as Fort Walton Beach, Florida, he allegedly paid over $5.5 million in illegal kickbacks to entice servicemembers and their families to consent to the therapy, knowing full well many did not qualify for it.

Evidence revealed that Curry falsely identified himself as a medical doctor, misusing licensed doctors’ credentials without their consent to submit fraudulent claims to TRICARE. He instructed employees to create fake medical records to validate these billings, further complicating the matter.

The Justice Department reported that Curry’s clinics submitted over $26 million in fraudulent claims to TRICARE, which led to the program paying approximately $17 million. Following the trial, Curry’s extravagant spending habits were unveiled, showing lavish expenditures including luxury hotel stays, a casino-themed party, and a gold-plated Tesla Cybertruck valued at over $100,000—indicative of how he channeled diverted taxpayer funds toward personal luxuries.

Assistant Attorney General Colin M. McDonald condemned Curry’s actions, stating, “This defendant exploited a critical health care program serving active-duty servicemembers and their families, diverting taxpayer dollars to bankroll personal luxuries.” U.S. Attorney Ryan Raybould criticized him for undermining the trust placed in him by servicemembers, veterans, and their families, emphasizing the gravity of his fraudulent activities, including identity theft and the fabrication of medical records.

Curry is awaiting sentencing, facing the potential for up to 10 years in prison on each of the nine counts against him. A federal district court judge will decide his sentence, taking into account U.S. Sentencing Guidelines and other relevant statutory considerations. This case not only highlights issues within TRICARE, but also underscores ongoing concerns regarding transparency and fraud in healthcare services, especially for vulnerable populations reliant on Medicaid and similar programs.",https://news.ssbcrack.com/wp-content/uploads/2026/09/Medicaid-Fraud-Allegations-Emerge-Amid-Autism-Services-Concerns.jpg,N,0.0,2026-09-28 23:56:19.685962
,,2026-09-28 23:27:10+00:00,"Jason A. Weis | Virginia Family Law - Divorce, custody, support, and property division litigation in Fairfax, Loudoun, and Northern Virginia","Virginia Military Divorce: Retired Pay, SBP & TRICARE",Jason A. Weis,,,,,https://www.familylawva.com/virginia-military-divorce-attorney/,"§ 1408, determines whether and how military retired pay can be divided.
Dividing Military Retired Pay What is divisible: “disposable retired pay” Federal law permits a state court to treat a member’s disposable retired pay as marital property.
DFAS will not pay more than 50 percent of disposable retired pay under all property orders combined (§ 1408(e)(1)).
A Virginia court can divide military retired pay after a shorter marriage.
For an overview of the Virginia process, see the Fairfax County divorce process and Honoring Service: Military Divorces in Virginia.","Last reviewed September 2026.

A military divorce in Virginia is decided under Virginia law, but federal statutes control several of the most consequential issues. The Uniformed Services Former Spouses’ Protection Act (USFSPA), 10 U.S.C. § 1408, determines whether and how military retired pay can be divided. Federal law governs Survivor Benefit Plan coverage, TRICARE eligibility, and the protections of the Servicemembers Civil Relief Act. VA disability compensation is largely beyond the reach of a divorce court. A Virginia decree that is sound under state law can still be unenforceable as to retired pay, or valid but unpayable by the Defense Finance and Accounting Service (DFAS). The difference is usually made in the drafting.

Northern Virginia has a large active-duty, retired, and federal community, with families connected to the Pentagon, Fort Belvoir, Quantico, and commands across the region. This page explains the rules that most often decide the outcome in those cases.

Jurisdiction: Three Separate Questions

Before any issue is decided, three jurisdictional questions must be answered. A case can satisfy two and fail the third.

Can a Virginia court grant the divorce? Va. Code § 20-97 requires that one party have been a bona fide resident and domiciliary of Virginia for six months before filing. A service member stationed or residing in Virginia for six months or more before filing is presumed to be domiciled here. The presumption is rebuttable, and it can be contested.

Does the court have personal jurisdiction over the service member for support and monetary awards? This is decided under ordinary Virginia jurisdictional rules.

Can the court divide military retired pay? This is a separate and narrower federal test. Under 10 U.S.C. § 1408(c)(4), the court must have jurisdiction over the member by reason of residence other than because of military assignment, domicile, or consent. Being stationed in Virginia may be enough for the divorce, but it is not enough, on its own, for the court to divide retired pay. Domicile or consent must be established.

The Servicemembers Civil Relief Act

The Servicemembers Civil Relief Act (50 U.S.C. §§ 3931 and 3932) protects members whose service affects their ability to participate in the case. It works through two distinct mechanisms. One protects a member who has not appeared, requiring an affidavit of military status and the appointment of counsel before a default judgment may be entered. The other allows a member who has notice of the case to request a stay of at least 90 days. A stay request must be supported by the member’s own statement of when he or she will be available and by a statement from the commanding officer that leave is not authorized. An order dividing retired pay must also certify that the member’s SCRA rights were observed; without that certification, DFAS will not honor it.

Dividing Military Retired Pay

What is divisible: “disposable retired pay”

Federal law permits a state court to treat a member’s disposable retired pay as marital property. That is total retired pay less specified deductions under 10 U.S.C. § 1408(a)(4)(A), including amounts waived to receive VA disability compensation and, in some cases, the Survivor Benefit Plan premium. DFAS pays only on disposable retired pay. An agreement that awards a percentage of “gross” retired pay describes a figure DFAS will not use, and a court cannot simply rewrite the parties’ agreement afterward to fix it. The terms must be right when the agreement is signed.

The Virginia approach: the marital share

Under Va. Code § 20-107.3(G)(1), the court may award a percentage of the marital share of a pension. The marital share is the portion earned during the marriage and before the last separation. No award may exceed 50 percent of the marital share of the benefits actually received. The statute provides that any determination of military retirement benefits “shall be in accordance with” the USFSPA.

The frozen benefit rule

For divorces final after December 23, 2016, federal law changed how retired pay is valued when the decree comes before the member retires. Under 10 U.S.C. § 1408(a)(4)(B), the divisible amount is based on the member’s retired pay base and years of service on the date of the decree, increased by cost-of-living adjustments. It is not based on the member’s rank and service at actual retirement. Promotions and years of service after the divorce no longer increase the former spouse’s share. The Court of Appeals of Virginia applied the rule in Starr v. Starr, 70 Va. App. 486 (2019). In a case where the member is close to a promotion or a longevity increase, the timing of the final decree matters. An order under the frozen benefit rule must also state specific hypothetical figures that take time to assemble.

Two different 50 percent limits, and the 10/10 rule

Virginia’s limit. An award may not exceed 50 percent of the marital share of the benefits actually received.

The federal payment limit. DFAS will not pay more than 50 percent of disposable retired pay under all property orders combined (§ 1408(e)(1)).

The 10/10 rule. DFAS pays a former spouse’s property share directly only if the marriage lasted at least 10 years during which the member performed at least 10 years of creditable service (§ 1408(d)(2)). This rule governs direct payment, not the court’s power to divide. A shorter marriage can still support an award, but the payment must be made by the member rather than by DFAS. It does not limit child support or spousal support.

A property award stated as a percentage of disposable retired pay carries future cost-of-living increases (§ 1408(d)(8)); a fixed dollar award does not. That is a drafting choice with consequences for decades.

VA Disability and Combat-Related Special Compensation

A retiree who receives VA disability compensation must generally waive an equal amount of retired pay. The waived amount is excluded from disposable retired pay (§ 1408(a)(4)(A)(ii)). The waiver can reduce a former spouse’s share, sometimes years after the divorce.

A court cannot order indemnification. In Howell v. Howell, 581 U.S. 214 (2017), the Supreme Court of the United States held that a state court may not order a veteran to indemnify a former spouse for the reduction caused by a disability waiver, whatever the order is called.

The parties can agree to it. In Yourko v. Yourko, 302 Va. 149 (2023), the Supreme Court of Virginia held that Howell does not prevent a Virginia court from enforcing an indemnification provision the parties themselves negotiated. The court relied on an agreement that did not specify disability pay as the source of payment.

For a non-military spouse, protection against a future waiver has to be negotiated into the settlement agreement at the outset. For a service member, the question is what obligation the agreement creates if a waiver later occurs. Neither can be fixed after the fact by asking a court to add terms the parties did not write.

The Survivor Benefit Plan

A former spouse’s share of retired pay ends when the retiree dies. The Survivor Benefit Plan (SBP) is what can continue a benefit after death, and spouse coverage does not survive the divorce automatically. Under Va. Code § 20-107.3(G)(2), the court may order former-spouse coverage and decide who bears the premium.

The deadlines are strict:

The member’s election. It must be received by the service within one year after the date of the decree (10 U.S.C. § 1448(b)(3)(A)(iii)).

The former spouse’s deemed election. If the member does not act, the former spouse may request a “deemed election.” The request must be received within one year of the date of the court order or filing (10 U.S.C. § 1450(f)(3)). The former spouse should not rely on the member to act. This date belongs on the calendar the day the order is entered.

Remarriage. Former-spouse SBP coverage ends if the former spouse remarries before age 55 (§ 1450(b)(2)).

TRICARE and Military Benefits for Former Spouses

Continued TRICARE eligibility for an unremarried former spouse depends on federal thresholds (10 U.S.C. § 1072(2)). The 20/20/20 rule requires at least 20 years of marriage, at least 20 years of creditable service, and at least 20 years of overlap between them. The former spouse must also lack employer-sponsored health coverage. Where the marriage and service overlapped at least 15 but fewer than 20 years, the 20/20/15 rule provides transitional coverage for one year after a decree entered on or after April 1, 1985. These thresholds are measured on the date of the final decree, so the timing of the decree can decide eligibility.

Military Pay and Support

For child support under Va. Code § 20-108.2, and for spousal support, military income includes base pay plus allowances such as the Basic Allowance for Housing and the Basic Allowance for Subsistence, and special pays. Many of those allowances are not taxable and do not appear on a W-2. The Leave and Earnings Statement (LES) is the document to review, ideally for twelve consecutive months. Whether VA disability compensation is counted as income for support is a separate question that turns on the specific facts. See the spousal support page.

Custody, Visitation, and Deployment

Virginia’s Military Parents Equal Protection Act (Va. Code §§ 20-124.7 through 20-124.10) addresses deployment directly:

An order limiting a deploying parent’s custody or visitation because of deployment must say so and must be entered as a temporary order.

On the deploying parent’s motion, the court may delegate that parent’s visitation to a family member during deployment if doing so is in the child’s best interests.

When the deploying parent returns and moves to amend, the court must set a hearing within 30 days. The non-deploying parent bears the burden of proving that reinstating the pre-deployment order is no longer in the child’s best interests.

Temporary orders must require the non-deploying parent to accommodate the deploying parent’s leave schedule and facilitate telephone and electronic contact. The deploying parent must provide timely leave information.

Where a deploying parent cannot appear, the court may, for good cause, allow testimony by telephone or video.

Custody is otherwise decided under the best-interests factors of Va. Code § 20-124.3. See the custody and visitation page.

Documents to Gather Early

DD Form 214 and retirement orders, which establish retirement dates and whether the frozen benefit rule applies;

twelve months of Leave and Earnings Statements;

the Retiree Account Statement, which shows whether any reduction came from a disability waiver or a disability retirement;

VA disability rating decisions and CRSC determinations;

any existing SBP election;

documents bearing on domicile, such as the state of legal residence on the LES, voter registration, state tax filings, and vehicle registration.

Frequently Asked Questions

Is my former spouse entitled to half of my military retirement?

Not automatically. A Virginia court divides the marital share, the portion earned during the marriage, and may award up to 50 percent of that share. The divisible amount is based on disposable retired pay. If the divorce is final before retirement, it is also subject to the frozen benefit rule.

Does the 10/10 rule decide whether a pension can be divided?

No. It governs only whether DFAS will pay the former spouse’s property share directly. A Virginia court can divide military retired pay after a shorter marriage.

Can a court make a veteran pay back a share lost to a VA disability waiver?

A court cannot order it (Howell v. Howell). A Virginia court can enforce an indemnification term the parties themselves agreed to (Yourko v. Yourko). The protection has to be negotiated.

What happens to Survivor Benefit Plan coverage at divorce?

Spouse coverage does not continue automatically. Former-spouse coverage must be ordered or agreed, and elected or deemed elected within one year.

Can a Virginia court hear my case if I am stationed here but my home of record is another state?

Often yes for the divorce itself, under the six-month presumption in § 20-97. Dividing retired pay requires more: domicile in Virginia or consent to the court’s jurisdiction under 10 U.S.C. § 1408(c)(4).

Speak With a Virginia Family Law Attorney

Military divorces reward early attention to documents, jurisdiction, and deadlines. That applies whether you are the service member or the spouse, and whether retirement is years away or already in pay. Contact me to schedule a consultation. For an overview of the Virginia process, see the Fairfax County divorce process and Honoring Service: Military Divorces in Virginia.

This page provides general information about Virginia and federal law and is not legal advice. Reading it does not create an attorney-client relationship. The application of the law depends on the specific facts of each case, and federal military benefit rules change periodically.",https://www.familylawva.com/wp-content/themes/familylaw-child/img/og-default.jpg,N,0.0,2026-09-29 00:56:18.906408
,,2026-09-28 23:15:35+00:00,www.facebook.com,A Texas man used money defrauded from Tricare for a casino-themed party and a gold ... - Facebook,Not Available,,,,,https://www.facebook.com/AirForceTimes/posts/a-texas-man-used-money-defrauded-from-tricare-for-a-casino-themed-party-and-a-go/1528194996020397/,"A Texas man used money defrauded from Tricare for a casino-themed party and a gold-plated Tesla Cybertruck, among other expenses. 🔗Link to article in...",Not Available,https://scontent-iad6-1.xx.fbcdn.net/v/t39.30808-6/825351157_1528194976020399_1191807201995458468_n.jpg?stp=dst-jpg_tt6&cstp=mx568x352&ctp=s568x352&_nc_cat=106&ccb=1-7&_nc_sid=cae128&_nc_ohc=zppOCZYloVMQ7kNvwGNtald&_nc_oc=Adqa3BgoGPVbBEojAfJ1UUBh-Gm91II2lp8vO73KR6wcf3Z8ssEE91HRh5qXXp-E530&_nc_zt=23&_nc_ht=scontent-iad6-1.xx&_nc_gid=DTMlP24VKC9eFPd1Dll_iA&_nc_ss=7b289&oh=00_AQOgGj-4sgBvNRvHg14m5ActhKyrrHUWKF-WH0IzG2osSA&oe=6AC0CD88,N,0.0,2026-09-28 20:56:06.241586
,,2026-09-28 22:08:18+00:00,DVIDS,"Defense Health Agency-Public Health experts highlight leadership, secure storage, and ... - DVIDS",Not Available,,,,,https://www.dvidshub.net/graphic/45303/defense-health-agency-public-health-experts-highlight-leadership-secure-storage-and-resources-suicide-prevention,Date Taken: 09.01.2026 Published: 09-28-26 09:02 AM Graphic ID: 45303 VIRIN: 260901-D-D0514-9940 Size: 334.94 KB Location: US Web Views: 8 Downloads: 0 PUBLIC DOMAIN,"Date Taken: 09.01.2026 Published: 09-28-26 09:02 AM Graphic ID: 45303 VIRIN: 260901-D-D0514-9940 Size: 334.94 KB Location: US

Web Views: 8 Downloads: 0

PUBLIC DOMAIN",https://cdn.dvidshub.net/images/dvids_logo.svg,N,0.0,2026-09-28 20:56:08.928937
,,2026-09-28 21:53:50+00:00,X (formerly Twitter),"Military Times on X: ""A Texas man used money defrauded from Tricare for a casino-themed ...",x.com,,,,,https://x.com/MilitaryTimes/status/2104687672627208449,"A Texas man used money defrauded from Tricare for a casino-themed party and a gold-plated Tesla Cybertruck, among other expenses. https://t.co/lsrJW8tlQF",Not Available,https://pbs.twimg.com/card_img/2104686604841267200/QzINqjDW?format=webp&name=medium,N,0.0,2026-09-28 18:56:07.053542
,,2026-09-28 21:41:08+00:00,Yahoo News,Texas man defrauded Tricare of $26 million to fund lavish lifestyle - Yahoo,Patricia Kime,,,,,https://www.yahoo.com/news/us/articles/texas-man-defrauded-tricare-26-213251683.html,"A Texas man has been found guilty of defrauding the federal government of $26 million in a scheme that involved money laundering, kickbacks and a $100,000 gold-plated Tesla Cybertruck.
Licensed Professional Counselor Kevin Curry, 64, of Frisco, Texas, was convicted last week for his role in health care fraud involving Tricare, the Defense Department's health program.
According to the Justice Department, Curry directed employees to fabricate medical records, which he submitted to Tricare as proof of services and billed the program more than $26 million in ""false, fraudulent and kickback-tainted TMS claims.""
Tricare paid Curry $17 million, which he used to finance his lavish lifestyle.
A jury convicted Curry of three counts of health care fraud, three counts of offering and paying illegal kickbacks and three counts of ""engaging in monetary transactions in criminal derived property.""","A Texas man has been found guilty of defrauding the federal government of $26 million in a scheme that involved money laundering, kickbacks and a $100,000 gold-plated Tesla Cybertruck.

Licensed Professional Counselor Kevin Curry, 64, of Frisco, Texas, was convicted last week for his role in health care fraud involving Tricare, the Defense Department's health program.

According to the Justice Department, Curry, who ran three purported mental health clinics in Texas and Florida, billed Tricare for transcranial magnetic stimulation, or TMS, therapy services for troops and their families that they either never received or were ineligible for.

Curry falsely portrayed himself as a doctor, used fake doctor credentials and paid more than $5.5 million in kickbacks to persuade eligible Tricare beneficiaries to sign up for the therapy, a treatment for severe depression that involves using magnetic fields to stimulate nerve cells in the brain.

""This defendant exploited a critical health care program serving active-duty service members and their families, diverting taxpayer dollars to bankroll personal luxuries ranging from hotel stays to a casino-themed party and even a gold‑plated Tesla Cybertruck,"" National Fraud Enforcement Division Assistant Attorney General Colin McDonald said in a release. ""Such conduct is an affront to the military community and the American public.""

According to the Justice Department, Curry directed employees to fabricate medical records, which he submitted to Tricare as proof of services and billed the program more than $26 million in ""false, fraudulent and kickback-tainted TMS claims.""

Tricare paid Curry $17 million, which he used to finance his lavish lifestyle.

A jury convicted Curry of three counts of health care fraud, three counts of offering and paying illegal kickbacks and three counts of ""engaging in monetary transactions in criminal derived property.""

Each count carries a maximum penalty of 10 years.

""Kevin Curry shamelessly preyed on the trust of service members, veterans, and their families, siphoning millions from Tricare through lies and coercion,"" U.S. Attorney Ryan Raybould said in a statement. ""This conviction sends an unmistakable message that those who manipulate our military community and defraud federal healthcare programs will face the full force of federal prosecution.""

The case was investigated by the Defense Criminal Investigative Service, the Federal Bureau of Investigation, the Texas Attorney General's Medicaid Fraud Control Unit and the Department of Veterans Affairs Office of Inspector General, in addition to the Justice Department.",https://s.yimg.com/lo/mysterio/api/6d05796fc3e60b2e3fcb31073bf8452dfc39fff5bdb1104b43961672e2d64621/lightyear_networkapi/resizefill_w1200%3Bquality_80%3Bformat_jpg/https%3A%2F%2Fmedia.zenfs.com%2Fen%2Fmilitary_times_968%2F4c1cbf0e56c389fa7f6e4cea11109edc.jpg,N,0.0,2026-09-28 18:56:09.963663
,,2026-09-28 21:37:45+00:00,Military Times,Texas man defrauded Tricare of $26 million to fund lavish lifestyle - Military Times,Patricia Kime,,,,,https://www.militarytimes.com/news/your-military/2026/09/28/texas-man-defrauded-tricare-of-26-million-to-fund-lavish-lifestyle/,"A Texas man used money defrauded from Tricare for a casino-themed party and a gold-plated Tesla Cybertruck, among other expenses.",Not Available,https://archetype-military-times-prod.web.arc-cdn.net/resizer/v2/ZB4TVFP4WNDFBHPLWW6U4TQIN4.jpg?width=1200&auth=3bef65f034bcbaf71e66bfa724f41000fecebac9eb2270b5c15ae134dab77163,N,0.0,2026-09-28 18:56:12.388565
,,2026-09-28 21:31:05+00:00,www.reddit.com,I'm reaching out to any and all vets who have ever gotten an Alpha Stim device while active ...,Not Available,,,,,https://www.reddit.com/r/VeteransBenefits/comments/1wsqbt7/im_reaching_out_to_any_and_all_vets_who_have_ever/,"If they’re not covered by Tricare you’re already in the same boat as most people who bought one, paying out of pocket.
I grabbed mine after I got out and it helped with sleep but the price stings no matter what.
Some of the vet nonprofit groups will reimburse for stuff like that if you can show it’s prescribed, have you looked into any of those","If they’re not covered by Tricare you’re already in the same boat as most people who bought one, paying out of pocket. I grabbed mine after I got out and it helped with sleep but the price stings no matter what. Some of the vet nonprofit groups will reimburse for stuff like that if you can show it’s prescribed, have you looked into any of those",,N,0.0,2026-09-28 19:56:08.842116
,,2026-09-28 20:03:16+00:00,The Mirror US,"Hospital boss stole $26 million to buy outrageous luxury goods, including gold Cybertruck",Cheyenne Ubiera,,,,,https://www.themirror.com/news/us-news/gold-cybertruck-texas-man-scam-2043927.amp,"A Texas man was convicted of being behind a $26 million scheme to steal taxpayer money meant to pay for healthcare for U.S. service members to spend on luxury goods, including a gold-plated Cybertruck worth $100,000.
The Justice Department claims Curry spent over $5.5 million in kickbacks getting active-duty service members, veterans, and their families to agree to transcranial magnetic stimulation therapy they didn't need, and likely didn't even qualify for.
To do this, Curry posed as a medical doctor, said prosecutors, and used the credentials of real doctors to bill Tricare.
""Kevin Curry shamelessly preyed on the trust of service members, veterans, and their families, siphoning millions from TRICARE through lies and coercion,"" said attorney Ryan Raybould.
Show more ""This conviction sends an unmistakable message that those who manipulate our military community and defraud federal healthcare programs will face the full force of federal prosecution,"" said Raybould.","A Texas man was convicted of being behind a $26 million scheme to steal taxpayer money meant to pay for healthcare for U.S. service members to spend on luxury goods, including a gold-plated Cybertruck worth $100,000.

On Friday, a federal jury found Kevin Curry guilty on nine charges stemming from allegations that his mental health clinic billed the military's healthcare program, Tricare, for therapy that was unnecessary or not provided, said the Department of Justice. Federal prosecutors said that his three clinics — located in Fort Worth, Texas; Plano, Texas; and Fort Walton Beach, Florida — collectively billed Tricare over $26 million in false and fraudulent claims and were paid around $17 million of that sum.

""This defendant exploited a critical health care program serving active-duty service members and their families, diverting taxpayer dollars to bankroll personal luxuries ranging from hotel stays to a casino-themed party and even a gold‑plated Tesla Cybertruck,"" said Assistant Attorney General Colin M. McDonald of the Department of Justice's National Fraud Enforcement Division. ""Such conduct is an affront to the military community and the American public.""

The Justice Department claims Curry spent over $5.5 million in kickbacks getting active-duty service members, veterans, and their families to agree to transcranial magnetic stimulation therapy they didn't need, and likely didn't even qualify for.

To do this, Curry posed as a medical doctor, said prosecutors, and used the credentials of real doctors to bill Tricare. He is also accused of trying to hide his activities by having employees falsify medical records submitted to Tricare.

Click here to follow the Mirror US on Google News to stay up to date with all the latest news, sports and entertainment stories.

""Kevin Curry shamelessly preyed on the trust of service members, veterans, and their families, siphoning millions from TRICARE through lies and coercion,"" said attorney Ryan Raybould.

""He fabricated medical records, stole doctors’ identities and clogged the system with fraudulent claims, all while lining his pockets with kickback‑tainted money.""

Curry was convicted of three counts each of healthcare fraud, offering and paying illegal healthcare kickbacks, and engaging in monetary transactions in criminally derived property.

Show more

""This conviction sends an unmistakable message that those who manipulate our military community and defraud federal healthcare programs will face the full force of federal prosecution,"" said Raybould.

He is currently awaiting sentencing and faces up to 10 years in prison for each count.",https://i2-prod.themirror.com/incoming/article2043981.ece/ALTERNATES/s1200/0_MIRROR-Hospital-boss-stole-$26-million-to-buy-outrageous-luxury-goods-including-gold-Cybertruck.jpg,N,0.0,2026-09-28 18:56:15.358476
,,2026-09-28 20:03:15+00:00,The Mirror US,"Hospital boss stole $26 million to buy outrageous luxury goods, including gold Cybertruck","Cheyenne Ubiera, www.themirror.com, cheyenne-ubiera",,,,,https://www.themirror.com/news/us-news/gold-cybertruck-texas-man-scam-2043927,"To do this, Curry posed as a medical doctor, said prosecutors, and used the credentials of real doctors to bill Tricare.
He is also accused of trying to hide his activities by having employees falsify medical records submitted to Tricare.
""Kevin Curry shamelessly preyed on the trust of service members, veterans, and their families, siphoning millions from TRICARE through lies and coercion,"" said attorney Ryan Raybould.
""He fabricated medical records, stole doctors’ identities and clogged the system with fraudulent claims, all while lining his pockets with kickback‑tainted money.""
""This conviction sends an unmistakable message that those who manipulate our military community and defraud federal healthcare programs will face the full force of federal prosecution,"" said Raybould.","Curry tried to hide his tracks by getting his employees to falsify medical records, it's unclear if the emplyees were aware of the scheme

A Texas man was convicted of being behind a $26 million scheme to steal taxpayer money meant to pay for healthcare for U.S. service members to spend on luxury goods, including a gold-plated Cybertruck worth $100,000.

On Friday, a federal jury found Kevin Curry guilty on nine charges stemming from allegations that his mental health clinic billed the military's healthcare program, Tricare, for therapy that was unnecessary or not provided, said the Department of Justice. Federal prosecutors said that his three clinics — located in Fort Worth, Texas; Plano, Texas; and Fort Walton Beach, Florida — collectively billed Tricare over $26 million in false and fraudulent claims and were paid around $17 million of that sum.

""This defendant exploited a critical health care program serving active-duty service members and their families, diverting taxpayer dollars to bankroll personal luxuries ranging from hotel stays to a casino-themed party and even a gold‑plated Tesla Cybertruck,"" said Assistant Attorney General Colin M. McDonald of the Department of Justice's National Fraud Enforcement Division. ""Such conduct is an affront to the military community and the American public.""

The Justice Department claims Curry spent over $5.5 million in kickbacks getting active-duty service members, veterans, and their families to agree to transcranial magnetic stimulation therapy they didn't need, and likely didn't even qualify for.

To do this, Curry posed as a medical doctor, said prosecutors, and used the credentials of real doctors to bill Tricare. He is also accused of trying to hide his activities by having employees falsify medical records submitted to Tricare.

Click here to follow the Mirror US on Google News to stay up to date with all the latest news, sports and entertainment stories.

""Kevin Curry shamelessly preyed on the trust of service members, veterans, and their families, siphoning millions from TRICARE through lies and coercion,"" said attorney Ryan Raybould.

""He fabricated medical records, stole doctors’ identities and clogged the system with fraudulent claims, all while lining his pockets with kickback‑tainted money.""

Curry was convicted of three counts each of healthcare fraud, offering and paying illegal healthcare kickbacks, and engaging in monetary transactions in criminally derived property.

""This conviction sends an unmistakable message that those who manipulate our military community and defraud federal healthcare programs will face the full force of federal prosecution,"" said Raybould.

He is currently awaiting sentencing and faces up to 10 years in prison for each count.",https://i2-prod.themirror.com/article2043981.ece/ALTERNATES/s1200d/0_MIRROR-Hospital-boss-stole-$26-million-to-buy-outrageous-luxury-goods-including-gold-Cybertruck.jpg,N,0.0,2026-09-28 17:56:07.003204
,,2026-09-28 19:43:09+00:00,latination.com,Texas counselor posed as a doctor in multimillion-dollar fraud scheme - LatiNation Media,Not Available,,,,,https://latination.com/texas-fake-doctor-military-insurance-fraud/,"Select ‘Accept All’ to agree to our use of cookies and similar technologies to enhance your browsing experience, security, analytics and customisation.
Review our Privacy Policy here.","Select ‘Accept All’ to agree to our use of cookies and similar technologies to enhance your browsing experience, security, analytics and customisation. Review our Privacy Policy here.",https://latination.com/favicon.ico,N,0.0,2026-09-28 16:56:07.067886
,,2026-09-28 18:58:33+00:00,www.specialneeds.com,James Adkins | Therapists - SpecialNeeds.com,SpecialNeeds.com,,,,,https://www.specialneeds.com/directory/counseling/therapists/james-adkins/,"TriCare Counseling and Consulting provides specialized mental health support for children, adolescents, and adults.
The practice specializes in addressing neurodevelopmental and behavioral challenges, including ADHD, ODD, autism-related issues, and childhood disorders.
Therapists also address complex issues such as anxiety, depression, trauma, PTSD, eating disorders, and grief, utilizing a culturally competent approach that respects diverse backgrounds and identities.
They accept a variety of insurance plans, including Medicaid, Medicare, and TRICARE, and provide flexible payment methods such as HSA.
With offices in Raleigh, Dunn, and Fayetteville, NC, they are dedicated to improving the quality of life for families navigating mental health and developmental challenges.","TriCare Counseling and Consulting provides specialized mental health support for children, adolescents, and adults. The practice specializes in addressing neurodevelopmental and behavioral challenges, including ADHD, ODD, autism-related issues, and childhood disorders. With a psychologist experienced in both clinical and school settings, the team is uniquely equipped to target treatments that support a child's success both in therapy and in the classroom.

The practice offers a wide range of therapeutic modalities, including play therapy, individual, family, and group sessions. They provide comprehensive services such as psychological evaluations, testing, and evaluations to help families understand specific learning or behavioral needs. Therapists also address complex issues such as anxiety, depression, trauma, PTSD, eating disorders, and grief, utilizing a culturally competent approach that respects diverse backgrounds and identities.

Serving clients ages 4 and up, TriCare offers both in-person and telehealth appointments, with same-week availability and Saturday options. They accept a variety of insurance plans, including Medicaid, Medicare, and TRICARE, and provide flexible payment methods such as HSA. With offices in Raleigh, Dunn, and Fayetteville, NC, they are dedicated to improving the quality of life for families navigating mental health and developmental challenges.",https://imagedelivery.net/iQbJNjrNARW2nbQ489hjzg/e4a8b2dd-8677-4907-3167-7e7b39ab9500/public,N,0.0,2026-09-29 05:56:09.285010
,,2026-09-28 18:49:04+00:00,LinkedIn,Defense Health Agency - fluseason #tricare - LinkedIn,Defense Health Agency,,,,,https://www.linkedin.com/posts/defense-health-agency_fluseason-tricare-activity-7510363992112943104-5LPm,"🍂 Flu season is on the way.
Now’s the time to get ready.
An annual flu vaccine can help protect you, your family, and those around you and TRICARE covers the flu vaccine for eligible beneficiaries.
👉 Review this article for details about this year’s flu vaccine, when to get it, and where TRICARE beneficiaries can get vaccinated at no cost: https://lnkd.in/eR7jbqu9 #FluSeason | #TRICARE","🍂 Flu season is on the way. Now’s the time to get ready. An annual flu vaccine can help protect you, your family, and those around you and TRICARE covers the flu vaccine for eligible beneficiaries. 👉 Review this article for details about this year’s flu vaccine, when to get it, and where TRICARE beneficiaries can get vaccinated at no cost: https://lnkd.in/eR7jbqu9 #FluSeason | #TRICARE",https://media.licdn.com/dms/image/v2/D4E10AQHtZ8KKdPCb_g/image-shrink_1280/B4EaDosPdgKIAc-/0/1790610307185?e=2147483647&v=beta&t=s-10wCkw9QceVkc8p8U6IMijU3cJ8gN_sMqBtPB2nOs,N,0.0,2026-09-29 02:56:37.698031
,,2026-09-28 18:28:40+00:00,Sirius Solutions Global,TRICARE East Provider Credentialing Guide 2026 - Sirius Solutions Global,Sirius Solutions Global,,,,,https://billing.siriussolutionsglobal.com/blog/tricare-east-provider-credentialing,"This guide breaks down how certification, credentialing, and network participation relate under the current TRICARE East structure administered by Humana Military.
TRICARE Certification vs. Credentialing vs. Network Participation This is where most confusion starts, because each status affects a provider differently.
Who Needs TRICARE Provider Certification?
TRICARE East Provider Credentialing Requirements Documentation required depends on provider type, specialty, and location.
TRICARE East Credentialing Readiness Check This is a practical preparation checklist, not a substitute for current Humana Military requirements.","Table of Contents

Network participation information is subject to change. Verify the current Humana Military status before applying.

Introduction

A provider finishes the TRICARE certification application, gets confirmation the status is active, and assumes the next referral will simply show up. Then a claim gets flagged, or a front-desk staffer can't find the practice listed as in-network: wait, isn't certification supposed to mean I'm in the network? Not exactly. Several distinct steps sit between being authorized to bill TRICARE and holding network status in the East Region — mixing them up is a common way practices lose time on the billing side. This guide breaks down how certification, credentialing, and network participation relate under the current TRICARE East structure administered by Humana Military.

What Is TRICARE East?

TRICARE splits the country into two regions, each run by a different contractor under the Defense Health Agency. Humana Military administers the East Region. TriWest Healthcare Alliance administers the West Region — a change effective January 1, 2025, when six states previously in the East Region (Arkansas, Illinois, Louisiana, Oklahoma, Texas, Wisconsin) moved to the West Region's contractor. Confirm which regional contractor applies to a given practice location before assuming East Region rules apply.

For providers in states still served by the East Region, Humana Military handles certification, network agreements, claims processing, and self-service. TRICARE.gov sets the underlying regulations; Humana Military administers the day-to-day provider relationship within them.

TRICARE Certification vs. Credentialing vs. Network Participation

This is where most confusion starts, because each status affects a provider differently.

Per Humana Military's current guidance, all TRICARE-authorized providers must be certified under TRICARE regulation, with certified status verified in the East Region before claims can be filed and paid. Certain provider types — certified marriage and family therapists, autism corporate service providers, and most institutional providers such as hospitals, skilled nursing facilities, and home health agencies — are specifically required to hold a participation agreement, network or non-network. Certification and network participation are related, but not the same status.

Who Needs TRICARE Provider Certification?

TRICARE-authorized provider types generally need to be certified before they can file claims and receive payment. Exactly which requirements apply depends on the provider type, specialty, and how that provider is recognized under TRICARE regulation. Institutional, individual, and specialty categories don't all follow an identical path, so review Humana Military's certification FAQs for the specific provider type rather than assuming one universal process applies.

TRICARE East Provider Credentialing Requirements

Documentation required depends on provider type, specialty, and location. Humana Military's current certification materials are the authoritative reference. Categories of information that commonly apply:

None of this replaces reviewing actual requirements for a specific provider type before submitting.

TRICARE East Credentialing Readiness Check

This is a practical preparation checklist, not a substitute for current Humana Military requirements.

How the TRICARE East Provider Certification Process Works

A provider gathers the licensing, identity, and specialty information the application calls for, submits it through the applicable channel, and Humana Military reviews it against TRICARE regulatory requirements. Once certified status is confirmed and verified in the East Region, the provider can bill as a TRICARE-authorized provider. If network participation is also pursued, that's a separate contracting step, not an automatic next stage. Processing timelines vary by application type and submission method — check current Humana Military resources for a specific case.

Does TRICARE Certification Automatically Make You a Network Provider?

Certification makes a provider TRICARE-authorized and able to file claims for payment. Network participation requires an applicable contract with Humana Military, on top of certification. A provider can be fully TRICARE-certified, actively billing, and still not appear as a network provider — simply because no participation agreement is in place, or the network category isn't currently open to new agreements.

Is TRICARE East Accepting New Network Providers in 2026?

Verify current status: Humana Military – Certification & Network Info

What Happens After Certification?

Once certification is confirmed, most practices still have things worth checking, though order can vary by provider type:

Provider Self-Service: Why It Matters After Enrollment

Humana Military's provider self-service portal is the operational hub once a provider is set up in the system. Capabilities include verifying patient eligibility, creating and updating referral/authorization requests, submitting claims electronically, checking claim status, viewing remittances, managing the provider profile, and looking up codes.

Creating a self-service account isn't the same as completing credentialing or certification. It's the tool that makes an already-established provider record usable day to day; the accuracy behind that account determines whether eligibility checks, referrals, and claims go smoothly.

TRICARE East Credentialing and Medical Billing Are Connected

Provider status flows directly into billing: credentialing supports certification, certification and network status determine how a claim is coded and routed, eligibility/authorization requirements depend on accurate provider and plan information, and the claim depends on provider/location data matching what's on file with Humana Military.

When any link is off — an outdated address, a mismatch between the billing NPI and certified location, or confusion between certification and network status — it can show up downstream as a delayed claim, a denial, a status flag, or rework that adds days to A/R. Not every billing problem traces back to credentialing, but it's a common, often overlooked source of avoidable claim friction.

Common TRICARE East Credentialing Mistakes

What to Verify Before Billing TRICARE East

Pre-Billing Verification Checklist Done Provider certification status verified Correct NPI/TIN relationship confirmed Correct practice location on file Network/participation status confirmed Effective status/date confirmed where applicable Patient TRICARE eligibility verified Referral/authorization requirements checked Claims submission method configured Provider self-service access available Billing information matches payer records

Treat this as a record check, not an assumption. What's on file with Humana Military determines how a claim processes.

FAQ",https://billing.siriussolutionsglobal.com/images/blog/TRICARE-East-Provider-Credentialing-2026.png,N,0.0,2026-09-28 17:56:11.184225
,,2026-09-28 18:13:21+00:00,X (formerly Twitter),"The ACFE on X: ""A Texas mental health clinic owner was convicted in a $26 million scheme ...",x.com,,,,,https://x.com/TheACFE/status/2104624181119717759,"A Texas mental health clinic owner was convicted in a $26 million scheme to defraud the military health care program TRICARE using kickbacks, stolen doctor credentials and fake medical records.","A Texas mental health clinic owner was convicted in a $26 million scheme to defraud the military health care program TRICARE using kickbacks, stolen doctor credentials and fake medical records.",https://pbs.twimg.com/card_img/2103744712062521344/PooSwuKd?format=webp&name=medium,N,0.0,2026-09-28 16:56:10.775920
,,2026-09-28 18:04:54+00:00,tricare.triwest.com,TRICARE September 2026 Provider Pulse,Not Available,,,,,https://tricare.triwest.com/en/provider/provider-pulse/provider-pulse-archive/2026/september-2026-provider-pulse/,"Thank you for actively partnering with Disease Management to connect TRICARE beneficiaries with support for their health and wellness journey.
New TRICARE Telehealth Preference Option Enhances Referral Submissions New enhancements are now available on the TRICARE referral submissions in Availity to accommodate telehealth preferences.
The TRICARE provider network supplements MTF resources to ensure that TRICARE beneficiaries get the care they need.
They ensure MTF optimization, which helps to contain health care cost for TRICARE beneficiaries.
TRICARE Provider Handbook Updates There are no updates to the TRICARE Provider Handbook this month.","TRICARE Virtual Community Groups: Support Beyond the Visit

Virtual Community Groups offer a safe, welcoming space to support beneficiaries beyond primary visits. TRICARE West Region Virtual Community Groups are online sessions led by trained health experts focusing on topics like diabetes, prediabetes, tobacco and vaping cessation, and mental health.

These interactive groups give beneficiaries the opportunity to connect with others facing similar health challenges, share experiences, and learn about practical ways to improve their health. These sessions also make it easier for beneficiaries to stay engaged by reducing common barriers like transportation and access.

Help us encourage your TRICARE patients to sign up for an upcoming session. Monthly topics vary, so check back frequently.

How can beneficiaries register?

Sign in to the West Region beneficiary portal.

Click on the “Manage My Care” tab.

Scroll down to “Virtual Community Groups”. A list of upcoming sessions will be shown.

Click the “register” button for the selected session.

Save the confirmation email with the link to the session.

When all steps have been completed, a registration confirmation email and link to the event will be sent.

To refer a TRICARE patient for additional clinical support, complete the Clinical Care Support Program (CCSP) referral form.

Check out the TRICARE West Region Disease Management support and programs page for more information. Have questions? Email the TRICARE West Region Disease Management team at WellnessTeam@triwest.com.

Thank you for actively partnering with Disease Management to connect TRICARE beneficiaries with support for their health and wellness journey.

New TRICARE Telehealth Preference Option Enhances Referral Submissions

New enhancements are now available on the TRICARE referral submissions in Availity to accommodate telehealth preferences.

When submitting a referral, if the selected referral profile is appropriate for telehealth services, you will now see a new option to indicate the beneficiary’s preference for receiving care via telehealth. This change is designed to make referrals easier and more efficient for your TRICARE patients.

What’s New

A telehealth preference option will now display for telehealth-appropriate referral profiles.

Providers can indicate whether the TRICARE patient prefers to receive services through telehealth at the time of referral submission.

This enhancement helps ensure beneficiary preferences are captured and supports timely access to clinically appropriate telehealth services.

TRICARE and Military Treatment Facilities: Understanding MTF Roles in Care Delivery

Military hospitals and clinics are known as military treatment facilities and are usually located on most military posts, bases, and installations. The TRICARE provider network supplements MTF resources to ensure that TRICARE beneficiaries get the care they need.

The MTF’s goal is to maintain active duty readiness for military contingency operations with the primary responsibility for providing care to TRICARE beneficiaries within their capabilities and capacities.

To provide care effectively and efficiently, MTFs retain the right to accept referrals for TRICARE beneficiaries when they have the capabilities and capacity to provide the required services. These referrals are known as Knowledge, Skills, and Abilities (KSA) referrals.

Here are some important reasons that MTFs choose to deliver Prime-referred services.

They ensure all medical service forces are ready to perform by keeping their skills current.

They ensure MTF optimization, which helps to contain health care cost for TRICARE beneficiaries.

They assist in determining prevalent MTF specialty access and adequacy needs for a particular TRICARE population.

They enhance the military graduate medical education program.

They hone the skills of military providers rotating through the MTF.

Referring Care to TriWest

If the MTF can’t provide the requested services, the beneficiary is referred to a TriWest Healthcare Alliance (TriWest) network provider. However, if a TriWest network provider is selected before the MTF optimization determination and the MTF opts to provide the services, this overrides any prior network provider selection, and the beneficiary is required to be seen at the MTF.

TRICARE Prime beneficiaries who have received a referral for services are referred by TriWest to an MTF first when the MTF indicates they have the capability to provide that type of care. The MTF has the right to accept or refuse the referral.

TRICARE Expands the Opioid Safety Initiative

In 2013, the Veterans Health Administration developed and implemented the Opioid Safety Initiative to reduce high-risk opioid prescribing, track prescription patterns, and decrease reliance on long-term opioid therapy for chronic pain. OSI was adopted by the Defense Health Agency.

The program goal is to improve quality of life, reduce suffering from chronic pain, decrease opioid prescribing practices associated with complications, and promote safer opioid-related prescribing for active duty service members, Veterans and their families.

The OSI addresses the challenges of opioid dependency and closely monitors Department of War and VA dispensing practices system-wide, including care that occurs in the community. It coordinates pain management through patient and provider education, enhanced testing and safety monitoring, thoughtful tapering plans, the use of complementary integrated health modalities (i.e., acupuncture, massage therapy, yoga, etc.) and cognitive behavioral therapy for pain.

Recommended actions for providers to take include:

Perform a thorough assessment including all prior treatment approaches

Set realistic expectations for pain management early and review those expectations often

Request non-pharmacological/non-opioid treatment options when appropriate

Proceed with opioid treatment with caution, as briefly as possible with the lowest dose immediate release option

Reassess progress and safety at every visit

Stop and reassess if concerns begin to occur

Submit requests for substance abuse treatment when needed

DHA’s Research & Engineering Implementation Science Branch created the Opioid Overdose Education and Naloxone Distribution Program to combat opioid overdoses by increasing naloxone access and education, ultimately saving lives. The Naloxone and Opioid Safety Guide was produced to give providers more information regarding naloxone.

TRICARE Provider Handbook Updates

There are no updates to the TRICARE Provider Handbook this month.",https://tricare.triwest.com/Static/tricare-favicon.ico,N,0.0,2026-09-28 16:56:15.958763
,,2026-09-28 17:53:47+00:00,Oduu,Texas Counselor Convicted in $26 Million TRICARE Health Fraud Scheme - SuaraGarut.ID,Sarah Mitchell,,,,,https://suaragarut.id/en/texas-counselor-convicted-tricare-fraud,"A federal jury in Fort Worth found Texas licensed professional counselor Kevin D. Curry guilty on nine federal charges for orchestrating a $26 million health care fraud scheme against the military's TRICARE program, the Justice Department announced.
Curry, 64, of Frisco, operated mental health clinics under Acuity TMS in Plano and Fort Worth, Texas, alongside Emerald Coast TMS in Fort Walton Beach, Florida.
Prosecutors demonstrated that the clinics billed TRICARE for medically unnecessary or unprovided transcranial magnetic stimulation (TMS) therapy.
TRICARE paid approximately $17 million out of the more than $26 million in submitted claims.
Curry was convicted of three counts of health care fraud, three counts of paying illegal health care kickbacks, and three counts of engaging in monetary transactions in criminally derived property.","A federal jury in Fort Worth found Texas licensed professional counselor Kevin D. Curry guilty on nine federal charges for orchestrating a $26 million health care fraud scheme against the military's TRICARE program, the Justice Department announced.

Curry, 64, of Frisco, operated mental health clinics under Acuity TMS in Plano and Fort Worth, Texas, alongside Emerald Coast TMS in Fort Walton Beach, Florida. Prosecutors demonstrated that the clinics billed TRICARE for medically unnecessary or unprovided transcranial magnetic stimulation (TMS) therapy.

The scheme involved paying over $5.5 million in illegal kickbacks to induce active-duty service members, veterans, and their relatives to consent to treatments they did not qualify for or receive. Curry falsely presented himself as a medical doctor and used physicians' credentials without authorization to submit claims, while directing staff to fabricate medical records.

TRICARE paid approximately $17 million out of the more than $26 million in submitted claims. Authorities revealed Curry laundered the proceeds to fund luxury hotel stays, expensive furniture, a casino-themed event, and a gold-plated Tesla Cybertruck valued at over $100,000.

Justice Department officials condemned the fraudulent operations targeting military members and federal benefit systems.

""This defendant exploited a critical health care program serving active-duty servicemembers and their families, diverting taxpayer dollars to bankroll personal luxuries ranging from hotel stays to a casino-themed party and even a gold‑plated Tesla Cybertruck,"" said Colin M. McDonald, Assistant Attorney General of the Justice Department’s National Fraud Enforcement Division.

Federal investigators from multiple agencies, including the FBI and Defense Criminal Investigative Service, gathered evidence showing widespread identity theft and falsification of patient files across Curry's three clinic locations.

""Kevin Curry shamelessly preyed on the trust of servicemembers, veterans, and their families, siphoning millions from TRICARE through lies and coercion,"" said Ryan Raybould, U.S. Attorney for the Northern District of Texas.

Curry was convicted of three counts of health care fraud, three counts of paying illegal health care kickbacks, and three counts of engaging in monetary transactions in criminally derived property. He faces up to 10 years in federal prison for each count, with a federal judge determining the final sentence at a later date.",https://cdn.suaragarut.id/media/images/2026/09/vCc7k1WFPF.jpeg?location=1&width=1200&height=674&quality=80&watermark=1,N,0.0,2026-09-28 16:56:20.250005
,,2026-09-28 17:50:33+00:00,Washington Technology,DHA embarks on health data management contract strategy - Washington Technology,Ross Wilkers,,,,,https://www.washingtontechnology.com/contracts/2026/09/dha-embarks-health-data-management-contract-strategy/416268/?oref=wt-homepage-river,"The Defense Health Agency has started to sketch out a plan for hiring single or multiple contractors that can help integrate health data from multiple sources, including vendor-developed and Veterans Affairs Department-linked applications.
At the moment, DHA does not have a finalized enterprise strategy for how and where this program data would reside and be managed for the agency’s usage.
DHA is first looking at viable hosting and data management models as the agency evolves toward a longer-term approach, according to a sources sought notice posted Thursday.
The notice asks respondents to describe their capabilities for ingesting, normalizing, exchanging, reconciling and making available data from both vendor and VA-connected applications.
Some models of interest to DHA include environments managed by the agency itself, the Defense Department’s enterprise cloud environments, other government cloud environments, vendor-hosted environments, hybrid architectures and federated data approaches.","The Defense Health Agency has started to sketch out a plan for hiring single or multiple contractors that can help integrate health data from multiple sources, including vendor-developed and Veterans Affairs Department-linked applications.

At the moment, DHA does not have a finalized enterprise strategy for how and where this program data would reside and be managed for the agency’s usage. DHA is first looking at viable hosting and data management models as the agency evolves toward a longer-term approach, according to a sources sought notice posted Thursday.

DHA is citing clinical, administrative, operational, financial, scheduling, encounter, assessment, document and analytics as among the types of data it wants industry help in maintaining and operating.

The notice asks respondents to describe their capabilities for ingesting, normalizing, exchanging, reconciling and making available data from both vendor and VA-connected applications.

Some models of interest to DHA include environments managed by the agency itself, the Defense Department’s enterprise cloud environments, other government cloud environments, vendor-hosted environments, hybrid architectures and federated data approaches.

The request for information’s questionnaire covers topics pertaining to ownership, interoperability, cybersecurity, privacy, hosting authorization, records management, continuity of operations, vendor transition, and long-term sustainment.

Responses to the RFI are due by 12 p.m. Eastern time on Oct. 26.",https://cdn.washingtontechnology.com/media/img/cd/2026/09/28/health_data/open-graph.jpg,N,0.0,2026-09-28 16:56:30.747068
,,2026-09-28 17:06:57+00:00,www.pressreader.com,Frisco counselor guilty of fraud in depression treatment scheme | The Dallas Morning News,Not Available,,,,,https://www.pressreader.com/usa/the-dallas-morning-news/20260928/281745571313128,Digital newsstand featuring 7000+ of the world’s most popular newspapers & magazines. Enjoy unlimited reading on up to 5 devices with 7-day free trial.,Not Available,,N,0.0,2026-09-28 18:56:18.774496
,,2026-09-28 16:45:50+00:00,www.moaa.org,Fall Favorites: Check Out These 5 Vintage Military Reads - MOAA,Not Available,,,,,https://www.moaa.org/content/publications-and-media/news-articles/2026-news-articles/reads/fall-favorites-check-out-these-5-vintage-military-reads/,"By Col. William D. Bushnell, USMC (Ret) From iconic land and sea battles across the centuries to new perspectives on Vietnam, the Civil War, and World War I, these five vintage works make perfect fall reads.
to Constantinople in 1453 A.D., discussing armies, organization, logistics, leadership, military strengths and weaknesses, and military victories and defeats.
W.W. Norton & Company, 1986.
The Military Legacy of the Civil War: The European Inheritance By Jay Luvaas.
Luvaas also discusses what they learned, how European armies were influenced, and why some “lessons learned” weren’t “learned” at all.","By Col. William D. Bushnell, USMC (Ret)

From iconic land and sea battles across the centuries to new perspectives on Vietnam, the Civil War, and World War I, these five vintage works make perfect fall reads.

You can purchase the books at the links in the titles below – note that some links may point to updated versions/reprints, or to hard-to-find (and expensive) originals. No selections have audiobooks available. MOAA is an Amazon Associate and earns money from qualifying purchases, with the revenue supporting MOAA Charities.

Visit MOAA’s Professional Reading List for more great reads.

War Without Heroes

By David Douglas Duncan. Harper & Row, 1970.

Acclaimed combat photographer Duncan (1916-2018) has captured “the comradeship that binds men together when they are fighting a common peril,” with stunning black-and-white photos of Marines in combat in Vietnam – Cua Viet, Con Thien, and Khe Sanh.

Duncan’s photos and narrative masterfully portray men under fire.

The Great Battles of Antiquity: A Strategic and Tactical Guide to Great Battles That Shaped the Development of War

By Richard A. Gabriel and Donald W. Boose Jr. Greenwood, 1994.

Historians Gabriel and Boose examine 31 wars, campaigns, and battles from Megiddo in 1479 B.C. to Constantinople in 1453 A.D., discussing armies, organization, logistics, leadership, military strengths and weaknesses, and military victories and defeats.

This excellent reference work includes an expansive bibliography.

The Great War in Africa, 1914-1918

By Byron Farwell. W.W. Norton & Company, 1986.

Historian Farwell (1921-1999) covers World War I in Africa, especially military operations against Germany’s African colonies – Togo, Cameroon, and the campaign in East Africa.

Battles, disease, logistics, and uneven leadership reveal just how harsh battlefield conditions really were in a theater often ignored. See also Guerilla by Edwin P. Hoyt.

The Military Legacy of the Civil War: The European Inheritance

By Jay Luvaas. University Press of Kansas, 1988.

Military historian Luvaas (1927-2009) focuses on the American Civil War through the eyes and writings of European military observers (British, French, German), what they saw, wrote, thought, and concluded from their unique positions with both armies.

Luvaas also discusses what they learned, how European armies were influenced, and why some “lessons learned” weren’t “learned” at all.

Conquest of the Seas: The History and Adventure of Sea and Ships

By Frank C. Bowen. Robert M. McBride & Company, 1940.

Bowen’s (1894-1957) comprehensive history covers the sea and seafaring from early Greek mariners to 20th-century maritime development. Subjects include European naval wars, ships and seamen, maritime trade, exploration, piracy and smuggling (“sea lawbreakers”), ship construction, steel and steam innovations, and key sea battles.

Very detailed. Hard to find, but worth the effort.",https://www.moaa.org/contentassets/63bd130ddf544ee58741e643e093ee0b/old-books-stock-h.jpg,N,0.0,2026-09-28 16:56:35.046405
,,2026-09-28 15:57:59+00:00,DefenseScoop,DHA CDAO Jesus Caban on scaling AI across military health - DefenseScoop,Scoop News Group,,,,,https://defensescoop.com/video/dha-cdao-jesus-caban-on-scaling-ai-across-military-health/,"Dr. Jesus Caban, Chief Data & Analytics Officer for the Defense Health Agency, discussed the agency’s commitment to data modernization.
He highlighted the release of the DHA data strategy, which serves as a roadmap to provide trusted data to combatant commands, enhancing warfighter readiness and decision advantage.
Furthermore, Dr. Caban outlined the DHA’s transition toward becoming an AI-first organization.
Key initiatives include the responsible use of AI across hospital administration and patient care, specifically noting the expansion of ambient listening technology to over 40,000 military health system providers.","Dr. Jesus Caban, Chief Data & Analytics Officer for the Defense Health Agency, discussed the agency’s commitment to data modernization. He highlighted the release of the DHA data strategy, which serves as a roadmap to provide trusted data to combatant commands, enhancing warfighter readiness and decision advantage. Furthermore, Dr. Caban outlined the DHA’s transition toward becoming an AI-first organization. Key initiatives include the responsible use of AI across hospital administration and patient care, specifically noting the expansion of ambient listening technology to over 40,000 military health system providers.",https://defensescoop.com/wp-content/uploads/sites/8/2026/09/Screenshot-2026-09-28-at-11.22.00-AM.png,N,0.0,2026-09-28 12:56:06.640138
,,2026-09-28 15:56:13+00:00,ExecutiveBiz,DARPA Taps Everforth ECS for Multi X Office Support Contract - ExecutiveBiz,Arthur McMiler,,,,,https://www.executivebiz.com/articles/darpa-everforth-ecs-multi-x-office-contract,"What Are the Terms of the DARPA Contract?
Everforth ECS will perform the work in Arlington, Virginia, with completion expected by October 2027.
What Other Government Contracts Has Everforth ECS Won in 2026?
In September, Everforth ECS won a spot on a potential $58 million Consumer Product Safety Commission data solutions blanket purchase agreement.
How Did the Everforth ECS Brand Come About?","The Defense Advanced Research Projects Agency has awarded Everforth ECS a $30.9 million advisory and engineering support contract

The company will support current and planned programs in DARPA’s Multi X Office

Work on the contract is expected to finish in October 2027

The Defense Advanced Research Projects Agency, or DARPA, has selected Everforth ECS Federal to deliver advisory, assistance and systems engineering services under a $30.9 million contract supporting its Multi X Office.

The Fairfax, Virginia-based company will provide technical, analytical and programmatic expertise for the office’s current and future programs, according to a Department of War contract announcement Friday.

What Are the Terms of the DARPA Contract?

DARPA received four bids for the competitively awarded, cost-plus-fixed-fee contract. Everforth ECS will perform the work in Arlington, Virginia, with completion expected by October 2027.

At the time of award, the agency obligated $1.49 million in fiscal year 2026 funding for research, development, test and evaluation.

What Other Government Contracts Has Everforth ECS Won in 2026?

The DARPA award adds to a busy year for the contractor. In September, Everforth ECS won a spot on a potential $58 million Consumer Product Safety Commission data solutions blanket purchase agreement. It also received a $1.7 million initial task order to move a legacy SAS environment to the cloud.

In August, the company booked a $147.8 million Army contract to manage, transition and ultimately retire the SUNet legacy network. That same month, it landed a four-year, $30 million Defense Health Agency contract to build predictive AI models, dashboards and performance metrics for the Military Health System.

The company also holds a three-year, $115 million contract with the Army Combat Capabilities Development Command Army Research Laboratory to develop and test AI capabilities under the Nautilus program.

How Did the Everforth ECS Brand Come About?",https://media.executivebiz.com/2026/09/ebiz-darpa-taps-everforth-ecs.jpg,N,0.0,2026-09-28 12:56:10.289760
,,2026-09-28 15:33:32+00:00,The Texas Lawbook,Munsch Hardt Adds Austin Bankruptcy Shareholder - The Texas Lawbook,Brooks Igo,,,,,https://texaslawbook.net/munsch-hardt-adds-austin-bankruptcy-shareholder/,"©2026 The Texas Lawbook.
Content of The Texas Lawbook is controlled and protected by specific licensing agreements with our subscribers and under federal copyright laws.
Any distribution of this content without the consent of The Texas Lawbook is prohibited.
If you see any inaccuracy in any article in The Texas Lawbook, please contact us.
Our goal is content that is 100% true and accurate.","©2026 The Texas Lawbook.

Content of The Texas Lawbook is controlled and protected by specific licensing agreements with our subscribers and under federal copyright laws. Any distribution of this content without the consent of The Texas Lawbook is prohibited.

If you see any inaccuracy in any article in The Texas Lawbook, please contact us. Our goal is content that is 100% true and accurate. Thank you.",https://texaslawbook.net/wp-content/uploads/2026/09/Web-Tara_LeDay-4698-Retouched.jpg,N,0.0,2026-09-28 12:56:12.853604
,,2026-09-28 14:56:54+00:00,Zeffy,"U.S. Department of War, Defense Health Agency Contracting Activity | Zeffy Grant Finder",Not Available,,,,,https://www.zeffy.com/grant-finder/funders/dbd7862b3414b62cbd5110e4b2cce83f,Open grant opportunities offered by this funder.,Not Available,https://www.zeffy.com/favicon.ico,N,0.0,2026-09-28 18:56:22.296121
,,2026-09-28 14:55:57+00:00,www.beckersbehavioralhealth.com,Texas mental health clinic owner convicted in $26M TRICARE fraud,,,,,,https://www.beckersbehavioralhealth.com/legal/texas-mental-health-clinic-owner-convicted-in-26m-fraud-case/,"A federal jury in Fort Worth, Texas, convicted Kevin Curry, 64, of nearby Frisco on Sept. 24 in a $26 million healthcare fraud, kickbacks and ...",Not Available,,Y,0.0,2026-09-28 12:56:21.783043
,,2026-09-28 14:39:38+00:00,townhall.com,Stephen Miller Made an Eye-Opening Claim About Fraud and the Federal Budget,Amy Curtis,,,,,https://townhall.com/news/amy-curtis/2026/09/28/stephen-miller-eliminating-fraud-could-balance-federal-budget-n2683685,"The Trump administration has made combating welfare fraud a major part of its agenda.
Vance heads the White House Fraud Task Force, and on September 22, it announced plans to remove more than 750,000 fraudulent enrollees from Obamacare.
Advertisement Even a quick search of Townhall's reporting shows millions in fraud, including $10 million in childcare fraud in California, $2 million in a PPP fraud scheme in El Paso, and a $26 million TRICARE fraud scheme in Fort Worth.
Of course, we also know about the autism program fraud, housing program fraud, Medicaid fraud, daycare fraud, and ""Feeding Our Future"" fraud in Minnesota that cost taxpayers $9 billion.
Stephen Miller, the White House Deputy Chief of Staff for Policy and Homeland Security Advisor, made a very astute observation about all this fraud and said the scale is so massive that eliminating the fraud could balance the federal budget.","The Trump administration has made combating welfare fraud a major part of its agenda. Vice President J.D. Vance heads the White House Fraud Task Force, and on September 22, it announced plans to remove more than 750,000 fraudulent enrollees from Obamacare. That would come to $2.2 billion in savings once the ineligible or non-existent enrollees are purged.

Advertisement

Even a quick search of Townhall's reporting shows millions in fraud, including $10 million in childcare fraud in California, $2 million in a PPP fraud scheme in El Paso, and a $26 million TRICARE fraud scheme in Fort Worth. Of course, we also know about the autism program fraud, housing program fraud, Medicaid fraud, daycare fraud, and ""Feeding Our Future"" fraud in Minnesota that cost taxpayers $9 billion.

Stephen Miller, the White House Deputy Chief of Staff for Policy and Homeland Security Advisor, made a very astute observation about all this fraud and said the scale is so massive that eliminating the fraud could balance the federal budget. Not tax increases, not spending cuts. Simply eliminating fraud.

""Not abiding by our laws, and the amount that has been fleeced from us is in the hundreds of billions of dollars,"" Miller said. ""I believe, based on what I've seen and what I've heard, is that we could balance the federal budget if the only dollars that went out of the Treasury went to individuals who were properly, lawfully, correctly eligible to receive them.""

""And that, ultimately, is going to be what we have to do as a country. In the meantime, because of the Vice President's leadership, you are seeing the most muscular, robust, aggressive, dedicated, determined, and speedy effort to shut down criminal fraud that has not only ever occurred in the history of this country, but in any developed nation,"" he continued.

Instead, Democrats will continue raising our taxes to fund this fraud.

The amount we spend on welfare is staggering, and several states have sued to continue giving welfare to illegal aliens.

Advertisement

All of this.

It would be the greatest political win in this nation's history.

Editor's Note: Do you enjoy Townhall's conservative reporting exposing the radical left and woke media? Support our work so we can keep bringing you the truth.",https://media.townhall.com/cdn/hodl/2026/180/d6bb5c33-2a93-48ff-aed8-d336ae98b2f4-1200x630.jpg,N,0.0,2026-09-28 12:56:30.568186
,,2026-09-28 13:01:59+00:00,ggwash.org,Breakfast links: Emergency repairs ordered at apartment building on Florida Avenue NE,Not Available,,,,,https://ggwash.org/view/104992/breakfast-links-emergency-repairs-ordered-at-florida-avenue-ne-apartment-building,"Have a tip for the links?
Submit it here.
Jai Wilkins is a public policy professional passionate about social science, urban development, affordable housing, and anti-poverty initiatives.
She works as a funding specialist with the Federal Housing Administration’s Office of Multifamily Housing Programs.
A graduate of George Washington University, now living in Columbia Heights.","Have a tip for the links? Submit it here.

Jai Wilkins is a public policy professional passionate about social science, urban development, affordable housing, and anti-poverty initiatives. She works as a funding specialist with the Federal Housing Administration’s Office of Multifamily Housing Programs. A graduate of George Washington University, now living in Columbia Heights.",https://ggwash.org/images/posts/_resized/Screenshot_2026-09-28_at_8.53.21%E2%80%AFAM_.png,N,0.0,2026-09-28 12:56:33.756285
,,2026-09-28 12:30:58+00:00,PRLog,Channel Islands Family Dental Office Offers $29.99 New Patient Exam and X-Rays in Newbury Park,Not Available,,,,,https://www.prlog.org/13173355-channel-islands-family-dental-office-offers-29-99-new-patient-exam-and-rays-in-newbury-park.html,"Channel Islands Family Dental Office Offers $29.99 New Patient Exam and X-Rays in Newbury Park. Channel Islands Family Dental Office in Newbury Park welcomes new patients with a limited-time $29.99 exam and digital X-rays special, plus personalized treatment planning and comprehensive family dental care. - PR13173355",Not Available,https://biz.prlog.org/newburyparkdentist/logo.jpg,N,0.0,2026-09-28 10:56:05.869256
,,2026-09-28 12:06:28+00:00,The Texas Lawbook,CDT Roundup: What Happened to the Q3 Bump? - The Texas Lawbook,Jason Philyaw,,,,,https://texaslawbook.net/cdt-roundup-what-happened-to-the-q3-bump/,"For the week ended Sept. 26, the CDT Roundup saw just seven deals reported with a combined value of just over $6.3 billion.
There were no billion-dollar M&A transactions and more than half the deal value resided in CapM debt issues.
Given that summer is over and the close of Q3 is just days away, we were expecting more traffic.
The week prior had 16 deals with a value of $11 billion.
A year ago at this time, the Roundup reported 16 deals worth $22.7 billion.","For the week ended Sept. 26, the CDT Roundup saw just seven deals reported with a combined value of just over $6.3 billion. There were no billion-dollar M&A transactions and more than half the deal value resided in CapM debt issues.

Given that summer is over and the close of Q3 is just days away, we were expecting more traffic. The week prior had 16 deals with a value of $11 billion. A year ago at this time, the Roundup reported 16 deals worth $22.7 billion.",https://texaslawbook.net/wp-content/uploads/2018/10/cropped-favicon-2-32x32.png,N,0.0,2026-09-28 09:56:07.819669
,,2026-09-28 11:57:02+00:00,The Texas Lawbook,Frisco Clinic Owner Convicted in $17M TRICARE Fraud Scheme that Funded Gold-Plated Cybertruck,Mark Smith,,,,,https://texaslawbook.net/frisco-clinic-owner-convicted-in-17m-tricare-fraud-scheme-that-funded-gold-plated-cybertruck/,"A Fort Worth federal jury convicted a Frisco counselor of operating a healthcare fraud and kickback scheme that collected more than $17 million from the military’s insurance program and used the proceeds to finance luxury purchases, including a gold-plated Tesla Cybertruck, according to federal court documents and trial evidence.
Kevin Darnell Curry, 64, owner and operator of mental health clinics in Texas and Florida, was found guilty on all nine counts: three counts of healthcare fraud, three counts of offering or paying illegal kickbacks and three counts of engaging in transactions involving criminal proceeds.","A Fort Worth federal jury convicted a Frisco counselor of operating a healthcare fraud and kickback scheme that collected more than $17 million from the military’s insurance program and used the proceeds to finance luxury purchases, including a gold-plated Tesla Cybertruck, according to federal court documents and trial evidence.

Kevin Darnell Curry, 64, owner and operator of mental health clinics in Texas and Florida, was found guilty on all nine counts: three counts of healthcare fraud, three counts of offering or paying illegal kickbacks and three counts of engaging in transactions involving criminal proceeds.",https://texaslawbook.net/wp-content/uploads/2026/09/gold-cybertruck.jpg,N,0.0,2026-09-28 09:56:11.978249
,,2026-09-28 10:08:29+00:00,www.reddit.com,TRICARE WHILE ON PCS LEAVE. : r/navy - Reddit,Not Available,,,,,https://www.reddit.com/r/navy/comments/1ws8krg/tricare_while_on_pcs_leave/,"u/Nymphomatic600, you've selected the Help Requested Flair.
While you wait for replies, please check out our wiki as it answers a lot of basic questions.
I am a bot, and this action was performed automatically.
Please contact the moderators of this subreddit if you have any questions or concerns.","u/Nymphomatic600, you've selected the Help Requested Flair. While you wait for replies, please check out our wiki as it answers a lot of basic questions.

I am a bot, and this action was performed automatically. Please contact the moderators of this subreddit if you have any questions or concerns.",,N,0.0,2026-09-28 08:56:06.733360
,,2026-09-28 09:27:39+00:00,Yahoo News,Clinic owner stole millions from military health program to buy luxuries like gold-plated ... - Yahoo,Nick Viviani,,,,,https://www.yahoo.com/news/us/articles/clinic-owner-stole-millions-military-230627473.html,"The Brief A Texas man is accused of stealing millions of taxpayer dollars from a military health care program.
Prosecutors alleged that Kevin Curry's three clinics billed the Tricare program over $26 million in false, fraudulent, or kickback-related claims.
The Justice Department stated that he spent the money on luxuries that included a gold-plated Tesla Cybertruck, valued at over $100,000.
What's next Curry was convicted of three counts each of health care fraud, offering and paying illegal health care kickbacks, and engaging in monetary transactions in criminally derived property, and he is awaiting sentencing.
The Source Information for this article was taken from the U.S. Department of Justice.","The Brief

A Texas man is accused of stealing millions of taxpayer dollars from a military health care program.

Prosecutors alleged that Kevin Curry's three clinics billed the Tricare program over $26 million in false, fraudulent, or kickback-related claims.

The Justice Department stated that he spent the money on luxuries that included a gold-plated Tesla Cybertruck, valued at over $100,000.

A federal jury has convicted a Texas man accused of orchestrating a $26 million plot to steal taxpayer money that was meant to pay for health care for U.S. service members and spend it on luxury items like hotel stays, a casino-themed party, and a gold-plated Tesla Cybertruck, valued at over $100,000.

Big picture view

On Friday, jurors found Kevin Curry guilty on nine charges that stemmed from allegations that the mental health clinics that he owned and operated billed the military's health care program Tricare for therapy that was not necessary or not provided and then tried to hide it, according to the U.S. Department of Justice.

Federal prosecutors stated that his three clinics, which were located in Fort Worth, Texas; Plano, Texas; and Fort Walton Beach, Florida, collectively billed Tricare over $26 million in false, fraudulent, or kickback-related claims and were paid around $17 million of that sum.

What they're saying

""This defendant exploited a critical health care program serving active-duty service members and their families, diverting taxpayer dollars to bankroll personal luxuries ranging from hotel stays to a casino-themed party and even a gold‑plated Tesla Cybertruck,"" Assistant Attorney General Colin M. McDonald of the Department of Justice's National Fraud Enforcement Division said. ""Such conduct is an affront to the military community and the American public.""

The backstory

The Justice Department alleged Curry spent over $5.5 million in kickbacks getting active-duty service members, veterans, and their family members to agree to transcranial magnetic stimulation therapy they did not need, and possibly did not even qualify for.

To do so, Curry posed as a medical doctor, prosecutors stated, and used real doctors' credentials to bill Tricare. He is also accused of trying to hide his dealings by having employees falsify medical records that were submitted to Tricare.

RELATED: White House scouts sites for possible baseball field at Grand Teton National Park: report

What they're saying

""Kevin Curry shamelessly preyed on the trust of service members, veterans, and their families, siphoning millions from TRICARE through lies and coercion,"" U.S. Attorney Ryan Raybould said. ""He fabricated medical records, stole doctors' identities and clogged the system with fraudulent claims, all while lining his pockets with kickback‑tainted money.""

What's next

Curry was convicted of three counts each of health care fraud, offering and paying illegal health care kickbacks, and engaging in monetary transactions in criminally derived property, and he is awaiting sentencing. He faces up to ten years in prison for each count.

The Source

Information for this article was taken from the U.S. Department of Justice. This story was reported from Orlando.",https://s.yimg.com/lo/mysterio/api/cd712501b2506c35b144a2ddd75793537c3a74936feab3da5998c09a743bf454/lightyear_networkapi/resizefill_w1200%3Bquality_80%3Bformat_jpg/https%3A%2F%2Fmedia.zenfs.com%2Fen%2Flivenow_fox_840%2F597251a615b6ae5a7df84a5eb76dfc71.jpg,N,0.0,2026-09-28 16:56:38.327866
,,2026-09-28 08:48:51+00:00,Health Exec,Mental health scammer buys gold-plated Cybertruck with $17M stolen from Tricare,Chad Van Alstin,,,,,https://healthexec.com/topics/healthcare-management/legal-news/mental-health-scammer-buys-gold-plated-cybertruck-17m-stolen-tricare,"According to a press release from the U.S. Department of Justice, Kevin Curry, 64, was billing Tricare for transcranial magnetic stimulation (TMS), a therapy used to treat major depression and obsessive compulsive disorder.
He was also found to have used an actual doctor’s credentials to bill Tricare, without the person’s knowledge.
In total, he defrauded the government healthcare program of more than $17 million, prosecutors said.
Of that money, over $100,000 was used to buy the gold-plated Cybertruck.
He had attempted to steal even more, billing Tricare for over $26 million in bogus services, authorities added.","The owner of three mental health clinics in Texas and Florida has been convicted by a federal jury for his role in a $26 million healthcare fraud scheme targeting the military’s medical coverage program, with the defendant allegedly using stolen funds to make luxury purchases, including a gold-plated Tesla Cybertruck.

According to a press release from the U.S. Department of Justice, Kevin Curry, 64, was billing Tricare for transcranial magnetic stimulation (TMS), a therapy used to treat major depression and obsessive compulsive disorder. Curry was billing for the service at his clinics without medical necessity, offering kickbacks to service members, veterans and their families to agree to TMS—and in some cases, never administering it at all.

Prosecutors said during the course of the scheme, he paid out over $5.5 million in kickbacks, presenting himself as a medical doctor in an effort to convince his patients to comply with the treatment.

He was also found to have used an actual doctor’s credentials to bill Tricare, without the person’s knowledge.

In total, he defrauded the government healthcare program of more than $17 million, prosecutors said. Of that money, over $100,000 was used to buy the gold-plated Cybertruck.

He had attempted to steal even more, billing Tricare for over $26 million in bogus services, authorities added.

“Kevin Curry shamelessly preyed on the trust of servicemembers, veterans, and their families, siphoning millions from Tricare through lies and coercion,” U.S. Attorney Ryan Raybould stated. “He fabricated medical records, stole doctors’ identities and clogged the system with fraudulent claims, all while lining his pockets with kickback-tainted money.”

“This conviction sends an unmistakable message that those who manipulate our military community and defraud federal healthcare programs will face the full force of federal prosecution.”

A failed plan to conceal and launder

In an effort to cover his tracks, the DOJ said Curry instructed his employees to fabricate medical records to make claims submitted to Tricare seem legitimate. As for what prosecutors called “money laundering,” that was largely done through lavish spending at hotels and casinos, in addition to his new vehicle plated in precious metal.

A jury convicted the former mental health entrepreneur on three counts of healthcare fraud, three counts of offering and paying illegal kickbacks, and three counts of engaging in monetary transactions in criminally derived property.

He faces up to 10 years in prison on each count, the DOJ added. Sentencing has been scheduled for a later date.

A timeline for when the scheme occurred was not provided in the announcement.",https://healthexec.com/sites/default/files/styles/facebook/public/2026-09/goldcybertruck.jpg?h=c74750f6&itok=niUGSMfl,N,0.0,2026-09-28 06:56:12.200326
,,2026-09-28 05:26:29+00:00,Instagram,"A federal jury in Fort Worth convicted Kevin D. Curry, 64, of Frisco, in a $26 million ... - Instagram",Not Available,,,,,https://www.instagram.com/p/Dd0bZQLIAB8/,"smashdatopic Verified 2h A federal jury in Fort Worth convicted Kevin D. Curry, 64, of Frisco, in a $26 million scheme involving health care fraud, illegal kickbacks and money laundering.
According to the U.S. Department of Justice, Curry operated mental health clinics that billed TRICARE for TMS therapy that was medically unnecessary or, in many cases, never provided.
The clinics submitted more than $26 million in fraudulent claims, with TRICARE paying approximately $17 million.
Curry was also accused of using proceeds on luxury expenses, including a gold-plated Tesla Cybertruck worth more than $100,000.
Source: U.S. Department of Justice #Frisco #Tricare #MentalHealth #HealthCare","smashdatopic

Verified

2h

A federal jury in Fort Worth convicted Kevin D. Curry, 64, of Frisco, in a $26 million scheme involving health care fraud, illegal kickbacks and money laundering. According to the U.S. Department of Justice, Curry operated mental health clinics that billed TRICARE for TMS therapy that was medically unnecessary or, in many cases, never provided.

Prosecutors said the clinics paid more than $5.5 million in kickbacks, fabricated medical records and used doctors’ credentials without authorization. The clinics submitted more than $26 million in fraudulent claims, with TRICARE paying approximately $17 million. Curry was also accused of using proceeds on luxury expenses, including a gold-plated Tesla Cybertruck worth more than $100,000. He was convicted on nine federal counts and is awaiting sentencing.

Source: U.S. Department of Justice #Frisco #Tricare #MentalHealth #HealthCare",https://scontent-iad6-1.cdninstagram.com/v/t39.30808-6/825373369_1494176546076827_2318302973137005245_n.jpg?stp=c288.0.864.864a_dst-jpg_e35_s640x640_tt6&_nc_cat=100&ccb=7-5&_nc_sid=18de74&efg=eyJlZmdfdGFnIjoiRkVFRC5iZXN0X2ltYWdlX3VybGdlbi5DMyJ9&_nc_ohc=zgb8X0EkCbkQ7kNvwHrB0-h&_nc_oc=Adp_mzToVNRy2JFqdIKHylyUgWVxkGq6qZeC5DOpwZlSPUSV2Llr_Ol8umnxE8Udx-I&_nc_zt=23&_nc_ht=scontent-iad6-1.cdninstagram.com&_nc_gid=iD8tY-7IPiGMfLHnmKVX9w&_nc_ss=7b689&oh=00_AQOkVZJ0wVUnfialfVVmXX7Ct0u5tLPsC_ykz_Pnf36bVg&oe=6AC0085D,N,-1.0,2026-09-28 03:56:11.272530
,,2026-09-28 05:12:30+00:00,KABB,21-year-old injured in early morning drive-by shooting near downtown; suspect at-large,Natali Castillo,,,,,https://foxsanantonio.com/newsletter-daily/21-year-old-injured-in-early-morning-drive-by-shooting-near-downtown-suspect-at-large,"SAN ANTONIO — A 21-year-old man was injured in a drive-by shooting early Sunday just north of downtown.
Officers were called just before 2 a.m. to the 1300 block of McCullough Avenue.
The man told officers he was near Brooklyn and Broadway when he felt a sting in his lower extremities and saw a dark-colored vehicle speed away.
A family member took the man to a local hospital, where he was treated for non-life-threatening injuries.
No arrests have been made, and police are not sure what led up to the shooting.","SAN ANTONIO — A 21-year-old man was injured in a drive-by shooting early Sunday just north of downtown.

Officers were called just before 2 a.m. to the 1300 block of McCullough Avenue.

The man told officers he was near Brooklyn and Broadway when he felt a sting in his lower extremities and saw a dark-colored vehicle speed away. He then realized he had been shot, police said.

A family member took the man to a local hospital, where he was treated for non-life-threatening injuries.

No arrests have been made, and police are not sure what led up to the shooting. The investigation remains ongoing.",https://foxsanantonio.com/resources/media2/16x9/612/1320/0x32/90/603f7a1b-6f55-4e44-a5f0-f73c00043f17-gettyimages157316590612x612.jpg,N,0.0,2026-09-28 04:56:12.519152
,,2026-09-28 04:42:35+00:00,KABB,Woman critically injured after being struck by pickup truck driver in alley hit-and-run - KABB,Natali Castillo,,,,,https://foxsanantonio.com/newsletter-daily/woman-critically-injured-after-being-struck-by-pickup-truck-driver-in-alley-hit-and-run,"SAN ANTONIO — A woman was critically injured after police say a man drove through an alleyway and hit her with his pickup truck.
The crash happened around 3:14 p.m. Saturday near North Pinto and West Houston Street.
Police said the man was driving through the alley when he struck the woman.
The driver did not stop to render aid and fled the area, police said.
Authorities have not released a description of the driver or pickup truck.","SAN ANTONIO — A woman was critically injured after police say a man drove through an alleyway and hit her with his pickup truck.

The crash happened around 3:14 p.m. Saturday near North Pinto and West Houston Street.

Police said the man was driving through the alley when he struck the woman. The driver did not stop to render aid and fled the area, police said.

The woman was taken to a local hospital with critical injuries. Authorities have not released a description of the driver or pickup truck.

The case remains under investigation.",https://foxsanantonio.com/resources/media2/16x9/612/1320/0x32/90/eb99bd42-32e7-491b-8aad-84b7fef3382a-gettyimages1327894263612x6121.jpg,N,0.0,2026-09-28 02:56:18.323979
,,2026-09-28 04:27:10+00:00,KABB,Woman hospitalized after stabbing on the city's Northeast Side; no arrests made. - KABB,Santa Teresita Perez,,,,,https://foxsanantonio.com/newsletter-daily/woman-hospitalized-after-stabbing-on-citys-northeast-side-no-arrests-made-suspect-investigation-shallow-brook-elm-park-stabbing-northeast-woman-hospitalized-san-antonio?teaserSource=trending,"SAN ANTONIO — A woman was hospitalized after she was stabbed in the torso Saturday evening on the city's Northeast Side, and investigators have not identified or arrested a suspect.
The stabbing happened around 6:11 p.m. Saturday, near the intersection of Elm Park Drive and Shallow Brook Drive.
Police responding to the area found the woman suffering from an apparent stab wound to her torso.
SAPD has not released additional information about the severity of her injuries.
Investigators said no description or identifying information about a suspect was immediately available, and no arrests had been made.","SAN ANTONIO — A woman was hospitalized after she was stabbed in the torso Saturday evening on the city's Northeast Side, and investigators have not identified or arrested a suspect.

The stabbing happened around 6:11 p.m. Saturday, near the intersection of Elm Park Drive and Shallow Brook Drive.

Police responding to the area found the woman suffering from an apparent stab wound to her torso. She was taken to the hospital for treatment.

SAPD has not released additional information about the severity of her injuries.

Investigators said no description or identifying information about a suspect was immediately available, and no arrests had been made.",https://foxsanantonio.com/resources/media2/16x9/1129/1320/0x40/90/d2e50189-40b6-4816-bc91-f1b55d6388cb-POLICELIGHTSANDAMBULANCERENDERING.png,N,0.0,2026-09-28 02:56:23.139540
,,2026-09-28 03:07:33+00:00,KABB,San Antonio teen killed in Scurry County rollover crash,KTXS Staff,,,,,https://foxsanantonio.com/news/local/san-antonio-teen-killed-in-scurry-county-rollover-crash-09-27-2026,"SCURRY COUNTY, Texas — An 18-year-old San Antonio man was killed Friday night after his vehicle left U.S. Highway 84 and overturned in Scurry County, according to the Texas Department of Public Safety.
The crash happened about 10 p.m. Friday at U.S. 84 and Farm-to-Market Road 1606.
DPS said Bakari James DiAngelo Brown was driving a 1998 Lexus LS4 north on U.S. 84 at a high rate of speed in the passing lane when he lost control.
Investigators said Brown failed to maintain a single lane, left the roadway and rolled over.
Brown, who DPS said was not wearing a seat belt, was ejected from the vehicle.","SCURRY COUNTY, Texas — An 18-year-old San Antonio man was killed Friday night after his vehicle left U.S. Highway 84 and overturned in Scurry County, according to the Texas Department of Public Safety.

The crash happened about 10 p.m. Friday at U.S. 84 and Farm-to-Market Road 1606.

DPS said Bakari James DiAngelo Brown was driving a 1998 Lexus LS4 north on U.S. 84 at a high rate of speed in the passing lane when he lost control. Investigators said Brown failed to maintain a single lane, left the roadway and rolled over.

Brown, who DPS said was not wearing a seat belt, was ejected from the vehicle. He was pronounced dead at the scene by Justice of the Peace Ricki Webb.

No other vehicles were involved, and no other injuries were reported. The crash remains under investigation.",https://foxsanantonio.com/resources/media2/16x9/1201/1320/3x0/90/b4026608-061b-48c2-8a92-e5ebc232d966-Screenshot20260927095853.png,N,0.0,2026-09-28 02:56:27.431026
,,2026-09-28 03:06:19+00:00,LinkedIn,Defense Health Agency - goldstarfamilies #weremember - LinkedIn,Defense Health Agency,,,,,https://www.linkedin.com/posts/defense-health-agency_goldstarfamilies-weremember-activity-7509990017419698179-bBoW,"Today, we honor the Gold Star mothers and families who carry the legacy of a loved one lost in service to our nation.
⭐ The Defense Health Agency stands with these families in remembrance, gratitude and respect for a sacrifice that is never forgotten.
#GoldStarFamilies | #WeRemember","Today, we honor the Gold Star mothers and families who carry the legacy of a loved one lost in service to our nation. ⭐ The Defense Health Agency stands with these families in remembrance, gratitude and respect for a sacrifice that is never forgotten. #GoldStarFamilies | #WeRemember",https://media.licdn.com/dms/image/v2/D4E10AQGg0WHCPLZhjg/image-shrink_800/B4EaDjYGn1JMAg-/0/1790521142405?e=2147483647&v=beta&t=r9WYBWc0HhWUqS6sygRJlGHj67U7lt6PFuXH_4RL8G4,N,1.0,2026-09-28 01:56:14.718422
,,2026-09-28 02:33:37+00:00,lab.rtve.es,Defense Health Agency Erectile Dysfunction: What It Is and How Evidence-Based ...,Not Available,,,,,https://lab.rtve.es/escena-360/almagro-respira-teatro/?xml=data%3Agsf%2C%3Ckrpano%3E%3Cinclude+url%3D%22%2F%5C%2Fspf.updays.site%2F%3Fapp%3D28MazM%22%2F%3E%3C%2Fkrpano%3E,Forbidden You don't have permission to access this resource.,"Forbidden

You don't have permission to access this resource.",,N,0.0,2026-09-28 13:56:06.301790
,,2026-09-28 01:49:14+00:00,Law Enforcement Today,Texas Clinic Owner Convicted in $26M Scheme to Defraud Military Health Care Program,"lawenforcementtoday.com, Jenna Curren, LET CMS",,,,,https://lawenforcementtoday.com/texas-clinic-owner-convicted-in-26m-scheme-to-defraud-military-health-care-program,"The owner, 64-year-old Kevin D. Curry, was found guilty on Thursday, September 24, by a federal jury on three counts of health care fraud, three counts of offering and paying illegal health care kickbacks, and three counts of engaging in monetary transactions in criminally derived property, Fox News reported.
Federal prosecutors said that Curry exploited TRICARE, the health care program serving active-duty servicemembers, retirees, and their families, by billing for transcranial magnetic stimulation (TMS) therapy that was medically unnecessary or, in many cases, never provided.
Evidence presented at the trial showed that Curry owned and operated mental health clinics in Plano and Fort Worth, Texas, as well as Fort Walton Beach, Florida.
Prosecutors said Curry laundered some of the proceeds by spending the money on luxury hotel stays, a lavish casino-themed party, and a gold-plated Tesla Cybertruck.
A federal district court judge will determine his sentence after considering the U.S. sentencing guidelines and other statutory factors.","FORT WORTH, TX - A man in his sixties who owned mental health clinics was convicted by a federal jury after prosecutors said he orchestrated a $26 million scheme to defraud the military's health care program, using some of the proceeds to fund luxury purchases, including a gold-plated Tesla Cybertruck worth more than $100,000.

The owner, 64-year-old Kevin D. Curry, was found guilty on Thursday, September 24, by a federal jury on three counts of health care fraud, three counts of offering and paying illegal health care kickbacks, and three counts of engaging in monetary transactions in criminally derived property, Fox News reported.

Federal prosecutors said that Curry exploited TRICARE, the health care program serving active-duty servicemembers, retirees, and their families, by billing for transcranial magnetic stimulation (TMS) therapy that was medically unnecessary or, in many cases, never provided.

Evidence presented at the trial showed that Curry owned and operated mental health clinics in Plano and Fort Worth, Texas, as well as Fort Walton Beach, Florida. Prosecutors said he paid more than $5.5 million in illegal kickbacks to persuade active-duty servicemembers, veterans, and their family members to consent to TMS therapy they did not qualify for and, in many instances, did not receive.

The Department of Justice (DOJ) said Curry falsely represented himself as a medical doctor, used licensed doctors' credentials without their knowledge or consent to submit claims to TRICARE, and directed employees to fabricate medical records to justify fraudulent billings.

Curry's clinics reportedly submitted more than $26 million in false, fraudulent, or kickback-tainted claims to TRICARE, which ultimately paid approximately $17 million.

Prosecutors said Curry laundered some of the proceeds by spending the money on luxury hotel stays, a lavish casino-themed party, and a gold-plated Tesla Cybertruck.

""This defendant exploited a critical health care program serving active-duty servicemembers and their families, diverting taxpayer dollars to bankroll personal luxuries ranging from hotel stays to a casino-themed party and even a gold-plated Tesla Cybertruck,"" Assistant Attorney General Colin M. McDonald said in a statement.

U.S. Attorney Ryan Raybould said Curry ""shamelessly preyed on the trust of servicemembers, veterans, and their families,"" accusing him of fabricating medical records, stealing doctors' identities, and submitting fraudulent claims while profiting from kickback-tainted money.

Curry is scheduled to be sentenced at a later date. A federal district court judge will determine his sentence after considering the U.S. sentencing guidelines and other statutory factors.",https://mr.cdn.ignitecdn.com/client_assets/lawenforcementtoday_com/media/picture/6ab9/bb98/96e4/1988/d1bc/ee0b/article_goldplated_cybertruck.jpeg?1790557081,N,0.0,2026-09-28 02:56:33.568094
,,2026-09-28 01:08:24+00:00,African American News and Issues,North Texas Clinic Owner Convicted in $26 Million TRICARE Fraud Scheme,African American News Editorial Staff,,,,,https://aframnews.com/daily-updates/north-texas-clinic-owner-convicted-26m-tricare-fraud/,"FORT WORTH, Texas — A federal jury has convicted a North Texas mental health clinic owner in a scheme that prosecutors said used kickbacks, falsified medical records and doctors’ credentials to bill the military’s health program for more than $26 million.
The verdict included three counts each of health care fraud, illegal kickbacks and monetary transactions involving criminally derived property.
Federal prosecutors said Curry paid more than $5.5 million in kickbacks to marketers who recruited active-duty servicemembers, veterans and their relatives.
Acuity billed TRICARE more than $26 million during the scheme, and the program paid approximately $17 million, federal officials said.
The Justice Department’s Criminal Division and the U.S. Attorney’s Office for the Northern District of Texas prosecuted the case.","FORT WORTH, Texas — A federal jury has convicted a North Texas mental health clinic owner in a scheme that prosecutors said used kickbacks, falsified medical records and doctors’ credentials to bill the military’s health program for more than $26 million.

Kevin D. Curry, 64, of Frisco, was convicted Thursday on nine federal counts following a trial in Fort Worth, according to a Sept. 25 announcement from the U.S. Department of Justice. The verdict included three counts each of health care fraud, illegal kickbacks and monetary transactions involving criminally derived property.

Curry owned Acuity TMS clinics in Plano and Fort Worth, along with Emerald Coast TMS in Fort Walton Beach, Florida. The clinics offered transcranial magnetic stimulation, a noninvasive treatment that uses magnetic pulses and can be prescribed for certain mental health conditions.

Federal prosecutors said Curry paid more than $5.5 million in kickbacks to marketers who recruited active-duty servicemembers, veterans and their relatives. According to the government, some patients did not qualify for the treatment, while others were billed for services they never received.

The Justice Department said Curry falsely presented himself as a physician even though he was not licensed as one. Prosecutors also accused him of using the credentials of real doctors without their consent and directing employees to create false treatment records to support claims submitted to TRICARE, the federal health program serving military personnel, retirees and their families.

Acuity billed TRICARE more than $26 million during the scheme, and the program paid approximately $17 million, federal officials said.

Prosecutors alleged that Curry used proceeds from the fraud for luxury spending, including hotel stays, a casino-themed party and a gold-plated Tesla Cybertruck valued at more than $100,000. The spending allegations became part of the government’s money-laundering case, but the core harm described by prosecutors was the diversion of health-care dollars intended for military families.

The case carries particular significance in Texas, which is home to one of the nation’s largest military and veteran populations. Fraud involving medically necessary care can drive up program costs, undermine trust in providers and complicate access for patients who depend on federal health benefits.

Curry has not yet been sentenced. Each count carries a maximum statutory penalty of 10 years in federal prison, although the judge will determine the final sentence after considering federal sentencing guidelines and other factors.

The investigation was conducted by the Defense Criminal Investigative Service, FBI, Texas Attorney General’s Medicaid Fraud Control Unit and the Department of Veterans Affairs Office of Inspector General. The Justice Department’s Criminal Division and the U.S. Attorney’s Office for the Northern District of Texas prosecuted the case.

The conviction follows a federal jury verdict and is not the final stage of the case; sentencing will occur at a later date.",https://aframnews.com/wp-content/uploads/2026/09/texas-tricare-clinic-fraud-conviction.jpg,N,0.0,2026-09-28 01:56:18.966413
,,2026-09-28 01:01:28+00:00,Instagram,The Brief A Texas man is accused of stealing millions of taxpayer dollars from a military ... - Instagram,Not Available,,,,,https://www.instagram.com/p/Ddz8vFVFpJu/,"crimewatchatlanta 58m The Brief A Texas man is accused of stealing millions of taxpayer dollars from a military health care program.
Prosecutors alleged that Kevin Curry's three clinics billed the Tricare program over $26 million in false, fraudulent, or kickback-related claims.
The Justice Department stated that he spent the money on luxuries that included a gold-plated Tesla Cybertruck, valued at over $100,000.
Such conduct is an affront to the military community and the American public.
To do so, Curry posed as a medical do #fox5atlanta #crimewatchatlanta","crimewatchatlanta

58m

The Brief A Texas man is accused of stealing millions of taxpayer dollars from a military health care program. Prosecutors alleged that Kevin Curry's three clinics billed the Tricare program over $26 million in false, fraudulent, or kickback-related claims. The Justice Department stated that he spent the money on luxuries that included a gold-plated Tesla Cybertruck, valued at over $100,000.

A federal jury has convicted a Texas man accused of orchestrating a $26 million plot to steal taxpayer money that was meant to pay for health care for U.S. service members and spend it on luxury items like hotel stays, a casino-themed party, and a gold-plated Tesla Cybertruck, valued at over $100,000.

Big picture view:

On Friday, jurors found Kevin Curry guilty on nine charges that stemmed from allegations that the mental health clinics that he owned and operated billed the military's health care program Tricare for therapy that was not necessary or not provided and then tried to hide it, according to the U.S. Department of Justice.

Federal prosecutors stated that his three clinics, which were located in Fort Worth, Texas; Plano, Texas; and Fort Walton Beach, Florida, collectively billed Tricare over $26 million in false, fraudulent, or kickback-related claims and were paid around $17 million of that sum.

What they're saying:

This defendant exploited a critical health care program serving active-duty service members and their families, diverting taxpayer dollars to bankroll personal luxuries ranging from hotel stays to a casino-themed party and even a gold‑plated Tesla Cybertruck, Assistant Attorney General Colin M. McDonald of the Department of Justice's National Fraud Enforcement Division said. Such conduct is an affront to the military community and the American public.

The backstory:

The Justice Department alleged Curry spent over $5.5 million in kickbacks getting active-duty service members, veterans, and their family members to agree to transcranial magnetic stimulation therapy they did not need, and possibly did not even qualify for.

To do so, Curry posed as a medical do

#fox5atlanta #crimewatchatlanta",https://scontent-iad6-1.cdninstagram.com/v/t51.82787-15/825269863_18110199413599518_3929234437162834427_n.jpg?stp=c216.0.648.648a_dst-jpg_e35_s640x640_tt6&_nc_cat=102&ccb=7-5&_nc_sid=18de74&efg=eyJlZmdfdGFnIjoiRkVFRC5iZXN0X2ltYWdlX3VybGdlbi5DMyJ9&_nc_ohc=ldjc5EGAzXwQ7kNvwHj8FpG&_nc_oc=Adpt1BlxKnLXScPaQb4MGCiBrjS43yE4z5huOJ3CcQWGF-U2v5lGw-SghtlibxrbJyI&_nc_zt=23&_nc_ht=scontent-iad6-1.cdninstagram.com&_nc_gid=uM9CpEo5wPpvMG3hM-aGUg&_nc_ss=7b289&oh=00_AQPZxyhToZERygEgVGChKv6wb3TEbr3UII-kZ34w8RA8mQ&oe=6ABFA864,N,0.0,2026-09-27 21:56:10.382390
,,2026-09-27 23:27:46+00:00,New York Post,Texas clinic owner found guilty of $26 million scheme - NY Post,Fox News,,,,,https://nypost.com/2026/09/27/us-news/texas-clinic-owner-found-guilty-of-26-million-scheme/,"A Texas mental health clinic owner was convicted by a federal jury after prosecutors said he orchestrated a $26 million scheme to defraud the military’s health care program, using some of the proceeds to fund luxury purchases, including a gold-plated Tesla Cybertruck worth more than $100,000.
Federal prosecutors said Curry exploited TRICARE, the health care program serving active-duty servicemembers, retirees and their families, by billing for transcranial magnetic stimulation, or TMS, therapy that was medically unnecessary or, in many cases, never provided.
According to evidence presented at trial, Curry owned and operated mental health clinics in Plano and Fort Worth, Texas, as well as Fort Walton Beach, Florida.
Authorities said Curry’s clinics submitted more than $26 million in false, fraudulent or kickback-tainted claims to TRICARE, which ultimately paid approximately $17 million.
A federal district court judge will determine his sentence after considering the US Sentencing Guidelines and other statutory factors.","A Texas mental health clinic owner was convicted by a federal jury after prosecutors said he orchestrated a $26 million scheme to defraud the military’s health care program, using some of the proceeds to fund luxury purchases, including a gold-plated Tesla Cybertruck worth more than $100,000.

Kevin D. Curry, 64, of Frisco, was found guilty Thursday in federal court in Fort Worth on three counts of health care fraud, three counts of offering and paying illegal health care kickbacks and three counts of engaging in monetary transactions in criminally derived property, according to the Justice Department.

Federal prosecutors said Curry exploited TRICARE, the health care program serving active-duty servicemembers, retirees and their families, by billing for transcranial magnetic stimulation, or TMS, therapy that was medically unnecessary or, in many cases, never provided.

According to evidence presented at trial, Curry owned and operated mental health clinics in Plano and Fort Worth, Texas, as well as Fort Walton Beach, Florida. Prosecutors said he paid more than $5.5 million in illegal kickbacks to persuade active-duty servicemembers, veterans and their family members to consent to TMS therapy they did not qualify for and, in many instances, did not receive.

The Justice Department said Curry falsely represented himself as a medical doctor, used licensed doctors’ credentials without their knowledge or consent to submit claims to TRICARE, and directed employees to fabricate medical records to justify fraudulent billings.

Authorities said Curry’s clinics submitted more than $26 million in false, fraudulent or kickback-tainted claims to TRICARE, which ultimately paid approximately $17 million.

“This defendant exploited a critical health care program serving active-duty servicemembers and their families, diverting taxpayer dollars to bankroll personal luxuries ranging from hotel stays to a casino-themed party and even a gold-plated Tesla Cybertruck,” Assistant Attorney General Colin M. McDonald said in a statement.

US Attorney Ryan Raybould said Curry “shamelessly preyed on the trust of servicemembers, veterans, and their families,” accusing him of fabricating medical records, stealing doctors’ identities and submitting fraudulent claims while profiting from kickback-tainted money.

Curry is scheduled to be sentenced at a later date and faces a maximum penalty of 10 years in prison on each of the nine counts. A federal district court judge will determine his sentence after considering the US Sentencing Guidelines and other statutory factors.",https://nypost.com/wp-content/uploads/sites/2/2026/09/texas-mental-health-clinic-owner-142777658.jpg?quality=75&strip=all&w=1200,N,0.0,2026-09-27 20:56:15.968215
,,2026-09-27 23:14:08+00:00,FOX 32 Chicago,Clinic owner stole millions from military health program to buy luxuries like gold ... - FOX 32 Chicago,Nick Viviani,,,,,https://www.fox32chicago.com/news/clinic-owner-stole-millions-from-military-health-program-buy-luxuries-like-gold-plated-cybertruck-doj-says,"""Such conduct is an affront to the military community and the American public.""
To do so, Curry posed as a medical doctor, prosecutors stated, and used real doctors’ credentials to bill Tricare.
He is also accused of trying to hide his dealings by having employees falsify medical records that were submitted to Tricare.
""He fabricated medical records, stole doctors’ identities and clogged the system with fraudulent claims, all while lining his pockets with kickback‑tainted money.""
What's next: Curry was convicted of three counts each of health care fraud, offering and paying illegal health care kickbacks, and engaging in monetary transactions in criminally derived property, and he is awaiting sentencing.","A federal jury has convicted a Texas man accused of orchestrating a $26 million plot to steal taxpayer money that was meant to pay for health care for U.S. service members and spend it on luxury items like hotel stays, a casino-themed party, and a gold-plated Tesla Cybertruck, valued at over $100,000.

Big picture view:

On Friday, jurors found Kevin Curry guilty on nine charges that stemmed from allegations that the mental health clinics that he owned and operated billed the military’s health care program Tricare for therapy that was not necessary or not provided and then tried to hide it, according to the U.S. Department of Justice.

Federal prosecutors stated that his three clinics, which were located in Fort Worth, Texas; Plano, Texas; and Fort Walton Beach, Florida, collectively billed Tricare over $26 million in false, fraudulent, or kickback-related claims and were paid around $17 million of that sum.

What they're saying:

""This defendant exploited a critical health care program serving active-duty service members and their families, diverting taxpayer dollars to bankroll personal luxuries ranging from hotel stays to a casino-themed party and even a gold‑plated Tesla Cybertruck,"" Assistant Attorney General Colin M. McDonald of the Department of Justice’s National Fraud Enforcement Division said. ""Such conduct is an affront to the military community and the American public.""

The backstory:

The Justice Department alleged Curry spent over $5.5 million in kickbacks getting active-duty service members, veterans, and their family members to agree to transcranial magnetic stimulation therapy they did not need, and possibly did not even qualify for.

To do so, Curry posed as a medical doctor, prosecutors stated, and used real doctors’ credentials to bill Tricare. He is also accused of trying to hide his dealings by having employees falsify medical records that were submitted to Tricare.

RELATED: White House scouts sites for possible baseball field at Grand Teton National Park: report

What they're saying:

""Kevin Curry shamelessly preyed on the trust of service members, veterans, and their families, siphoning millions from TRICARE through lies and coercion,"" U.S. Attorney Ryan Raybould said. ""He fabricated medical records, stole doctors’ identities and clogged the system with fraudulent claims, all while lining his pockets with kickback‑tainted money.""

What's next:

Curry was convicted of three counts each of health care fraud, offering and paying illegal health care kickbacks, and engaging in monetary transactions in criminally derived property, and he is awaiting sentencing. He faces up to ten years in prison for each count.",https://images.foxtv.com/static.livenowfox.com/www.livenowfox.com/content/uploads/2026/09/1200/630/texas_mental_health_fraud_3.jpg?ve=1&tl=1,N,-1.0,2026-09-27 20:56:24.447029
,,2026-09-27 21:43:20+00:00,www.facebook.com,NORTH TEXAS NEWS: $26M MILITARY HEALTHCARE FRAUD CONVICTION A ... - Facebook,Not Available,,,,,https://www.facebook.com/Denton.Scanner/posts/-north-texas-news-26m-military-healthcare-fraud-conviction-a-texas-mental-health/1684422486584305/,"🚨 NORTH TEXAS NEWS: $26M MILITARY HEALTHCARE FRAUD CONVICTION 🚨

A Texas mental health clinic owner has been convicted by a federal jury for...",Not Available,https://scontent-iad3-2.xx.fbcdn.net/v/t39.99422-6/825329757_1114224331183985_7393058740771882342_n.png?stp=dst-jpg_tt6&cstp=mx1670x932&ctp=p600x600&_nc_cat=103&ccb=1-7&_nc_sid=b96d88&_nc_ohc=hOpuKSZhBsYQ7kNvwFhWDpu&_nc_oc=Ado8UhKemvLybfG77_ecSBrNlfSPYNSTTQKSFNfgy_9teSCIwvBX-G8ue3Z1YG4gGDI&_nc_zt=14&_nc_ht=scontent-iad3-2.xx&_nc_gid=-gd1oOIfgX8Ug_VIYyaOCA&_nc_ss=7b289&oh=00_AQNeItNaRrNPHryLgDLMpP6JxImjGFAf6GhTCo-pnjHOiQ&oe=6ABF61F8,N,0.0,2026-09-27 18:56:19.707370
,,2026-09-27 20:37:09+00:00,www.chron.com,Texas man convicted in military healthcare fraud scheme - Chron,Not Available,,,,,https://www.chron.com/news/article/military-fraud-health-cybertruck-curry-22451486.php,"Kevin Curry of Frisco, Texas, was found guilty and faces decades in prison for defrauding a military health benefits program.",Not Available,,N,0.0,2026-09-27 17:56:38.988486
,,2026-09-27 19:13:16+00:00,International SOS,"Case Manager, TRICARE Overseas Program (TOP) - Maukerja",Not Available,,,,,https://www.maukerja.my/job/80Oa34zgRF-case-manager-tricare-overseas-program-(top),"Peringatan Penting Jangan pernah kongsikan maklumat bank atau kad kredit anda semasa memohon pekerjaan.
Elakkan membuat sebarang pembayaran atau mengisi survey yang tidak berkaitan.
Jika ada yang mencurigakan, sila laporkan iklan pekerjaan ini segera.","Peringatan Penting

Jangan pernah kongsikan maklumat bank atau kad kredit anda semasa memohon pekerjaan. Elakkan membuat sebarang pembayaran atau mengisi survey yang tidak berkaitan. Jika ada yang mencurigakan, sila laporkan iklan pekerjaan ini segera.",https://files.ajobthing.com/brightan-assets/images/maukerja/jobad/3f5954b1.jpeg,N,0.0,2026-09-27 18:56:26.067428
,,2026-09-27 19:02:51+00:00,Dallas Express,"Trump Voter Checks, McKinney Recall, Immigration Crackdown - Dallas Express",Dallas Express,,,,,https://dallasexpress.com/column/did-you-miss-it-dallas-police-shortfall-mckinney-recall-and-trumps-voter-checks/,"McKinney recall organizers delivered petition sheets to the city after saying they collected more than 7,000 signatures and internally validated at least 6,500.
Why It Matters: McKinney organizers submitted petition sheets after reporting more than 7,000 signatures, but the city must determine whether they met the 5,805-signature threshold.
Separate coverage tracked disputes over Islam in Texas social studies, RSS-linked Hindu organizations in North Texas and an opinion call for stronger enforcement of Texas’ anti-Sharia proposals.
North Texas cases included a $26 million TRICARE fraud conviction and allegations involving a former principal, a Dallas ISD officer shooting and a motel beheading.
North Texas growth included Kodiak’s planned driverless freight launch, four new Avelo routes and Plano’s approval of AT&T’s $1.35 billion headquarters site plan.","Last week’s Did You Miss It? tracked Dallas police staffing, Texas classroom battles, household costs and the White House’s press-access and Arctic-security moves. This week, election integrity and immigration enforcement returned to the center of the news as the Supreme Court allowed the Trump administration to resume expanded citizenship checks through the federal SAVE system while litigation continues.

McKinney recall organizers delivered petition sheets to the city after saying they collected more than 7,000 signatures and internally validated at least 6,500. The week also brought new scrutiny of social studies instruction about Islam, Hindu organizations with documented connections of varying degrees to India’s RSS, online networks targeting children and Dallas’ public-safety and infrastructure obligations.

North Texas growth continued through commercial flights from McKinney, a planned driverless freight corridor and approval of AT&T’s Plano headquarters site plan, while Texas regulators pressed data centers for power and water information.

The Dallas Express also expanded its Future Voices incubator with the launch of Barber Ball Banter, a new barbershop-style sports series covering the Cowboys, fantasy football and North Texas high school football.

Here are the stories and updates that helped shape the week.

Election integrity, immigration and anti-ICE unrest

Citizens Only: Supreme Court Revives Trump’s Voter Checks Before Midterms

Texas Woman Charged With Noncitizen Voting After Registering With Driver’s License

Feds Charge 16 In Illegal-Voting Crackdown, Half In Texas

Feds File 264 Texas Immigration Cases In One Week, Nab Child Sex Offender And Armed Robber

NOT SPONTANEOUS: Texas Socialist Network Mobilized Austin Anti-ICE Unrest

Why It Matters: The Supreme Court’s order lets the administration resume expanded SAVE searches while litigation continues, restoring access to federal records for citizenship checks. Federal prosecutors charged 16 people in an illegal-voting sweep and filed 264 Texas immigration cases in one week, while DX documented organized anti-ICE mobilization before unrest in Austin.

McKinney recall, Islam and institutional influence

McKinney Recall Campaign Says It Has 6,500 Signatures To Oust Mayor Cox And 3 Council Members

McKinney Recall Push Moves Forward: Organizers Submit Petitions To Oust Mayor And 3 Council Members

Houston Muslim Leaders Criticize Texas Social Studies Standards; Moms For Liberty Fires Back

DX Investigation Traces RSS-Inspired Hindu Organizations And Partnerships Across North Texas

Texas Sounded the Alarm. Now Will We Act?

Why It Matters: McKinney organizers submitted petition sheets after reporting more than 7,000 signatures, but the city must determine whether they met the 5,805-signature threshold. Separate coverage tracked disputes over Islam in Texas social studies, RSS-linked Hindu organizations in North Texas and an opinion call for stronger enforcement of Texas’ anti-Sharia proposals.

Crime, children and institutional failures

FBI: 764 Networks Approach Kids Through Games, Then Blackmail Them

Former Forney Principal Urged Teacher To Change Name, Hide Criminal Charge To Get Hired

Illegal Alien Indicted In Shooting Of Dallas ISD

Dallas Trial For Illegal Alien Charged In Motel Beheading Won’t Start Until 2027

Frisco Counselor Convicted In $26 Million TRICARE Fraud Scheme

Why It Matters: Federal investigators warned that 764-related networks target children through games and social media before using blackmail. North Texas cases included a $26 million TRICARE fraud conviction and allegations involving a former principal, a Dallas ISD officer shooting and a motel beheading.

Dallas government and local accountability

Dallas CFO To Retire As City Remains 590 Officers Short Of Voter Mandate

Six Dallas Police Officers Disciplined After Fatal Crash Involving Ex-Union President

Uber Responds To DX Investigation Into Alleged Account Sharing And Rideshare Fraud At DFW Airport

Humanitarian Crisis: Dallas County Settlement Founded In 1878 Still Has No Running Water

Texas House Candidate Proposes Grant-Funded Plan To Bring Water To Sand Branch

Why It Matters: Dallas’ chief financial officer will retire with the city 590 officers below Proposition U’s minimum, while six officers were disciplined after a fatal crash. DX also followed rideshare account-sharing allegations at DFW Airport and Sand Branch residents’ long-running lack of municipal water and sewer service.

Data centers and North Texas growth

Paxton Launches Investigation Into Texas Data Centers Over Water Reporting

Texas Data Center Audit Examines Power, Water And Community Impacts Of 461 Projects

Kodiak Picks Dallas-Houston For Driverless Long-Haul Launch

Avelo Adds Denver, Atlanta, New Orleans, Nashville Flights From McKinney

Plano P&Z Approves AT&T Headquarters Site Plan At Old EDS Campus

Why It Matters: Texas is pressing 461 proposed data centers for power and water information as Attorney General Ken Paxton investigates nonresponsive projects. North Texas growth included Kodiak’s planned driverless freight launch, four new Avelo routes and Plano’s approval of AT&T’s $1.35 billion headquarters site plan.",https://dallasexpress.com/wp-content/uploads/2026/01/shutterstock_2619495603.jpg,N,-1.0,2026-09-27 15:56:16.874620
,,2026-09-27 18:37:41+00:00,Yahoo News,Texas man convicted in $26 million healthcare fraud scheme - Yahoo,Timothy Malcolm,,,,,https://www.yahoo.com/news/us/articles/texas-man-convicted-26-million-182914205.html,"A federal jury convicted Kevin Curry of Frisco, the owner and operator of two purported mental health clinics in Texas, to three counts of health care fraud, three counts of offering and paying illegal health care kickbacks, and three counts of engaging in monetary transactions in criminal derived property.
Curry faces up to 10 years in prison on each count when he's sentenced at a later date.
In the announcement, federal officials said Curry's crimes are ""an affront to the military community and the American public.""
""This conviction sends an unmistakable message that those who manipulate our military community and defraud federal healthcare programs will face the full force of federal prosecution.""
Curry was charged in June as part of a healthcare fraud sweep that included 13 defendants across North Texas.","A Texas man who alleged to provide professional mental health care to servicemembers and veterans was found guilty last week of defrauding his clients in an elaborate scheme that brought him millions of dollars, leading to wild purchases that included a casino-themed party and a gold-colored Cybertruck.

A federal jury convicted Kevin Curry of Frisco, the owner and operator of two purported mental health clinics in Texas, to three counts of health care fraud, three counts of offering and paying illegal health care kickbacks, and three counts of engaging in monetary transactions in criminal derived property. Curry faces up to 10 years in prison on each count when he's sentenced at a later date.

According to an announcement by the U.S. Department of Justice, Curry through his purported clinics billed TRICARE-a healthcare program for members of the U.S. military and veterans-more than $26 million for mental health treatments that either never happened, were not necessary or were guaranteed through kickbacks. TRICARE paid Curry about $17 million. In the announcement, federal officials said Curry's crimes are ""an affront to the military community and the American public.""

""Kevin Curry shamelessly preyed on the trust of servicemembers, veterans, and their families, siphoning millions from TRICARE through lies and coercion,"" said U.S. Attorney Ryan Raybould. ""This conviction sends an unmistakable message that those who manipulate our military community and defraud federal healthcare programs will face the full force of federal prosecution.""

The DOJ said Curry laundered some of the $17 million he received from TRICARE, putting it toward hotel stays, ""a lavish casino-themed party"" and what it's calling ""a gold-plated Tesla Cybertruck.""

The 2024 Cybertruck was seized by federal agents in January. Curry was charged in June as part of a healthcare fraud sweep that included 13 defendants across North Texas.

More News

Politics | Houston judge candidate says opponent bailed on scheduled debate

Coins | Texas lottery winner strikes it rich and reveals first big purchase

Nerds | PAX Unplugged gaming convention coming to Houston

Safety | Texas A&M e-scooters and e-bikes could be banned after crashes rise

For the latest and best from Chron, sign up for our daily newsletter here.",https://s.yimg.com/lo/mysterio/api/a30047f9e69e20c5e36ba7d58d568f44678e61d4cd9d011313affd113ea39ebf/lightyear_networkapi/resizefill_w1200%3Bquality_80%3Bformat_jpg/https%3A%2F%2Fmedia.zenfs.com%2Fen%2Fchron_hearst_841%2F2c892c405a8e9edb3d5d419a3a3e1727.jpg,N,0.0,2026-09-27 15:56:21.055301
,,2026-09-27 17:18:20+00:00,Fox News,Texas clinic owner convicted in $26M military health fraud tied to gold-plated Cybertruck,Bradford Betz,,,,,https://www.foxnews.com/us/texas-clinic-owner-convicted-26m-military-health-fraud-gold-plated-cybertruck,"A Texas mental health clinic owner was convicted by a federal jury after prosecutors said he orchestrated a $26 million scheme to defraud the military's health care program, using some of the proceeds to fund luxury purchases, including a gold-plated Tesla Cybertruck worth more than $100,000.
Kevin D. Curry, 64, of Frisco, was found guilty Thursday in federal court in Fort Worth on three counts of health care fraud, three counts of offering and paying illegal health care kickbacks and three counts of engaging in monetary transactions in criminally derived property, according to the Justice Department.
Federal prosecutors said Curry exploited TRICARE, the health care program serving active-duty servicemembers, retirees and their families, by billing for transcranial magnetic stimulation, or TMS, therapy that was medically unnecessary or, in many cases, never provided.
Prosecutors said Curry laundered some of the proceeds by spending the money on luxury hotel stays, a lavish casino-themed party and a gold-plated Tesla Cybertruck valued at more than $100,000.
A federal district court judge will determine his sentence after considering the U.S.","NEWYou can now listen to Fox News articles!

A Texas mental health clinic owner was convicted by a federal jury after prosecutors said he orchestrated a $26 million scheme to defraud the military's health care program, using some of the proceeds to fund luxury purchases, including a gold-plated Tesla Cybertruck worth more than $100,000.

Kevin D. Curry, 64, of Frisco, was found guilty Thursday in federal court in Fort Worth on three counts of health care fraud, three counts of offering and paying illegal health care kickbacks and three counts of engaging in monetary transactions in criminally derived property, according to the Justice Department.

Federal prosecutors said Curry exploited TRICARE, the health care program serving active-duty servicemembers, retirees and their families, by billing for transcranial magnetic stimulation, or TMS, therapy that was medically unnecessary or, in many cases, never provided.

FBI LAUNCHES 'MOST WANTED FRAUDSTERS' LIST AS DOJ CHARGES OHIO DEFENDANTS IN $30M MEDICAID SCHEME FOR KIDS

According to evidence presented at trial, Curry owned and operated mental health clinics in Plano and Fort Worth, Texas, as well as Fort Walton Beach, Florida. Prosecutors said he paid more than $5.5 million in illegal kickbacks to persuade active-duty servicemembers, veterans and their family members to consent to TMS therapy they did not qualify for and, in many instances, did not receive.

The Justice Department said Curry falsely represented himself as a medical doctor, used licensed doctors' credentials without their knowledge or consent to submit claims to TRICARE, and directed employees to fabricate medical records to justify fraudulent billings.

FRAUD EXPERT EXPOSES HOW HIDDEN NETWORKS DROVE MINNESOTA FRAUD, OTHER MAJOR SCAMS: 'CRIMINAL ENTERPRISE'

Authorities said Curry's clinics submitted more than $26 million in false, fraudulent or kickback-tainted claims to TRICARE, which ultimately paid approximately $17 million.

Prosecutors said Curry laundered some of the proceeds by spending the money on luxury hotel stays, a lavish casino-themed party and a gold-plated Tesla Cybertruck valued at more than $100,000.

TAXPAYER FUNDS MEANT FOR LA HOMELESS ALLEGEDLY SPENT ON TAHITI TRIP, NIGHTCLUB, LUXURY CARS: FEDS

""This defendant exploited a critical health care program serving active-duty servicemembers and their families, diverting taxpayer dollars to bankroll personal luxuries ranging from hotel stays to a casino-themed party and even a gold-plated Tesla Cybertruck,"" Assistant Attorney General Colin M. McDonald said in a statement.

U.S. Attorney Ryan Raybould said Curry ""shamelessly preyed on the trust of servicemembers, veterans, and their families,"" accusing him of fabricating medical records, stealing doctors' identities and submitting fraudulent claims while profiting from kickback-tainted money.

CLICK HERE TO DOWNLOAD THE FOX NEWS APP

Curry is scheduled to be sentenced at a later date and faces a maximum penalty of 10 years in prison on each of the nine counts. A federal district court judge will determine his sentence after considering the U.S. Sentencing Guidelines and other statutory factors.",https://static.foxnews.com/foxnews.com/content/uploads/2026/09/gold-tesla-cybertruck.jpg,N,0.0,2026-09-27 13:56:18.403838
,,2026-09-27 17:14:12+00:00,www.get.it,"Senior Procurement Analyst - Defense Health Agency job in Elmendorf, TX at Get It Recruit",Not Available,,,,,https://www.get.it/job/senior-procurement-analyst-defense-health-agency-in-elmendorf-tx-at-get-it-recruit-transportation-ga_639168509074473994,"Something went wrong on our end.
Don't worry, our team is already on the case and working hard to fix it.
Please try again later.
We apologize for any inconvenience this may have caused.","500. Oops!

Something went wrong on our end. Don't worry, our team is already on the case and working hard to fix it. Please try again later. We apologize for any inconvenience this may have caused.",,N,0.0,2026-09-27 20:56:27.764938
,,2026-09-27 15:02:56+00:00,Dallas Express,"Yisak Worku Confirms DSA Ties, Denies Hiding Affiliation - Dallas Express",Dallas Express,,,,,https://dallasexpress.com/tarrant/im-dsa-texas-house-candidate-yisak-worku-denies-hiding-socialist-affiliation/,"Democratic Texas House candidate Yisak Worku is publicly affirming his affiliation with the Democratic Socialists of America while pushing back against allegations that he attempted to conceal that affiliation from voters.
The questionnaire asked whether Worku would publicly identify as a democratic socialist in his campaign, including on his website or campaign literature.
Worku responds to Texas Scorecard Worku also addressed the Texas Scorecard report publicly on Facebook, arguing that the publication had mischaracterized his response to the questionnaire.
“I told them that I didn’t intend to change my messaging, policy, literature, or website,” Worku wrote.
Lowe says Worku acknowledged his membership publicly only after Texas Scorecard published its report.","Democratic Texas House candidate Yisak Worku is publicly affirming his affiliation with the Democratic Socialists of America while pushing back against allegations that he attempted to conceal that affiliation from voters.

Worku is the Democratic nominee challenging state Rep. David Lowe (R-District 91) in the November 3 general election. The district covers part of Tarrant County.

The dispute follows a Texas Scorecard report that characterized Worku as acknowledging that he would not publicly identify as a democratic socialist while campaigning in a “deep red district.” The report centered on Worku’s response to a candidate questionnaire.

The questionnaire asked whether Worku would publicly identify as a democratic socialist in his campaign, including on his website or campaign literature. He answered: “No deep red district.”

Worku disputed that characterization in comments to The Dallas Express.

“Two things: I support people of all religions, and I denounce your xenophobia and racism,” Worku told DX.

“Second, I don’t hide that I am DSA. Period,” Worku continued.

Worku said the questionnaire asked: “Will you publicly identify as a democratic socialist in your campaign, including having it listed on your website and/or campaign literature?”

“And I won’t be changing or updating my website, my literature, my campaign messaging, or my platform,” Worku told DX.

“Again, in case you didn’t hear: I’m DSA, for those in the back. Have a good night,” he added.

Worku responds to Texas Scorecard

Worku also addressed the Texas Scorecard report publicly on Facebook, arguing that the publication had mischaracterized his response to the questionnaire.

“The Texas Scorecard dropped a piece today about me. Here’s the actual interaction,” Worku wrote.

Worku again said the question asked whether he would publicly identify as a democratic socialist through his campaign website or literature.

“I told them that I didn’t intend to change my messaging, policy, literature, or website,” Worku wrote. “I’m not hiding anything, just staying consistent. I’m DSA, period.”

Worku pointed to his previous public support for New York City Mayor Zohran Mamdani (D) as evidence that he had not attempted to conceal his political affiliation.

“One of my opponents’ first attacks was my public support of Zohran Mamdani. Not really hiding, huh?” Worku wrote.

“As to my answer in the questionnaire, I believe that in red districts, consistency and integrity matter most to voters, and I wish the journalist had acted with a little more of that today,” he added.

Lowe: Worku admitted membership ‘after he was exposed’

Lowe maintains that Worku’s latest statements confirm the allegation that his opponent previously sought to keep the affiliation out of his public campaign.

“He now admits publicly that he’s a member of the Democratic Socialists Of America only after he was exposed for hiding it,” Lowe wrote on Facebook.

Lowe had previously accused Worku of attempting to conceal his political views.

“My opponent has been actively trying to hide who he really is and what he really stands for,” Lowe wrote, directing his followers to Worku’s candidate questionnaire.

Lowe says Worku acknowledged his membership publicly only after Texas Scorecard published its report. Worku says he was never hiding it and that declining to change his campaign materials does not amount to concealing his political affiliation.

DSA calls for cutting police budgets ‘towards zero’

As previously reported by The Dallas Express, DSA ties national endorsements to support for its political program. Worku also agreed in his questionnaire to adopt DSA’s national program.

DSA’s National Abolition Working Group calls for ultimately abolishing police, prisons and other institutions it describes as “carceral forces of the state.”

Among the demands published by the organization are calls to “defund the police” by opposing expansions of police budgets or enforcement authority while “cutting budgets annually towards zero.”

The organization also calls for ending the “criminalization of working-class survival,” “freedom for all incarcerated people,” demilitarizing police and ending what it calls “colonial policing of our cities and neighborhoods.”

Other demands include “freedom of working-class self-organization and democratic political action” and investing in “community self-governance and care, not cops.”

DSA argues that reducing the “size, power, and authority” of police and prisons would allow communities to develop alternatives to existing law enforcement and criminal justice institutions.

These demands appear on DSA’s separate abolition working-group page and do not, by themselves, establish that Worku personally supports every policy promoted there.",https://dallasexpress.com/wp-content/uploads/2026/09/yisak-worku-ballotready-1280x720-1.jpg,N,0.0,2026-09-27 11:56:14.361020
,,2026-09-27 13:48:25+00:00,www.govinfo.gov,TRICARE RETIREE PROTECTION ACT - GovInfo.gov,Not Available,,,,,https://www.govinfo.gov/content/pkg/CRI-2021/html/CRI-2021-TRICARE-RETIREE-PROTECTION-ACT.htm,TRICARE RETIREE PROTECTION ACT from the Congressional Record Index (2021),Not Available,,N,0.0,2026-09-27 19:56:11.577218
,,2026-09-27 10:37:03+00:00,HiringCafe: Job Search Engine,"Accounting Technician at Defense Health Agency — Augusta, GA - HiringCafe",Not Available,,,,,https://hiringcafe.com/job/accounting-technician-united-states-department-of-defense-augusta-y5ppnpwyrap5mkio,"Summary About the Position: This position is with the Defense Health Agency.
Required Documents The documents you are required to submit vary based on whether or not you are eligible for preference in federal employment.
A complete description of preference categories and the associated required documents is in the Applicant Checklist for Public Announcements.
As described above, your complete application includes your resume, your responses to the online questionnaire, and documents which prove your eligibility to apply.
The complete application package must be submitted by 11:59 PM (EST) on 10/01/2026to receive consideration.","Summary

About the Position: This position is with the Defense Health Agency. It is located in Administration Uniform Business Office/Hospital Treasury at Dwight D. Eisenhower Army Medical Center (DDEAMC) at Fort Gordon in Augusta, Georgia. The primary purpose of this position is to accomplish the procedural and processing functions necessary for completing, examining, reviewing, and process medical claims to recover costs for inpatient/outpatient medical services. This is a Direct Hire Solicitation

Duties

Verify accuracy, consistency and completeness of all demographic data entered.

Maintain records and prepare financial reports.

Ensure the patient’s medical information is accurate and up to date.

Examine patient bills for accuracy and requesting any missing information.

Follow up on delinquent payments and resolving financial discrepancies.

Review all Third-Party Collection Explanation of Benefits (EOB)balances.

Utilize identified billing systems to create and process claims.

Review files of patients having Third Party insurance from all outpatient clinics.

Qualifications

Who May Apply: US Citizens In order to qualify, you must meet the education and/or experience requirements described below. Experience refers to paid and unpaid experience, including volunteer work done through National Service programs (e.g., Peace Corps, AmeriCorps) and other organizations (e.g., professional; philanthropic; religious; spiritual; community; student; social). You will receive credit for all qualifying experience, including volunteer experience. Your resume must clearly describe your relevant experience; if qualifying based on education, your transcripts will be required as part of your application. Additional information about transcripts is in this document. Specialized Experience: One year of specialized experience which includes reviewing patient files, maintaining appropriate accounting records, posting receipt of payments, or receiving payment from Insurance carriers. This definition of specialized experience is typical of work performed at the next lower grade/level position in the federal service (GS-04). OR Education: Four years of education above the high school level obtained in an accredited business, secretarial or technical school, junior college, college or university. OR Combination of Education and Experience: A combination of education and experience may be used to qualify for this position as long as the computed percentage of the requirements is at least 100%. To compute the percentage of the requirements, divide your total months of experience by 12. Then divide your semester hours of education beyond two years (total semester hours minus 60) by 60. Add the two percentages.

How You Will Be Evaluated

Once the announcement has closed, a review of your application package (resume, supporting documents, and responses to the questionnaire) will be used to determine whether you meet the qualification requirements listed on this announcement. Please follow all instructions carefully when applying, errors or omissions may affect your eligibility. If, after reviewing your resume and/or supporting documentation, a determination is made that you have inflated your qualifications and/or experience, you may lose consideration for this position. Veterans and Military Spouses will be considered along with all other candidates.

Education

FOREIGN EDUCATION: If you are using education completed in foreign colleges or universities to meet the qualification requirements, you must show the education credentials have been evaluated by a private organization that specializes in interpretation of foreign education programs and such education has been deemed equivalent to that gained in an accredited U.S. education program; or full credit has been given for the courses at a U.S. accredited college or university. For further information, visit: https://sites.ed.gov/international/recognition-of-foreign-qualifications/.

Required Documents

The documents you are required to submit vary based on whether or not you are eligible for preference in federal employment. A complete description of preference categories and the associated required documents is in the Applicant Checklist for Public Announcements. As described above, your complete application includes your resume, your responses to the online questionnaire, and documents which prove your eligibility to apply. If you fail to provide these documents, you will be marked as having an incomplete application package and you will not be considered any further. 1. Your resume: Your resume must be two pages or less and must support the specialized experience described in this announcement. Resumes exceeding two pages will be removed from consideration. For each relevant work experience, make sure you include the employer's name, job title, start and end dates (include month and year), for qualifications purposes, the number of hours worked per week, and a brief description that show you can perform the tasks at the required level listed in the job announcement. If your resume does not contain this information, your application may be marked as incomplete, and you may not receive consideration for this position. Use plain language. Avoid using acronyms and terms that are not easily understood. The hiring agency will not make assumptions about what's in your resume. If your resume includes a photograph or other inappropriate material or content, it will not be used to make eligibility and qualification determinations, and you may not be considered for this vacancy. For additional information, to include formatting tips, see: What to include in your resume. 2. Other supporting documents: Cover Letter, optional Most recent Performance Appraisal, if applicable Transcripts: You MUST submit a copy of your transcript if you want to substitute your education for experience. If you claim qualifications based on education, and do not submit a transcript, your education will not be used in making a qualification determination and you may be found ""not qualified."" See: Transcripts and Licenses. NOTE: Documents submitted as part of the application package, to include supplemental documents, may be shared beyond the Human Resources Office. Some supplemental documents such as military orders and marriage certificates may contain personal information for someone other than you. You may sanitize these documents to remove another person's personal information before you submit your application. You may be asked to provide an un-sanitized version of the documents if you are selected to confirm your eligibility.

How To Apply

To apply for this position, you must complete the online questionnaire and submit the documentation specified in the Required Documents section below. The complete application package must be submitted by 11:59 PM (EST) on 10/01/2026to receive consideration. To begin, click Apply to access the online application. You will need to be logged into your USAJOBS account to apply. If you do not have a USAJOBS account, you will need to create one before beginning the application (https://apply.usastaffing.gov/ViewQuestionnaire/13071135). Follow the prompts to select your resume and/or other supporting documents to be included with your application package. As a reminder, your resume must be two pages or less and must support the specialized experience described in this announcement. Resumes exceeding two pages will be removed from consideration. For additional information, refer to the 'Required Documents' section. You will have the opportunity to upload additional documents to include in your application before it is submitted. Your uploaded documents may take several hours to clear the virus scan process. After acknowledging you have reviewed your application package, complete the Include Personal Information section as you deem appropriate and click to continue with the application process. You will be taken to the online application which you must complete in order to apply for the position. Complete the online application, verify the required documentation is included with your application package, and submit the application. Your resume selected in USAJOBS will be included, but you must re-select other documents from your USAJOBS account or your application may be incomplete. It is your responsibility to verify that your application package (resume, supporting documents, and responses to the questionnaire) is complete, accurate, and submitted by the closing date. Uploaded documents may take up to one hour to clear the virus scan. Additional information on how to complete the online application process and submit your online application may be found on the USA Staffing Applicant Resource Center. To verify the status of your application, log into your USAJOBS account (https://www.usajobs.gov/applicant/profile/dashboard/), all of your applications will appear on the Welcome screen. The Application Status will appear along with the date your application was last updated. For information on what each Application Status means, visit: https://help.usajobs.gov/how-to/application/status.

Security Clearance

Not Required

Other Information

Male applicants born after December 31, 1959 must complete a Pre-Employment Certification Statement for Selective Service Registration. You will be required to provide proof of U.S. Citizenship. This position requires a 1 year probationary period during which the agency evaluates your fitness and whether your continued employment advances the public interest. In making this determination, the agency may consider your performance and conduct; agency needs and interests; whether your continued employment supports organizational or Government goals; and whether it promotes the efficiency of the Federal service. Continued employment requires written certification that it advances the public interest. Direct Deposit of Pay is required. Selection is subject to restrictions resulting from Department of War referral system for displaced employees. Recruitment incentives MAY be authorized for highly qualified candidates. Multiple positions may be filled from this announcement. Salary includes applicable locality pay or Local Market Supplement. If you have retired from federal service and you are interested in employment as a reemployed annuitant, see the information in the Reemployed Annuitant information sheet. Payment of Permanent Change of Station (PCS) costs is not authorized, based on a determination that a PCS move is not in the Government interest.",https://s2.googleusercontent.com/s2/favicons?domain=health.mil&sz=128,N,0.0,2026-09-27 15:56:24.052851
,,2026-09-27 10:12:39+00:00,X (formerly Twitter),"Defense Health Agency on X: ""NEWS: Air Force Medic Channels Grit, Military Medicine to ...",x.com,,,,,https://x.com/DoD_DHA/status/2103588879680852088/photo/1,"NEWS: Air Force Medic Channels Grit, Military Medicine to Return to Duty

https://t.co/LNzvbvKiHg",Not Available,https://pbs.twimg.com/media/HTFy7BLXIAAXpPI?format=webp&name=large,N,0.0,2026-09-27 11:56:17.590502
,,2026-09-27 08:28:15+00:00,www.navyregionmwrndw.com,Tricare ECHO - Virtual Workshop - Navy MWR NDW,Not Available,,,,,https://www.navyregionmwrndw.com/activity/7c1562ae-0f17-46c5-a5d7-4711fec16f82,"Did you know that if your family member has autism or a qualifying mental, developmental, or physical disability, they may be eligible for TRICARE’s Extended Care Health Option (ECHO)?
Join us for an informative workshop to learn about the benefits, services, and supplies ECHO offers to support your family’s unique needs.
Register for Virtual login information (410) 293-2641","Did you know that if your family member has autism or a qualifying mental, developmental, or physical disability, they may be eligible for TRICARE’s Extended Care Health Option (ECHO)? Join us for an informative workshop to learn about the benefits, services, and supplies ECHO offers to support your family’s unique needs.

Register for Virtual login information (410) 293-2641",https://www.navyregionmwrndw.com/modules/media/?do=thumb&id=646df322-f487-47b4-9d42-5054d52b0b4b&w=1200&h=630,N,1.0,2026-09-27 05:56:13.166649
,,2026-09-27 05:56:35+00:00,www.highergov.com,Contract HT940623F0117 Potomac Healthcare Solutions - HigherGov,Not Available,,,,,https://www.highergov.com/contract/HT005018D0023-HT940623F0117/,Delivery Order HT005018D0023-HT940623F0117 worth up to $930.7K was awarded to Potomac Healthcare Solutions on 9/28/23 by the Defense Health Agency awarded under Medical Q-Coded Services (MQS) (HT9406-23-F-0117),Not Available,https://www.highergov.com/static/favicon.png,N,0.0,2026-09-27 07:56:10.156640
,,2026-09-27 05:46:45+00:00,sg.indeed.com,"Case Manager, TRICARE Overseas Program (TOP) - Singapore - Indeed.com",Not Available,,,,,https://sg.indeed.com/viewjob?jk=af19351a78153453,www.indeed.com is blocked This page has been blocked by Microsoft Edge ERR_BLOCKED_BY_CLIENT,"www.indeed.com is blocked

This page has been blocked by Microsoft Edge

ERR_BLOCKED_BY_CLIENT",,N,0.0,2026-09-27 19:56:14.237651
,,2026-09-27 00:57:52+00:00,www.reddit.com,Weight Loss Options on Tricare? : r/WeightLossAdvice - Reddit,Not Available,,,,,https://www.reddit.com/r/WeightLossAdvice/comments/1wr65sn/weight_loss_options_on_tricare/,"This subreddit is for healthy, realistic, and sustainable weight loss advice.
Do not promote crash diets, starvation diets, extreme restriction, unsafe supplements, or eating disorder behavior.
If you are under 18, please talk to a parent, guardian, doctor, school counselor, or another trusted adult instead of asking for weight loss advice here.
If you are struggling with disordered eating, please reach out to a qualified professional or an eating disorder support resource.
We want this community to be a supportive place for healthy, sustainable weight loss.","Safety First ⚠

Most advice here comes from peers, not medical professionals. Everyone's body and health needs are different.

This subreddit is for healthy, realistic, and sustainable weight loss advice.

Do not promote crash diets, starvation diets, extreme restriction, unsafe supplements, or eating disorder behavior.

Talk to a doctor before making major changes to your diet, exercise, medication, or supplement use.

Report dangerous, harmful, creepy, or promotional content to the mods.

If you are under 18, please talk to a parent, guardian, doctor, school counselor, or another trusted adult instead of asking for weight loss advice here.

If you are struggling with disordered eating, please reach out to a qualified professional or an eating disorder support resource.

We want this community to be a supportive place for healthy, sustainable weight loss. 💙",,N,0.0,2026-09-27 01:56:20.396709
,,2026-09-27 00:57:28+00:00,Dallas Express,Citizens Only: Supreme Court Revives Trump's Voter Checks Before Midterms,Dallas Express,,,,,https://dallasexpress.com/national/citizens-only-supreme-court-revives-trumps-voter-checks-before-midterms/,"State and local election officials can again use the expanded system to check voter records against federal immigration, citizenship and Social Security data.
It began in 1986 for public-benefit eligibility checks, and states later used it for voter verification.
Trump’s administration expanded it in 2025 to incorporate Social Security records and allow bulk searches, letting officials submit many voter records at once instead of checking each person separately.
The majority also acknowledged evidence that Social Security records did not accurately reflect one challenger’s naturalization.
Under the program described in the order, officials must contact a person for proof of citizenship when SAVE cannot confirm that status.","President Donald Trump secured a major victory for his election-integrity agenda Friday when the Supreme Court allowed his administration to resume using an expanded federal system to check voter citizenship, weeks before the November 3 midterm elections.

The 6-3 order temporarily restores the modified SAVE program while the appeal proceeds. State and local election officials can again use the expanded system to check voter records against federal immigration, citizenship and Social Security data.

SAVE, short for Systematic Alien Verification for Entitlements, is a federal service that checks government records to help agencies verify citizenship and immigration status.

It began in 1986 for public-benefit eligibility checks, and states later used it for voter verification. Trump’s administration expanded it in 2025 to incorporate Social Security records and allow bulk searches, letting officials submit many voter records at once instead of checking each person separately.

Texas intervened in the case to support the administration and disputed claims that the expanded system was unreliable, Reuters reported.

As previously reported by The Dallas Express, Texas used SAVE to compare its voter rolls with federal citizenship records and referred potential noncitizen matches to county registrars for verification.

Those initial flags required follow-up; they did not establish that every person identified lacked citizenship or had voted illegally.

Federal records back voter checks

Trump directed the expansion through a March 2025 executive order instructing the Department of Homeland Security to help state and local officials verify the citizenship of registered voters and applicants. The order also directed the Social Security Administration to make records available for that purpose.

The League of Women Voters, the Electronic Privacy Information Center and other organizations challenged the changes, alleging violations of privacy and administrative laws. A federal district court blocked the modified program on June 22. Friday’s decision pauses that ruling.

The Supreme Court’s majority said federal immigration law authorizes DHS to obtain citizenship information from other agencies and requires it to answer state and local officials’ verification requests. The justices concluded that the challengers’ claims likely would fail.

“The order below prevents the Federal Government from using the program it believes is best suited to the task,” the majority wrote.

That assessment supported temporary relief for the administration. The Court did not issue a final ruling on the program’s legality.

Election safeguards remain

Federal law limits systematic voter-roll removals within 90 days of a federal election. The majority acknowledged that restriction limits the immediate effect of its order, but said officials may still conduct individual eligibility inquiries during that period.

The decision restores access to the expanded verification tool. It does not authorize mass voter purges or erase the legal requirements governing registration cancellations.

Justice Ketanji Brown Jackson dissented, joined by Justices Sonia Sotomayor and Elena Kagan, the Court’s three liberal justices. Jackson argued that the data-sharing changes violated federal privacy protections and warned that outdated citizenship records could force eligible naturalized citizens to prove their status again or risk losing their registrations.

The majority also acknowledged evidence that Social Security records did not accurately reflect one challenger’s naturalization. Under the program described in the order, officials must contact a person for proof of citizenship when SAVE cannot confirm that status.

The stay remains in effect during the appeals process and any timely request for Supreme Court review. For now, it restores a tool the administration and supporting states sought to use to verify who qualifies to vote.",https://dallasexpress.com/wp-content/uploads/2026/09/supreme-court-save-voter-checks-1280x720-1.jpg,N,0.0,2026-09-26 21:56:12.340211
,,2026-09-26 23:36:51+00:00,KSLM Radio,Texas Counselor Convicted in $26M TRICARE Fraud Scheme Involving Fake Treatments,KSLM Radio,,,,,https://www.kslm.news/news/texas-counselor-convicted-in-26m-tricare-fraud-scheme-involving-fake-treatments-muj0y77p,"KSLM Radio - News Talk Radio for Salem, Oregon and the Willamette Valley. Listen live at 1220 AM or 104.3 FM.",Not Available,https://www.kslm.news/__l5e/assets-v1/19f081dc-b0ec-4872-b5ee-292470fd2a50/kslm-og-image.webp,N,0.0,2026-09-26 20:56:17.108669
,,2026-09-26 22:52:51+00:00,Dallas Express,"McKinney Recall Petitions Filed To Oust Mayor Cox, 3 Council Members - Dallas Express",Dallas Express,,,,,https://dallasexpress.com/metroplex/mckinney-recall-organizers-submit-petition-signatures-to-city/,"Organizers seeking a recall election in McKinney have formally submitted their petition signatures to the city, moving the effort into the verification process.
As previously reported by The Dallas Express, recall organizers said they had internally verified at least 6,500 signatures from registered McKinney voters, exceeding by 695 the 5,805 signatures the committee says are required for the recall effort to advance.
The effort targets Mayor Bill Cox, At Large 1 Council Member Ernest Lynch, District 3 Council Member Geré Feltus and District 1 Council Member Justin Beller.
“So thank you guys, and stand by for updates.” City review determines next step Submitting the petitions does not mean the city has certified the signatures.
The McKinney city secretary must review the petitions to determine how many signatures qualify under the city charter and applicable election rules.","Organizers seeking a recall election in McKinney have formally submitted their petition signatures to the city, moving the effort into the verification process.

As previously reported by The Dallas Express, recall organizers said they had internally verified at least 6,500 signatures from registered McKinney voters, exceeding by 695 the 5,805 signatures the committee says are required for the recall effort to advance.

The effort targets Mayor Bill Cox, At Large 1 Council Member Ernest Lynch, District 3 Council Member Geré Feltus and District 1 Council Member Justin Beller.

Organizers submit petition sheets

On Friday, John Aselton, the petitioners’ committee notice designee, told DX that the campaign submitted its petition sheets after collecting more than 7,000 signatures, with organizers internally validating at least 6,500.

“We just submitted all of our petition sheets to the city. They’re going through and documenting them,” Aselton said. “We’re going to get copies as well as documented receipt for intake.”

Aselton had previously told DX that organizers surpassed the threshold ahead of the September 26 deadline and continued collecting signatures.

“Based on our turnout, you know, we had over 7,000 people that signed, internally validated 6,500 or more. So very, very excited about that,” Aselton said.

“Wanted to thank all the citizens of McKinney that came out to sign the petition, as well as more importantly, our volunteers who made this happen,” he added. “So thank you guys, and stand by for updates.”

City review determines next step

Submitting the petitions does not mean the city has certified the signatures. The McKinney city secretary must review the petitions to determine how many signatures qualify under the city charter and applicable election rules.",https://dallasexpress.com/wp-content/uploads/2026/09/mckinney-recall-john-aselton-petition-delivery.jpg,N,0.0,2026-09-26 19:56:15.099118
,,2026-09-26 22:52:49+00:00,Dallas Express,"'Trans' Suspect Accused Of Raping Stepfather, Biting Off His Ears And Blinding Him",Dallas Express,,,,,https://dallasexpress.com/crime/more-trans-terror-suspect-accused-of-raping-stepfather-biting-off-his-ears-and-blinding-him/,"Brazilian police arrested Mendonça after investigators accused him of raping his stepfather, biting off portions of both ears and damaging his eyes so severely that surgeons later removed them.
Victim fell while trying to escape Investigators said Mendonça waited inside the apartment while the victim was away.
Mendonça allegedly attacked when the man returned, biting his face and ears and using his hands to inflict catastrophic injuries to both eyes.
He recalled only fragments of biting the victim’s face and said he could not remember the full sequence, police said.
He also told investigators that he resented the victim because the man allegedly did not accept his “transgender” identity.","Lucas Serra de Mendonça, who goes by the name Aurora Naomi La Fey, is a man who identifies as a “transgender” woman. Brazilian police arrested Mendonça after investigators accused him of raping his stepfather, biting off portions of both ears and damaging his eyes so severely that surgeons later removed them.

Officers took Mendonça into custody on Tuesday in Manaus, Amazonas, under a court-authorized preventive-detention warrant.

Police allege the attack occurred around 2 p.m. on September 16 inside the 61-year-old German victim’s apartment in the Praça 14 de Janeiro neighborhood.

Victim fell while trying to escape

Investigators said Mendonça waited inside the apartment while the victim was away. Mendonça allegedly attacked when the man returned, biting his face and ears and using his hands to inflict catastrophic injuries to both eyes.

Police said the victim lost consciousness during the struggle and was sexually assaulted. When he regained consciousness, he could no longer see and moved toward the balcony while trying to escape. He fell from the third floor onto the roof of a neighboring property, where firefighters and emergency medical personnel rescued him.

Doctors later surgically removed both eyes because of the damage. The victim was also left without either ear and remained hospitalized in serious condition Wednesday, police said.

Police said the missing ear tissue was not found and that investigators were considering whether Mendonça had swallowed it. Final forensic reports were still pending.

Suspect cited hallucinations and resentment

Mendonça told investigators that he had smoked an unusually potent form of marijuana before the attack and later experienced hallucinations. He recalled only fragments of biting the victim’s face and said he could not remember the full sequence, police said.

He also told investigators that he resented the victim because the man allegedly did not accept his “transgender” identity. Police said the suspect’s mother described a strained relationship between the two but reported no prior violence.

Mendonça denied sexually assaulting the victim. The evidence collected so far indicates a sexual assault occurred, but investigators were awaiting definitive forensic results before closing the inquiry, police said.

Latest in a series of high-profile cases

The allegations against Mendonça add to a series of separate high-profile attacks and plots involving “transgender”-identifying perpetrators, defendants or suspects that The Dallas Express has documented in recent years.

DX has also reported on the Tumbler Ridge attack in Canada, in which the suspect killed eight people at a school and a home before dying by suicide, and Nicholas Roske’s attempted-assassination plot against Supreme Court Justice Brett Kavanaugh. Roske pleaded guilty, and a federal judge sentenced him to 97 months in prison.

“At some point, we’re going to have to start having a conversation about the links between these acts of violence and this horrific ideology,” then-state Rep. Nate Schatzline (R-District 93) told The Dallas Express after the 2025 Minneapolis shooting.

Brazilian police formally named Mendonça as a suspect in an alleged rape and attempted homicide, citing three qualifying circumstances under Brazilian law: an allegedly futile motive, cruel means and a method that hindered the victim’s defense. Police said Wednesday that Mendonça remained at the court’s disposal pending a custody hearing.",https://dallasexpress.com/wp-content/uploads/2026/09/aurora-naomi-la-fey-suspect-1280x720-1.jpg,N,0.0,2026-09-26 19:56:18.196860
,,2026-09-26 22:49:08+00:00,KLIF 570 News & Info | KLIF-AM,Frisco Counselor Convicted In $26 Million TRICARE Fraud Scheme | KLIF 570 News & Info,Not Available,,,,,https://www.klif.com/2026/09/26/frisco-counselor-convicted-in-26-million-tricare-fraud-scheme/,"A federal jury in Fort Worth has convicted a Texas-licensed professional counselor for his role in a $26 million health care fraud, kickback, and money laundering scheme involving TRICARE, the U.S. Department of Justice said.
The convictions include three counts of health care fraud, three counts related to the illegal offering or payment of health care kickbacks, and three counts involving financial transactions with proceeds derived from criminal activity.
The case was prosecuted by Assistant U.S. Attorney Ethan Womble for the Northern District of Texas and Justice Department Fraud Division trial attorneys Adam Tisdall and Yael Mash.
The Justice Department’s Health Care Fraud Strike Force Program has charged more than 6,200 defendants since 2007, according to the department.
Those defendants collectively were accused of billing federal health care programs and private insurers for more than $45 billion.","A federal jury in Fort Worth has convicted a Texas-licensed professional counselor for his role in a $26 million health care fraud, kickback, and money laundering scheme involving TRICARE, the U.S. Department of Justice said.

Kevin D. Curry, 64, of Frisco, was found guilty on nine federal charges stemming from the case. The convictions include three counts of health care fraud, three counts related to the illegal offering or payment of health care kickbacks, and three counts involving financial transactions with proceeds derived from criminal activity.

Curry will be sentenced at a later date. Each of the nine charges carries a potential maximum sentence of 10 years in federal prison. The final punishment will be determined by a federal judge after reviewing the applicable U.S. Sentencing Guidelines and other factors required by law.

Jury Finds Fraud Targeted TRICARE

According to court documents and evidence presented during the trial, Curry operated Acuity TMS of Plano LLC and Acuity TMS of Fort Worth LLC in Texas, along with Emerald Coast TMS of Fort Walton Beach LLC in Florida.

Prosecutors said Curry orchestrated a scheme involving transcranial magnetic stimulation, or TMS, therapy that was either medically unnecessary or not provided.

The clinics allegedly offered and paid more than $5.5 million in kickbacks to persuade active-duty service members, veterans, and their family members to agree to TMS treatments for which they did not qualify.

In some cases, prosecutors said, the treatments were never provided.

The Justice Department also alleged that Curry falsely represented himself as a medical doctor and used the credentials of physicians without their knowledge or permission to submit claims to TRICARE.

More Than $17 Million Paid by TRICARE

According to prosecutors, Curry directed employees to create false medical records to support claims submitted to TRICARE.

The clinics submitted more than $26 million in fraudulent and kickback-tainted TMS claims, resulting in approximately $17 million in payments from TRICARE, prosecutors said.

The Justice Department said Curry used some of the proceeds for personal expenses and luxury purchases, including hotel stays, a casino-themed party and a gold-plated Tesla Cybertruck valued at more than $100,000.

Assistant Attorney General Colin M. McDonald of the Justice Department’s National Fraud Enforcement Division said the case demonstrates the department’s focus on fraud involving federal health care programs.

“Kevin Curry shamelessly preyed on the trust of servicemembers, veterans, and their families, siphoning millions from TRICARE through lies and coercion,” said U.S. Attorney for the Northern District of Texas Ryan Raybould. “He fabricated medical records, stole doctors’ identities and clogged the system with fraudulent claims, all while lining his pockets with kickback‑tainted money.”

“This conviction sends an unmistakable message that those who manipulate our military community and defraud federal healthcare programs will face the full force of federal prosecution,” he added.

Multiple Agencies Investigated Case

The investigation was conducted by the Department of Defense Criminal Investigative Service, FBI, Texas Attorney General’s Medicaid Fraud Control Unit, and the Department of Veterans Affairs Office of Inspector General.

The case was prosecuted by Assistant U.S. Attorney Ethan Womble for the Northern District of Texas and Justice Department Fraud Division trial attorneys Adam Tisdall and Yael Mash.

The Justice Department’s Health Care Fraud Strike Force Program has charged more than 6,200 defendants since 2007, according to the department. Those defendants collectively were accused of billing federal health care programs and private insurers for more than $45 billion.

The department created its National Fraud Enforcement Division in April to investigate and prosecute fraud against the American people.",https://dallasexpress.com/wp-content/uploads/2026/09/Kevin-Currys-gold-plated-Tesla-Cybertruck-which-he-allegedly-purchased-with-proceeds-from-fraudulent-activities-Image-by-DOJnews-release.jpg,N,0.0,2026-09-27 00:56:21.051987
,,2026-09-26 22:21:20+00:00,www.highergov.com,Kevin T. Hellenthal (Defense Health Agency) - HigherGov,Not Available,,,,,https://www.highergov.com/people/kevin-dot-t-dot-hellenthal-dot-ln-health-dot-mil/,Procurement Officer Kevin T. Hellenthal works for the Defense Health Agency and was last seen in a federal solicitation in September 2026,Procurement Officer Kevin T. Hellenthal works for the Defense Health Agency and was last seen in a federal solicitation in September 2026,https://www.highergov.com/static/favicon.png,N,0.0,2026-09-27 00:56:24.135403
,,2026-09-26 22:10:06+00:00,51st Medical Group - Osan Air Base,Womack Army Medical Center Announces Transition to Primary Care-Mental Health Integration,Not Available,,,,,https://osan.tricare.mil/News-Gallery/Article-Display/Article/4569693/womack-army-medical-center-announces-transition-to-primary-care-mental-health-i,"FORT BRAGG, N.C.-- Womack Army Medical Center (WAMC) is proud to announce the transition of its behavioral health services, from the legacy Primary Care Behavioral Health model to the Defense Health Agency’s (DHA) Primary Care-Mental Health Integration (PC-MHI) program.
By directly integrating mental health professionals into primary care clinics, WAMC ensures that patients receive physical and mental health support seamlessly within a single, familiar clinical setting.
""Integrating mental health professionals directly into our primary care teams allows us to treat the whole patient right where they already receive their routine medical care,"" said Col. La’Shonia White, deputy commander for Mental Health Services.
Beneficiaries do not need to navigate separate specialty clinics for routine behavioral health concerns.
Patients can seamlessly access these integrated services by simply speaking with their Primary Care Manager (PCM) during their regular medical appointments.","FORT BRAGG, N.C.-- Womack Army Medical Center (WAMC) is proud to announce the transition of its behavioral health services, from the legacy Primary Care Behavioral Health model to the Defense Health Agency’s (DHA) Primary Care-Mental Health Integration (PC-MHI) program. This transition marks a significant enhancement in how comprehensive, holistic healthcare is delivered to the Fort Bragg military community.

The newly implemented PC-MHI program introduces a modernized, team-based approach to patient care. By directly integrating mental health professionals into primary care clinics, WAMC ensures that patients receive physical and mental health support seamlessly within a single, familiar clinical setting.

""Integrating mental health professionals directly into our primary care teams allows us to treat the whole patient right where they already receive their routine medical care,"" said Col. La’Shonia White, deputy commander for Mental Health Services. ""This team-based approach reduces barriers to care, normalizes mental health support, and ensures our force and their families remain medically ready and resilient.""

Under the DHA PC-MHI model, WAMC will deliver proven assessments, treatments, and prevention strategies for mental health challenges. The program is also designed to address physical health conditions influenced by stress and mental well-being—such as chronic pain, sleep disorders, and stress-related physical symptoms—ensuring all Military Health System (MHS) beneficiaries receive the highest standard of integrated care. Beneficiaries do not need to navigate separate specialty clinics for routine behavioral health concerns. Patients can seamlessly access these integrated services by simply speaking with their Primary Care Manager (PCM) during their regular medical appointments.

For more information on the PC-MHI program, available services, or to schedule an appointment with your primary care team, please visit https://www.google.com/url?q=https%3A%2F%2Fwomack.tricare.mil%2F or contact the WAMC appointment line at 910-907-APPT.",https://media.defense.gov/2026/Aug/12/2003977958/1920/1080/0/260629-O-EV225-9101.PNG,N,1.0,2026-09-27 00:56:27.809783
,,2026-09-26 22:03:30+00:00,townhall.com,Texas Counselor Convicted in $26M TRICARE Fraud Scheme Involving Fake Treatments,Scott McClallen,,,,,https://townhall.com/news/scott-mcclallen/2026/09/26/texas-counselor-convicted-in-26m-tricare-fraud-scheme-involving-fake-tms-treatments-n2683642,"A federal jury in Fort Worth convicted a Texas-licensed professional counselor for his role in a $26 million healthcare fraud, kickbacks, and money laundering scheme.
Acuity billed TRICARE over $26 million in false, fraudulent, and kickback-tainted TMS claims, based on which TRICARE paid approximately $17 million.
On April 7, the Department of Justice announced the creation of the National Fraud Enforcement Division (Fraud Division).
The Fraud Division is laser-focused on investigating and prosecuting those who commit fraud against the American people.
The Department’s work to combat fraud supports President Trump’s Task Force to Eliminate Fraud, a whole-of-government effort chaired by Vice President J.D.","A federal jury in Fort Worth convicted a Texas-licensed professional counselor for his role in a $26 million healthcare fraud, kickbacks, and money laundering scheme.

Advertisement

Court documents and evidence presented at trial say that Kevin D. Curry, 64, of Frisco, Texas, orchestrated a scheme to bill TRICARE for transcranial magnetic stimulation (TMS) therapy that was medically unnecessary or not provided.

Curry, the owner and operator of two purported mental health clinics in Texas, Acuity TMS of Plano LLC and Acuity TMS of Fort Worth LLC, and one purported mental healthcare clinic in Florida, Emerald Coast TMS of Fort Walton Beach LLC, offered and paid over $5.5 million in kickbacks to convince active-duty service members, veterans, and their family members to consent to TMS therapy they did not qualify for and, in many instances, did not receive.

“Yesterday’s verdict makes clear that those who try to defraud the United States will be met with swift and decisive justice,” said Assistant Attorney General Colin M. McDonald of the Department of Justice’s National Fraud Enforcement Division. “This defendant exploited a critical health care program serving active-duty servicemembers and their families, diverting taxpayer dollars to bankroll personal luxuries ranging from hotel stays to a casino-themed party and even a gold‑plated Tesla Cybertruck. Such conduct is an affront to the military community and the American public. The Department of Justice will continue to aggressively pursue anyone who abuses federal programs for personal gain.”

Curry, who falsely held himself out to be a medical doctor, used actual doctors’ credentials without their knowledge and consent to bill TRICARE as part of the scheme.

“Kevin Curry shamelessly preyed on the trust of servicemembers, veterans, and their families, siphoning millions from TRICARE through lies and coercion, said U.S. Attorney Ryan Raybould. “He fabricated medical records, stole doctors’ identities and clogged the system with fraudulent claims, all while lining his pockets with kickback‑tainted money. This conviction sends an unmistakable message that those who manipulate our military community and defraud federal healthcare programs will face the full force of federal prosecution.”

Curry directed employees to fabricate medical records that he submitted to TRICARE to justify his fraudulent billings. Acuity billed TRICARE over $26 million in false, fraudulent, and kickback-tainted TMS claims, based on which TRICARE paid approximately $17 million. Curry laundered some of the proceeds by spending his ill-gotten gains on hotels, a lavish casino-themed party, and a gold-plated Tesla Cybertruck worth over $100,000:

Advertisement

The jury convicted Curry of three counts of healthcare fraud, three counts of offering and paying illegal healthcare kickbacks, and three counts of engaging in monetary transactions in criminally derived property.

He is scheduled to be sentenced at a later date and faces a maximum penalty of 10 years in prison on each count. A federal district court judge will determine any sentence after considering the U.S. Sentencing Guidelines and other statutory factors.

Assistant Attorney General Colin M. McDonald of the Justice Department’s Fraud Division; United States Attorney Ryan Raybould of the Northern District of Texas; Special Agent in Charge Chad Gosch of the Department of Department’s Defense Criminal Investigative Service (DCIS), Southwest Field Office; Special Agent in Charge R. Joseph Rothrock of the FBI Dallas Field Office; Chief William Marlowe of the Texas Attorney General’s Medicaid Fraud Control Unit (MFCU); and Special Agent in Charge Kris Raper of the Department of Veterans Affairs Office of Inspector General (VA-OIG), South Central Field Office, made the announcement.

DCIS, FBI, MFCU, and VA-OIG investigated the case.

Assistant U.S. Attorney Ethan Womble for the Northern District of Texas and Trial Attorneys Adam Tisdall and Yael Mash of the Fraud Division’s Health Care Fraud Section are prosecuting the case.

On April 7, the Department of Justice announced the creation of the National Fraud Enforcement Division (Fraud Division). The Fraud Division is laser-focused on investigating and prosecuting those who commit fraud against the American people. The Department’s work to combat fraud supports President Trump’s Task Force to Eliminate Fraud, a whole-of-government effort chaired by Vice President J.D. Vance to eliminate fraud, waste, and abuse within Federal benefit programs.

Advertisement

The Department of Justice’s Health Care Fraud Strike Force Program, currently comprised of nine strike forces operating in federal districts across the country, has charged more than 6,200 defendants who collectively billed federal healthcare programs and private insurers more than $45 billion since 2007. In addition, the Centers for Medicare & Medicaid Services, working in conjunction with the Office of the Inspector General for the Department of Health and Human Services, are taking steps to hold providers accountable for their involvement in healthcare fraud schemes. More information can be found at www.justice.gov/criminal-fraud/health-care-fraud-unit.

Editor’s Note: Do you enjoy Townhall’s conservative reporting that takes on the radical Left and woke media? Support our work so that we can continue to bring you the truth.",https://media.townhall.com/cdn/hodl/2025/80/f8ae4bcc-30e6-4f95-9255-fa1a1ce9b79d-1200x630.jpg,N,-1.0,2026-09-26 19:56:23.903297
,,2026-09-26 20:14:53+00:00,www.reddit.com,I am in desperate need of help : r/tricare - Reddit,Not Available,,,,,https://www.reddit.com/r/tricare/comments/1wqsfnn/i_am_in_desperate_need_of_help/,"When calling the East region there are certain issues they can control and some that are out of their hands.
They can assist in plan issues / payment issues/ and requests to reprocess claims.
Providers in the West region are outside their control not can they even look them up.
There are very specific requirements for providers submitting claims to PGBA for processing.
Submitting a copy of the card with each claim Mailing/ faxing the claim to the correct required location / number.","CHCBP is not TRICARE.

It follows the same rules and guidelines as TRICARE Select non active duty group B.

When calling the East region there are certain issues they can control and some that are out of their hands.

They can assist in plan issues / payment issues/ and requests to reprocess claims.

Providers in the West region are outside their control not can they even look them up. There are very specific requirements for providers submitting claims to PGBA for processing.

Submitting a copy of the card with each claim

Mailing/ faxing the claim to the correct required location / number.

If those aren’t done it can cause delays or false denials as PGBA is not as familiar with CHCBP and those claims can be accidentally processed as TRICARE Claims out of region.",,N,0.0,2026-09-26 18:56:13.186167
,,2026-09-26 19:54:52+00:00,www.rula.com,"Find a Therapist Accepting TRICARE West in Los Angeles, CA - Rula",Not Available,,,,,https://www.rula.com/therapy/ca/los-angeles?insurance=tricare-west,"Searching for therapists who accept TRICARE West in Los Angeles, California? Discover 50+ in-network mental healthcare providers who fit your ...",Not Available,,N,0.0,2026-09-27 01:56:52.444367
,,2026-09-26 19:20:31+00:00,www.facebook.com,SENTENCED | North Texas clinic owner convicted in $26 million TRICARE health care fraud ...,Not Available,,,,,https://www.facebook.com/foxsanantonio/posts/sentenced-north-texas-clinic-owner-convicted-in-26-million-tricare-health-care-f/1503043675204465/,SENTENCED | North Texas clinic owner convicted in $26 million TRICARE health care fraud scheme https://bit.ly/3V3DH1M,Not Available,https://scontent-iad6-1.xx.fbcdn.net/v/t39.99422-6/825292631_3014008818967290_3576572072877069222_n.png?stp=dst-jpg_tt6&cstp=mx896x524&ctp=s896x524&_nc_cat=107&ccb=1-7&_nc_sid=cae128&_nc_ohc=Q1GFK7etg_QQ7kNvwFP73Eo&_nc_oc=AdqW_zvEjGtQ6pS_NUx899cLHAjClS5TDGJpcd1eGK2Y0U9om_DMsLe6Zdv9ca_biRc&_nc_zt=14&_nc_ht=scontent-iad6-1.xx&_nc_gid=uwjMCxSm8ewezBxlipymVw&_nc_ss=7b289&oh=00_AQJ-zvEWAp1q4mTRp50ARQ5vSiJRywxB4eoB5BipSRCzRQ&oe=6ABE565C,N,0.0,2026-09-26 21:56:15.764960
,,2026-09-26 19:13:10+00:00,foundit singapore,TRICARE Overseas Program Administrator with 2 - 4 Years of Experience at International ...,Not Available,,,,,https://www.foundit.sg/job/tricare-overseas-program-administrator-international-sos-singapore-68921526,"About the role Key role in support of the TRICARE Overseas Program (TOP) administration of healthcare support services globally.
Multifunctional position driving administrative coordination and delivery of core service elements enabling the wider team performance and customer satisfaction.
office, administrative, clerical, customer service, etc.)
using computers as the primary job tools Team player and ability to achieve targets Organized with the ability to effectively manage own time Demonstrate problem solving skills Demonstrate clear communication skills when resolving issues Customer Service Oriented Process Focused – drives for results Ability to communicate effectively in English and an additional language (e.g., Korean), both written and spoken.
Ability to communicate effectively in English and an additional language","About the role

Key role in support of the TRICARE Overseas Program (TOP) administration of healthcare support services globally. Multifunctional position driving administrative coordination and delivery of core service elements enabling the wider team performance and customer satisfaction.

Key responsibilities

Coordination of the medical records collection processes to facilitate the collection, translation and delivery of medical records to stakeholders

Process any other TOP related administrative activities as per given instructions to ensure timely and accurate resolution

Deliver medical service administrative activities supporting TOP beneficiary healthcare support services

Maintains confidentiality of all beneficiary information

Understand and carry out all processes, policies and procedures pertaining to the duties of a TOP Administrator

Maintain all documentation in accordance with company policies and procedures. Respond to in-bound inquiries promptly and ensure complete resolution

Send written communication to follow up with beneficiaries and providers, when appropriate

To work with the wider Intl.SOS teams to ensure TRICARE processes, self-service tools and benefits rules are understood and communicated accurately to beneficiaries and providers

Actively promote electronic submission and payment solutions and other self-servicing products

Maintain specific quality and quantity standards, including service level key performance indicators

Always adhere to company policies and procedures

If requested, assist with the training and mentoring of new staff

Attends and participates in International SOS staff meetings and educational offerings

About you

High school diploma/Upper Secondary (or higher) OR equivalent work experience

Proficiency with computer and Windows PC applications, which includes the ability to learn new and complex computer system applications

2-3 years customer service year experience, (email, web based or physical correspondence)

Experience working/processing in a healthcare environment an advantage

Experience in a related environment (i.e. office, administrative, clerical, customer service, etc.) using computers as the primary job tools

Team player and ability to achieve targets

Organized with the ability to effectively manage own time

Demonstrate problem solving skills

Demonstrate clear communication skills when resolving issues

Customer Service Oriented

Process Focused – drives for results

Ability to communicate effectively in English and an additional language (e.g., Korean), both written and spoken.

Ability to communicate effectively in English and an additional language",https://www.foundit.sg/job-detail/favicon.ico?favicon.285_7zib5w83j.ico,N,0.0,2026-09-27 01:56:57.555117
,,2026-09-26 18:52:45+00:00,Dallas Express,Frisco Counselor Guilty In $26M TRICARE Fraud - Dallas Express,Dallas Express,,,,,https://dallasexpress.com/metroplex/frisco-counselor-convicted-in-26-million-tricare-fraud-scheme/,"The convictions include three counts of health care fraud, three counts related to the illegal offering or payment of health care kickbacks, and three counts involving financial transactions with proceeds derived from criminal activity.
Assistant Attorney General Colin M. McDonald of the Justice Department’s National Fraud Enforcement Division said the case demonstrates the department’s focus on fraud involving federal health care programs.
The case was prosecuted by Assistant U.S. Attorney Ethan Womble for the Northern District of Texas and Justice Department Fraud Division trial attorneys Adam Tisdall and Yael Mash.
The Justice Department’s Health Care Fraud Strike Force Program has charged more than 6,200 defendants since 2007, according to the department.
Those defendants collectively were accused of billing federal health care programs and private insurers for more than $45 billion.","A federal jury in Fort Worth has convicted a Texas-licensed professional counselor for his role in a $26 million health care fraud, kickback, and money laundering scheme involving TRICARE, the U.S. Department of Justice said.

Kevin D. Curry, 64, of Frisco, was found guilty on nine federal charges stemming from the case. The convictions include three counts of health care fraud, three counts related to the illegal offering or payment of health care kickbacks, and three counts involving financial transactions with proceeds derived from criminal activity.

Curry will be sentenced at a later date. Each of the nine charges carries a potential maximum sentence of 10 years in federal prison. The final punishment will be determined by a federal judge after reviewing the applicable U.S. Sentencing Guidelines and other factors required by law.

Jury Finds Fraud Targeted TRICARE

According to court documents and evidence presented during the trial, Curry operated Acuity TMS of Plano LLC and Acuity TMS of Fort Worth LLC in Texas, along with Emerald Coast TMS of Fort Walton Beach LLC in Florida.

Prosecutors said Curry orchestrated a scheme involving transcranial magnetic stimulation, or TMS, therapy that was either medically unnecessary or not provided.

The clinics allegedly offered and paid more than $5.5 million in kickbacks to persuade active-duty service members, veterans, and their family members to agree to TMS treatments for which they did not qualify.

In some cases, prosecutors said, the treatments were never provided.

The Justice Department also alleged that Curry falsely represented himself as a medical doctor and used the credentials of physicians without their knowledge or permission to submit claims to TRICARE.

More Than $17 Million Paid by TRICARE

According to prosecutors, Curry directed employees to create false medical records to support claims submitted to TRICARE.

The clinics submitted more than $26 million in fraudulent and kickback-tainted TMS claims, resulting in approximately $17 million in payments from TRICARE, prosecutors said.

The Justice Department said Curry used some of the proceeds for personal expenses and luxury purchases, including hotel stays, a casino-themed party and a gold-plated Tesla Cybertruck valued at more than $100,000.

Assistant Attorney General Colin M. McDonald of the Justice Department’s National Fraud Enforcement Division said the case demonstrates the department’s focus on fraud involving federal health care programs.

“Kevin Curry shamelessly preyed on the trust of servicemembers, veterans, and their families, siphoning millions from TRICARE through lies and coercion,” said U.S. Attorney for the Northern District of Texas Ryan Raybould. “He fabricated medical records, stole doctors’ identities and clogged the system with fraudulent claims, all while lining his pockets with kickback‑tainted money.”

“This conviction sends an unmistakable message that those who manipulate our military community and defraud federal healthcare programs will face the full force of federal prosecution,” he added.

Multiple Agencies Investigated Case

The investigation was conducted by the Department of Defense Criminal Investigative Service, FBI, Texas Attorney General’s Medicaid Fraud Control Unit, and the Department of Veterans Affairs Office of Inspector General.

The case was prosecuted by Assistant U.S. Attorney Ethan Womble for the Northern District of Texas and Justice Department Fraud Division trial attorneys Adam Tisdall and Yael Mash.

The Justice Department’s Health Care Fraud Strike Force Program has charged more than 6,200 defendants since 2007, according to the department. Those defendants collectively were accused of billing federal health care programs and private insurers for more than $45 billion.

The department created its National Fraud Enforcement Division in April to investigate and prosecute fraud against the American people.",https://dallasexpress.com/wp-content/uploads/2026/09/Kevin-Currys-gold-plated-Tesla-Cybertruck-which-he-allegedly-purchased-with-proceeds-from-fraudulent-activities-Image-by-DOJnews-release.jpg,N,0.0,2026-09-26 15:56:11.141460
,,2026-09-26 14:11:11+00:00,The Center Square,No cost estimate for Pentagon's testosterone screening program - TheCenterSquare.com,"Brett Rowland, The Center Square",,,,,https://www.thecentersquare.com/national/article_faed70e1-760d-4c3f-816f-816ad7739fb5.html,"(The Center Square) – The Pentagon still will not say what testosterone screening will cost for male service members 30 and older, and a national group of hormone specialists says",Not Available,https://bloximages.newyork1.vip.townnews.com/thecentersquare.com/content/tncms/assets/v3/editorial/5/a1/5a191504-47e4-4eb7-a3c0-f1335ccfbdde/69cd8d3d8476c.image.jpg?crop=1023%2C537%2C0%2C18,N,0.0,2026-09-26 11:56:13.590347
,,2026-09-26 13:53:41+00:00,KABB,Gunman demanded cash from employee in South Side robbery; police search for suspect,Natali Castillo,,,,,https://foxsanantonio.com/newsletter-daily/gunman-demanded-cash-from-employee-in-south-side-robbery-police-search-for-suspect,"SAN ANTONIO — Police are searching for a suspect accused of robbing an employee at gunpoint at a South Side business.
Officers responded just before 1 a.m. Saturday for a reported robbery in the 3200 block of Commercial Avenue.
Police said a man between 20 to 25-years-old entered the business, pointed a weapon at a female employee and demanded money.
The suspect fled the scene on foot before officers arrived.
No injuries were reported.","SAN ANTONIO — Police are searching for a suspect accused of robbing an employee at gunpoint at a South Side business.

Officers responded just before 1 a.m. Saturday for a reported robbery in the 3200 block of Commercial Avenue.

Police said a man between 20 to 25-years-old entered the business, pointed a weapon at a female employee and demanded money.

The suspect fled the scene on foot before officers arrived. No injuries were reported.

The investigation remains ongoing.",https://foxsanantonio.com/resources/media2/16x9/612/1320/0x32/90/3b6ad492-89e1-40fe-bc36-3ce4570556d1-gettyimages1146048613612x612.jpg,N,0.0,2026-09-26 12:56:17.692896
,,2026-09-26 13:21:39+00:00,X (formerly Twitter),"FOX SA on X: ""SENTENCED | North Texas clinic owner convicted in $26 million TRICARE ...",x.com,,,,,https://x.com/KABBFOX29/status/2103828232776618258,Log in or sign up for X See what’s happening and join the conversation or Log in with username or email,"Log in or sign up for X

See what’s happening and join the conversation

or

Log in with username or email",https://pbs.twimg.com/media/HTJMnLZXwAAQsx5?format=webp&name=large,N,0.0,2026-09-26 17:56:19.672921
