id,name,published,outlet,title,authors,category,market,categoryorder,articleorder,url,description,text,image,error,sentiment,firstEyes
,Agencies,2026-09-30 17:30:19+00:00,Ars Technica,Apple pressured to explain Trump role in ICE-tracking app removals - Ars Technica,Ashley Belanger,,,,,https://arstechnica.com/tech-policy/2026/09/apple-worked-with-trump-admin-to-remove-ice-tracking-apps-lawmaker-says/,"Apple continues to face backlash for removing ICE-tracking apps like ICEBlock from the App Store, a drastic step that seemed to be triggered by Trump administration claims that the apps endangered officers.
On Bluesky, Aaron did not comment directly on CNN’s report, but he did boost an ICEBlock post that thanked Raskin for continuing to press Apple to explain the removals.
Trump admin denies app removals are retaliation The Trump administration has asked the court to dismiss Aaron’s lawsuit, claiming that Apple independently chose to moderate that content, despite comments from agency officials suggesting otherwise.
Only then can a court sufficiently determine if “a threat of adverse government action” triggered app removals, Aaron argued.
Raskin told Apple that he thinks the removal decisions won’t fly under the First Amendment.","Apple continues to face backlash for removing ICE-tracking apps like ICEBlock from the App Store, a drastic step that seemed to be triggered by Trump administration claims that the apps endangered officers.

According to US Rep. Jamie Raskin (D-Md.), Apple has no evidence to support claims that apps raised safety concerns. Instead, the lawmaker accused Apple of using immigrant deaths with no connection to the apps to justify censoring Americans who have the right to record ICE activity.

It appears that Apple is “working with the government to violate its customers’ First Amendment rights to record and report on the activities of their own government,” Raskin said in a letter to Apple sent Monday, CNN reported.

Raskin had been hounding Apple for answers for months. In July, Apple finally explained to Raskin that ICEBlock was removed, along with other apps, after a fatal shooting left two detainees dead at a Dallas ICE office, CNN reported.

As an earlier CNN report explained, the shooter in that case, Joshua Jahn, fired bullets indiscriminately into the ICE facility before dying of a self-inflicted gunshot. Jahn left notes saying that he “hoped his actions would give ICE agents real terror of being gunned down.”

At that time, the US attorney for the Northern District of Texas, Nancy Larson, highlighted the “tragic irony” that it was a detainee who was killed during the attacks, CNN’s report said. But the Department of Homeland Security, along with FBI director Kash Patel, has since claimed that the incident showed agents were being targeted. DHS also frequently cites an internal October 2025 statistic claiming that ICE officers face an 8,000 percent increase in death threats. The agency will not release data to let independent parties verify that claim.

Additionally, Patel has said that the Texas shooter “searched for apps that tracked ICE agents’ locations.” But Raskin pushed back on that claim, too, telling Apple that there is “no evidence” that the shooter used ICE-tracking apps. And even if he did, “he did not need a tracking app to locate the fixed position of a government building” and “is reported to have found the address using an app that comes standard on Apple devices,” Raskin’s letter said.

“There appears to be no direct connection between the Dallas incident and the apps you removed,” Raskin said.

Apple pressured to share DHS communications

To ensure that no Americans’ core speech rights are violated by removals unconstitutionally ordered by the government, Raskin has asked Apple to “send a full list of the apps it removed following concerns from the Justice Department” so that it will finally be possible to “conduct an independent review of those removal decisions.”

Federal officials have insisted that Apple acted on its own.

However, in a lawsuit accusing the Trump administration officials of censoring watchdogs, ICEBlock creator Joshua Aaron told the court that officials publicly bragged about getting the app removed. And in Apple’s July letter to Raskin—which was signed by Timothy Powderly, Apple’s senior director of government affairs—the iPhone maker seemed to confirm this. Powderly specifically cited agency reports of a “significant increase in ICE activity and threats against ICE” as triggering the follow-up review of ICE-tracking apps.

Apple claimed it was acting to protect both officers and detainees, ultimately deciding that sharing “precise location information about ICE officers (and, as a result, other individuals who may be in proximity to ICE agents, such as protestors or detainees)” provides “a potential roadmap for targeted violence and creating a significant risk of harm.”

The company “does not take decisions about removing apps from the App Store lightly, but acts when it must—especially when there are serious concerns that an app is creating safety risks,” Powderly said.

Raskin remains dubious that records will show the apps posed any risks. On Bluesky, Aaron did not comment directly on CNN’s report, but he did boost an ICEBlock post that thanked Raskin for continuing to press Apple to explain the removals.

“Apple’s sticking to their story even though everyone can see this was jawboning plain as day,” ICEBlock’s post said.

Trump admin denies app removals are retaliation

The Trump administration has asked the court to dismiss Aaron’s lawsuit, claiming that Apple independently chose to moderate that content, despite comments from agency officials suggesting otherwise.

It doesn’t matter that former officials like Pam Bondi publicly took credit for removing ICEBlock from the App Store, boasting that she made the “demand” and “Apple did so.” Those comments were merely officials expressing opinions about Apple’s promotion of supposedly dangerous apps, they argued. They’re hoping the court will agree that Aaron has not uncovered evidence of communications that can be “reasonably understood to convey a threat of adverse government action” against Apple “if Apple chose not to remove ICEBlock from the App Store.”

But in an August ruling, the Second Circuit recently upheld that courts broadly recognize “a First Amendment right to record law enforcement activity in public,” Aaron argued in a recent filing that could influence how the case is decided at this stage. In his opposition to the government’s motion to dismiss, Aaron maintained that the record showed that the government was acting to censor Americans.

As he argued:

The then-Attorney General told the nation she demanded removal of the app, Apple reversed a decision it previously reached after a thorough five-week legal review citing only “information provided to Apple by law enforcement,” and the then-Attorney General characterized Apple’s response as “compliance.”

If the case proceeds, which Aaron expects it will, discovery would likely reveal the actual communications between government officials and Apple leadership, which so far have remained hidden. Only then can a court sufficiently determine if “a threat of adverse government action” triggered app removals, Aaron argued.

Raskin told Apple that he thinks the removal decisions won’t fly under the First Amendment.

“Monitoring the actions of federal immigration authorities who have been deployed to (users’) neighborhoods… is a core First Amendment right and not a crime,” Raskin said.",https://cdn.arstechnica.net/wp-content/uploads/2026/09/GettyImages-2237457256-1152x648.jpg,N,,2026-09-30 13:59:56.791271
,Litigation,2026-09-30 17:06:36+00:00,foleyhoag.com,Foley Hoag Helps Secure Court Order Protecting Bond Hearing Rights for Immigration Detainees,Not Available,,,,,https://foleyhoag.com/news-and-insights/news/2026/september/foley-hoag-helps-secure-court-order-protecting-bond-hearing-rights-for-immigration-detainees/,"Transmitting information to us by e-mail unilaterally does not establish an attorney-client relationship or impose an obligation on either the law firm or even the receiving lawyer to keep the transmitted information confidential.
Thus, if you are not a client or someone we have agreed to consider as a prospective client, information you submit to us by e-mail may be disclosed to others or used against you.
If you would like to discuss becoming a client, please contact one of our attorneys to arrange for a meeting or telephone conference.
If you wish to disclose confidential information to a lawyer in the firm before an attorney-client relationship is established, the protections that the law firm will provide to such information from a prospective client should be discussed before such information is submitted.
Thank you for your interest in Foley Hoag.","Transmitting information to us by e-mail unilaterally does not establish an attorney-client relationship or impose an obligation on either the law firm or even the receiving lawyer to keep the transmitted information confidential. By clicking ""OK,"" you acknowledge that we have no obligation to maintain the confidentiality of any information you submit to us unless we already represent you or unless we have agreed to receive limited confidential material/information from you as a prospective client. Thus, if you are not a client or someone we have agreed to consider as a prospective client, information you submit to us by e-mail may be disclosed to others or used against you.

If you would like to discuss becoming a client, please contact one of our attorneys to arrange for a meeting or telephone conference. If you wish to disclose confidential information to a lawyer in the firm before an attorney-client relationship is established, the protections that the law firm will provide to such information from a prospective client should be discussed before such information is submitted. Thank you for your interest in Foley Hoag.",https://foleyhoag.com/getmedia/a9e0135e-4741-4af0-98ca-c7631ae3d114/Immigration_689x388.png?width=689&height=388&ext=.png,N,,2026-09-30 14:00:49.611557
,Litigation,2026-09-30 17:02:36+00:00,Stockton University,Constitution Day Speaker Explores Rights of Immigrants - News - Stockton University,Stacey Clapp,,,,,https://stockton.edu/news/2026/constitution-day-speaker-explores-rights-of-immigrants.html,"Das delivered Stockton’s annual Constitution Day lecture, “Rights, Resistance, and the Deportation Machine.
They are constitutional questions.
Das used the story of her longtime client and immigrant rights advocate Ravi Ragbir to illustrate how constitutional protections intersect with immigration enforcement.
Das urged the audience to view constitutional rights not simply as principles contained in a document, but as protections that depend on people asserting and defending them.
Prior to the keynote lecture, Das met with Political Science students for a question-and-answer session on the Constitution and immigration policy.","Galloway, N.J. – Constitutional rights can provide critical protections for immigrants facing detention and deportation, but those protections depend on people willing to affirm and defend them, immigration law scholar Alina Das told a Stockton University audience Sept. 29.

Das delivered Stockton’s annual Constitution Day lecture, “Rights, Resistance, and the Deportation Machine. She is a Professor of Law and James Weldon Johnson Professor at NYU School of Law, where she is co-director of the Immigrant Rights Clinic.

“Constitution Day gives us an opportunity to do something universities should do especially well: ask difficult questions, examine ideas carefully, listen to different perspectives, and deepen our understanding of the rights and responsibilities that shape our democracy,” said Joe Bertolino, Stockton University president.

“Tonight’s conversation takes us directly into questions that have been part of the American constitutional story for generations: questions about immigration, citizenship, government authority, individual rights, due process and the meaning of equal protection under the law,” Bertolino said. “These are legal questions. They are constitutional questions. But they are also deeply human questions because laws and policies ultimately affect people, families and communities.”

Das has defended immigrants facing detention and deportation, including movement leaders. Her work focuses on the intersection of immigration and criminal law through litigation and advocacy. A widely published scholar cited by the U.S. Supreme Court, she is also the author of ""No Justice in the Shadows: How America Criminalizes Immigrants "" (2020).

Das used the story of her longtime client and immigrant rights advocate Ravi Ragbir to illustrate how constitutional protections intersect with immigration enforcement. Ragbir, a lawful permanent resident who had served a sentence for a federal fraud conviction, later spent nearly two years in immigration detention while fighting deportation. After his release, he became an advocate for other immigrants facing detention and deportation.

Das represented Ragbir through continued attempts at deportation after he was detained again by immigration authorities in 2018. His legal team argued the government had targeted him because of his outspoken advocacy for immigrant rights, raising First Amendment questions about the government’s power to punish speech.

“No matter what the speech is, our government should not have the power to weaponize the immigration system in order to censor viewpoints or to control public debate,” Das said. “The beauty of the First Amendment is it protects not only our right to speak, but our right to listen. For the public to hear all sides of the debate and decide for ourselves what we believe is right or wrong.”

Ragbir’s case ultimately involved another power established by the Constitution: the presidential pardon. President Joe Biden granted Ragbir a full and unconditional pardon in January 2025, removing the criminal conviction that was the basis of his deportation proceedings.

Das urged the audience to view constitutional rights not simply as principles contained in a document, but as protections that depend on people asserting and defending them. “The Constitution holds great promise for immigrants in this country. But it is ultimately up to all of us to protect and advance those rights,” she said.

For two decades, Stockton has commemorated the signing of the United States Constitution with a keynote address each fall featuring prominent legal scholars, practitioners or journalists.

Prior to the keynote lecture, Das met with Political Science students for a question-and-answer session on the Constitution and immigration policy.

Stockton’s event is sponsored by the William J. Hughes Center for Public Policy, the Stockton University Foundation, University Advancement and the Office of the Provost.

--Story by Stacey Clapp; Photos by Abbigail Erbacher",https://stockton.edu/news/images/featured/constitution-day-2026-848x350.jpg,N,,2026-09-30 14:00:52.495791
,Agencies,2026-09-30 16:58:07+00:00,mlive,Nurse accused of helping immigrant escape ICE custody at Ann Arbor hospital - MLive.com,"Rose White | rwhite@mlive.com, Rose White, rwhite@mlive.com",,,,,https://www.mlive.com/news/2026/09/nurse-accused-of-helping-immigrant-escape-ice-custody-at-ann-arbor-hospital.html,"The nurse allegedly told investigators she was ""going to set him free"" because she did not agree with U.S. Immigration and Customs Enforcement separating people from their families.",Not Available,https://www.mlive.com/resizer/v2/7MMH3HSTS5ASJH4NUDBOOKDA7Y.png?auth=16c8d7803bc5e068e9159a8cd9c00127f354099550ea19672ccaa6ffe8016040&width=1280&smart=true&quality=90,N,,2026-09-30 13:59:59.496158
,Agencies,2026-09-30 16:52:16+00:00,https://www.kwch.com,Feds: 104 arrested during ICE enforcement push in southwest Kansas - KWCH,Angela Smith,,,,,https://www.kwch.com/2026/09/29/feds-104-arrested-during-ice-enforcement-push-southwest-kansas/,"The U.S. Attorney’s Office for the District of Kansas says 'Operation Safe Community' targeted noncitizens convicted of homicide, rape, and kidnapping.",Not Available,https://gray-kwch-prod.gtv-cdn.com/resizer/v2/SSWQE5QGJNH6BPJHUDC4CMBA7E.jpg?auth=0d3d6ebe6808ed03ef710eda2fe6a68537400a7e05850ecc5ce927f7ffc3dbd8&width=1200&height=600&smart=true,N,,2026-09-30 14:00:04.361670
,Agencies,2026-09-30 16:50:37+00:00,www.facebook.com,Indiana attorney general announces partnership with ICE to strengthen immigration ...,Not Available,,,,,https://www.facebook.com/16NewsNow/posts/indiana-attorney-general-announces-partnership-with-ice-to-strengthen-immigratio/1429390695994217/,Indiana attorney general announces partnership with ICE to strengthen immigration enforcement ⬇️,Not Available,,N,,2026-09-30 14:00:08.068094
,Litigation,2026-09-30 16:40:57+00:00,Courthouse News Service,"With deadline near, diversity visa applicants ask judge for extended relief",Carly Nairn,,,,,https://www.courthousenews.com/with-deadline-near-diversity-visa-applicants-ask-judge-for-extended-relief/,"SAN JOSE, Calif. (CN) — A group of diversity visa applicants asked a federal judge during a hearing Tuesday to extend the government’s deadline for processing applications.
He also granted in part class certification of subclasses for individuals whose diversity visas were on hold.
Morrison asked Davila for emergency supplemental relief for thousands of diversity visa applicants, and for U.S. consulates around the world to continue to adjudicate and issue up to 40,000 unused diversity visas.
But he asked if extending the diversity visa application processing period for the next 11 days — approximately the amount of time the government delayed restarting processing applications — was a measurable and appropriate action.
Citizenship and Immigration Services and the State Department issued the two policies that placed indefinite holds on green card applications and adjustment of diversity visa status.","SAN JOSE, Calif. (CN) — A group of diversity visa applicants asked a federal judge during a hearing Tuesday to extend the government’s deadline for processing applications.

Senior U.S. District Judge Edward Davila previously issued a preliminary injunction to temporarily force the State Department to restart processing the applications after the applicants challenged two government policies that had placed indefinite holds on green card applications and adjustment of diversity visa status. He also granted in part class certification of subclasses for individuals whose diversity visas were on hold.

But on Tuesday, Davila wondered how he could order the government to continue processing diversity visas after Sept. 30, the end of the fiscal year, and also generally the end of the government’s obligation to process diversity visas for 2026 under the Immigration and Nationality Act.

“Tell me the legal basis to extend the relief you are asking for,” he told plaintiffs’ attorney Curtis Morrison.

Morrison asked Davila for emergency supplemental relief for thousands of diversity visa applicants, and for U.S. consulates around the world to continue to adjudicate and issue up to 40,000 unused diversity visas. He argued Davila could find the government in contempt of court for not complying with his preliminary injunction.

“There has not been resumption of ordinary visa adjudications,” Morrison said. “It’s a Catch-22, if they are not invited to an interview they can’t attend an interview, so that is very frustrating for the plaintiffs.”

Morrison noted that while many of his thousands of plaintiffs have received relief, either in the form of rescheduled interviews, visa adjudications or issued visas, class members who had their visas on indefinite hold, or had their interviews canceled, had yet to see relief.

“The audacity of defendants to not schedule new interviews at all,” said Morrison to the court. “And I thought what is causing that? The defendants have interpreted the court’s order as applications to those who already had interviews scheduled.”

Davila said he was disappointed the government failed to follow the court’s order diligently, saying it frustrated the process by delaying adjudications due to retraining and sending cables to consulates about the new directives several days after the court’s order.

The judge said he felt giving the government a quota to fulfill would expand the court’s order beyond his legal authority to do so. But he asked if extending the diversity visa application processing period for the next 11 days — approximately the amount of time the government delayed restarting processing applications — was a measurable and appropriate action.

Department of Justice attorney Nag Young Chu said that Davila’s suggested remedy was likely against statutory law and that the government “substantially” complied with the court’s order.

“Because this such relief, it’s never been done before, I don’t logistically know how it would happen at the agency,” Chu said.

Furthermore, the attorney said, consulars stop processing new applications before the fiscal deadline and prioritize “security checks to explain certain deficiencies,"" adding that each consulate allocates its resources differently.

According to Davila, based on status reports supplied by the government three days a week since his Aug. 28 preliminary injunction, 3,814 visas have been processed.

Under the diversity immigrant visa program, the Department of State holds a lottery in which it randomly selects noncitizens from countries with historically low rates of U.S. immigration for the opportunity to apply for a green card. If an applicant is in the U.S. under a different visa at the time of selection, they must a submit form with Immigration Services to adjust their status to permanent resident.

Selection to the program does not guarantee a visa, just the ability to apply for one. Generally, the Department of State selects up to 55,000 immigrants to start the application process for each fiscal year.

In December 2025, the U.S. Citizenship and Immigration Services and the State Department issued the two policies that placed indefinite holds on green card applications and adjustment of diversity visa status.

And in February, the State Department issued a notice indefinitely pausing visa approval for 75 countries, requiring consular officers to refuse all immigrant visa applicants until the agency develops new guidance for them to assess if an applicant might become dependent on public assistance once in the U.S.

Davila said he would take the plaintiffs’ motion for supplemental relief under submission but did not indicate if he would publish an order before Sept. 30.",https://courthousenews.com/wp-content/uploads/2026/07/us-flag-rises-above-row-of-palm-trees-800x600.jpg,N,,2026-09-30 14:00:57.779910
,Litigation,2026-09-30 16:34:31+00:00,CIS.org,SCOTUS Stays Order Blocking 'Third-Country Removals' — for the Third Time,Andrew R. Arthur,,,,,https://cis.org/Arthur/SCOTUS-Stays-Order-Blocking-ThirdCountry-Removals-Third-Time,"The Supreme Court this week granted a Department of Justice (DOJ) application to stay an order issued by Judge Brian Murphy of the U.S. District Court for the District of Massachusetts (D.
The order blocked “third country” removal policies implemented by ICE under Trump II — and ironically, this was the third time the justices agreed to stay orders in this case.
Thus, those protection orders do not bar removal to any other country that will accept the alien.
Under those regulations, there are two different forms of CAT protection DOJ can grant: “withholding of removal” and “deferral of removal”.
As DOJ notes in its latest application to the Supreme Court: “Congress did not set forth any procedural requirements for third country removals.","The Supreme Court this week granted a Department of Justice (DOJ) application to stay an order issued by Judge Brian Murphy of the U.S. District Court for the District of Massachusetts (D. Mass.) in D.V.D. v. U.S. DHS, which the First Circuit affirmed in large part on September 18. The order blocked “third country” removal policies implemented by ICE under Trump II — and ironically, this was the third time the justices agreed to stay orders in this case. The Court also agreed to review the matter, and while there are major issues in this case, the basic ones are straightforward.

“Recalcitrant Countries”, “Statutory Withholding”, and CAT

Generally, DHS deports aliens under final removal orders to their countries of nationality, citizenship, birth, or residence, but Congress also specifically permits DHS to remove aliens to other, “third” countries, including ones not designated in removal orders.

Aliens are usually only sent to third countries in one of two situations: (1) their countries of removal are “recalcitrant”, meaning they refuse to accept their deported nationals; or (2) the aliens have been granted a limited form of protection, either “statutory withholding” of removal under section 241(b)(3) of the Immigration and Nationality Act (INA) or protection under the Convention Against Torture (CAT).

Only DOJ adjudicators (immigration judges and Board of Immigration Appeals members) can grant aliens statutory withholding or CAT, and to grant those protections, they must first order the alien removed and then issue an order barring DHS from removing the alien to a specified country or countries. Thus, those protection orders do not bar removal to any other country that will accept the alien.

As the regulation governing statutory withholding states: “Nothing in this section ... shall prevent [DHS] from removing an alien to a third country other than the country to which removal has been withheld or deferred.” The CAT regulation goes further, providing DHS can even send beneficiaries of that protection to countries from which removal was withheld or deferred if the State Department (DOS) receives assurances the aliens won’t be tortured there.

Unlike asylum and statutory withholding, CAT isn’t expressly provided for in the INA. While the United States signed the convention in April 1988 and ratified it in October 1994, that U.S. ratification was not “self-executing” and required congressional legislation to make it effective.

That legislation was section 2242 of the Foreign Affairs Reform and Restructuring Act of 1998 (FARRA), which made it U.S. policy “not to expel, extradite, or otherwise effect the involuntary removal of any person to a country where there are substantial grounds for believing that the person would be in danger of being subjected to torture”.

FARRA did not expressly explain how that policy was to be implemented, however, leaving it up to the “appropriate” executive-branch agencies to enact regulations to enforce CAT protections.

Under those regulations, there are two different forms of CAT protection DOJ can grant: “withholding of removal” and “deferral of removal”.

The latter is a more restrictive protection available to applicants for protection who are barred from receiving statutory withholding under section 241(b)(3)(B) of the INA (including because they are persecutors, have been convicted of a particularly serious crime, or pose a danger to the national security of the United States).

DHS’s Authority to Remove Aliens to Third Countries

Section 241(b) of the INA, “Countries to which aliens may be removed”, underscores how complex it is to remove aliens from this country, because Congress therein addresses nearly every removal scenario.

By statute, different “country of removal” rules apply depending on whether the alien was stopped while “arriving at the United States” — in which case the primary country of removal is the place where the alien boarded the plane or vessel that brought him to the United States, except if it is contiguous unless the alien is a native, national, citizen, or resident of that contiguous place — and every other case, when the alien can designate a country of removal.

Those “other aliens” can only designate contiguous places if they are natives, nationals, residents, etc., and DHS can disregard an alien’s designation if the alien fails to designate a country “promptly” (most asylum, statutory withholding, and CAT applicants don’t make a designation), or if the country won’t take the alien, or if DHS determines sending the alien to that country “is prejudicial to the United States”.

Regardless, the INA expressly permits DHS to remove an alien to a third country if that country will take the alien and removal to a specified or designated country is “impracticable, inadvisable, or impossible”.

As DOJ notes in its latest application to the Supreme Court: “Congress did not set forth any procedural requirements for third country removals. Instead, Congress entrusted the Executive Branch with ensuring that no alien will be removed to a country in which the alien will be tortured.”

The EO and the March 2025 Policy

On his first day back in office, January 20, 2025, President Trump issued Executive Order (EO) 14159, “Protecting the American People Against Invasion”, in which he directed DHS to take “all appropriate action” to deport removable aliens from the United States.

The next month, on February 18, ICE issued guidance directing its officers to review cases involving aliens who had been granted CAT withholding and deferral “to determine the viability of removal to a third country and accordingly whether the alien should be re-detained”.

Thereafter, on March 30, 2025, then-DHS Secretary Kristi Noem issued more formal “Guidance Regarding Third Country Removals”, which requires immigration officers attempting to remove an alien to a third country to first determine whether the Department of State (DOS) has received assurances that the alien will not be persecuted or tortured there.

“If the United States has received such assurances, and if [DOS] believes those assurances to be credible, the alien may be removed without the need for further procedures.”

If no such assurances have been issued, or DOS doesn’t think the assurances are credible, DHS must then tell those aliens they are being removed to a third country and refer them to USCIS asylum officers, “generally” within 24 hours, for a fear screening if they assert a fear of persecution or harm.

If USCIS concludes “the alien would more likely than not be persecuted on a statutorily protected ground or tortured in the country of removal”, asylum officers must send their cases to immigration court for review if they haven’t been in removal proceedings, generally because they were subject to expedited removal.

If they were ordered removed following removal proceedings, ICE will either file a motion to reopen with the immigration court or designate another country of removal.

Enter Judge Murphy

On March 23, 2025, a group of aliens and “proposed class members” with final removal orders filed a “class action complaint” with the D. Mass. challenging first the February ICE guidance. The matter was referred to Judge Murphy, and five days later — two days before the Noem guidance — he issued a temporary restraining order (TRO), followed by a preliminary injunction on April 18, 2025.

That preliminary injunction required DHS to: give written notice to any alien under a final order facing removal to a third country; provide those aliens an opportunity to raise a claim they would be tortured in that third country; move to reopen an alien’s immigration court case if the alien had shown a “reasonable fear” of harm in that third country; and give those aliens 15 days prior to removal to move to reopen their cases if DHS didn’t find they had a reasonable fear.

In addition, Judge Murphy certified a class of aliens facing removal to third countries who could take advantage of the foregoing requirements, in possible contravention of language in section 242(f) of the INA that suggests only the Supreme Court can issue injunctive relief.

The First Circuit and the Supreme Court Got Involved — And Things Got Messy

On April 22, 2025, DOJ sought a stay pending appeal of Judge Murphy’s order from the First Circuit, and while the First Circuit denied an emergency stay on May 16, 2025, it also set the government’s appeal for briefing, which logically divested Judge Murphy of authority to issue any further orders in the matter.

That denial prompted the department, on May 27, 2025, to file an application for a stay of Judge Murphy’s injunction with the Supreme Court, which a majority of the justices granted “pending the disposition of” DOJ’s appeal in First Circuit in an order issued on June 23, 2025.

Keep the timing in mind as I explain that on May 21, 2025, Judge Murphy issued an “Order on Remedy for Violation of Preliminary Injunction”, along with a memorandum holding DHS had failed to provide “six non-citizen class members” a “meaningful opportunity” to make CAT claims before the department attempted to send them to South Sudan, finding they had only been given a 24-hour heads-up.

Specifically, Judge Murphy therein required DHS to give such aliens at least 10 days’ notification before a third-country removal to make a CAT claim, essentially modifying his April 18 order.

When the Supreme Court issued its order staying the April 18 injunction, those six were being held at a U.S. military base in Djibouti (on the Horn of Africa), and shortly after the justices acted, their counsel filed an “emergency motion” with Judge Murphy to enforce the May 21 order and prevent their transfer to South Sudan, or alternatively for the court to issue individual temporary restraining orders in their cases.

Apparently without waiting for DOJ to respond, Judge Murphy issued an electronic docket order finding his May 21 order “remains in full force and effect, notwithstanding today's stay of” his April preliminary injunction by the Supreme Court — and citing to Justice Sotomayor’s dissent from the June 23 Supreme Court order.

The next day, DOJ returned to the Supreme Court with a motion asking the justices to make clear their order applied to all the injunctive orders Judge Murphy has issued, including the May 21 order and memorandum.

On July 3, 2025, a majority of the justices granted that motion, clarifying for the parties and the lower courts that the “June 23 order stayed the April 18 preliminary injunction in full” and that the May 21 “remedial order” couldn’t “be used to enforce an injunction” the Court’s “stay rendered unenforceable”.

Even Justice Kagan — who had dissented from the June 23 stay — wrote to state that she did “not see how a district court can compel compliance with an order that this Court has stayed”, concurring in the majority’s “clarification” of its earlier order.

Onward — and Now Upward

That sent the case back down, and on February 25, Judge Murphy issued a final judgment ruling that DHS’s March 30, 2025, guidance and its subsequent July 9, 2025, guidance on “Third Country Removals Following the Supreme Court’s Order in Department of Homeland Security v. D.V.D.” (which directed adherence to the March 30 guidance) were unlawful.

As the D. Mass. stated in its conclusion:

The Court DECLARES that class members have the right to meaningful notice before removal to any third country.

The Court DECLARES that class members have the right to a meaningful opportunity to raise a country-specific claim against removal before removal to any third country.

Simply put, Judge Murphy concluded that the two DHS policies didn’t comply with those rights.

That sent the matter back to the First Circuit, which on September 18 affirmed Judge Murphy’s latest order to the extent that it, inter alia, concluded it had jurisdiction to consider the aliens’ claims, entered class-wide relief, and held that the statutory withholding provision, section 241(b)(3) of the INA, and FARRA require DHS to give aliens notice and an opportunity to raise statutory withholding and CAT claims prior to a third-country removal.

Then on September 23, the circuit court dissolved its stay of Judge Murphy’s order that it had issued pending appeal, sending the department back to the Supreme Court the next day seeking a stay of that order and an “immediate administrative stay”.

As one legal expert has explained, “administrative” or “temporary” stays are “a little examined device that federal courts employ to freeze legal proceedings until they are able to rule on a party’s request for a stay pending appeal”. In other words, an administrative stay doesn’t resolve issues so much as it puts them on ice while they can be resolved.

At the heart of DOJ’s request for an administrative stay was its claim that:

The unexpected springing-back of [the] district court’s order has ... created substantial logistical problems with ongoing removal operations — including the cancellation of flights — and led to added expense, potential diplomatic issues, and the inability to remove dangerous criminals. For example, DHS informs us that it has already canceled a flight to three separate countries carrying 70 aliens with criminal convictions (including aggravated assault and serious drug offenses), and that the cancellation has required a new round of diplomatic engagement with each of the three countries. Those disruptions will only get worse.

More broadly, DOJ contends that under DHS’s third-country removal policy, prompt deportations only occur when the country “has credibly assured the Secretary of State that it will not persecute or torture anyone”, but that “absent such assurances, the alien will be given notice of his removal to that country and an opportunity to raise any fears of potential persecution or torture there”.

On September 29, the Supreme Court granted the stay, treated the application as a petition for writ of certiorari, and agreed to consider the government’s appeal, including on the question of whether the DHS third-country removal guidance is unlawful under the Constitution, the INA, or FARRA and its implementing regulations.

Key Questions

One practitioner explained that the circuit-court opinion “did not say what process a fear claim receives once raised. It called the evidentiary-hearing question neither ripe nor fully joined and left it to the district court. It did not reach the Constitution.”

That said, and while there are other issues in the case (including the major question of “whether the district court had authority to enter classwide declaratory relief”) as a practical matter, there aren’t that many major disputes surrounding third-country removals per se. Specifically, DOJ explains in its latest application that:

Everyone agrees that DHS may remove such an alien to a country not listed in the order (i.e., a “third country”) if that country is willing to accept the alien and certain other conditions are met. Everyone likewise agrees that the alien may not be removed to a country where he will be persecuted or tortured.

If the U.S. government has assurances no alien will be persecuted or tortured in a third country, does any alien have a right to contend he would be? And if an alien has no ties to a third country, how valid is a claim he’d be harmed there and how should it be assessed? The justices will soon mull those questions, albeit indirectly, in a case they’re already very familiar with.",https://cis.org/sites/default/files/2025-04/SCOTUS-social2.jpg,N,,2026-09-30 14:01:00.631469
,Human Rights,2026-09-30 16:19:10+00:00,The Leadership Conference on Civil and Human Rights,New Civil Rights Monitor Poll from The Leadership Conference on Civil and Human Rights ...,The Leadership Conference,,,,,https://civilrights.org/2026/09/30/civil-rights-monitor-poll/,"Now in its fifth year, the Civil Rights Monitor shows a record of American values and attitudes on human rights.
Despite Fears on Race Relations, Core Civil Rights Values Remain Broadly Shared: 92% of voters say America’s diversity makes it stronger.
Black voters have seen this playbook before, which helps explain why they are both the most alarmed group in the electorate and are highly motivated to vote.
Disapproval of the Supreme Court Has Grown Every Year Since 2023: Disapproval of the Court now reaches 57% among all voters and 83% among Black voters, with 39% of all voters strongly disapproving.
A question long treated as a measure of white resentment now captures Black voters’ sense that their culture is under threat.","FOR IMMEDIATE RELEASE

September 30, 2026

Contact: press@civilrights.org

National poll also finds 71% oppose cutting Medicare and SNAP to fund ICE, 92% say America’s diversity makes it stronger, and a majority supports a Third Reconstruction

WASHINGTON — Voters are heading into the 2026 midterm elections with deep anxieties about their rights and the health of American democracy, according to a new national poll commissioned by The Leadership Conference on Civil and Human Rights and conducted by polling firm Brilliant Corners Research. Now in its fifth year, the Civil Rights Monitor shows a record of American values and attitudes on human rights. This is a national survey of 1,000 likely voters, conducted by phone using professional interviewers from August 23 to September 6, 2026.

Key Findings

Voters Fear Interference in the 2026 Elections: 77% are concerned about political leaders pressuring election officials to change outcomes, 65% about the federal government trying to stop the elections by declaring a state of emergency, and 62% about ICE showing up at polling places to intimidate or interfere with voters.

Anxiety About Rights and Democracy Reached Poll Series Highs: 82% of voters are concerned that rights are being rolled back and 76% are convinced that democracy is under major threat, the largest year-over-year increases in the Civil Rights Monitor.

Voters Overwhelmingly Reject Cutting Social Programs to Fund ICE: 71% oppose taking money from programs like Medicare and SNAP to cover the agency’s budget increase from $10 billion to $85 billion, including 61% who strongly oppose.

A Majority Says Race Relations are Getting Worse: 53% of voters believe race relations in America are getting worse, a view that has reached a series high among Black voters, while only 14% believe they are getting better.

Black Voters are the Most Alarmed and the Most Motivated Group in the Electorate: They register a series high on the view that race relations are getting worse, 83% of them disapprove of the Supreme Court, and 83% are very concerned about their rights being taken away.

Despite Fears on Race Relations, Core Civil Rights Values Remain Broadly Shared: 92% of voters say America’s diversity makes it stronger.

Maya Wiley, president and CEO of The Leadership Conference, said: “What worries voters most right now ought to worry all of us, because they are describing threats to the machinery of democracy itself. Majorities of Americans fear political leaders pressuring election officials to change outcomes, a federal government willing to declare a state of emergency to stop the elections, and ICE showing up at polling places to intimidate voters. More than eight in 10 are worried that our rights and freedoms are being stripped away in this country. Black voters have seen this playbook before, which helps explain why they are both the most alarmed group in the electorate and are highly motivated to vote. The civil rights community will match that resolve, and we will spend this fall protecting every voter and every freedom under attack.”

The Issues

Immigration Enforcement Declined as a Priority: Border security dropped to 14% from 20% and deportations to 9% from 10%, a combined slide from 30% to 23% over the past year.

Voting Rights is a Top Issue in its First Year on the List: Protecting voting rights was chosen by 14% of voters, matching border security and outpacing abortion rights (10%) and fighting racial discrimination (9%).

ICE and Immigration Enforcement

A Majority of Voters Disapprove of ICE: 38% approve of the agency’s performance against 58% who disapprove, and opponents feel it more strongly, with 48% strongly disapproving compared with 25% who strongly approve.

Voters See ICE Violating Due Process and Rights: Half of voters strongly agree (rating their agreement 8 or higher on a scale of zero to 10) that ICE is violating due process and undermining people’s rights and the law, while 44% agree at that level that the growth and use of the agency is designed to intimidate people of color.

Critiques of ICE Differ by Community: Black voters agree most intensely that ICE is a political tool meant to reduce the number of Black and Brown people in the country (74%, compared with 40% among all voters).

71% Oppose Cutting Medicare and SNAP to Fund ICE: Voters oppose funding the agency’s growth from $10 billion to $85 billion out of social programs, with 61% strongly opposed.

Democracy and the 2026 Elections

Voter Motivation Remains High for a Midterm: 84% of voters say they will definitely vote in November, with a mean motivation score of 8.7 on a scale of zero to 10. 69% are dissatisfied with the direction of the country.

Voters Fear Efforts to Change Election Outcomes: 80% worry about foreign governments interfering with our elections, and 77% about political leaders pressuring election officials to change outcomes, with 55% very concerned about that pressure.

Majorities Fear Federal Interference at the Polls: 65% are concerned about the federal government trying to stop the elections by declaring a state of emergency, and 62% about ICE showing up at polling places to intimidate or interfere with voters.

A Majority of Voters Want Calmer Politics: 56% of voters say they would like to see our politics return to something calmer and less divided, compared with 36% who want leaders to keep up the pace of change while ensuring it helps families like theirs.

Race, Rights, and Discrimination

A Majority Says Race Relations are Getting Worse: 53% of voters believe race relations in America are getting worse, a view that has reached a series high among Black voters, while only 14% believe they are getting better.

Worry About White Supremacy has Risen Every Year Since 2023: Concern about the rise of white supremacy now stands at 57% overall, with 39% of voters very worried.

Disapproval of the Supreme Court Has Grown Every Year Since 2023: Disapproval of the Court now reaches 57% among all voters and 83% among Black voters, with 39% of all voters strongly disapproving.

Fewer Voters See Reverse Discrimination as a Big Problem: Agreement that reverse discrimination against white people is a big problem has fallen to 37%, with the decline concentrated among white voters, and only 32% agree that forced diversity and inclusion amounts to racism against white people.

Black Voters are Now Most Likely to Say Their Heritage is Under Attack: Agreement that “your heritage, traditions, and cultural identity is under attack in America” stands at 52% overall and is increasingly driven by Black voters, whose agreement has ranged from 71% to 83% in every poll since 2023 and stands at 81% today, while agreement among white voters has fallen from 54% in 2022 to 45%. A question long treated as a measure of white resentment now captures Black voters’ sense that their culture is under threat.

The Economy and Technology

71% Say the American Dream is Increasingly Out of Reach: Stagnant wages and rising costs drive that view, and 67% say the same about the concentration of power and wealth in the hands of a few.

Large Majorities Back a Higher Minimum Wage and Universal Healthcare: 74% want the minimum wage raised to match the cost of living and 71% support universal healthcare coverage, while narrower majorities back a universal basic income (53%) and a $25 minimum wage (51%).

83% Say Americans are Sacrificing Too Much Privacy to Big Tech: Voters say too much privacy is being given up for the convenience and profit of big tech, and they also view artificial intelligence as a threat to jobs (66%) and to democracy and elections (66%).

Half of Voters Want Data Center Construction Paused: 50% say construction should be paused or even banned until better regulations are in place, another 33% want companies to pay their utility and infrastructure costs in full and invest in community programs, and only 11% have no problems with it.

A Third Reconstruction

Voters Support a Third Reconstruction: Voters back the idea of a systemic, constitutional, and cultural overhaul to secure a robust multiracial democracy by 54% to 36%, including 32% who strongly support it. The concept would ensure voting rights, institute term limits for Supreme Court justices, and reduce income inequality through public programs.

Every Racial and Partisan Group Rated Voting Rights as the Top Priority: Protecting the freedom to vote earned the highest importance ratings of any civil rights work tested, rated 8 or higher out of 10 by 57% of white voters, 81% of Black voters, 88% of Hispanic voters, and 84% of Asian American voters.

Methodology

This is a national survey of 1,000 likely voters with an oversample of 100 Asian American likely voters, conducted by phone using professional interviewers from August 23 to September 6, 2026. The sample was drawn randomly from the voter file, geographically stratified for proportional representation, and weighted to the population demographics of voters in the file. The overall margin of error is +/- 3.1% at a 95% confidence interval, and margins for sub-groups are higher depending on sample size.

The Leadership Conference on Civil and Human Rights is a coalition charged by its diverse membership of more than 240 national organizations to promote and protect the rights of all persons in the United States. The Leadership Conference works toward an America as good as its ideals. For more information on The Leadership Conference and its member organizations, visit www.civilrights.org.

###",https://civilrights.org/wp-content/uploads/2025/06/CivilRightsProtections.jpg,N,,2026-09-30 13:59:46.803440
,Human Rights,2026-09-30 16:11:27+00:00,CBC,U.S. Supreme Court says Trump can continue deportations to 3rd countries — for now - CBC,"CBC, Thomson",,,,,https://www.cbc.ca/news/world/trump-deportations-third-countries-supreme-court-9.7362999,"The court also agreed to hear arguments in the dispute in December, with a formal ruling on policy to follow.
Its three ​liberal justices dissented from the decision to let the deportations immediately resume pending the final outcome of ​the litigation.
The Supreme Court previously sided with the administration in the legal challenge, suspending a preliminary order that Murphy issued earlier in the case halting the ⁠removals.
In another win for the administration, the Supreme Court subsequently lifted limits the judge had imposed to protect a group of men from being sent to South Sudan.
In its emergency filing to the Supreme Court, the Justice Department said third-country deportations are ""an essential tool to remove certain aliens, including some of the worst criminal aliens.""","The U.S. Supreme Court on Tuesday let President Donald Trump's administration resume deporting migrants to countries other than their own without offering them the chance to show the ‌harms they may face, bolstering a tool his administration has used for rapid expulsions as part of his immigration crackdown.

The court granted the Justice Department's emergency request to put on hold Boston-based U.S. District Judge Brian Murphy's ruling that the Department of Homeland Security's (DHS) policy to remove migrants to so-called third countries is unlawful. The court also agreed to hear arguments in the dispute in December, with a formal ruling on policy to follow.

The court has a 6-3 conservative majority. Its three ​liberal justices dissented from the decision to let the deportations immediately resume pending the final outcome of ​the litigation.

Murphy's ruling came in a class-action lawsuit filed by immigrant rights groups on behalf of migrants seeking to prevent the U.S. government from sending them to third countries without notice and a chance to assert the harms they could face.

More than 25,000 migrants have been deported to 29 ​countries under the policy implemented last year, according to a tally by human rights groups, with the vast majority going to Mexico.

The policy is ⁠one of a number of measures the ⁠administration has taken in its pursuit of Trump's goal of mass deportation. The Republican president has enforced ‌a sweeping crackdown on immigration — among his top priorities — since returning to office last year.

The administration has carried out third-country deportations to politically unstable South Sudan, which the U.S. State Department urges Americans to avoid due to the risks of crime, kidnapping and armed conflict, as well as Uganda, Equatorial Guinea, Liberia, the Central African Republic and other nations.

The Supreme Court previously sided with the administration in the legal challenge, suspending a preliminary order that Murphy issued earlier in the case halting the ⁠removals. In another win for the administration, the Supreme Court subsequently lifted limits the judge had imposed to protect a group of men from being sent to South Sudan.

The case began in 2025 after the DHS moved to step up deportations of migrants who cannot be returned to any country listed on their deportation orders.

Migrants with legal protection being sent home

The policy provided that migrants could be ‌swiftly removed without notice to third countries that have provided credible diplomatic assurance that they will not persecute or torture the individuals. For countries that have not provided such assurance, deportees would be notified of their destination and U.S. authorities would assess the likelihood of persecution or torture only if the individual raises such fear on their own.

In February, Murphy ruled that the policy violates immigration law procedures and due process protections under the U.S. Constitution's Fifth Amendment. Due process generally requires the government to provide ​notice and an opportunity for a hearing before taking certain adverse actions.

In its emergency filing to the Supreme Court, the Justice Department said third-country deportations are ""an essential tool to remove certain aliens, including some of the worst criminal aliens.""

But both Murphy and critics ⁠of the administration said the policy is also targeting migrants who had been granted legal protection from being sent back to their home countries.

The policy has resulted in deportees being ⁠unlawfully transferred by third countries back to their home countries from which the U.S. had already granted them protection, while others have been beaten, sexually assaulted, detained or have disappeared, ⁠the plaintiffs said ⁠in a court filing.

The administration is ignoring ""the significant harm resulting from ​deporting thousands of longtime U.S. residents, many with no criminal history, to third countries without regard to the persecution or torture they face there,"" the plaintiffs said.

The case has been hotly contested since it began, and included findings by Murphy that the administration ""repeatedly violated, or attempted to violate"" his orders. Murphy in 2025 found that the administration had violated another order he issued requiring additional steps before attempting to send a group of migrants to South Sudan.

More than a dozen United Nations human rights experts have written to the U.S. government urging a halt to policies that they said on Monday were putting migrants at heightened risk of abuse, including torture and persecution, by deporting them to third countries.

""At gravest risk are children, women, persons with disabilities, victims of trafficking, ⁠LGBT persons, human rights defenders, stateless persons and other people ‌in extremely vulnerable situations,"" they said, without documenting individual cases.","https://i.cbc.ca/ais/d8c02555-f78d-40ca-ae9d-99618af47878,1790712796198/full/max/0/default.jpg?im=Crop%2Crect%3D%280%2C0%2C5616%2C3159%29%3BResize%3D620",N,,2026-09-30 13:59:49.772704
,Policy,2026-09-30 16:04:20+00:00,POLITICO,Senate's Justice urges ICE to dial back enforcement sweeps - Live Updates - POLITICO,"Rachel Shin, Mia McCarthy, Jordain Carney, Jasper Goodman, Riley Rogerson, Calen Razor",,,,,https://www.politico.com/live-updates/2026/09/30/congress/republican-on-ice-maybe-were-doing-something-wrong-here-01098256,Sen. Jim Justice is weighing in amid ranchers' outcry over the impact of immigration enforcement activities on their industry.,Not Available,https://www.politico.com/dims4/default/ea50c97/2147483647/resize/1200x/quality/90/?url=https%3A%2F%2Fstatic.politico.com%2F47%2F77%2Fdc4db7c04b5689951392f534ee5c%2Fu-s-congress-12365.jpg,N,,2026-09-30 13:01:34.183883
,Policy,2026-09-30 16:02:06+00:00,www.washingtonpost.com,Immigrants with legal status at risk of being dropped from Medicaid - The Washington Post,,,,,,https://www.washingtonpost.com/health/2026/09/30/immigrants-with-legal-status-risk-being-dropped-medicaid/,... Congress passed the bill and Trump signed it into law. Much of the ... The Trump administration has also moved to kick people with legal ...,Not Available,https://www.washingtonpost.com/favicon.svg,Y,,2026-09-30 13:01:38.682301
,Policy,2026-09-30 15:48:03+00:00,Colorado Newsline,"Refugee Coloradans work, pay taxes and build communities. Why strip away their healthcare?","Kristy Beachy-Quick, Paula Schriefer, Chase Woodruff, Lindsey Toomer, Stephanie Rivera",,,,,https://coloradonewsline.com/2026/09/30/refugee-coloradans-pay-taxes-and-build-communities/,"In July 2025, H.R.1 — the “One Big Beautiful Bill Act” — revoked federal Medicaid eligibility for refugees and other categories of lawfully present immigrants.
For decades, the U.S. was a global leader in refugee resettlement.
CWS and other resettlement agencies help refugee Coloradans who are managing diabetes, heart disease and acute conditions requiring surgery and follow-up care.
Those contributions are measurable: Refugee Coloradans paid $127.1 million in state and local taxes and $233.3 million in federal taxes in 2023.
Maintaining healthcare access supports the wellbeing, stability and economic self-sufficiency of refugee families — and the communities we all call home.","Congress has been shamefully complicit. In July 2025, H.R.1 — the “One Big Beautiful Bill Act” — revoked federal Medicaid eligibility for refugees and other categories of lawfully present immigrants. The ugly result is that beginning Thursday, approximately 7,000 Coloradans — including refugees, asylees, humanitarian parolees, and trafficking survivors — are expected to lose healthcare coverage.

How has it come to this?

For decades, the U.S. was a global leader in refugee resettlement. Americans could take pride in offering some of the world’s most vulnerable displaced people an opportunity to safely start over. Long standing policy gave refugees access to modest benefits to help them succeed in integration, including immediate eligibility for Medicaid.

What changed? The first Trump administration justified deep cuts to refugee admissions partly by arguing the U.S. could help more displaced people through humanitarian assistance closer to home than by resettling them here. Yet it also proposed major foreign assistance cuts, even as the worldwide refugee population grew.

The current administration has gone further, gutting USAID while directing considerable taxpayer resources toward expanded immigration enforcement and sweeping deportations. This includes gratuitously re-vetting refugees already legally admitted to the U.S. and making costly agreements to deport immigrants to third countries with which they have no connection — a practice unacceptable to nearly two-thirds of surveyed Americans.

The contrast is stark: Federal resources are funding expanded enforcement and deportation while healthcare coverage and other humanitarian supports are being eviscerated.

The stakes of losing healthcare coverage are high for refugees and their communities. Some arrive with serious medical conditions requiring ongoing treatment. Many are recovering from trauma. CWS and other resettlement agencies help refugee Coloradans who are managing diabetes, heart disease and acute conditions requiring surgery and follow-up care. Losing Medicaid does not erase those needs. Instead, it will leave conditions untreated and shift greater pressure onto local hospitals, food banks, faith communities and nonprofits.

At the same time, refugees must support their families, and those of working age are expected to find employment and move toward self-sufficiency almost immediately upon resettlement. Medicaid access promotes the ability to enter and remain in the workforce, especially as refugees often face barriers to living-wage jobs with benefits when their education, experience or credentials are interrupted or unrecognized.

Reliable healthcare provides stability as resettlement agencies and organizations like Spring Institute for Intercultural Learning help newcomers develop skills, find jobs and advance careers. As refugees build livelihoods, their work supports their families while contributing substantially to our shared prosperity.

Those contributions are measurable: Refugee Coloradans paid $127.1 million in state and local taxes and $233.3 million in federal taxes in 2023. A U.S. Department of Health and Human Services analysis found that refugees and asylees generated tens of billions of dollars more in tax revenues over 15 years than they cost in government services. In Colorado, researchers estimate refugees generate $1.68 in economic activity for every $1 in assistance.

In short, refugees don’t simply receive public support. They work, pay taxes, care for their families and help fund public systems that we all rely on.

Whatever disagreements exist about U.S. immigration policy, these Medicaid changes starting Oct. 1 affect refugees who are already Coloradans raising families and striving for secure futures.

The urgent question is whether our country will honor the commitments made to them — or bear the ethical and practical consequences of increasing uninsurance, growing uncompensated care and destabilized families.

Congress should restore Medicaid eligibility for refugees and other affected humanitarian populations. Refugees have overcome enormous challenges and contribute tremendously when given the opportunity to start anew. Maintaining healthcare access supports the wellbeing, stability and economic self-sufficiency of refugee families — and the communities we all call home.",https://coloradonewsline.com/wp-content/uploads/2021/06/imadali_worldrefugeeday11.jpg,N,,2026-09-30 13:01:56.004053
,Agencies,2026-09-30 15:43:16+00:00,prospect.org,Disturbing Pictures of Neglect in ICE Mortality Reviews - The American Prospect,Not Available,,,,,https://prospect.org/2026/09/30/ice-neglect-immigration-deportation-mortality-reviews/,This will only take a few seconds...,This will only take a few seconds...,"data:;base64,=",N,,2026-09-30 14:00:10.406716
,Human Rights,2026-09-30 15:43:04+00:00,Bradenton Herald,Community outraged after ICE agents assault US citizen in Naples Manor | Bradenton Herald,"Tomas Rodriguez, Fort Myers News-Press & Naples Daily News, June Sanson",,,,,https://www.bradenton.com/news/article317440579.html,"The group plans to protest later this week after federal agents on Sept. 23 wounded a U.S. citizen during a Naples Manor raid.
Graphic images shared with the Naples Daily News and The News-Press show an ICE agent pointing a gun toward bystanders.
Sanson said community members plan to protest last week's assault on Oct. 2 at 11145 Tamiami Trail East, in Naples.
Tomas Rodriguez is a Breaking/Live News Reporter for the Naples Daily News and The News-Press.
This article originally appeared on Naples Daily News: Community outraged after ICE agents assault US citizen in Naples Manor Reporting by Tomas Rodriguez, Fort Myers News-Press & Naples Daily News / Naples Daily News USA TODAY Network via Reuters Connect Copyright Reuters or USA Today Network via Reuters Connect","June Sanson has lived in Collier County for about two decades, but says a surge in immigration encounters across Southwest Florida has led her to advocate for her neighbors.

Sanson, a legal observer with Rapid Response Alliance for Immigrant Safety and Empowerment, is among those helping migrant families and who has lived in Collier County since 2009, although relatives had already lived in the area since the 1980s.

Rapid Response Alliance for Immigrant Safety and Empowerment is a coalition of human rights leaders, advocates, civil rights attorneys and immigration law experts.

The group plans to protest later this week after federal agents on Sept. 23 wounded a U.S. citizen during a Naples Manor raid. Graphic images shared with the Naples Daily News and The News-Press show an ICE agent pointing a gun toward bystanders.

ICE did not immediately respond to a request for comment.

""When we hear of an ICE encounter, we go to the scene and we watch and record objectively,"" Sanson said. ""We complete a report and submit that to the the RAISE coordinator here in Florida to be reviewed for civil rights violations.""

Sanson added that ""every one of these encounters seems to be a civil rights violation solely based on the color of people's skin.""

""When when you see these encounters happen, it's always a person of color,"" Sanson reiterated. ""It's never a white person. Never a white person that they stop.""

Sanson said observers coordinate to make sure at least two bystanders are at every ICE encounter.

""One person can be recording and possibly calling out to the detainee their civil rights, like you have the right to remain silent, you have the right to request an attorney,"" Sanson explained.

She added that many of them have dash cams and wear vests to identify as legal observers.

Agent under scrutiny confronted legal observers in SW Florida before

Sanson explained that during one of their patrols, she and another legal observer pulled into an Immokalee gas station.

""I had turned around and started walking back toward the gas station where their vehicles were parked,"" Sanson said.

That is when according to her recollection, the agent she identified as injuring the U.S. citizen Sept. 22 previously pointed his gun at her.

According to Sanson, the agent pointed the gun at her and demanded that she move her vehicle.

Palm Beach Boulevard: The hotspot

Sanson said observers have noticed a pattern, making Palm Beach Boulevard a hotspot for immigration enforcement.

""They're out there every single morning,"" Sanson said. ""It's really hard to miss that one.""

Sanson said other areas, such as Immokalee or Bonita Springs, have seen a downward trend.

Detainees frequently moved out-of-state

Sanson said detainees are frequently moved out of state, making it difficult to ensure legal representation.

""It's very difficult for somebody that's in ICE custody to get any representation at all,"" Sanson said. ""It's very difficult because they're moved around so quickly and hidden. And by the time they show up on the government website as being in custody, they're moved to another place.""

Sanson said they have worked with Sanctuary of the South and with the Workers Circle, which provide affordable legal representation for detainees.

Sanson said she is aware of at least three U.S. who have been arrested as part of Lee County immigration sweeps, all charged with resisting arrest.

""It's oftentimes a violent detention for an immigrant. They're usually pushed to the ground, which isn't necessary to handcuff them,"" Sanson said. ""Sometimes it's not violent, but it's often violent for the immigrant.""

Sanson said ""the entire community is traumatized.""

""Our community members of color are very afraid,"" Sanson said. ""They're afraid to go to their doctor's appointments. Children are afraid to go to school. They're afraid that they're going to come home to an empty house, and many of them do.""

Sanson said community members plan to protest last week's assault on Oct. 2 at 11145 Tamiami Trail East, in Naples.

Since Florida's State Board of Immigration Enforcement began documenting ICE encounters and arrests across the state on Aug. 1, 2025, the Lee County Sheriff's Office is second statewide behind the Florida Highway Patrol when it comes to immigration encounters.

Through Sept. 29, the Lee County Sheriff's Office has logged 3,770 encounters and is third statewide behind the Florida Highway Patrol and the Martin County Sheriff's Office in encounters that lead to arrests on federal immigration charges, with 1,030 documented cases.

The Collier County Sheriff's Office leads the count in arrests on local and state charges and is the only statewide law enforcement agency to reach 1,000 arrests in that category.

Tomas Rodriguez is a Breaking/Live News Reporter for the Naples Daily News and The News-Press. You can reach Tomas at TRodriguez@usatodayco.com or 772-333-5501. Connect with him on Threads @tomasfrobeltran, Instagram @tomasfrobeltran, Facebook @tomasrodrigueznews and Bluesky @tomasfrodriguez.

This article originally appeared on Naples Daily News: Community outraged after ICE agents assault US citizen in Naples Manor

Reporting by Tomas Rodriguez, Fort Myers News-Press & Naples Daily News / Naples Daily News

USA TODAY Network via Reuters Connect

Copyright Reuters or USA Today Network via Reuters Connect",https://www.mcclatchy-wires.com/public/incoming/oqp2ls/picture317440330/alternates/LANDSCAPE_1200/f7191cde-3bf9-4912-9108-45a01a38dd7e,N,,2026-09-30 13:02:07.755712
,Agencies,2026-09-30 15:39:50+00:00,www.wavy.com,ICE arrest made in Norfolk | WAVY.com,Not Available,,,,,https://www.wavy.com/news/local-news/norfolk/ice-arrest-made-in-norfolk/,"In the press release, the DHS stated: “Being in detention is a choice. We encourage all illegal aliens to take control of their departure using the ...",Not Available,,N,,2026-09-30 14:00:41.753308
,Human Rights,2026-09-30 15:01:49+00:00,Arab American Institute,The U.S. Has Abandoned Its Commitment to Refugee Resettlement - Arab American Institute,AAI,,,,,https://www.aaiusa.org/library/the-us-has-abandoned-its-commitment-to-refugee-resettlement,"During his first administration, President Trump dramatically cut refugee admissions, bringing resettlement to its lowest levels since the creation of USRAP and leaving lasting damage to the program.
President Biden moved to rebuild the program, raising the refugee admissions ceiling to 125,000 per fiscal year.
In Pacito v. Trump, refugees, their family members, and refugee resettlement organizations challenged the administration’s suspension of refugee admissions and resettlement services.
Rather than treating resettlement as the beginning of safety and stability, these policies leave even previously admitted refugees vulnerable to renewed scrutiny and disruption.
By selectively reopening refugee admissions, the administration is sending a message about who is welcome in the United States and whose persecution is recognized.","The United States has a long history of welcoming refugees fleeing persecution, war, and humanitarian crises. Since its creation in 1975, the U.S. Refugee Admissions Program (USRAP), managed collaboratively by the Department of State, Department of Homeland Security, and nongovernmental partners, has helped resettle more than three million refugees from around the world.

During his first administration, President Trump dramatically cut refugee admissions, bringing resettlement to its lowest levels since the creation of USRAP and leaving lasting damage to the program. President Biden moved to rebuild the program, raising the refugee admissions ceiling to 125,000 per fiscal year. In fiscal year 2024, the United States admitted more than 100,000 refugees.

On the first day of his second term in office, President Trump signed an Executive Order (EO) indefinitely suspending USRAP, claiming that the entry of additional refugees would be “detrimental to the interests of the United States.” The order establishes a policy of admitting refugees on a case-by-case basis, at the discretion of the Departments of State and Homeland Security and requires that those admitted be able to “fully and appropriately assimilate.”

The suspension of USRAP has also faced ongoing legal challenges. In Pacito v. Trump, refugees, their family members, and refugee resettlement organizations challenged the administration’s suspension of refugee admissions and resettlement services. In March 2026, the Ninth Circuit largely reversed a lower court injunction that had required the government to continue processing and admitting refugees. The case remains ongoing.

In 2025 the Trump administration announced by EO an exception to its blanket refugee ban to allow for the resettlement of Afrikaners – primarily white South Africans - citing “government-sponsored race-based discrimination.” According to Department of State statistics, the U.S. admitted 12,904 refugees in fiscal year 2026 as of August 31. Of those, 12,901 were South African, representing 99.9 percent of admissions.

Why it Matters:

The Trump administration’s indefinite suspension of USRAP is part of a broader effort to frame refugees and immigrants as threats to national security. The administration has repeatedly invoked “vetting” and “national security,” to justify policies that stoke fear and xenophobia while restricting humanitarian admissions, even though refugees already undergo extensive security screening before entering the United States.

Refugees admitted through USRAP undergo extensive background checks, security screenings, and medical evaluations involving multiple U.S. government agencies and international partners. The process is among the most rigorous pathways for admission to the United States. Yet even refugees who have completed this process have seen their travel canceled and applications halted.

The suspension of USRAP has had devastating consequences for vulnerable populations around the world, including Arab refugees from Syria, Iraq, and Yemen. In 2025, thousands of refugees who had been fully vetted, cleared legal and security requirements, and prepared to resettle in the United States saw their travel abruptly canceled. These are individuals and families who have already endured war, displacement, and persecution.

The administration is also reportedly reviewing and reinterviewing refugees who were already admitted to the United States under the Biden administration. This has created new uncertainty for people who had completed the U.S. government’s screening process and begun rebuilding their lives in the country. Rather than treating resettlement as the beginning of safety and stability, these policies leave even previously admitted refugees vulnerable to renewed scrutiny and disruption.

The administration’s decision to suspend USRAP while creating an exception for white South Africans raises serious questions about who is deemed deserving of protection. By selectively reopening refugee admissions, the administration is sending a message about who is welcome in the United States and whose persecution is recognized.

Suspending USRAP does not address the humanitarian crises driving people from their homes. Instead, it undermines U.S. credibility, abandons vulnerable populations, and weakens the country’s longstanding role in responding to global humanitarian crises. The result is a refugee policy that privileges cultural exclusion at the expense of U.S. humanitarian obligations.",http://static1.squarespace.com/static/5faecb8fb23a85370058aed8/5ffe2c7d01a1a223b362395e/6abd2315c59bd107712b4ced/1790780346852/unsplash-image-cw_CxgiymqY.jpg?format=1500w,N,,2026-09-30 13:59:53.077429
,Policy,2026-09-30 14:52:49+00:00,the Guardian,Republican urges Trump administration to 'step back' and rethink immigration agenda,"Ariana Baio, www.theguardian.com, ariana-baio",,,,,https://www.theguardian.com/us-news/2026/sep/30/republican-trump-immigration-agenda,"A close political ally of Donald Trump has broken from the administration’s aggressive immigration enforcement agenda and recommended it “step back” to evaluate what it could do better.
“To get better, the first thing you got to do is admit you’re doing something wrong,” Jim Justice, a Republican senator of West Virginia, told Politico.
Trump’s immigration enforcement agenda is a signature policy of his administration.
West Virginia is home to more than 22,700 ranchers, most of which are family-owned.
Maria Elvira Salazar, a Republican congresswoman from Florida, recently ran a campaign advertisement telling Trump his “immigration enforcement efforts have gone too far”.","A close political ally of Donald Trump has broken from the administration’s aggressive immigration enforcement agenda and recommended it “step back” to evaluate what it could do better.

“To get better, the first thing you got to do is admit you’re doing something wrong,” Jim Justice, a Republican senator of West Virginia, told Politico. “And in this situation, with all that’s going on and all the stuff, we probably got to step back from it and say: ‘Maybe we’re doing something wrong here or there,’ and then adjust to that.”

Justice, who also sits on the Senate agriculture committee, made his comments after three rancher associations condemned Immigration and Customs Enforcement (ICE) activity for negatively affecting agricultural communities.

But his comments also come after an ACLU of West Virginia investigation found that about three-quarters of the more than 593 arrested by ICE in the state during “Operation Country Roads” in January had no criminal record.

“Before you know it, you get people that get carried away in their job and whatever it may be, and all of a sudden, then you’re dragging people away that have lived on your street corner for 15 years, and I don’t know that we need to be doing that stuff,” Justice told Politico.

Trump’s immigration enforcement agenda is a signature policy of his administration. Many voters indicated they wanted stricter immigration policies, but the intense tactics of federal agents have sparked anger nationwide.

For ranchers in rural communities, ICE operations have had “a massive chilling effect on the legal, documented, skilled workers” who assist in beef production and the cattle supply chain, the Kansas Livestock Association, Oklahoma Cattlemen’s Association and Texas Cattle Feeders Association said in a statement released last week.

Dairy farmers have also recently raised concerns that ICE operations in rural areas could soon hurt their industries.

“If we had a concerted effort to have enforcement activities within agriculture, you could really harm our ability to produce food to feed ourselves,” Rick Naerebout, the CEO of the Idaho Dairymen’s Association, told NPR.

West Virginia is home to more than 22,700 ranchers, most of which are family-owned.

Justice’s criticisms make him the latest Republican to distance himself from Trump in the lead-up to the midterm elections.

Maria Elvira Salazar, a Republican congresswoman from Florida, recently ran a campaign advertisement telling Trump his “immigration enforcement efforts have gone too far”.

The Guardian has asked the White House for a response.","https://i.guim.co.uk/img/media/cbb871dba28c456e98cc1ebaedf4a6b8e9e705d1/586_0_3334_2667/master/3334.jpg?width=1200&height=630&quality=85&auto=format&fit=crop&precrop=40:21,offset-x50,offset-y0&overlay-align=bottom%2Cleft&overlay-width=100p&overlay-base64=L2ltZy9zdGF0aWMvb3ZlcmxheXMvdGctZGVmYXVsdC5wbmc&enable=upscale&s=4ddf91256102abc44907d1996b6bf0f7",N,,2026-09-30 13:01:59.223911
,Human Rights,2026-09-30 14:51:15+00:00,Mother Jones,First Trump Came for Immigrants. Then He Came for Their Lawyers. - Mother Jones,"Kyle Paoletta, Samantha Michaels, Isabela Dias, Sophie Hurwitz, Rebecca Grant, Mother Jones, Tim Murphy, Rachel Santarsiero, Leia Larsen, Peter Berger",,,,,https://www.motherjones.com/politics/2026/09/legal-aid-immigrants-trump-miller-raices-al-otro-lado-immdef-deportation/,"In the first few months of 2025, the Trump administration attempted to cancel around $267 million in federal spending on legal aid for migrants.
For legal aid groups all over America, recovery from the tumultuous early months of the second Trump administration has been excruciating.
As she prepared ImmDef staff to confront the second Trump administration in late 2024, Toczylowski put together a presentation that doubled as a highlight reel from those years.
“How did we survive and thrive in the first Trump administration?” Toczylowski asked her team, which has grown to more than 200—large enough that she needed a microphone to address them.
Nevertheless, last March, the Trump administration unilaterally pulled the more than $200 million directed to those contracts.","Last year, on Labor Day weekend, an immigration attorney named Cooper Richardson spent her Saturday calling the Phoenix-area shelter where one of her clients—a child from Guatemala—was being held. She was checking to see if Immigration and Customs Enforcement was on the way: Her colleagues at the Florence Immigrant & Refugee Rights Project had received word that the Trump administration was finalizing plans to summarily deport the roughly 600 unaccompanied Guatemalan children detained across the country.

Richardson made one last call before she went to bed—and that’s when she learned the shelter had been told to have her client ready to leave within two hours. She rushed to her car, then spent the half-hour drive calling colleagues to see if they had advice for how she could ensure her client wasn’t taken. “I was nervous and shaking and scared,” she says, “and I’m not the one who might have been put on a plane.”

Ana Islas, who heads the Florence Project’s Tucson office, was on the other end of one of those calls. She had pulled together a rapid response team of lawyers and social workers available over the holiday weekend—a blood-pressure-spiking task in the best of times, made even more so by the Trump administration’s effort to cut off more than $200 million in federal funding for the legal defense of migrant children. Like many of its peers around the country, the Florence Project had been forced into layoffs earlier in the year, which meant the remaining attorneys were working longer hours to ensure clients got the representation they needed. “I talked to about 30 kids that Friday,” Islas says. “Including one as young as 3 years old.”

After Richardson arrived at the shelter outside Phoenix, she talked quietly with her client while the other detained children remained in their beds, trying to sleep. When a van from a company contracted to transport migrants arrived, Richardson met the drivers at the door. As soon as she explained who she was, they got on the phone. “I don’t think they were expecting to have any resistance,” she says. The contractors left; early Sunday morning, a federal judge issued a temporary restraining order against the Department of Homeland Security, which was forced to bring the children who had already been put on planes back to their shelters.

That frantic weekend is indicative of the immense pressure that Donald Trump’s campaign to deport roughly 14 million undocumented Americans has put on legal aid groups, whose work often goes beyond representation in immigration court to include giving know-your-rights presentations at shelters and employing social workers to connect migrants with housing and food assistance.

Within his first few months in office, Trump ended “humanitarian parole” for the 1.4 million refugees and migrants who entered the country during the Biden administration and appointed an acting director of ICE who pledged to make deportations as efficient as Amazon Prime, “but for human beings.” Since then, Trump has invoked the Alien Enemies Act of 1798 to remove migrants accused of a violent or drug-related crime without a trial, terminated Temporary Protected Status for 350,000 Haitian migrants, canceled the resettlement of all refugees who aren’t white South Africans, and closed ports of entry to asylum seekers. Ever more hardline policies continue to be batted around the White House, with adviser Stephen Miller pushing the president to invoke the Insurrection Act to quell anti-ICE protests and unilaterally suspend habeas corpus for the undocumented.

The impact of these policies has been amplified over the past 20 months by the Trump administration’s quieter efforts to defund the nonprofit legal aid organizations that provide free assistance and representation for migrants. Immigration law is infamous for its impossible hours and laughable salaries, but since early 2025 the sense of purpose that animates so many immigration attorneys has been tested by the federal government’s efforts to target them—and their budgets. The ensuing chaos nearly broke them.

In the first few months of 2025, the Trump administration attempted to cancel around $267 million in federal spending on legal aid for migrants. That effort was headlined by the attempt to cancel the Unaccompanied Children Program, which provides legal representation for more than 20,000 kids by attorneys at nearly 100 organizations, but the White House didn’t stop there: It also set out to kill an initiative providing legal support for families that had been separated during the first Trump administration, as well as a suite of programs that fund basic legal orientation services for immigrants in ICE detention.

Texas’ Refugee and Immigrant Center for Education and Legal Services was hit particularly hard by the sudden withdrawal of federal funding. In an all-staff email sent a week after the Unaccompanied Children Program was taken offline last March, then-CEO Dolores Schroeder wrote that the contract covered more than half of RAICES’ annual budget, and its cancellation would require laying off 159 employees, adding to the 61 layoffs that had been announced a month earlier, after the Trump administration eliminated funding for refugee resettlement programs.

Georgianna Pisano Goetz recalls looking up from reading that email to see colleagues in RAICES’ Houston office just as shocked as she was. “There’s no meeting with a supervisor, no inclination around the office that this is happening,” she says. The next week, the woman who oversaw operations in Houston was gone. Goetz remembers the office feeling like “a real madhouse,” with everyone comparing notes about who else had been laid off and wondering aloud “Who’s our boss?” or “What are we supposed to do?” After the smoke cleared, less than half of RAICES employees across Texas still had jobs.

For legal aid groups all over America, recovery from the tumultuous early months of the second Trump administration has been excruciating. Some organizations, like the Florence Project and the Immigrant Defenders Law Center (ImmDef) in Los Angeles, were able to quickly rebound from forced layoffs. Others have shrunk in the face of the MAGA onslaught at a time when their services have never been more needed.

The pressure only ratcheted up over the winter, when immigration enforcement sweeps in Chicago, New Orleans, and Minneapolis hit at the same time philanthropic sources of legal aid funding—like the Soros family’s Open Society Foundations—were being threatened with investigations from the Justice Department and the IRS. The latest body blow came in August, when a no-bid contract to administer the entirety of the Unaccompanied Children Program was awarded to a group called Our Rescue, an anti-sex-trafficking outfit that is led by a former ICE administrator and has no history of providing legal representation.

Through it all, the shifting immigration landscape has presented a succession of new hurdles. “Our work has changed dramatically,” says Lindsay Toczylowski, the leader of ImmDef. While previously much of the group’s work had been oriented around migrants claiming asylum upon reaching a port of entry, Toczylowski says the vast majority of new clients are “people who’ve lived in Southern California for 10, 20 years, most with no criminal history, many with US citizen children and grandchildren, who are being picked up through racial profiling and warrantless arrests and being thrown into detention centers.”

Pivoting from representing clients awaiting their court date while on humanitarian parole to people in detention is a massive shift, with ImmDef’s lawyers now making frequent trips to remote facilities to consult with their clients. Likewise, the summary detention of so many migrants by ICE has forced lawyers with limited expertise in immigration to learn how to file habeas corpus petitions in federal courts. Meeting so many new challenges while scrambling for funding has only made the situation feel more dire. California, New York, and other blue states have stepped up with new grants that have allowed organizations to replenish staff over the past year, but that support still hasn’t been sufficient to alter the exhausting reality every legal aid group in America is facing: more work, less money.

The first significant wave of undocumented migrants crossing the southern border came in the late 1970s, when tens of thousands of Salvadorans and Nicaraguans fled civil war. Though some of these refugees initially received legal assistance from aid groups that dated to the civil rights movement, in 1980 Congress prohibited the federally funded Legal Services Corporation from offering its legal aid to anyone but American citizens. This meant that the legal aid groups geared solely to migrants that were founded in the ’80s (including RAICES and the Florence Project) initially relied on philanthropic or local government grants.

That began to change in 1993, when the Supreme Court ruled in Reno v. Flores that “the Fifth Amendment entitles aliens to due process of law in deportation proceedings.” Subsequent litigation compelled the federal government to extend due process to particularly vulnerable migrants, which it mostly did by setting up block grants that legal aid groups could apply for. The most prominent of these is the Unaccompanied Children Program, which was created after a 2008 law required the government to provide counsel to children who arrive in the United States without a guardian.

These grants helped legal aid groups become more firmly established during the Obama administration, but it was only after Trump first came to power in 2017 that they really entered the public eye. That winter, ImmDef’s Toczylowski was one of the hundreds of lawyers who showed up at LAX days after Trump’s inauguration in response to his attempt to prohibit travelers from seven majority-Muslim nations from entering the country. Airport terminals packed with protesters became an early flashpoint of public resistance to Trump’s immigration regime, and groups like ImmDef used the ensuing uproar to raise the money necessary to meet the growing need for migrant legal defense.

ImmDef was raising almost $6 million a year by 2020. It was hardly the only group to find itself flush with cash. RAICES brought in more than $25 million to support its family reunification initiatives; in California, Al Otro Lado drew national attention after filing suit on behalf of six refugees whom Customs and Border Patrol refused to admit across the southern border, leading to a $2 million jump in annual revenue for the small organization.

As she prepared ImmDef staff to confront the second Trump administration in late 2024, Toczylowski put together a presentation that doubled as a highlight reel from those years. “How did we survive and thrive in the first Trump administration?” Toczylowski asked her team, which has grown to more than 200—large enough that she needed a microphone to address them. She reviewed every phase of ImmDef’s resistance, from Remain in Mexico to family separation, to remind the organization, “We were on the front lines of all of those struggles.”

Almost immediately, though, groups like ImmDef were confronting unforeseen obstacles. On day two of the new Trump administration, the nonprofit that allocates the bulk of federal funding for migrant legal aid, the Acacia Center for Justice, received a stop-work order on all of its legal orientation program grants, which totaled almost $27 million. Sara Van Hofwegen, the managing director of the Acacia Center’s legal access programs, says legal orientation initiatives previously enjoyed bipartisan support. “They made everybody’s job easier,” she explains. The funding helped aid workers guide a detainee through the legal process by giving them a presentation or materials to review so they “can come to court saying, ‘I think I’m eligible for asylum, I want to apply.’”

Though that money was briefly restored while a court challenge played out, legal orientation was fully terminated last April. Now, Van Hofwegen says, “Those programs do not exist.”

The Trump administration had more latitude to do away with the legal orientation programs than it did the three contracts with the Acacia Center that had been created by court orders or an act of Congress, including the Unaccompanied Children Program. Nevertheless, last March, the Trump administration unilaterally pulled the more than $200 million directed to those contracts. It was as shocking as it was illegal.

Several litigators, including the ACLU and ImmDef, immediately sued to reinstate all three programs administered by the Acacia Center. But with tens of millions of dollars in funding withheld, the bottom quickly fell out of a number of organizations. Lawyers soon cut clients adrift.

After the all-staff email from Dolores Schroeder, RAICES’s Georgianna Pisano Goetz says, “We had a 60-day period where they were like, ‘No new clients’—and not only no new clients, but ‘No consultations, no pro se workshops, and withdraw from every single pro bono client.’” Though the organization disseminated detailed guidelines for transferring cases, it was up to the lawyers who had been laid off to contact their clients to explain that they were going to have to withdraw from representing them.

One told me about putting together a long email detailing every case they were working on in hopes that their supervisors would find somebody to take on clients they weren’t able to personally refer to another lawyer. The attorney said they never received a response. (A RAICES spokesperson disputed this account.)

In an email, Faisal Al-Juburi, the co-CEO of RAICES wrote, “Our team’s extraordinary effort last spring kept RAICES standing to serve our communities. Within days, we established a case triage and wind-down framework, issued procedural updates, led live trainings, and built robust referral systems.” Al-Juburi said he was particularly proud that RAICES was able to maintain services for families and individuals detained at the infamous facility in Dilley, Texas. “To fulfill our mission,” he continued, “we must acknowledge that this administration is actively upending legal norms and escalating violence in communities nationwide. We bear a responsibility to adapt to this shifting landscape to safeguard our core work.”

Elsewhere, not only were lawyers and social workers losing their jobs, but management appeared to be in retreat, raising fears that they, like so many other American institutions, were capitulating to Trump. That spring, nine white-shoe law firms pledged $940 million in pro bono work to the administration, Columbia University agreed to pay $221 million to the federal government to end its probe of antisemitism on campus, and the CEOs of dozens of companies joined Trump on an official visit to the Middle East.

Meanwhile, Al Otro Lado laid off eight employees and fired two more with cause—eliminating a quarter of its unionized workforce—while also pulling out of California state grants geared toward legal representation for refugees. The employees that remained became concerned that their leaders were falling in line, too, with several theorizing that, by exclusively focusing on helping migrants on the Mexican side of the border, Al Otro Lado could avoid confrontation with the Trump administration while at the same time taking advantage of Mexico’s permissive labor laws and low cost of living (management had rejected previous campaigns by the union to equalize pay between its Mexican and American lawyers).

Melissa Flores, a spokesperson for the organization, denied that any shift in priorities away from migrants in the United States was ever on the table. “Like many organizations in our field, we’ve had to navigate difficult terrain—but our focus has never wavered,” she wrote in an email. “We remain steadfast in our mission to defend and uplift the rights of immigrants, asylum seekers, and deportees on both sides of the border.” Indeed, Al Otro Lado has begun hiring again in the United States, which union members hailed as a direct result of the pressure they’ve put on the organization’s leadership. This August, management finally agreed to negotiate with the union after 18 months of resistance.

The union-management tensions at Al Otro Lado are hardly unique. Two days before Schroeder announced that RAICES had lost more than half of its budget, the organization had agreed to a wrongful-termination settlement with a union lawyer named Maria Osornio who had been fired in December 2023. A longtime leader in the group’s appeals division, Osornio had publicly protested Schroeder’s decision to wind down her office in 2024. She was terminated shortly afterward, in part for allegedly bullying another employee.

“It’s such a disservice to the people who really need our help to put ego before talent,” Osornio says. “We were spending so much time fighting with our bosses instead of focusing on the issues.” The organization found itself paying $225,000 to Osornio, and trying to heal internal tensions, at the same time the government tore a multimillion-dollar hole in its balance sheet.

Asked about the settlement with Osornio, a spokesperson for RAICES declined to comment on “specific personnel matters,” but called the timing “purely coincidental.”

A similar situation transpired in New York City last spring, when the nonprofit Bronx Defenders put an attorney named Sophia Gurulé on unpaid leave for “multiple recent performance failures,” namely a handful of late court filings. Gurulé had never faced any disciplinary action before, and soon 24 colleagues signed a protest letter to Bronx Defenders’ executive director, Juval Scott, alleging that she’d been suspended for her vocal union advocacy. “We’ve witnessed a mind-boggling number of changes in federal regulations, agency precedent, and circuit case law that radically reshaped an already complex area of law,” the lawyers wrote. “Suspending Sophia at a time where the Immigration Practice…is hanging on by a thread is inappropriate, concerning, and harmful to staff and clients alike.”

A spokesperson for Bronx Defenders said that while the organization doesn’t comment on personnel matters, “what we can say is that every decision we make is guided by our responsibility to the people we represent and the Bronx communities we serve.” The spokesperson specifically objected to the characterization that the organization’s immigration practice had been hampered by the suspension of Gurulé, pointing out that around the same time it had secured emergency funding from New York’s city council, hired new immigration attorneys, and provided training on filing habeas corpus petitions.

The simmering tension at Bronx Defenders, RAICES, Al Otro Lado, and other organizations hasn’t stopped them from playing crucial roles in the broader fight to defend migrants in court. Still, their inability to speedily resolve whatever personnel issues arise has been a counterproductive distraction. “I want to be out there helping,” Osornio says. “That’s what’s so heartbreaking: I want to be out there advocating, but I essentially lost my job for calling out the C-suite.”

Ana Islas, from the Florence Project, was one of the few dozen supervising attorneys from all over the country who attended an Acacia Center conference in Atlanta the same weekend that the administration pulled funding for the Unaccompanied Children Program. Midway through a presentation in a hotel conference room, everyone’s phone lit up. The agenda had to be put on hold as attorneys ducked into the hall to confer with their colleagues. Waiting for her flight home to Tucson, Islas remembers sitting in the terminal with her mind racing: “The kids are here and they need to know their rights even if we’re not representing them. And if we are representing them, we can’t just drop them like a hot potato.”

By and large, immigration attorneys have remained focused on that mission. “We are winning cases despite all the terrible stuff that’s happening out there,” says Chiqui Sanchez Kennedy, the leader of the Galveston-Houston Immigrant Representation Project. “We are gaining asylum for our clients. We’re getting clients released from detention.”

For many attorneys, the sense of momentum felt like it began to turn in their favor last September, when the Acacia Center was finally able to begin restoring funding for the Unaccompanied Children Program after a series of court orders ended six months of uncertainty. I talked to Van Hofwegen when the last suspended grants had been restored, but she sounded less triumphant than steely, acknowledging that more threats lay on the horizon. “I think the cuts to federal funding are really clearly happening in this larger context of a federal government that wants to make it as difficult as possible for immigrants to navigate their legal process and who wants to remove legal access and due process as much as possible from folks,” she says.

ImmDef’s Toczylowski agreed, telling me, “It’s an assault from all angles on the organizations that serve immigrant communities.” One of the more alarming vectors of that assault is the demand by the former chairman of the House Homeland Security Committee, Rep. Mark Green (R-Tenn.), that 215 NGOs provide records to the panel about how they “benefited from the border crisis created by the Biden Administration.”

In this climate of ever-changing rules and constant threats of funding cuts, legal aid organizations cannot afford to allow internal backbiting and score settling detract from their core missions. In May, an arbitrator found that Sophia Gurulé had been unlawfully terminated under the terms of her union’s collective bargaining agreement with the Bronx Defenders, even as the arbitrator didn’t dispute the organization’s reasons for suspending her. “I feel vindicated,” Gurulé told me. She added: “It is sad that a public defender nonprofit located in the South Bronx, historically one of the poorest congressional districts in the country, spent a year and who knows how many thousands of dollars to try to justify their bad behavior.”

Aside from a few notable exceptions, most legal aid organizations have managed to get out of their own way this year and settled into a grinding legal war with the Trump administration. That made them better prepared for the most recent assault, an overhaul of the Unaccompanied Children Program that Roxana Avila-Cimpeanu, from the Florence Project, calls “monumental.” Under a new plan proposed by the Department of Health and Human Services, pro bono representation would be prioritized—a cost cutting measure that would mean detained children were working with attorneys with little immigration expertise—and all lawyers would be limited to virtual consultations with detained children. Avila-Cimpeanu says these changes could be devastating because there’s no substitute for “being able to meet in person with the child and really having them know that we don’t work for the shelter, we don’t work for the government. We’re there for them.”

In August, the administration awarded a $158 million contract to administer the entirety of the new version of the Unaccompanied Children Program to a group called Our Rescue, whose operations are devoted to stopping sex trafficking and do not currently include any sort of legal assistance. Notably, the group is led by a former ICE official named Derek Benner and was founded by another former ICE employee, Tim Ballard. The latter is best known for being portrayed in a popular QAnon-backed anti-sex trafficking film, Sound of Freedom, which came out shortly before he himself was accused of sexual coercion by seven women. (Ballard has denied the allegations, even as he resigned from Our Rescue after they became public. Our Rescue did not respond to emailed questions about its capacity for providing legal representation to migrant children.)

At a virtual event organized by the Acacia Center a month after funding for the Unaccompanied Children Program lapsed, Michael Lukens, the head of the Amica Center for Immigrant Rights, rejected the idea that Our Rescue can provide the same services as organizations like his. “Our Rescue does not do this work,” he said. “They are not qualified, and there has been no indication that that contract has been signed, that work has started, that Our Rescue has made any move to actually help a child.” That puts Lukens and his peers in the unsustainable position of working pro bono for the foreseeable future. “Where are the lawyers for the kids? Right now, they’re at the nonprofits who are doing this work without pay, and that’s because we are qualified, dedicated, mission-driven people.”

At the same time the old system for funding legal aid for migrant children has been detonated, the administration has spent the past few months illegally withholding payment for work done under the old Unaccompanied Children Program contract. This means that, yet again, nonprofits are scrambling to provide needed services. Avila-Cimpeanu says that Florence Project will find a way to continue representing its clients on a pro bono basis, a resolve shared even by lawyers at nonprofits without the same resources.

Melissa Lopez, the head of a small group in Texas called Estrella del Paso, posted a “heartbreaking update” in late July, saying that she had been forced to lay off 13 staffers because the administration was overdue on nearly $1 million in payments for completed work. Still, Lopez said, “We currently represent about 243 unaccompanied children. We have an ethical, legal, and moral obligation to continue representing these children, and with or without money from the federal government, we must do that.”

Nearly every lawyer I spoke with over the past year reflected on the reality that the Trump administration will keep finding ways to deny migrants their legal rights for as long as they’re in power. For many, finding the motivation to continue fighting requires staying connected to the clients themselves. Sanchez Kennedy, from the Galveston-Houston Immigrant Representation Project, makes a point of commemorating every case with her team, even the unsuccessful ones. “We call them hard-fought losses,” she says. “Every time we help a client access due process and actively participate in their immigration case, help them defend themselves against deportation—that means that they are getting a fair shot. That alone is worth celebrating.”",https://www.motherjones.com/wp-content/uploads/2026/09/20260929_trum-migrant-legal-aid_2000.jpg?w=1200&h=630&crop=1,N,,2026-09-30 11:59:20.605210
,Agencies,2026-09-30 14:39:42+00:00,YouTube,Pro-Trump ad campaign was financed by DHS: Sources - YouTube,Not Available,,,,,https://www.youtube.com/watch?v=aL0MaVjyyjQ,"The federal government has spent at least $1.7 million to air three different TV ads featuring President Donald Trump in recent days, according to an estimat...",Not Available,https://i.ytimg.com/vi/aL0MaVjyyjQ/maxresdefault.jpg,N,,2026-09-30 10:58:12.734261
,Agencies,2026-09-30 14:31:50+00:00,the Guardian,From mass raids to quiet crackdown: a timeline of Trump's strategic ICE pivot - The Guardian,"Alexandra Villarreal, www.theguardian.com, alexandra-villarreal",,,,,https://www.theguardian.com/us-news/2026/sep/30/immigration-tactics-detention-approach,"When federal agents fatally shot the US citizen protesters Alex Pretti and Renee Good in Minneapolis in January during the nation’s largest immigration-enforcement operation ever, it marked a turning point for the second Trump administration’s mass deportation campaign.
Donald Trump in his second term had sparked outrage and huge protests with federal immigration officers descending en masse on one Democratic-run city after another in what some leaders called militarized “invasions”.
Adults and kids were whisked off to detention and protests met with aggressive deployment of chemical spray, teargas, fists and batons.
Here’s a timeline of how the administration’s anti-immigration campaign has evolved in recent months as Trump races to remove millions of people from the US.
This latest iteration of Trump’s mass deportation campaign is no longer defined by federal agents patrolling cities with smoke canisters in hand.","When federal agents fatally shot the US citizen protesters Alex Pretti and Renee Good in Minneapolis in January during the nation’s largest immigration-enforcement operation ever, it marked a turning point for the second Trump administration’s mass deportation campaign.

Donald Trump in his second term had sparked outrage and huge protests with federal immigration officers descending en masse on one Democratic-run city after another in what some leaders called militarized “invasions”. Los Angeles, Chicago, Charlotte, New Orleans, then Minneapolis saw lines of masked and armored officers swaggering into town to conduct street arrests, ambushes of day workers waiting in Home Depot car parks for hire, and neighborhood sweeps. Adults and kids were whisked off to detention and protests met with aggressive deployment of chemical spray, teargas, fists and batons. The killings in Minneapolis were the culmination of what appeared to many to be a federal shock force increasingly out of control while being defended by federal leaders – and public opinion broadly turned against this violence.

There was a change of personnel and the administration flagged a switch to a “quieter” approach to immigration enforcement. But while large-scale theatrics on the streets waned, less visible enforcement is no less aggressive on the ground today and continues to ramp up in multiple ways. Here’s a timeline of how the administration’s anti-immigration campaign has evolved in recent months as Trump races to remove millions of people from the US.

Taken together, these policy changes are less showy but they have ramped up arrests, detentions and the number of people forced to leave the United States – and put millions more at immediate risk of the same. Many of these people have legal status or ongoing cases for winning or upgrading their legal status, or years of crime-free, honorable life in the US, but are being rounded up, often with little access to due process or attorneys who can help. This latest iteration of Trump’s mass deportation campaign is no longer defined by federal agents patrolling cities with smoke canisters in hand. It’s much more insidious but also more ruthless and effective – and it’s happening everywhere.","https://i.guim.co.uk/img/media/a93eb0b7bf6e025e46b72f278f3363b1acf48a92/589_0_4768_3815/master/4768.jpg?width=1200&height=630&quality=85&auto=format&fit=crop&precrop=40:21,offset-x50,offset-y0&overlay-align=bottom%2Cleft&overlay-width=100p&overlay-base64=L2ltZy9zdGF0aWMvb3ZlcmxheXMvdGctZGVmYXVsdC5wbmc&enable=upscale&s=42f7f55ef9f3e99764e25ef57466e8df",N,,2026-09-30 10:58:16.189547
,Agencies,2026-09-30 14:26:10+00:00,KSN-TV,"ICE arrested more than 100 in southwest Kansas, feds say - KSN-TV","Carina Branson, Joseph McCarty",,,,,https://www.ksn.com/news/state-regional/ice-arrested-more-than-100-in-southwest-kansas-feds-say/,"WICHITA, Kan. (KSNW) — Federal authorities have released the results of a three-day Immigration and Customs Enforcement operation that took place in southwest Kansas last week.
On Tuesday, the Department of Homeland Security told the U.S. Attorney’s Office for the District of Kansas that ICE agents made 104 arrests.
The U.S. Attorney’s Office said those arrested had criminal histories including assault, domestic battery, aggravated battery and criminal threat.
KSN reached out to ICE and the U.S. Attorney’s Office for confirmation on when the suspects were arrested.
In its response, the U.S. Attorney’s Office did not say when the when the arrests happened.","WICHITA, Kan. (KSNW) — Federal authorities have released the results of a three-day Immigration and Customs Enforcement operation that took place in southwest Kansas last week.

On Tuesday, the Department of Homeland Security told the U.S. Attorney’s Office for the District of Kansas that ICE agents made 104 arrests.

“Operation Safe Community – Kansas” took place between Tuesday and Thursday.

The U.S. Attorney’s Office said those arrested had criminal histories including assault, domestic battery, aggravated battery and criminal threat.

The news release highlighted five of those it said were arrested, but KSN’s research indicates that all of them were in federal custody earlier this year.

KSN reached out to ICE and the U.S. Attorney’s Office for confirmation on when the suspects were arrested. In its response, the U.S. Attorney’s Office did not say when the when the arrests happened.

“In my statement I only include information about the specific defendants that DHS officials have already made public,” U.S. Attorney Ryan Kriegshauser said. “Any additional information about those defendants or others detained must come from that agency.”

ICE has not responded to KSN’s inquiry.

The U.S. Attorney’s Office said ICE’s activities in southwest Kansas were “a targeted operation designed to put some of the worst of the worst behind bars.”

Last week, KSN interviewed a U.S. citizen who was pulled over by an ICE agent in Liberal and documented the traffic stop on video. The officer did not provide a reason for the stop, and the woman believes she was targeted based on her skin color.

KSN has not received a response from ICE on that incident. But U.S. Attorney Ryan Kriegshauser did respond to general allegations.

“Claims suggesting that these efforts were discriminatory ‘sweeps’ based on skin color and race are misguided and irresponsible,” he said in a news release. “Such rhetoric stokes fear and risks unnecessary harm to Kansas industries. We encourage everyone discussing this topic, especially on social media, to pause, wait for the facts to be released, and avoid amplifying sensational or unsubstantiated rumors.”",https://www.ksn.com/wp-content/uploads/sites/13/2026/06/6a26e6381f9f84.88965432.jpeg?w=1280,N,,2026-09-30 11:59:35.468284
,Human Rights,2026-09-30 14:14:26+00:00,www.oag.state.va.us,Attorney General Jones Opposes Unlawful DHS Rule Fast-Tracking Asylum Seekers into ...,Not Available,,,,,https://www.oag.state.va.us/media-center/news-releases/3129-attorney-general-jones-opposes-unlawful-dhs-rule-fast-tracking-asylum-seekers-into-removal-proceedings-without-an-interview,"Attorney General Jones Opposes Unlawful DHS Rule Fast-Tracking Asylum Seekers into Removal Proceedings Without an Interview RICHMOND, Va. — Attorney General Jones, as part of a coalition of 21 attorneys general, submitted a comment letter opposing the U.S. Department of Homeland Security’s (DHS) new rule limiting affirmative asylum applicants’ opportunity to participate in an asylum officer interview and explain why they cannot safely return home.
The interim final rule (IFR) permits U.S.
Citizenship and Immigration Services (USCIS) to refer these asylum applications directly to the Executive Office for Immigration Review’s (EOIR), placing applicants in adversarial removal proceedings in immigration court.
DHS estimates the rule could result in roughly 130,000 future affirmative asylum applicants being referred without an interview each year and could affect up to 444,000 cases already pending in EOIR’s asylum backlog.
“Asylum seekers come to our country in search of refuge from persecution, desperate to live freely.","Attorney General Jones Opposes Unlawful DHS Rule Fast-Tracking Asylum Seekers into Removal Proceedings Without an Interview

RICHMOND, Va. — Attorney General Jones, as part of a coalition of 21 attorneys general, submitted a comment letter opposing the U.S. Department of Homeland Security’s (DHS) new rule limiting affirmative asylum applicants’ opportunity to participate in an asylum officer interview and explain why they cannot safely return home. The interim final rule (IFR) permits U.S. Citizenship and Immigration Services (USCIS) to refer these asylum applications directly to the Executive Office for Immigration Review’s (EOIR), placing applicants in adversarial removal proceedings in immigration court. DHS estimates the rule could result in roughly 130,000 future affirmative asylum applicants being referred without an interview each year and could affect up to 444,000 cases already pending in EOIR’s asylum backlog. The IFR could further strain an already lengthy process for asylum claims, potentially leading to significant delays or case dismissals that would take an additional financial and mental toll on individuals and families navigating the asylum system.

“Asylum seekers come to our country in search of refuge from persecution, desperate to live freely. This rule cuts a critical step in the asylum application process and cuts the humanity out of an already overwhelming and exhausting system,” said Attorney General Jay Jones. “Silencing applicants from sharing their story moves us further away from a core principle of our country.”

The IFR pushes asylum applicants directly into an adversarial court proceeding, where an Immigration and Customs Enforcement prosecutor argues against their claim, with the denial rate reaching 94% in June 2026. Further, because immigration judges now frequently deny asylum claims without giving the individual a full merits hearing, many may not even receive a day in court at all. According to the Center for Victims of Torture, 44% of asylum seekers, asylees, and refugees in the U.S. are torture survivors, and the interview portion of the immigration process provides crucial time to explain why an applicant is seeking asylum, particularly for unaccompanied minors and applicants who cannot afford legal representation.

In the comment letter, Attorney General Jones and the coalition argue the IFR violates federal law and is particularly harmful for unaccompanied children, who under the Trafficking Victims Protection Reauthorization Act are entitled to have their asylum claims heard through USCIS’s non-adversarial adjudicatory process, not EOIR. Attorney General Jones and the coalition further assert that the IFR:

Ignores the evidentiary importance of a non-adversarial asylum interview and does not justify departing from decades of policy;

Harms state residents by increasing the risk of detention and removal, disrupting employment authorization, and making legal representation even more difficult to obtain for many asylum applicants;

Will strain state-funded legal service providers, healthcare clinics, and immigrant integration resources, as well as undermine law enforcement interests;

Strips unaccompanied children of the non-adversarial asylum process Congress guaranteed them under federal law, forcing kids who often have no attorney to navigate an adversarial system built for adults;

Increases the psychological distress experienced by asylum seekers and their families, compounding trauma many have already experienced fleeing persecution;

Undermines tax revenue and business income, given immigrants’ critical role in the workforce and broader economy;

Abandons compliance with the Administrative Procedure Act (APA) by circumventing notice and comment requirements when the Rule went immediately into effect on July 28, 2026; and

Fails to consider reasonable alternatives, such as limiting the rule to future applicants, preserving interviews for unaccompanied children, or hiring more qualified asylum officers.

In sending this letter, Attorney General Jones joins the attorneys general of California, Colorado, Connecticut, Delaware, District of Columbia, Hawai‘i, Illinois, Maine, Maryland, Massachusetts, Michigan, Minnesota, Nevada, New Jersey, New Mexico, New York, Oregon, Rhode Island, Vermont, and Washington.

Published on: September 30, 2026

###",https://www.oag.state.va.us/images/OAG-Tile-Image-Jones_20260121.jpg?20220117,N,,2026-09-30 11:59:25.649429
,Agencies,2026-09-30 13:39:58+00:00,www.9news.com,Colorado sues to halt planned ICE detention facility in Hudson | 9news.com,Not Available,,,,,https://www.9news.com/article/news/local/local-politics/colorado-sues-stop-ice-detention-facility-hudson/73-b6bedbb3-4c13-41b3-92ce-f6feeee85e42,"The lawsuit says DHS and ICE skipped a required environmental review before contracting with GEO Group to reopen the former prison as a 1,200-bed ...",Not Available,,N,,2026-09-30 14:00:43.892051
,Litigation,2026-09-30 13:38:55+00:00,The Japan Times,Supreme Court lets Trump's third-country deportations resume - The Japan Times,"Greg Stohr, Greg Stohr Bloomberg, www.japantimes.co.jp, greg-stohr",,,,,https://www.japantimes.co.jp/news/2026/09/30/world/supreme-court-trump-deportations/,"The U.S. Supreme Court, for now, let the administration of U.S. President Donald Trump resume deporting people who entered the country without legal permission to countries other than their own with little if any notice.
The court will hear arguments on the issue in December.
The new decision will apply while the justices consider the government’s appeal.
The court’s conservative majority didn’t offer an explanation, but the order signals the administration may have the upper hand.
The justices laid out several questions for both sides to address in their briefs, including whether the lower court had jurisdiction over the case and authority to enter a sweeping block, and whether the government’s policy violates U.S. immigration law or constitutional due process protections.","The U.S. Supreme Court, for now, let the administration of U.S. President Donald Trump resume deporting people who entered the country without legal permission to countries other than their own with little if any notice. The court will hear arguments on the issue in December.

Granting an administration request Tuesday over the dissents of the three liberal justices, the high court put on hold a federal judge’s order that required people who are being deported to get notice and a meaningful chance to argue that they would be at risk of persecution or torture. The new decision will apply while the justices consider the government’s appeal.

The court’s conservative majority didn’t offer an explanation, but the order signals the administration may have the upper hand. The justices laid out several questions for both sides to address in their briefs, including whether the lower court had jurisdiction over the case and authority to enter a sweeping block, and whether the government’s policy violates U.S. immigration law or constitutional due process protections.",https://www.japantimes.co.jp/japantimes/uploads/images/2026/09/30/565888.jpg?v=3.1,N,,2026-09-30 14:01:04.441334
,Policy,2026-09-30 13:33:01+00:00,www.nytimes.com,Hispanic Voters on the Texas Border Have Soured on Trump - The New York Times,,,,,,https://www.nytimes.com/2026/09/30/us/politics/texas-border-trump-voters.html,... administration's aggressive tactics on immigration enforcement. Construction has slowed as workers have been deported. Many small business owners ...,Not Available,,Y,,2026-09-30 13:02:02.141437
,Human Rights,2026-09-30 13:29:54+00:00,the Guardian,Democratic lawmakers call for protections over third country deportations after 'indefensible ...,"Tom Ambrose, Shrai Popat, Robert Tait, Joseph Gedeon, Nick Robins-Early, www.theguardian.com, tom-ambrose, shrai-popat, joseph-gedeon, nick-robins-early",,,,,https://www.theguardian.com/us-news/live/2026/sep/30/supreme-court-immigration-third-country-deportations-donald-trump-jack-smith-us-politics-latest-news-updates,"From 4h ago Democratic lawmakers call for protections over third country deportations after 'indefensible' supreme court ruling Hello and welcome to the US politics live blog.
After the ruling, Democratic lawmakers pushed for the tightening of protections to prevent such deportations where lives could be at risk and to uphold due process.
A Republican senator blocked a bipartisan bill that would have prevented Donald Trump from demolishing the Kennedy Center without the approval of Congress.
Share Updated at 08.11 EDT Democratic lawmakers call for protections over third country deportations after 'indefensible' supreme court ruling Hello and welcome to the US politics live blog.
After the ruling, Democratic lawmakers pushed for the tightening of protections to prevent such deportations where lives could be at risk and to uphold due process.","From 4h ago

Democratic lawmakers call for protections over third country deportations after 'indefensible' supreme court ruling

Hello and welcome to the US politics live blog.

Democratic lawmakers have called for more formalized steps to prevent the US government from deporting people to countries where their lives would be in danger or they could be subject to torture.

It comes as the US supreme court on Tuesday lifted restrictions on the deportations of immigrants to countries that are not their own, while agreeing to hear the issue on its merits in December.

Rob Menendez, a congressional Democrat, called the supreme court’s decision “indefensible”, adding:

double quotation markTaxpayers shouldn’t fund tearing people from the only home they’ve ever known, nor should our legal system fast-track these unilateral deportations.

The conservative-dominated high court granted an emergency request by the Trump administration to suspend a lower court ruling that restricted, but did not outright ban, so-called “third-country removals”.

After the ruling, Democratic lawmakers pushed for the tightening of protections to prevent such deportations where lives could be at risk and to uphold due process.

“Congress must step in. No one should be shipped off to a country that is not their own without basic due process and a meaningful opportunity to raise legitimate fears for their safety,” House Democrat Lois Frankel said on X.

The Trump administration has defended third-country deportations as necessary since the home nations of some of those who are targeted for removal sometimes refuse to accept them.

In other developments:

Donald Trump announced that the heads of the largest US tech and AI companies had signed on to a “morally binding” agreement to put controls on artificial intelligence. Trump did not give further details on the controls, but he suggested that the deal would allow the companies to largely “self-police” their products and technology. Later, Trump signed an executive order calling for “artificial intelligence” to be renamed “super intelligence”.

Jack Smith faced Senate lawmakers on the judiciary committee for a contentious hearing that saw a number of Republicans accuse the former special prosecutor of perjury, and conducting a political witch-hunt against Trump when he secured two indictments against the president that were later dismissed when he took office.

A Republican senator blocked a bipartisan bill that would have prevented Donald Trump from demolishing the Kennedy Center without the approval of Congress. Mike Lee, of Utah, objected when the Oregon Democrat Jeff Merkley asked the Senate to pass the Protecting Presidential Memorials Act by unanimous consent.

The US Senate rejected along mostly party lines a Democratic resolution that would have forced the state department to report to Congress on violence in the occupied West Bank, including the killings of nine American citizens by Israeli settlers or security forces over the last few years.

JD Vance and health secretary Robert F Kennedy Jr spoke at the conclusion of the Make America Healthy Again summit in Washington. Several reporters were denied entry to the event.

Federal prosecutors have charged a Venezuelan delivery driver shot by ICE agents in Texas this month with one count of assaulting, resisting and impeding a federal officer. Wilber Rafael Garcés Pérez, 28, was shot by federal immigration officers after a traffic stop in Texas on 20 September. The charge echoes similar claims federal immigration officers have made about immigrants and anti-ICE protesters, including Minnesota mother Renee Good, “weaponizing their vehicles”.

Share

Updated at 08.10 EDT

Key events

Following the news that the supreme court has ruled in the Trump administration’s favor, and allowed deportations to so called “third-countries” to continue, Burundi has agreed to join a group of ⁠other African nations in receiving migrants from other countries who have been deported from the US.

Officials in Bujumbura, Burundi’s economic capital, said they would only accept those not accused of crime or terrorism links. There are no details yet on the number of deportees Burundi will take or the financial deal the country has struck with the US.

The Trump administration has sent so-called “third-country deportees” to some half ​a dozen African nations ‌as well as many other countries, often where they have no ties, have never been and find themselves detained indefinitely. The Guardian has previously reported on the murky deals Washington has struck with various countries to send deportees.

Share

Rachel Leingang and Riley Messer

Some of the biggest food and agriculture corporations in the US are funding a campaign that pays social media influencers to combat elements of Robert F Kennedy Jr’s Make America Healthy Again platform, according to an investigation by the Guardian and Documented, an investigative watchdog and journalism project.

The ascension of RFK Jr to secretary of health and human services has boosted his putative campaign to end chronic illness in the US, which he believes is primarily caused by processed foods and dyes, exposure to certain chemicals, and poor farming practices, along with an overuse of what he falsely claims are dangerous vaccines. The “Maha” movement blends long-running mainstream concerns about food and farm safety with conspiracy theories about everything from medicine to milk. A Maha “summit” in Washington this week will feature JD Vance and several members of Trump’s cabinet.

A KFF poll from May 2026 reveals that some Maha themes resonate with a broad segment of US adults. About four in 10 say they support the Maha movement, while a majority of the public say there is not enough regulation of pesticides used in agriculture (64%) or of chemical food additives (75%).

Cross-partisan support in Washington on some of these issues poses a threat to the food industry’s bottom line – though the Trump administration has largely stopped short of enacting new regulations.

But several large corporations are fighting back. An effort by the Center for Food Integrity, an industry-funded non-profit, tracks public sentiment around key issues central to Maha and suggests ways that agricultural interests can counter those narratives by appealing to emotion or scientific reasoning.

They call it Gaha: Growing a Healthier America. Documents show the coordinated effort is tracking Maha closely and researching ways to respond to the movement’s claims without alienating its supporters. They are focused on several key areas: seed oils, pesticides, high-fructose corn syrup, regenerative agriculture, organic farming, raw milk/dairy and “big ag”, internal documents obtained by the Guardian and Documented show.

Read the full report here:

Share

Hegseth expected to announce cuts at Quantico address – reports

Defense secretary Pete Hegseth is expected to announce a 20% cut to the generals and admirals serving in the military, according to multiple reports.

Hegseth plans set out the reductions today in a speech at his second so-called “State of the Forces” address at the Marine Corps Base Quantico in Virginia. Fox News first reported the cuts, which are due to be completed by 1 January 2027. The Pentagon did not immediately return the Guardian’s request for confirmation.

This is the latest cull at the Department of Defense, after Hegseth blasted “fat generals and admirals in the halls of the Pentagon” in last year’s address, and ordered a 20% reduction in active-duty four-star generals, and a 10% cut in one to three star officers.

Share

Updated at 08.34 EDT

Donald Trump will be in Washington today. We’ll hear from him at 11am ET for a Hispanic Heritage month at the White House. Later, the president will make an announcement alongside the commerce secretary, Howard Lutnick, widely expected to be about a multibillion-dollar investment from South Korea, according to reports.

We’ll bring you the latest as those get under way.

Share

Updated at 08.15 EDT

Iranian officials indicated today that they have received an official US response to Tehran’s latest proposal to end the seven-month war, which Donald Trump had publicly rejected just days earlier.

The officials did not say what the response contained and whether it was a rejection or not.

Iranian foreign minister Abbas Araghchi presented the US response to President Masoud Pezeshkian at a cabinet meeting, government spokesperson Fatemeh Mohajerani told the state-run IRNA news agency.

“We will make every effort to bring the agreement to fruition and will firmly stand up for the rights of the Iranian people,” Pezeshkian said. “The agreement must now be based on a win-win strategy.”

Share

Updated at 08.14 EDT

The ⁠Republican chair of the congressional committee focused on China is calling on the Trump administration to scrutinize US ally South Korea’s warming ties with China, which he said pose “significant risks” to the United States.

In a letter to Secretary of State Marco Rubio, representative ⁠John Moolenaar urged “heightened vigilance” about the ⁠relationship, citing deepening leader-level ties, ​South Korean semiconductor investment in China, and unfair treatment of American firms in South Korea compared with Chinese rivals.

Moolenaar described South Korea as “a major American ally,” but warned of “the potential for frictions to develop into a structural shift in Seoul’s ⁠alignment” requiring “close monitoring and, as necessary, concerted action”.

Share

Trump campaign ads paid with public money violate federal law, critics say

Robert Tait

Federal regulators have been urged to stop the broadcast of White House advertisements promoting Donald Trump that critics say amounts to government propaganda and violate laws against using public money to promote partisan causes.

Public Citizen, an advocacy group, called on the Federal Communications Commission (FCC) and the Federal Trade Commission (FTC) to intervene and block further airing of three ads it said were “designed to boost the image and character of Donald Trump” as part of the Republicans’ campaign for November’s midterm elections.

“Federal law explicitly prohibits using appropriated public funds for government propaganda, self-aggrandizement, or partisan political advertising,” the organization wrote. “Yet, that is exactly the nature of Trump’s recent campaign ads.”

Broadcast stations cannot reject ads from legally qualified political candidates – but Trump is not technically a candidate, although he has urged voters to imagine that he is, on the November ballot.

“Public Citizen strongly urges the Federal Communications Commission and Federal Trade Commission to direct broadcasters to stop broadcasting these apparently illegal campaign advertisements and calls on individual broadcasters to cease airing the campaign advertisements,” the group wrote in a letter addressed to both agencies.

Share

Joseph Gedeon

The US Senate on Tuesday evening rejected along mostly party lines a Democratic resolution that would have forced the state department to report to Congress on violence in the occupied West Bank, including the killings of nine American citizens by Israeli settlers or security forces over the last few years.

The resolution, led by the Maryland Democrat Chris Van Hollen, would have given the state department 30 days to report to Congress on those deaths and on wider human rights conditions in the territory, including Israel’s detention of Palestinian children.

The resolution failed to advance by a vote of 47 to 51. Pennsylvania senator John Fetterman, a Democrat, joined Republicans in voting against the resolution, while Kentucky Republican Rand Paul voted in favor.

Van Hollen was able to force the vote under section 502B of the Foreign Assistance Act, a law that lets senators demand human rights reports on countries receiving US military aid. The measure drew 24 Democratic and independent sponsors, including Bernie Sanders of Vermont, Tim Kaine of Virginia and Jeanne Shaheen of New Hampshire, the top Democrat on the foreign relations committee.

“While I was pleased that so many of my Democratic colleagues joined this effort, it’s clear the United States must do more,” Van Hollen said in a statement after the vote. “It is our responsibility to ensure recipients of US taxpayer dollars act in line with our laws and our values – this resolution was an opportunity to shed light on a reality that flies in the face of that principle.”

Share

Updated at 08.13 EDT

Experts have expressed skeptism of putting “so much faith in self-policing” in response to Donald Trump’s AI accord.

Robin Jia, an assistant professor of computer science at the University of Southern California, said it’s crucial to ensure the leading labs’ intentions are “well-aligned with the broader interest of the American public”.

He pointed to the recent disclosures of hacking incidents and said:

double quotation markAs the models get better, the consequences of such things are only going to get greater.

Some also took issue with the accord’s vague, broad language.

Alex Pascal, executive director of the Berkman Klein Center for Internet and Society, said:

double quotation markThe only way to reduce the risks and harms of AI to Americans is through robust legal liability, regulation and fundamentally changing the race dynamics that are driving unsafe decision-making by frontier AI developers whose costs are borne by the American people.

Share

Updated at 08.12 EDT

Nick Robins-Early

Donald Trump announced on Tuesday that the heads of the largest US tech and AI companies had signed on to a “morally binding” agreement to put controls on artificial intelligence. He announced the deal, called the Joint Commitment on Frontier Responsibilities, following a White House luncheon with top tech executives.

“It’s almost like a constitution in a way, and the biggest ​people in the world signed that, and ​I signed it as president, and it really ⁠is a form of protection,” Trump said.

Trump also signed an executive order renaming artificial intelligence to “superintelligence”, similar to a declaration he made at the United Nations last week.

“The Order directs all departments and agencies to use the terms ‘Super Intelligence’ and ‘SI’ in official correspondence, public communications, policy documents, and non-statutory documents within the executive branch and to no longer acknowledge the terms ‘Artificial Intelligence’ or ‘AI’,” the order declared.

The agreement, which Trump suggested would allow the companies to perform “tremendous self-policing” of their products and technologies, outlines a vague framework for how AI firms would establish safety standards as they test out new products.

The tech industry has faced increased public scrutiny following a series of incidents where major AI companies inadvertently hacked into outside organizations during safety tests.

While lawmakers, AI researchers and even some AI companies have called for more government oversight of artificial intelligence, Trump has broadly rejected calls for more regulation of the technology – citing competition with China and threats to economic growth.

The joint commitment that Trump posted to his Truth Social account on Tuesday appears to carry no enforcement mechanisms or legal implications and is instead a voluntary commitment.

Share

Updated at 08.11 EDT

Democratic lawmakers call for protections over third country deportations after 'indefensible' supreme court ruling

Hello and welcome to the US politics live blog.

Democratic lawmakers have called for more formalized steps to prevent the US government from deporting people to countries where their lives would be in danger or they could be subject to torture.

It comes as the US supreme court on Tuesday lifted restrictions on the deportations of immigrants to countries that are not their own, while agreeing to hear the issue on its merits in December.

Rob Menendez, a congressional Democrat, called the supreme court’s decision “indefensible”, adding:

double quotation markTaxpayers shouldn’t fund tearing people from the only home they’ve ever known, nor should our legal system fast-track these unilateral deportations.

The conservative-dominated high court granted an emergency request by the Trump administration to suspend a lower court ruling that restricted, but did not outright ban, so-called “third-country removals”.

After the ruling, Democratic lawmakers pushed for the tightening of protections to prevent such deportations where lives could be at risk and to uphold due process.

“Congress must step in. No one should be shipped off to a country that is not their own without basic due process and a meaningful opportunity to raise legitimate fears for their safety,” House Democrat Lois Frankel said on X.

The Trump administration has defended third-country deportations as necessary since the home nations of some of those who are targeted for removal sometimes refuse to accept them.

In other developments:

Donald Trump announced that the heads of the largest US tech and AI companies had signed on to a “morally binding” agreement to put controls on artificial intelligence. Trump did not give further details on the controls, but he suggested that the deal would allow the companies to largely “self-police” their products and technology. Later, Trump signed an executive order calling for “artificial intelligence” to be renamed “super intelligence”.

Jack Smith faced Senate lawmakers on the judiciary committee for a contentious hearing that saw a number of Republicans accuse the former special prosecutor of perjury, and conducting a political witch-hunt against Trump when he secured two indictments against the president that were later dismissed when he took office.

A Republican senator blocked a bipartisan bill that would have prevented Donald Trump from demolishing the Kennedy Center without the approval of Congress. Mike Lee, of Utah, objected when the Oregon Democrat Jeff Merkley asked the Senate to pass the Protecting Presidential Memorials Act by unanimous consent.

The US Senate rejected along mostly party lines a Democratic resolution that would have forced the state department to report to Congress on violence in the occupied West Bank, including the killings of nine American citizens by Israeli settlers or security forces over the last few years.

JD Vance and health secretary Robert F Kennedy Jr spoke at the conclusion of the Make America Healthy Again summit in Washington. Several reporters were denied entry to the event.

Federal prosecutors have charged a Venezuelan delivery driver shot by ICE agents in Texas this month with one count of assaulting, resisting and impeding a federal officer. Wilber Rafael Garcés Pérez, 28, was shot by federal immigration officers after a traffic stop in Texas on 20 September. The charge echoes similar claims federal immigration officers have made about immigrants and anti-ICE protesters, including Minnesota mother Renee Good, “weaponizing their vehicles”.

Share

Updated at 08.10 EDT","https://i.guim.co.uk/img/media/764ad5151c6c8fcc14b36946b70259c32f91fedb/813_0_6648_5321/master/6648.jpg?width=1200&height=630&quality=85&auto=format&fit=crop&precrop=40:21,offset-x50,offset-y0&overlay-align=bottom%2Cleft&overlay-width=100p&overlay-base64=L2ltZy9zdGF0aWMvb3ZlcmxheXMvdGctbGl2ZS5wbmc&enable=upscale&s=d16ce9d0593750deb6e58bff7d3bda0f",N,,2026-09-30 09:54:35.567124
,Human Rights,2026-09-30 13:19:02+00:00,record.umich.edu,"Wallenberg Medal recipient calls for dignity, humanity for migrants | The University Record",Not Available,,,,,https://record.umich.edu/articles/wallenberg-medal-recipient-calls-for-dignity-humanity-for-migrants/,"The sacrifices that he made should not be a reality today.” The Wallenberg Medal and Lecture honor Wallenberg’s legacy.
President Domenico Grasso presented the Wallenberg Medal to Jozef.
“Guerline is the co-founder and executive director of Haitian Bridge Alliance, which supports Haitians, Black people and other migrants to the United States,” Grasso said.
Understanding that what we are doing, the work we are addressing, is a humanity issue, is a morality issue, is a dignity issue.
“Then I stayed for the people coming from Yemen, coming from Afghanistan, coming from Ukraine, coming from Venezuela, coming from Cuba, coming from all over the world.","Guerline Jozef, co-founder and executive director of the Haitian Bridge Alliance, received the 2026 Wallenberg Medal on Sept. 29 at the University of Michigan, delivering an emotional lecture about immigration, human dignity and the responsibility individuals have to care for those around them.

The event at Rackham Auditorium marked the 31st Wallenberg Lecture. Jozef delivered an address titled “Written in offices but lived in communities: An immigration system in crisis.”

Jozef connected her work advocating for immigrants with the legacy of Raoul Wallenberg, the 1935 U-M graduate who rescued thousands of Jews during World War II.

“I don’t feel worthy to receive this honor because so much more needs to be done,” she said. “It is 2026, and the work that he did should not be necessary today. The sacrifices that he made should not be a reality today.”

The Wallenberg Medal and Lecture honor Wallenberg’s legacy. Under the auspices of the Donia Human Rights Center, U-M awards the Wallenberg Medal to those who, through their actions and personal commitment, perpetuate Wallenberg’s extraordinary accomplishments and human values and demonstrate the capacity of the human spirit to stand up for the helpless, defend the integrity of the powerless and speak out on behalf of the voiceless.

President Domenico Grasso presented the Wallenberg Medal to Jozef.

“Guerline is the co-founder and executive director of Haitian Bridge Alliance, which supports Haitians, Black people and other migrants to the United States,” Grasso said. “She has been a tireless advocate for fair and humane immigration policies through organizing, outreach, litigation and humanitarian relief.”

“Her commitment to human dignity is evident in the essential support she and Haitian Bridge Alliance provide to those they serve, including food, legal aid and language access,” he said.

“She is unafraid to speak truth to power so those people without a voice can be heard. Once again, we see the extraordinary difference one person can make in the lives and the futures of so many others.”

‘Our diversity is our strength‘

Jozef began her lecture by asking the audience to repeat two words after her: Onè. Respè, which is Haitian Creole for “Honor. Respect.”

“This is how we greet people as we honor and pay respect to those who have come before us, to those who are here today and those who are yet to come,” she said.

Jozef described initially resisting the kind of service-oriented work she had watched her parents undertake, only to find herself drawn into it.

“I took a path that I thought would take me away from where I am today,” she said. “But the joke was on me, because fate had it, the universe had it, that even when I ran from the destiny, it brought me back to it.”

She said the Haitian Bridge Alliance’s “small yet mighty” staff works daily to feed, clothe, care for and represent immigrants, including people afraid to leave their homes.

Jozef asked audience members to consider their own families’ histories of migration and the ways immigrant groups have been treated at different points in U.S. history.

“Almost every single one of us here came from somewhere,” she said. “Could have been from the Mayflower, could have been from Ellis Island, could have been on a boat from Cuba or Haiti, could have been someone knocking at the border right now.”

“I stand before you today, a Haitian American woman, fully American, fully Haitian and very proud to be that,” she said.

“Our diversity is our strength.”

Jozef said narratives that portray immigrants as outsiders make it easier to mistreat them.

“That narrative lets you know that those people are not the same as you,” she said. “So therefore, they can be abused. They can be brutalized. And we do not have to care.”

Jozef went on to characterize current immigration enforcement as “ethnic cleansing,” saying Black and brown people were being racially profiled, detained and deported.

“We need to ask, is it really about immigration in the United States?” she said. “Understanding this is not a political issue. Understanding that what we are doing, the work we are addressing, is a humanity issue, is a morality issue, is a dignity issue. It is not a political issue.”

‘This is why we fight‘

Jozef described the effect that the end of Temporary Protected Status, or TPS, for Haitians has had on people served by the Haitian Bridge Alliance.

She recalled two young women who came to the United States from Haiti in 2023 and told her they had finally been able to sleep without fear of kidnapping or gunfire.

After losing their protected status, she said, “They shared with me they went to bed and, I quote, ‘We woke up illegal.’”

“Think about it,” Jozef said. “You spend your entire life running. You finally find safety, only for that safety to be pulled from under you overnight with no fault of yours.”

She then told the story of Pierre Damas Bel, a 20-year-old Haitian student from Springfield, Ohio, who died by suicide Aug. 31 after being required to wear an ankle monitor.

Jozef described Bel as a bright young man with a 3.8 GPA and a scholarship to play soccer in college. She said the monitor caused him physical pain and interfered with his ability to play the sport.

On the morning of his death, Jozef said, Bel called his father.

“Dad, I don’t think I can bear it anymore,” she quoted him as saying. “I feel like I have lost my life.”

Jozef said Bel “died by suicide, but he was killed by the system.”

“This is why we fight,” she said. “This is why we push. And this is why I don’t believe today what Raoul did should be necessary, but it is.”

She said she accepted the medal “on behalf of those who have lost their lives, on behalf of those who continue to suffer, and on behalf of those who will suffer if we don’t do anything.”

‘Your voice matters‘

During a question-and-answer session moderated by Sueann Caulfield, director of the Donia Human Rights Center and professor of history in LSA, a student asked Jozef what she would tell people who feel powerless to create change.

“Your voice matters,” Jozef said. “Sometimes it feels like your voice is not enough, but it is necessary for you to continue to speak up because the privilege that we have can be the source of life for somebody else.”

She pointed to her own experience, saying what began with a trip to the U.S.-Mexico border and an encounter with 12 Haitian migrants eventually grew into work reaching far beyond the Haitian community.

“I went to the border for the Haitians,” she said. “Then I stayed for the people coming from Yemen, coming from Afghanistan, coming from Ukraine, coming from Venezuela, coming from Cuba, coming from all over the world.

“We did go for the Haitians, but in true Haitian model, we stayed for everyone.”

Jozef closed by returning to her call for individual action.

“You are the hope that these people are looking for,” she said. “So, join us in creating a world where people can be free, can live with dignity, and we as a country can welcome and care and love those who are in need.

“Remember your rearview mirror. Remember what you put out in the world.”",,N,,2026-09-30 09:54:40.649893
,Human Rights,2026-09-30 13:13:24+00:00,Amnesty International,USA: Close a Child Detention Center - Amnesty International,Not Available,,,,,https://www.amnesty.org/en/documents/amr51/1517/2026/en/,"An agreement with the Immigration and Customs Enforcement (ICE) has been made to open a child and family detention facility on an airpark in Alexandria, Louisiana.
The facility has a 528-bed capacity and houses children and families on one of the most polluted sites in the US, where contamination levels are 5,000 times higher than recommended limits.
This site not only detains and deports children and families but subjects them to adverse health conditions.
We call the authorities to close this detention facility.","An agreement with the Immigration and Customs Enforcement (ICE) has been made to open a child and family detention facility on an airpark in Alexandria, Louisiana. The facility has a 528-bed capacity and houses children and families on one of the most polluted sites in the US, where contamination levels are 5,000 times higher than recommended limits. This site not only detains and deports children and families but subjects them to adverse health conditions. We call the authorities to close this detention facility.",https://www.amnesty.org/en/documents/amr51/1517/2026/en,N,,2026-09-30 13:02:15.155990
,Policy,2026-09-30 12:49:18+00:00,the Guardian,"'Third country' deportation can resume, US supreme court rules | First Thing - The Guardian","Martin Belam, www.theguardian.com, martin-belam",,,,,https://www.theguardian.com/us-news/2026/sep/30/first-thing-third-country-deportation-can-resume-us-supreme-court-rules,"The supreme court has ruled the Trump administration can resume deporting immigrants to “third countries”, or countries other than their homeland, without giving them any opportunity to contest their removals.
What has the administration asked the supreme court to rule on about trans prisoners?
The administration asked the justices to allow it to deny gender-affirming care to transgender people in federal prisons.
In other news … Lindsay Clancy returns to court as lawyer asks judge to find her not guilty.
The office of the Plymouth country district attorney again chose to not disclose whether it plans to try Clancy again.","Good morning. The supreme court has ruled the Trump administration can resume deporting immigrants to “third countries”, or countries other than their homeland, without giving them any opportunity to contest their removals.

The six-justice conservative majority of the high court temporarily lifted a decision by a lower court that required the administration to provide immigrants sufficient notice and the opportunity to claim fear of torture or persecution in the countries where they were being sent.

What has the administration asked the supreme court to rule on about trans prisoners? The administration asked the justices to allow it to deny gender-affirming care to transgender people in federal prisons. The solicitor general, D John Sauer, wrote that gender-reassignment surgeries, hormone therapy and social accommodations such as undergarments, makeup, padding and wigs “could no longer be justified.”

Why is the EPA union suing the administration? The union, which represents more than 8,000 workers at the Environmental Protection Agency, has filed a lawsuit against the EPA and the agency’s administrator, Lee Zeldin, alleging it illegally terminated a collective bargaining agreement.

Which legal battle has Trump appeared to have conceded? The president has agreed to stop fighting the disbursement of E Jean Carroll’s $5m verdict in her 2023 sexual abuse and defamation civil trial against him, a procedural development as the funds had already been distributed to her.

Trump announces vague ‘morally binding’ AI deal among tech CEOs for ‘tremendous self-policing’

Donald Trump announced Tuesday that the heads of the largest US tech and AI companies had signed on to a “morally binding” agreement to put controls on artificial intelligence. He announced the deal after a White House lunch with top tech executives.

The agreement, which Trump suggested would allow the companies to perform “tremendous self-policing” of their products and technologies, outlines a vague framework for how AI firms would establish safety standards. Trump also signed an executive order renaming artificial intelligence to “superintelligence”, similar to a declaration he made at the UN last week.

What new product has OpenAI announced? Less than 24 hours after OpenAI said it would scrap the launch of a model over safety concerns, the company debuted a whole new suite of artificial intelligence tools, including “dots”, agents it said were “more ambitious” than ChatGPT and a “whole new way to work with AI.”

Why is Greta Garbo making AI headlines? More than a century after her screen debut and decades after she was laid to rest, the actor has been reanimated by AI for a Swedish advert. Peter Bradshaw has given it a damning one-star review.

US Senate blocks resolution demanding accountability over Israeli violence in West Bank

The US Senate rejected along mostly party lines a Democratic resolution that would have forced the state department to report to Congress on violence in the occupied West Bank, including the killings of nine American citizens by Israeli settlers or security forces over the last few years.

Why did an Israeli-bound plane make an emergency landing in Saudi Arabia? A passenger jet travelling from Dubai made an emergency landing, briefly raising concerns about a possible hijacking and prompting Israel to scramble warplanes. Reports said the incident stemmed from a feud between the plane’s two pilots, and everyone onboard was safe.

What has Zohran Mamdani announced about antisemitism? The New York City mayor has debuted a sweeping plan to combat antisemitism. The strategy includes increased security funding for synagogues and an increased focus on incorporating Jewish history into public school education. The plan is seen as a move to assuage critics who see his steadfast denunciations of Israel as antisemitic.

Why are two authors suing the city of Los Angeles? Jenan Matari, a Palestinian-American author, and Nora Lester Murad, a Jewish-American writer, are taking the action after public library officials scrapped their Read Palestine Week book talks.

Texts about alleged Cornell gang-rape released after investigation reopened

Excerpts of text messages reportedly exchanged by a defendant in the Cornell University gang-rape case and the woman who claimed she was assaulted were published by CBS News on Tuesday, a day after New York prosecutors said they were reopening a criminal investigation.

Two of the alleged perpetrators were subsequently expelled after an internal investigation by Cornell – while the other five were allowed to resume their studies at the Ivy League institution after writing an essay, attending a workshop, or serving a short suspension. None were ever arrested or charged.

In other news …

Lindsay Clancy returns to court as lawyer asks judge to find her not guilty. The office of the Plymouth country district attorney again chose to not disclose whether it plans to try Clancy again.

A team of skydivers dropped in to help survivors of a plane crash in Wisconsin, using their training as paramedics to treat victims before ground crews arrived.

A Brazilian news site has said it will not cover upcoming elections after threats. The independent Tapajós de Fato said decision was made to protect journalists and their families.

The nor’easter storm that pummeled New England looks to have exposed large segments of a 19th-century schooner shipwrecked in the so-called graveyard of the Atlantic.

No 8 seeds Liberty sprung a historic WNBA playoff upset to take down No 1 seeds Lynx. New York now await the winner of the Atlanta-Washington series

Stat of the day: Judge ends federal oversight of Oakland police department after 23 years

In the early 2000s, a group of police officers known as the “riders” were exposed for offenses such as planting evidence, falsifying reports and using excessive force against primarily young Black men. As part of a settlement of these cases, OPD was put on a federal court-ordered reform program, which has now ended.

Well Actually: Does GLP-1 use result in significant hair loss?

Experts share what you need to know about GLP-1-related hair loss as the side-effect gets more attention from researchers.

Don’t miss this: Three deaths, three states, 24 hours: one day in ICE’s quiet but ‘gruesome’ surge

In the latest in our ICE investigation, José Olivares examines the cases of three men who became casualties in the latest phase of Trump’s anti-immigration campaign.

… or this: The secret lives of men who read romance books

It is often assumed straight men are not interested in romantic fiction – but, as Amandas Ong discovers, many are sharing their passion in forums online.

Climate check: Antarctic winter sea ice falls to third-lowest level on record as scientists warn of ‘now problem’

Antarctica’s winter sea ice has peaked at its third-lowest level on record, scientists have confirmed. The four lowest years on record for the continent’s sea ice – a vital component of the planet’s climate and critical for marine life – have all occurred in the last four years.

Last Thing: Bear that went viral for living under LA home is back

Bless him, the 550lb bear made famous after he took up residence under an Altadena home in November 2025 is wandering the same Los Angeles neighborhood again.

Sign up

First Thing is delivered to thousands of inboxes every weekday. If you’re not already signed up, subscribe now.

Get in touch","https://i.guim.co.uk/img/media/8e3e1b76c86720b09b563a4a738e9da63b6e1e92/471_0_4321_3457/master/4321.jpg?width=1200&height=630&quality=85&auto=format&fit=crop&precrop=40:21,offset-x50,offset-y0&overlay-align=bottom%2Cleft&overlay-width=100p&overlay-base64=L2ltZy9zdGF0aWMvb3ZlcmxheXMvdGctZGVmYXVsdC5wbmc&enable=upscale&s=611c9a6c009d0f123dbb1010e4dd4872",N,,2026-09-30 13:02:04.748856
,Human Rights,2026-09-30 12:45:23+00:00,HIAS,How the Trump Administration Devastated the U.S. Asylum System - HIAS.org,Jennie van den Boogaard,,,,,https://hias.org/news/how-trump-administration-devastated-u-s-asylum-system/,"From preventing access to asylum at borders to mandatory detention, the Trump administration has created a hostile environment for anyone searching for safety.
Decades ago, the U.S. created an asylum system to help people who lives were in danger.
Preventing asylum before an immigration judge Pretermissions: Asylum case dismissal without a full hearing: Pretermission lets an immigration judge dismiss an asylum case without a full evidentiary hearing, making a decision based on paper evidence rather than letting the asylum seeker testify.
Courthouse arrests and expedited removal: The Trump administration has significantly expanded expedited removal beyond the border into the interior of the country.
Politicization of immigration judges: The Trump administration has also terminated or pushed out an unprecedented number of established immigration judges and replaced them with legions of new judges who are being trained and pressured to deny asylum applications.","Since President Trump’s second term began, seeking asylum in the U.S. has become nearly impossible. From preventing access to asylum at borders to mandatory detention, the Trump administration has created a hostile environment for anyone searching for safety.

Decades ago, the U.S. created an asylum system to help people who lives were in danger. Based on the 1951 Refugee Convention, asylum law in the U.S. allows someone to receive protection who is physically present in the country or has come to a port of entry and is being persecuted because of their race, religion nationality, political opinion, or membership in a particular social group.

Yet, in less than two years, the Trump administration has pursued a concerted strategy to restrict immigration policy to the point where the right to asylum hangs on by a thread. Read on to learn more about the biggest changes to asylum and how HIAS is fighting back.

Preventing asylum at borders

Border Closure: Shortly after the new administration was sworn in, President Trump issued an executive order effectively shutting down the border to asylum seekers and ensuring that those seeking safety in the U.S. would be turned away, no matter the danger. The administration claimed it was for national security despite multiple reports debunking claims that welcoming immigrants somehow made the country less safe.

Preventing asylum before an immigration judge

Pretermissions: Asylum case dismissal without a full hearing: Pretermission lets an immigration judge dismiss an asylum case without a full evidentiary hearing, making a decision based on paper evidence rather than letting the asylum seeker testify. This echoes the new rule eliminating an interview with an asylum officer. In April 2025, the Executive Office for Immigration Review (EOIR) issued a policy memorandum outlining how judges may reject an asylum application as “legally incomplete or insufficient” without a hearing. Many asylum seekers are now having their proceedings summarily ended based on procedural grounds like incomplete forms or third-country agreements, rather than the merits of their case and their fear of persecution. Once a case is pretermitted, the asylum application is denied and the person can be detained and deported, permanently losing their one chance to tell their story in court.

Courthouse arrests and expedited removal: The Trump administration has significantly expanded expedited removal beyond the border into the interior of the country. Additionally, immigration courts lifted a previous ban on ICE enforcement on their property. Last summer, the result was ICE officers waiting outside immigration court rooms to arrest people. Commonly, courts dismissed mostly pending asylum cases for applicants with no criminal history. For many, this meant their claims for why they feared returning to their home countries were never heard. The result was many people were too afraid to attend their immigration court hearing, which put them at risk of receiving an order of deportation in their absence.

Politicization of immigration judges: The Trump administration has also terminated or pushed out an unprecedented number of established immigration judges and replaced them with legions of new judges who are being trained and pressured to deny asylum applications.

Mandatory detention and inhumane detention center conditions: Many asylum seekers in ICE detention centers are now often facing life-threatening conditions. Over 50 people have died in ICE detention since the beginning of the administration. At family detention centers, attorneys have sounded the alarm as their clients facing hunger, exhaustion, illness, and mental health crises from the conditions of confinement. Beyond the physical toll, people have reported torturous conditions, enforced isolation, neglect of people with disabilities, lack of access to medical care, and denial of access to counsel.

The combination of prolonged detention and new restrictive bond policies is pushing many asylum seekers to abandon claims they might otherwise have won. Prolonged detention has become more common because a new policy generally prohibits immigration judges from releasing detainees while their cases wind through the backlogged courts, leaving people jailed indefinitely with no clear end date. This dynamic is by design, not accident: asylum-seekers with no criminal records are increasingly detained. The result is a system where the length and severity of detention, rather than the merits of a person’s fear of persecution, can determine whether they pursue or relinquish a legitimate asylum claim.

Third country removals: “Third-country deportation” and “third-country removals” describe cases where the government sends someone to a country they are not from and to which they have no ties. Historically, the U.S. government has rarely used third-country deportations, and when it has, these were typically driven by individual case circumstances rather than a broad policy. That’s changed under the second Trump administration, where third-country removals have become central to an aggressive deportation strategy, particularly for people who can’t legally be sent back to their home countries because they’ve already demonstrated a likelihood of persecution there. The administration has leaned on this tool for two purposes: to expand removals of people otherwise protected from deportation to their home countries, and as a pressure tactic, using the threat of removal to countries like El Salvador and South Sudan to intimidate immigrants into abandoning their cases rather than continuing to fight to stay in the U.S.",https://hias.org/wp-content/uploads/GettyImages_trump-changes-to-asylum-system_hero.jpg,N,,2026-09-30 10:58:09.272206
,Agencies,2026-09-30 12:38:57+00:00,www.5newsonline.com,Benton County leaders defend ICE fund decision | 5newsonline.com,Not Available,,,,,https://www.5newsonline.com/article/news/local/benton-county-quorum-court-defends-decision-ice-fund/527-dfef0e6d-c5b9-4b2f-a714-9da3ac46452c,The new fund will give the county a specific line to track reimbursements connected to its partnership with ICE. Author: Jada Daniels. Published: 7 ...,Not Available,,N,,2026-09-30 14:00:46.032730
,Agencies,2026-09-30 12:33:39+00:00,ABC News,18-year-old in ICE detention for more than 200 days: 'They just took me away' - ABC News,"Rebecca Gelpi-Ufret, ABC News",,,,,https://abcnews.com/US/18-year-ice-detention-200-days/story?id=136855988,"Elder Chavez Carranza believed his last year of high school would consist of preparations for his graduation, prom and planning for his future.
Instead, the 18-year-old has spent more than 200 days in an immigration detention center in Louisiana, hundreds of miles from his home in Albertville, Alabama.
They just took me away,"" Chavez Carranza told ABC News from detention.
A spokesperson for the Department of Homeland Security told ABC News that ""Chavez-Carranza will remain in ICE custody pending his immigration proceedings.""
Advocates and lawmakers have raised concerns about the conditions of the facility where Chavez Carranza is detained.","Elder Chavez Carranza believed his last year of high school would consist of preparations for his graduation, prom and planning for his future.

Instead, the 18-year-old has spent more than 200 days in an immigration detention center in Louisiana, hundreds of miles from his home in Albertville, Alabama.

Chavez Carranza who is from Copan, Honduras, entered the U.S. when he was 14 and was later granted Special Immigrant Juvenile classification when he was a minor, a designation for certain immigrant children who have been abused, abandoned or neglected that provides humanitarian protection, his lawyer said.

According to immigration lawyers, the primary benefit of SIJS is that it provides eligible youth under 21 a pathway to obtain a green card. Historically, immigration authorities exercised prosecutorial discretion to avoid arresting or deporting individuals with pending or approved SIJS applications.

The 18-year-old said he was on his way to buy food when a police officer stopped him and began asking about his identification and immigration papers. After explaining to the officer that he did not have documents with him, he said the officer contacted immigration authorities.

""I was going to buy a torta when the officer stopped me. He first asked me for my ID and whether I had papers. I told him, 'no.' Then he called ICE. They asked me what kind of papers I had, and I told them I had status. But they didn't even give me time to show them my papers. They just took me away,"" Chavez Carranza told ABC News from detention.

Dalaney Mecham, Chavez Carranza's immigration attorney, said he had already been granted SIJ classification by USCIS but that a separate deferred-action application, which could allow him to remain in the U.S while pursuing the next steps in his immigration case, has not been resolved.

""The federal government has already decided that he deserves protection; Congress decided that children like him deserve protection; and USCIS has already looked at his application and approved it,"" Mecham said. ""The only thing standing between him and that protection while he waits for his lawful process to continue is the very same government that created this pathway.""

A spokesperson for the Department of Homeland Security told ABC News that ""Chavez-Carranza will remain in ICE custody pending his immigration proceedings.""

""He will receive full due process,"" DHS added. ""Being in detention is a choice. We encourage all illegal aliens to take control of their departure with the CBP Home App.""

For the past nine months, Chavez Carranza has been at the Winn Correctional Center in Louisiana, separated from his family, friends and school.

His sister, Maryuri Chavez Carranza, who is his legal guardian, says he calls her every day.

""He tells me, 'I really miss my teachers. I miss my friends. I miss everything about school,'"" Maryuri told ABC News.

Immigration advocate Angela Del Valle says she became involved in Chavez Carranza's case after her husband, Carlos, was detained at the same facility and met the 18-year-old there.

Del Valle says she began communicating with his sister and helping the family navigate the detention process. She now speaks with Chavez Carranza regularly and is among the advocates pushing for his release.

""Above all, we want him to know that he's not forgotten,"" Del Valle said. ""We also want the community there at Winn to know that he's cared for, that he's not forgotten.""

Advocates and lawmakers have raised concerns about the conditions of the facility where Chavez Carranza is detained. In less than two months, two detainees have died at Winn. DHS has said in statements that the deaths are under investigation and has defended its treatment of detainees in detention centers.

The 18-year -old is one of thousands of people who have been in prolonged detention after being detained by federal immigration authorities, ABC News has reported.

Chavez Carranza said that when he first arrived at Winn, he did not feel comfortable. Over time, he said he began forming friendships with other detainees, including Carlos, who he said was one of the first people he met.

""I do feel protected with them,"" he said. ""They are older people, and they always look out for me.""

In detention, the 18-year-old works at the facility unloading trucks. He said that for now, he is focused on finding the strength to get through each day in detention.

""What I ask for most right now, while I'm here, is for God to give me strength so I can keep enduring this confinement. It's very difficult here,"" he said.",https://i.abcnewsfe.com/a/f32cbcc1-f01f-47d2-95b4-3bd79cc3aabc/elder-chavez-carranza-1-ht-jef-260929_1790704096444_hpMain_16x9.jpg?w=1600,N,,2026-09-30 10:58:20.139157
,Human Rights,2026-09-30 12:26:47+00:00,UN SR Human Rights Defenders - UN Special Rapporteur on Human Rights Defenders,"US migration externalization scheme mires over 35 other states, triggering cascade of ...",manuela,,,,,https://srdefenders.org/us-migration-externalization-scheme-mires-over-35-other-states-triggering-cascade-of-human-rights-violations-including-torture-human-rights-experts/,"GENEVA (28 september 2026) – US migration externalization arrangements are already putting migrants at heightened risk of human rights violations, including torture and persecution, Human Rights Experts** warned today, as migrant and asylum seeker transfer agreements expand across over 35 countries and territories* where their rights cannot be effectively safeguarded.
These arrangements are largely removed from democratic oversight and independent human rights monitoring due to their lack of transparency.
“At gravest risk are children, women, persons with disabilities, victims of trafficking, LGBT persons, human rights defenders, stateless persons and other people in extremely vulnerable situations,” they said.
The UN Special Procedures are in contact with the United States and all 35 countries and territories concerned, the UNHCR and IOM.
The Special Rapporteur of the African Commission has engaged, within the scope of her regional mandate, with a number of the African States concerned.","GENEVA (28 september 2026) – US migration externalization arrangements are already putting migrants at heightened risk of human rights violations, including torture and persecution, Human Rights Experts** warned today, as migrant and asylum seeker transfer agreements expand across over 35 countries and territories* where their rights cannot be effectively safeguarded.

“The harms caused by this US Government scheme are no longer hypothetical. The arrangements are triggering a cascade of human rights violations, increasing risks of torture and ill-treatment and enforced disappearance, and breaching the customary law principle of non-refoulement in countries around the world that are signing agreements to accept plane loads of migrants and refugees removed from the US,” the experts said.

Under these removal arrangements, the US Government has already sent at least 23,000 third country nationals to 29 countries and territories. The scheme targets asylum seekers and migrants at various stages of their immigration process. These arrangements are largely removed from democratic oversight and independent human rights monitoring due to their lack of transparency.

The experts warned that beyond refoulement risks, these arrangements have opened the door to a range of other violations, including arbitrary and incommunicado detention, enforced disappearances, inadequate access to legal counsel, denial of due process, family separation, discrimination, homelessness, slavery, trafficking, serious impacts on mental health and well-being, and lack of access to healthcare and basic services.

“At gravest risk are children, women, persons with disabilities, victims of trafficking, LGBT persons, human rights defenders, stateless persons and other people in extremely vulnerable situations,” they said.

“These migrants are being transferred to countries or territories with which they have no ties, which can be a traumatising and isolating experience that compounds harms already suffered which triggered their fleeing to the US in the first place. Others are sent to places where they risk further violence or discrimination based on gender, sexual orientation, gender identity or human rights advocacy.”

The experts have issued communications to the US and all Governments with which it entered into externalization agreements as of June 2026 – a total of 35 countries and territories so far.

“More countries are negotiating and signing agreements every day,” the experts said. “For migrants in situations of particular vulnerability, the consequences can be deadly. They may be transferred to states with no asylum processing infrastructure, protective holding facilities or adequate health and medical services or sustainable reintegration options. In many cases, these third countries are themselves engulfed in conflict, with their own populations facing displacement, starvation and debilitating poverty. They lack the capacity to protect the rights of migrants sent there by wealthy nations seeking to shirk their international obligations,” they said.

“Some arrangements provide only temporary reception followed by onward removal at the discretion of the third country,” the experts said. “Some countries may resort to refoulement or pressure migrants to request return to their country of origin – despite protection risks – by threatening continued detention or transfer to yet another country where they face a real risk of repression,” the experts warned.

“A return cannot be presumed to be voluntary when a person has no lawful status, no means of subsistence, no independent legal advice, or no viable alternative to return,” they said. “Return under such circumstances would be coerced and could complete an unlawful chain of refoulement stemming from the initial transfer by the United States.”

States cannot shift responsibility for their international human rights and refugee law obligations towards migrants and asylum seekers elsewhere at the expense of fundamental human rights guarantees, the experts warned.

“States cannot contract out of their international legal obligations,” the experts said. “The prohibition of refoulement applies wherever a State exercises jurisdiction or effective control and at every stage of a transfer.”

Referencing the UN Human Rights Committee’s jurisprudence on states retaining responsibility towards migrants and asylum-seekers when they seek to outsource their legal obligations, the experts reiterated that these obligations cannot be set aside through bilateral agreements, diplomatic assurances, financial arrangements with the United States or involvement of international organisations in an externalization agreement.

“UN entities, including the International Organization for Migration (IOM) play a crucial role in assisting refugees and migrants, but their engagement must never legitimise arrangements that expose people to refoulement or other grave human rights violations, including torture, and should be guided by robust human rights due diligence processes,” the experts said.

“Participating in measures that lead to rights violations, including breaches of the non-derogable prohibition on torture, may, in some situations, amount to complicity.”

Under international human rights law, both States that transfer migrants and asylum-seekers countries or territories that receive them, remain bound by their international legal obligations toward persons within their territory or subject to their jurisdiction.

“Cooperation does not dilute responsibility,” the experts said. “A State that knowingly aids or assists another State in conduct that violates non-refoulement or other human rights obligations may itself incur international responsibility.”

“All States and territories involved must immediately halt these arrangements, restore access to fair and effective asylum procedures, human rights protection, due process guarantees, prevent chain refoulement, and ensure transparency, independent human rights monitoring and accountability,” the experts said.

“Human rights must be at the centre of migration governance, not sacrificed in the pursuit of deterrence.”

“What is at stake is not merely migration policy, but the lives, safety, dignity and rights of people who may already have endured grave harm and who, in many cases, are fleeing life-threatening persecution and violence in their home countries,” they said.

The UN Special Procedures are in contact with the United States and all 35 countries and territories concerned, the UNHCR and IOM. The Special Rapporteur of the African Commission has engaged, within the scope of her regional mandate, with a number of the African States concerned.

*Antigua and Barbuda, Belize, Burundi, Cabo Verde, Cameroon, Central African Republic, Costa Rica, Democratic Republic of Congo, Dominica, Dominican Republic, Ecuador, El Salvador, Equatorial Guinea, Eswatini, Ghana, Grenada, Guatemala, Guyana, Honduras, Liberia, Libya, Mexico, Republic of Moldova, Palau, Panama, Paraguay, Poland, Rwanda, Saint Kitts and Nevis, Saint Lucia, Sierra Leone, South Sudan, Uganda, Uzbekistan, and Kosovo (Note: All references to Kosovo should be understood to be in the context of the United Nations Security Council resolution 1244 (1999)).

**The experts:

Gehad Madi, Special Rapporteur on the human rights of migrants;

Pau Pérez Sales, Special Rapporteur on torture and other cruel, inhuman or degrading treatment or punishment

George Katrougalos, Independent expert on the promotion of a democratic and equitable international order

Margaret Satterthwaite , Special Rapporteur on the independence of judges and lawyers

Ben Saul, Special Rapporteur on the promotion and protection of human rights and fundamental freedoms while countering terrorism

Grażyna Baranowska (Chair-Rapporteur), Ana Lorena Delgadillo Pérez (Vice-Chair), Aua Baldé, Gabriella Citroni and Mohamed Al Obaidi, the Working Group on Enforced or Involuntary Disappearances

Katarina Schwarz, the Special Rapporteur on contemporary forms of slavery and trafficking in persons

Claudia Flores (Chair), Ivana Krstić (Vice-Chair), Dorothy Estrada-Tanck, Haina Lu, and Laura Nyirinkindi, the Working Group on discrimination against women and girls

Cecilia M. Bailliet, Independent Expert on human rights and international solidarity

Graeme Reid, Independent Expert on protection against violence and discrimination based on sexual orientation and gender identity

Leopoldo Maldonado Gutiérrez, the Special Rapporteur on the promotion and protection of the right to freedom of opinion and expression

Mariângela Batista Galvão Simão, the Special Rapporteur on the right of everyone to the enjoyment of the highest attainable standard of physical and mental health

Gina Romero, Special Rapporteur on the rights to freedom of peaceful assembly and of association

Andrea Bolaños Vargas, Special Rapporteur on the situation of human rights defenders

Morris Tidball-Binz, Special Rapporteur on extrajudicial, summary or arbitrary executions

Nicolas Levrat, Special Rapporteur on Minority Issues

Matthew Gillett (Chair-Rapporteur), Ethan Hee-Seok Shin (Vice-Chair for Follow-Up), Miriam Estrada Castillo and Mumba Malila, Working Group on Arbitrary Detention

Koldo Casla, Special Rapporteur on the right to adequate housing

Reem Alsalem, Special Rapporteur on violence against women and girls, its causes and consequences

African Commission on Human and People’s Rights, Special Mechanism",https://srdefenders.org/wp-content/uploads/2026/05/cropped-Widescreen-sf.png,N,,2026-09-30 09:54:48.565341
,Human Rights,2026-09-30 12:08:44+00:00,the Guardian,Top Trump figures push to direct human rights funding to rightwing causes - The Guardian,"Andrew Roth, Joseph Gedeon, www.theguardian.com, roth-andrew, joseph-gedeon",,,,,https://www.theguardian.com/us-news/2026/sep/30/trump-state-department-human-rights-fund,"The Guardian has seen a sample of the controversial grants, which makes up most of the $205m in funding that Congress has appropriated for the entire human rights and democracy fund (HRDF).
“The Trump administration’s proposals would use taxpayer funds to promote far-right organizations and programs in established democracies.
(A state department official then told the outlet that the relationship had nothing to do with the grant).
The Trump administration sanctioned Justice Alexandre de Moraes last year after lobbying by Eduardo Bolsonaro, son of the former president.
It names possible recipients in Poland, Slovakia, the Czech Republic, Hungary and the Balkans with “anti-communist” and “natural rights” approaches.","With hours left before the funding expires, the Trump administration is pushing to direct more than $175m of the state department’s flagship human rights fund to a slate of awards that includes a massive $40m grant for an anti-communism fund, support for a group advancing white Afrikaner rights in South Africa, a campaign against Brazil’s supreme court, and programs that would reward ideological allies in Europe who protect “western civilisational norms”.

Critics have focused on 43 awards of a combined $176.9m that will bolster rightwing and conservative causes around the world while likely angering US allies over interference in internal politics. The Guardian has seen a sample of the controversial grants, which makes up most of the $205m in funding that Congress has appropriated for the entire human rights and democracy fund (HRDF).

Sources with knowledge of the grant process have told the Guardian that the awards were personally lobbied for by members of the Trump administration, and reflect interests that include JD Vance’s warnings of the collapse of traditional western values in Europe, and Stephen Miller’s push against immigration and to support white minorities in countries like South Africa.

“The story for me is the high-level – including White House-directed – attention on these programs,” said a person familiar with the discussions over the democracy awards. “These awards have been briefed at the highest levels of the department and have buy-in from the White House.”

The proposed awards represent a significant shift in US support for dissidents, human-rights defenders and civil-society groups under authoritarian governments. The new slate includes projects in wealthy nations, and focused on opposition to regulation, Brexit, migration, anti-communism, Christian protection and opposition to “gender ideology”, offering a window into how the Trump administration is redefining what qualifies as human rights and merits tens of millions of dollars in US foreign assistance.

“Congress appropriated money for the democracy fund on a bipartisan basis to support defenders of human rights, to assist victims of human rights violations and to instead promote the growth of democracy abroad,” said senator Jeanne Shaheen, the top Democrat on the US Senate committee on foreign relations.

“The Trump administration’s proposals would use taxpayer funds to promote far-right organizations and programs in established democracies. This is a waste of resources and undermines United States values and relations with democratic partners, including allies in Europe.”

The largest award of $40m was directed to a consortium led by the Victims of Communism Memorial Foundation (VOC), an anti-communist non-profit that has received far smaller grants in the past. A state department vetting document seen by the Guardian records $96,997 in previous contracts in the last five years between the foundation and the department, all in the 2022 fiscal year, and notes that it had been vetted in 2019 in connection with tickets to the foundation’s gala. The vetting document also identifies Andrew Bremberg, a former Trump White House domestic policy adviser and US ambassador to the UN European office, as a “senior leader” of the foundation.

In July, ProPublica reported that Samuel Samson, a 27-year-old deputy assistant secretary overseeing the new grants, was linked to senior members of VOC through his studies at the Christian conservative Hillsdale College graduate program. (A state department official then told the outlet that the relationship had nothing to do with the grant).

Samson has described the US and Europe as partners in a shared civilizational struggle. Samson toured Austria, the Czech Republic, Hungary and Slovakia last December – all countries that were floated to receive a $2m grant to counter migration weaponized by Russia and Belarus, and criticized NGOs that previous administrations had worked with for promoting what he called radical concepts, including gender theory and DEI.

The state department did not comment on individual grants but told the Guardian the programs were still in “active deliberation”, that awardees would meet guidelines for federal grants, and that all programming would undergo a “standard and rigorous vetting process by grant professionals.”

“Our programming in Europe aims to support our European allies in defending those rights and principles, along with their civilizational self-confidence and sovereignty from those who seek to undermine them,” a state department official said. “The national security strategy highlights our priorities in Europe which includes advancing political liberty, promoting free speech, and collaborating with European partners to jointly support European revitalization and civilizational self-confidence.”

Under the legislation authorizing the fund, the money must be assigned by 30 September, the end of the fiscal year, when unobligated funds typically lapse. Shaheen, the ranking member of the Senate foreign relations committee, has put a partial “hold” on giving the grants to some of the controversial awardees – setting up a showdown with the State Department with just hours left for the money to be obligated.

ProPublica first reported that Trump officials had drawn up at least a dozen no-bid grants aimed at rightwing and anti-immigration causes in Europe and advocates for white South Africans.

The document now shows how much of the fund the plan takes up, and which awards have since been dropped.

A $1m award titled “Countering Lawfare and Censorship in Brazil” would fund civil society groups opposing what it calls judicial overreach and censorship by Brazil’s supreme court. The Trump administration sanctioned Justice Alexandre de Moraes last year after lobbying by Eduardo Bolsonaro, son of the former president.

A program titled “Promoting Western Civilization Allies” would be limited to implementers who do not subscribe to “ideologically weaponized accounts of human rights, such as gender ideology”, according to the document, and will receive $2m. It names possible recipients in Poland, Slovakia, the Czech Republic, Hungary and the Balkans with “anti-communist” and “natural rights” approaches.

One award was allocated to document “democratic backsliding” in Europe tied to “mass and illegal migration” and legislation by “supra-national entities”, while a $1m journalism consortium would push back against designations of “trusted” media outlets. The list also includes $2m for early-warning networks protecting Christians in Nigeria.

And a $3m no-bid award would go to the Jobs Foundation, a UK group run by Matthew Elliott, who led the Vote Leave campaign. The grant, titled “Countering Overregulation to Advance American Investment”, would promote a “common good capitalism index” and pro-business policy, including how the foundation promoted Brexit as a chance to cut the UK’s climate regulations.

The document also shows that a proposed $5m no-bid grant to the Free Speech Union, the British group founded by Toby Young, has been marked “withdrawn”. When the award was first reported in July, Young said the group had never applied for or received US government money (though Trump officials had reportedly met with the group during a European tour late last year).

The grant would have paid the group to campaign against online safety and hate speech laws, including Britain’s Online Safety Act, a law passed under the Conservatives in 2023. Meant to protect children from harmful content and is enforced by Ofcom, its age-verification rules – which took effect last year – have drawn constant criticism from the Trump administration, which cast them as censorship.

The Free Speech Union is the second British group to drop off the list. A $7m no-bid award to 878, a thinktank whose stated missions include restoring Judeo-Christian culture and “ending mass migration and deporting illegal immigrants”, was abandoned in July after pushback from Congress. It was founded by Jacob Rees-Mogg, who served as Brexit opportunities minister and business secretary before losing his seat at the 2024 election, and now presents on GB News.

The British awards would have sent $15m in US taxpayer money to groups run by two sitting Conservative peers and a former cabinet minister, on issues from online safety law to migration that are live in British politics.","https://i.guim.co.uk/img/media/41ac63906656f3420c997c8618d3b3a1a86a0811/720_0_7200_5760/master/7200.jpg?width=1200&height=630&quality=85&auto=format&fit=crop&precrop=40:21,offset-x50,offset-y0&overlay-align=bottom%2Cleft&overlay-width=100p&overlay-base64=L2ltZy9zdGF0aWMvb3ZlcmxheXMvdGctZGVmYXVsdC5wbmc&enable=upscale&s=a84f03328fc999199aa48e0fdfe79cbe",N,,2026-09-30 09:54:54.498196
,Human Rights,2026-09-30 11:35:03+00:00,news.bloomberglaw.com,Immigrant Deaths in ICE Custody Nearly Double as Oversight Wanes - Bloomberg Law,Ximena Bustillo,,,,,https://news.bloomberglaw.com/us-law-week/immigrant-deaths-in-ice-custody-nearly-double-as-oversight-wanes,"That leaves one external team, the Office of the Inspector General, tasked with inspecting and overseeing ICE detention conditions across the US.
More Medical Issues Since the start of the fiscal year, there have been over 60,000 people in immigration detention at any given time, often overcrowding facilities and overwhelming limited resources.
“The population is different now,” said Claire Trickler-McNulty, a former ICE and DHS civil rights official during Democratic administrations and part of Trump’s first term.
Less Oversight Congress reduced funding for DHS’ Civil Rights and Civil Liberties Office and didn’t fund its Office of the Immigration Detention Ombudsman in its latest appropriations bill, gutting key oversight mechanisms.
Some former DHS oversight employees caution that the OIG’s work may not be enough.","Thirty-seven people have died while detained by Immigration and Customs Enforcement since last fall, the deadliest fiscal year on record for the agency.

The rise in detainee deaths reported by ICE comes as the agency’s detention space has been stretched to capacity amid President Donald Trump’s immigration arrests and deportation campaign. The trend is poised to continue as the administration carries out the enforcement agenda with less oversight after gutting watchdog offices last year, former agency officials said.

“At this rate you’re going to see standards getting lower and lower because the goal is going to be to increase the number of people in detention,” said former Department of Homeland Security civil rights official Peter Mina, noting that the increase makes it difficult for any remaining limited oversight teams to conduct a full review.

The Trump administration slashed staff and funding for DHS’ Office for Civil Rights and Civil Liberties last year and shuttered the Office of the Immigration Detention Ombudsman after Congress eliminated funding. That leaves one external team, the Office of the Inspector General, tasked with inspecting and overseeing ICE detention conditions across the US.

ICE didn’t immediately respond to a request for comment.

More Medical Issues

Since the start of the fiscal year, there have been over 60,000 people in immigration detention at any given time, often overcrowding facilities and overwhelming limited resources. The fatality rate in proportion to the overall ICE detainee population has increased in recent years, especially under this second Trump administration, according to a report published by JAMA earlier this year.

The causes of deaths in the past year widely vary. Five were labeled as presumed suicides, 13 were pending an autopsy or investigation, and several others involved cardiac arrest, pneumonia, and “suspected natural causes,” according to initial ICE reports.

Among the recent deaths was Lianyong Wei, a citizen of China found “with a bedsheet tied to the top bunk and around his neck” two days after being detained at the Commonwealth of the Northern Mariana Islands Department of Corrections, and Carlos Josue Marchena-Marchena, who was found unresponsive and staff at Winnfield Correctional Center in Louisiana. Both deaths are under investigation.

A dozen of the deaths involved detainees who had been in custody for 140 or more days, with the longest duration at 389, according to a Bloomberg Law review of the death reports. More than half were in custody for 95 days or less, including the presumed suicides. The ages ranged from 19 to 85.

“The population is different now,” said Claire Trickler-McNulty, a former ICE and DHS civil rights official during Democratic administrations and part of Trump’s first term. “The people now arrested in the community have been in the country for 20, 30 years — people who are in different stages of life and have more complicated physical and medical conditions.”

Mina, former deputy officer for the DHS Civil Rights and Civil Liberties office, said staffing in detention centers has always been difficult, especially because they are often in remote areas.

“That is particularly acute when you are looking to staff for mental health care, which was already hard to come by in some of these places,” Mina said.

The reports from ICE show a limited picture of the circumstances surrounding the deaths. The death of Geraldo Lunas Campos at the Camp East Montana facility in Texas was later ruled a homicide by local authorities. About half did not list a cause of death or were under investigation.

Less Oversight

Congress reduced funding for DHS’ Civil Rights and Civil Liberties Office and didn’t fund its Office of the Immigration Detention Ombudsman in its latest appropriations bill, gutting key oversight mechanisms. CRCL went from more than 100 employees to fewer than five after the administration’s cuts last year.

But lawmakers did provide $20 million this year in dedicated funds for the Office of the Inspector General to oversee detention centers.

“We anticipate a substantial increase in our inspection capacity in the coming months” based on the funding, an OIG spokesperson said.

Some former DHS oversight employees caution that the OIG’s work may not be enough.

“CRCL had a lot more flexibility and was able to collaborate more with the agencies,” Trickler-McNulty said, adding that the OIG’s mandate is different in that the office doesn’t work alongside ICE to create new policies and training.

“CRCL could be more active in the corrective process,” she said. “Ideally you want a layered oversight approach because the different entities have different roles.”

DHS OIG recently published reports of three immigration detention centers, Krome North Service Processing Center in Miami, the Florida facility commonly known as “Alligator Alcatraz,” and the Cibola County Correctional Center in New Mexico.

The Cibola inspection, which was conducted in September of 2025, concluded the facility has a history of staff and detainee safety being put in jeopardy.

At the Krome facility, according to the report, staff didn’t always comply with use-of-force policies, including by using a choke hold. The facility was lacked medical staff and didn’t comply with medical record-keeping standards.",https://news-api.bloomberglaw.com/v1/resize-image?url=https%3A%2F%2Fbloomberg-bna-brightspot.s3.us-east-1.amazonaws.com%2Fc4%2F25%2Fbc8342794415becc6b034366b61f%2Fgettyimages-2296781902.jpg&width=1200&height=600&fit=cover&crop=4112x1585%2B499%2B790,N,,2026-09-30 11:59:29.810290
,Agencies,2026-09-30 11:22:16+00:00,The National Desk,Families of victims in crimes involving illegal immigrants seek answers; DHS offers help,"The National News Desk, www.facebook.com",,,,,https://thenationaldesk.com/news/americas-news-now/families-of-victims-in-crimes-involving-illegal-immigrants-seek-answers-dhs-offers-help-voice,"When crimes are tied to illegal immigration, families can be left searching for answers and support as they navigate the legal system and grieve a loss they say should not have happened.
The Department of Homeland Security’s Victims of Immigration Crime Engagement Office (VOICE) serves as a point of contact for victims and ""Angel families.""
The office helps people follow enforcement and removal proceedings, receive custody notifications, access case information and find support.
Joe Abraham, the new executive director of VOICE, told The National News Desk he took on the role after the death of his daughter, Katie.
It’s unacceptable.” Asked about due process concerns raised by critics in cases involving immigration enforcement, Abraham said, “I really wish Katie had some due process rights.","When crimes are tied to illegal immigration, families can be left searching for answers and support as they navigate the legal system and grieve a loss they say should not have happened.

The Department of Homeland Security’s Victims of Immigration Crime Engagement Office (VOICE) serves as a point of contact for victims and ""Angel families."" The office helps people follow enforcement and removal proceedings, receive custody notifications, access case information and find support.

Joe Abraham, the new executive director of VOICE, told The National News Desk he took on the role after the death of his daughter, Katie. He said Katie and four friends were stopped at a light outside the University of Illinois campus in Urbana, Illinois, when another vehicle hit them at a high speed.

“Her and four of her friends were at a stoplight and they were barreled into at almost 80 miles an hour,” Abraham said. “She died on the scene, a friend of hers died in the hospital the next day.”

Abraham said the driver who hit them was an illegal immigrant who was intoxicated and fled the scene. He said the driver was apprehended three days later in Texas near the U.S.-Mexico border.

Abraham also criticized what he described as sanctuary policies in Illinois and has said he believes they contributed to his daughter’s death.

“How Brandon Johnson and J.B. Pritzker handled that particular operation, I thought was very disappointing,” Abraham said. He said that instead of cooperating with federal agents, leaders “took it the other way,” adding, “They ginned up folks. They supported the aggressive nature toward ICE. It’s unacceptable.”

Asked about due process concerns raised by critics in cases involving immigration enforcement, Abraham said, “I really wish Katie had some due process rights. I wish Katie had some say in the way she was killed, right?” He described her as a ""gentle"" and ""compassionate"" soul.

He added, “We have processes. We have rules. We have laws. And to the extent you don’t follow them, there should be consequences.”

Abraham also addressed calls to abolish Immigration and Customs Enforcement amid anti-ICE demonstrations across the country, saying the protests are painful for victims’ families.

“I watch these just like anyone else and it’s very hurtful,” Abraham said. “Not one of these people came up and said, oh, by the way, Katie shouldn’t have died the way she died, right?” He said he believes protesters do not understand what victims experience and argued that “someone such as Katie’s killer could have been easily vetted out of the system with just a little common sense and some background vetting.”",https://thenationaldesk.com/resources/media2/16x9/8092/986/0x418/90/cf45b2f5-c55a-4534-ab39-b2cd6beeb39e-GettyImages2245411710.jpg,N,,2026-09-30 13:02:19.194551
,Agencies,2026-09-30 11:07:35+00:00,www.sfchronicle.com,3 Californians sue ICE officers hours after Newsom signs bill greenlighting lawsuits,Not Available,,,,,https://www.sfchronicle.com/politics/article/ice-no-kings-act-lawsuits-22455423.php,"Cary Lopez was nine months pregnant when ICE agents pinned her belly against a truck in Los Angeles County on June 8, 2025. Carrillo Law Firm.",Not Available,,N,,2026-09-30 12:00:11.943160
,Agencies,2026-09-30 09:32:30+00:00,www.justice.gov,"U.S. Attorney encourages facts, not rumors about Kansas ICE operations",Not Available,,,,,https://www.justice.gov/usao-ks/pr/us-attorney-encourages-facts-not-rumors-about-kansas-ice-operations,"KANSAS CITY, KAN. – U.S. Attorney Ryan A. Kriegshauser of the District of Kansas (USAO-KS) cautions that irresponsible rumors about Immigration and Customs Enforcement (ICE) operations could potentially harm the Kansas agricultural industry.
Such rhetoric stokes fear and risks unnecessary harm to Kansas industries,” said Kriegshauser.
ICE carried out this initiative designed to apprehend criminal aliens in Kansas.
• Jose Garcia Villa — a criminal illegal alien from Mexico convicted of kidnapping and sexual assault who was residing in Dodge City.
• Ky Sayapheth — a criminal illegal alien from Laos convicted of homicide, aggravated assault of public officer with weapon, aggravated assault of police officer with weapon, aggravated assault with weapon, and escape from custody who was residing in Hutchinson.","KANSAS CITY, KAN. – U.S. Attorney Ryan A. Kriegshauser of the District of Kansas (USAO-KS) cautions that irresponsible rumors about Immigration and Customs Enforcement (ICE) operations could potentially harm the Kansas agricultural industry. He urges Kansans to wait for law enforcement agencies to release information rather than speculate or spread false information.

“Claims suggesting that these efforts were discriminatory ‘sweeps’ based on skin color and race are misguided and irresponsible. Such rhetoric stokes fear and risks unnecessary harm to Kansas industries,” said Kriegshauser. “We encourage everyone discussing this topic, especially on social media, to pause, wait for the facts to be released, and avoid amplifying sensational or unsubstantiated rumors.”

Kriegshauser emphasized, “When people witness ICE agents making an arrest, they do not know why that person is being detained. Because of laws, agency policies, and security safeguards, information about arrests is not always immediately made public. I ask people not to jump to conclusions and to instead wait for the facts to come out.”

On September 29, 2026, the Department of Homeland Security informed USAO-KS about the results of “Operation Safe Community - Kansas”, a three-day operation that took place between September 22 and September 24, 2026. ICE carried out this initiative designed to apprehend criminal aliens in Kansas.

ICE agents made 104 arrests in Southwestern Kansas. They arrested alien offenders with criminal histories, including assault, domestic battery, aggravated battery, criminal threat, knowingly using a weapon to cause great bodily harm, disfigurement or death; criminal carrying of a weapon or concealed carry of a pistol or firearm; and fleeing or eluding law enforcement officers.

Kriegshauser said, “The operations that took place in Southwest Kansas were not arbitrary but part of a larger effort to apprehend specific criminal aliens, some of whom were convicted of crimes like murder, assault, and rape,” said Kriegshauser. “Operation Safe Community - Kansas was a targeted operation designed to put some of the worst of the worst behind bars. Contrary claims are inaccurate. Instead, ICE officers conducted intelligence driven targeted immigration enforcement actions throughout Southwestern Kansas.”

Among those apprehended were:

• Kham Khamchanh — a criminal illegal alien from Laos convicted of homicide who was residing in Hutchinson.

• Raul Duquenzne-Batista — a criminal illegal alien from Cuba convicted of aggravated assault with weapon, kidnapping, rape of disabled person, aggravated assault with a gun, burglary, and rape with a gun who was residing in Larned.

• Jose Garcia Villa — a criminal illegal alien from Mexico convicted of kidnapping and sexual assault who was residing in Dodge City.

• Ky Sayapheth — a criminal illegal alien from Laos convicted of homicide, aggravated assault of public officer with weapon, aggravated assault of police officer with weapon, aggravated assault with weapon, and escape from custody who was residing in Hutchinson.

• Flora Elvira De La Cruz Bustillos — a criminal illegal alien from Mexico convicted of cruelty toward child and larceny who was residing in Liberal.

“Wanted criminals sometimes go to small towns thinking they can lie low and move undetected by law enforcement. I believe that people living in rural communities like Southwestern Kansas deserve the same protection as residents of any major city by not having to live with violent offenders in their midst,” said Kriegshauser. “Because of these law enforcement agents, more than 100 criminals are no longer freely walking our streets, thereby making our Kansas communities safer places to live and work.”

###",https://www.justice.gov/themes/custom/usdoj_uswds/images/metatag-image--press-release.png,N,,2026-09-30 10:58:23.418204
,Human Rights,2026-09-30 09:11:38+00:00,www.nwaonline.com,3rd-country deportations allowed - Northwest Arkansas Democrat-Gazette,Abbie VanSickle The New York Times,,,,,https://www.nwaonline.com/news/2026/sep/30/3rd-country-deportations-allowed/,"WASHINGTON -- The Trump administration can resume rapidly deporting immigrants to countries other than their own, the Supreme Court agreed Tuesday.
The court's three liberal justices noted that they would have denied the government's request to resume the deportations.
The court, she said in a statement, ""has allowed the administration to resume sending people to third countries where they face persecution or torture.""
In a one-paragraph ruling, the court's conservatives allowed the administration to continue the deportations over the noted dissents of the three liberals.
Since then, the Trump administration has continued to deport immigrants under the program, including to authoritarian countries with histories of human rights abuses.","WASHINGTON -- The Trump administration can resume rapidly deporting immigrants to countries other than their own, the Supreme Court agreed Tuesday.

The one-page emergency ruling was unsigned and gave no vote count, as is typical in such cases. Although the justices cleared the way, for now, for the swift removals to continue, they also announced that the court would fast-track the case and hear oral arguments about it in December, setting up a final ruling on the issue next year.

Their decision to hear oral argument on the legality of sending thousands of immigrants to what are referred to as third countries, including nations that have faced accusations of human rights abuses, sets up another major test of the limits of executive power at the Supreme Court.

On the line will be a hallmark of President Donald Trump's mass deportation agenda, a policy of sending people to countries where they have no ties, including Liberia, Equatorial Guinea, Costa Rica, Honduras and the Central African Republic.

The court's three liberal justices noted that they would have denied the government's request to resume the deportations.

The justices asked the lawyers for the administration and the immigrants who challenged the policy to focus their briefing for the December argument on whether the lower court judge who had paused the swift deportations had the authority to do so, and whether the policy violated the Constitution and international protections against torture.

James Percival, the top lawyer at the Department of Homeland Security, celebrated the court's ruling. In a statement, he called it a ""victory.""

""A bad day for criminal illegals and open borders activists alike,"" he said.

Trina Realmuto, a lawyer for the National Immigration Litigation Alliance and part of the team representing the immigrants, called the emergency decision ""a devastating result."" The court, she said in a statement, ""has allowed the administration to resume sending people to third countries where they face persecution or torture.""

But she pointed out that the court had agreed to hear full argument in December, saying that Tuesday's decision ""does not decide that the policy is lawful.""

The deportations had been blocked recently after a federal court ruled the administration could not deport migrants to third countries unless they were given an opportunity to contest their removals, including to voice concerns that they might be persecuted or tortured abroad.

The justices' ruling means that the administration can, for now, continue its program and conduct rapid deportations including to countries such as Equatorial Guinea, where U.S. deportees were hooded, bound and beaten by police, according to reporting by The New York Times.

The justices had weighed in previously on the administration's efforts to send immigrants to third countries.

In May 2025, the Trump administration asked the justices to step in and clear the way for third-country deportations after a federal judge in Massachusetts temporarily blocked the administration from sending people to countries not their own -- in that case South Sudan -- without the chance to object.

In a one-paragraph ruling, the court's conservatives allowed the administration to continue the deportations over the noted dissents of the three liberals.

Since then, the Trump administration has continued to deport immigrants under the program, including to authoritarian countries with histories of human rights abuses. So far, the administration has sent more than 25,000 people to third countries as part of its mass deportation efforts, according to a social media post by Percival.

In his brief, Solicitor General D. John Sauer characterized the third-country deportation program as ""an essential tool to remove certain aliens, including some of the worst criminal aliens.""

Sauer wrote that the appeals court ruling had ""created substantial logistical problems with ongoing removal operations,"" including canceled deportation flights and disrupted delicate diplomatic negotiations with other countries.

Lawyers for a group of immigrants challenging their removals said in a brief that the Trump administration had ignored ""the significant harm resulting from deporting thousands of longtime U.S. residents, many with no criminal history, to third countries without regard to the persecution or torture they face there.""

They argued that the Trump administration could avoid any delays in its deportation program simply by ""providing the notice and opportunity to be heard that the law requires.""",https://wehco.media.clients.ellingtoncms.com/static-4/teaser_images/www.nwaonline.com_default.jpg,N,,2026-09-30 07:57:33.337966
,Agencies,2026-09-30 08:47:15+00:00,www.facebook.com,"Wilber Rafael Garces Perez, a man who was shot by an ICE agent during a traffic stop in ...",Not Available,,,,,https://www.facebook.com/nytimes/posts/wilber-rafael-garces-perez-a-man-who-was-shot-by-an-ice-agent-during-a-traffic-s/1500558205259971/,"Well the guy was stopped, with an ICE vehicle in front and one behind Garces.
The next thing you know there is video of this same man racing down a street with ICE officers in pursuit!
In that moment going from stopped to fleeing one can see how he might’ve hit one of the ICE officer!","Well the guy was stopped, with an ICE vehicle in front and one behind Garces. The next thing you know there is video of this same man racing down a street with ICE officers in pursuit! In that moment going from stopped to fleeing one can see how he might’ve hit one of the ICE officer!",https://external-iad3-1.xx.fbcdn.net/emg1/v/t13/16823798250383418714?url=https%3A%2F%2Fstatic01.nyt.com%2Fimages%2F2026%2F09%2F29%2Fmultimedia%2F29nat-TXiceshooting-1-kbhc%2F29nat-TXiceshooting-1-kbhc-facebookJumbo.jpg&fb_obo=1&utld=nyt.com&dfr=1&_nc_sid=867500&_nc_ht=external-iad3-1.xx.fbcdn.net&stp=dst-jpg_p600x600_tt6&ccb=18-1&_nc_gid=LlKrfqCsOaTzRWevReNmVw&_nc_zt=3&oh=06_Q3_DAbC84t7zauZJNkHNGlhe3vu4oBzGLwCcz4Jd645emCJ0&oe=6ABEE87C,N,,2026-09-30 07:57:39.350430
,Litigation,2026-09-30 08:21:57+00:00,AP News,Judges' Crackdown On Virtual Hearings in Honolulu Adds Hurdles For Immigrants In Court,"Jeremy Hay, Caitlin Thompson/honolulu Civil Beat, apnews.com",,,,,https://apnews.com/article/new-judges-honolulu-immigration-court-inperson-hearings-b08be0f24617dd580a9efd0a347b9b32,"Immigration attorneys in Hawaiʻi said she retired rather than be fired but she did not return a call seeking comment.
A Long Way To Court Immigration judges have used technology to hold virtual hearings since the mid-1990’s.
Last August, 38 of the 120 hearings in front of immigration judges in Honolulu were held in person.
Immigration judge Tamara Wallen twice denied without explanation attorney Margaret Stock’s motion to change the venue of her clients’ hearings from Honolulu to Anchorage.
Hom is the most prolific, having denied 40% of such motions, according to the immigration court data, or 10 out of 25.","New judges at Honolulu’s immigration court are requiring immigrants and their attorneys to appear in person for hearings at least four times as often in a turn away from virtual hearings, driving up costs and adding barriers for people fighting deportation.

The changes documented in federal data and noted by advocates increase the financial burden on immigrants living on neighbor islands — and even more so for people living outside of Hawai‘i who have to appear in person. It not only forces them to dole out airfare for themselves and sometimes their attorneys, but they may miss work and have to pay for accommodations on Oʻahu and childcare back home.

“Our clients, all very low income, can’t easily afford to travel to Honolulu from neighbor islands, especially multiple times for biometric appointments, ICE check-ins and court hearings,” said Bettina Mok, executive director of The Legal Clinic, a Honolulu-based nonprofit that serves immigrants.

The stakes of not showing up for a hearing are sky high. It leads to an in-absentia decision, which translates into an almost automatic order of removal for immigrants who may have been in the country for years and be in the midst of long-running applications for asylum or green cards.

A Civil Beat analysis of data from the Executive Office for Immigration Review found that under the Honolulu immigration court’s new judges, who took over in June and July, the number of people from neighbor islands or out of state who have had to appear in person for hearings at the Prince Kūhiō Federal Building courthouse has soared.

It showed that in July and August, 87% of immigrants from neighbor islands with immigration court proceedings had to travel to Oʻahu for at least one in-person hearing, compared to just under a third in the same period last year.

For those farther afield, the contrast was even starker. Honolulu judges required 18 people with out-of-state addresses to appear in person this July and August, compared to just one during the same months last year — a rise from 14% to 82%. Whether a hearing was in person or virtual was determined according to the Department of Justice’s explanation of its own data.

In recent decisions, attorneys and their clients who were once scheduled to appear remotely have been required to show up in person from as far away as Texas and Alaska, while closer to home, immigrants from neighbor islands have been summoned in person even if their attorneys are allowed to attend remotely.

The increase reflects a nationwide trend, according to immigration attorneys and former judges who consider it part of the White House campaign to deport more people, faster. Other tactics include moving up court dates on short notice, including some that have been scheduled for years, and making it harder to seek continuances.

Hawaiʻi’s only immigration court hasn’t gone as far as others such as Tacoma, Washington’s, which in mid-August entirely stopped allowing attorneys to appear remotely on behalf of local respondents, immigration attorneys who work at the court said.

But Dana Leigh Marks, a former San Francisco immigration judge, said the shift in practices in Hawaiʻi has the same goal: to make things tougher for immigrants.

The Trump administration is “trying to capitalize on any mechanism they can think of that would increase the number of deportations and limit the opportunities for immigrants before the courts,” said Marks, who was appointed a judge in 1987 under President Ronald Reagan and is a past president of the National Association of Immigration Judges.

One of the two prior Hawaiʻi judges, Clarence Wagner — who required 22% of his hearings to be in person last July and August, the most at the time for the Honolulu court — was fired in May as part of a justice department house cleaning that critics said was aimed at judges whose rulings were too friendly to immigrants.

The other judge, Robin Feder, who had an even lower rate of requiring in-person hearings — 5% — disappeared from the court’s roster in June without explanation. Immigration attorneys in Hawaiʻi said she retired rather than be fired but she did not return a call seeking comment.

Civil Beat asked the press office of the Executive Office for Immigration Review whether there has been an official policy change or guidance about in-person versus remote hearings, the aim of requiring in-person hearings more frequently and how they align with the administration’s overall immigration enforcement policy. It responded with a link to the agency’s policy manual, which contains no mention of a new policy, and didn’t respond to a request to interview the sitting Honolulu judges.

A Long Way To Court

Immigration judges have used technology to hold virtual hearings since the mid-1990’s. During the pandemic, the Executive Office for Immigration Review — part of the Department of Justice — encouraged the practice in a memo extolling the efficiency and other advantages of video teleconferencing.

“VTC is beneficial to both the immigration courts and the alien respondent in immigration proceedings,” it said, adding that due process was as well served virtually as in in-person hearings.

A policy memo two years later, in 2022, again endorsed virtual hearings and encouraged judges to grant them when requested. It said, among other things, that “respondents and counsel appearing remotely are relieved from traveling to court. Internet-based hearings make it easier for parties to present witnesses, including expert witnesses, as parties can avoid the costs and complications of witness travel.”

Wagner, the former judge, told Civil Beat: “There was always a push to go toward the technology. So saying no to video teleconferencing was something that I didn’t engage in very often because I could do my job by video or in person.”

But two months after Donald Trump took office, in March 2025, the new director of the Executive Office for Immigration Review rescinded the 2022 memo, saying it was “purposeless” and that the Biden-era director who wrote it exceeded his authority.

And by a number of measures, under the most active new Hawaiʻi judges — Tamara Wallen and Howard Hom, who also hears cases in Santa Ana, California — the pendulum in Honolulu’s immigration court has swung sharply in the other direction. A third new judge, Kiley Hyatt, hears many fewer cases and operates almost entirely remotely, attorneys said.

Last August, 38 of the 120 hearings in front of immigration judges in Honolulu were held in person. This August, that number rocketed to 176 out of 249.

For Hom and Wallen, 4 in 5 hearings – or 80% – have been in person in their courtroom this July and August, compared to about 1 in 5 for Wagner and 1 in 20 for Feder during the same months last year.

The trend is expected to continue. About 90% of hearings scheduled for October are currently scheduled to be in person, compared to 22% in the same month last year. Last November and December, about an eighth of hearings were in person. This year, it’s set to be two-thirds, although hearings could still be canceled, rescheduled or made virtual.

For Margaret Stock, a prominent immigration attorney based in Alaska, that has meant that two of her clients — Russian men of Ukrainian descent who protested against President Vladimir Putin and his war against Ukraine — have been ordered to travel some 2,700 miles from Sitka, where they live, to Honolulu for their hearings.

Stock’s clients were to appear in front of Wagner via Webex, the court’s video teleconferencing system. But after Wagner was fired, Wallen denied Stock’s motions to change the venue to Anchorage for her clients. The men, who are related, have permits to work in the United States while their asylum applications are pending; one is married to a U.S. citizen.

Immigration judge Tamara Wallen twice denied without explanation attorney Margaret Stock’s motion to change the venue of her clients’ hearings from Honolulu to Anchorage.

Although their asylum applications were filed in Alaska, the men’s cases were assigned to Wagner in late 2024 when they registered with the Honolulu court while living with a relative in Molokaʻi for a few months while they waited for their work permits to be issued.

Wallen, a former U.S. Coast Guard judge advocate and judge, whose assignment in Honolulu is her first as an immigration judge, also separated the two men’s cases. She scheduled one in October and the other in November. And she denied Stock’s motion that an expert witness who lives in the United Kingdom be permitted to appear via Webex.

To Stock, the combined cost of two mandatory trips to Honolulu — in airfare, hotel stays and time away from work — adds up to a story of its own.

“They want to make it as hard as possible for people to go to a court hearing in the hopes that they don’t show up, and then they can just be deported,” she said, adding that most people, even if they could manage such a trip, couldn’t afford to bring an attorney along as well.

“It seems like the judge is just trying to get me to drop out of the case,” Stock said.

That perception is bolstered, she said, by a flyer Wallen sent with her orders denying the change of venue. It highlighted the benefits of so-called self-deportation, a term the administration uses in pressuring undocumented immigrants to voluntarily leave the United States.

“That implies that she is not a neutral judge,” Stock said. Of her clients, she added, “If they get deported, they’ll just get immediately tortured and jailed and sent to the front to get killed.”

Stuck Here, Attorney At Home

The new dynamics at the court appear in other arenas, too.

As the Transportation Security Agency steps up its cooperation with the Immigration and Customs Enforcement agency, arrests at airports have risen, leading to more out-of-state immigrants being detained in Hawai’i without access to their attorneys, said Esther Yoo, director of the Refugee & Immigrant Law Clinic at University of Hawaiʻi Richardson School of Law.

Many of those arrested traveled to Hawaiʻi for vacation or for work and have overstayed their visas but have attorneys at home along with active applications for asylum or other forms of legal status, Yoo said. But judges have regularly denied those attorneys’ motions to appear by Webex, she said. Hom is the most prolific, having denied 40% of such motions, according to the immigration court data, or 10 out of 25.

“They’re scrambling to try to find attorneys here in Hawaiʻi that can help them at least get out on bond,” Yoo said. “But because there’s so many people being arrested recently, all the immigration attorneys here are just out of capacity and a lot of them have been turning away new cases.”

Nationwide, the changes are causing chaos in courts, according to Rekha Sharma-Crawford, second vice president of the American Immigration Lawyers Association.

“People are having to go in person only to have hearings kicked out or canceled,” she wrote in an email to Civil Beat. “Notices are being sent last minute and randomly.”

Although Sharma-Crawford believes having attorneys and witnesses in the same place is actually “better for due process,” she said, “with so much movement of people and cases being scheduled in random courts, Webex ensures people are not expending resources just to be told that their case has been canceled or rescheduled last minute.”

In the Honolulu court, though there is no stated policy, immigration attorneys now steel themselves against the new reality.

Maui-based attorney Kevin Block said that while judges will sometimes allow local attorneys to appear virtually, they are requiring clients to show up in person. And at a recent hearing, he said, the judge ordered Texas- and California-based attorneys to appear, too.

And while a slate of Block’s recent master calendar hearings — the equivalent of a criminal court arraignment where defendants enter pleas — were permitted remotely, he plans to have to appear for the individual hearings, which are the main event, like a trial.

“I’m just going to show up in court and my clients are going to show up, too, just because I know the judge is probably going to deny the motion to appear by Webex,” he said.

In general, immigration courts seem to have a different aim now than fairly adjudicating immigrants’ cases, Block said.

“It’s designed to get them to just say, ʻWe are not welcome here, obviously. Let’s just go.’ That’s the goal,” he said. “And it’s working for a lot of people. Which is sad because they have often lived here for years, worked hard, paid taxes and raised families.”

Between 30% and 40% of his clients now are choosing to give up and voluntarily return to their country of origin, he estimated, compared to more like 5% before the administration’s crackdown on immigrants began.

That’s especially true for those locked up at the Federal Detention Center in Honolulu while their cases go forward, Block said: “They’re just going to be like, ʻIt’s dangerous where I live, but it’s dangerous here. And at least where I live, I can be outside and be in the sunshine.’”

___",https://dims.apnews.com/dims4/default/74b899c/2147483647/strip/true/crop/1281x854+0+0/resize/980x653!/quality/90/?url=https%3A%2F%2Fassets.apnews.com%2F0c%2F94%2Fcbc970464ba8bfbc6042dd7cdd78%2Fthe-ap-default-image-2026.png,N,,2026-09-30 14:01:07.475548
,Agencies,2026-09-30 07:08:17+00:00,The Seattle Times,"ICE plans 5,000 new hires to help with deportation drive | The Seattle Times","Alexandra Berzon, Hamed Aleaziz",,,,,https://www.seattletimes.com/nation-world/ice-plans-5000-new-hires-to-help-with-deportation-drive/,"Most of the recruits are expected to be deportation officers, who participate in a variety of enforcement activities, from arresting targets to case management.
This time, the agency plans to employ stricter standards for checking out new hires, one person familiar with the procedures said.
“Adequately vetting people takes time,” said Deborah Fleischaker, a former acting chief of staff at ICE under the Biden administration.
The Homeland Security Department did not make Brouillette available for an interview.
In a statement, the department criticized efforts to publicly identify ICE officers.","Immigration and Customs Enforcement is preparing for another hiring surge to support President Donald Trump’s deportation campaign, with a goal of bringing on 5,000 new employees by the end of the year, according to four people familiar with the plans.

The hiring would expand the agency’s workforce by around 17% and draw on substantial new funding provided by Congress. The agency had already staffed up drastically since Trump took office, growing by about 8,000, to reach 29,000 employees as of July, according to federal data.

Most of the recruits are expected to be deportation officers, who participate in a variety of enforcement activities, from arresting targets to case management.

ICE has sharply ramped up its enforcement in the past few months with an aggressive arrest campaign bolstered by an infusion of more than $100 billion from Congress. Amid the campaign, agents have been under pressure to work seven days a week, and ICE offices have assigned more agents to immigration enforcement.

Last year’s hiring effort drew criticism for its size and speed, as officers were let into the agency with limited or no initial vetting. By the spring, hundreds of those new hires had been removed.

This time, the agency plans to employ stricter standards for checking out new hires, one person familiar with the procedures said. But it is unclear if ICE can adequately vet and hire an onslaught of new applicants or will run into some of the same concerns.

“Adequately vetting people takes time,” said Deborah Fleischaker, a former acting chief of staff at ICE under the Biden administration. “It’s more important to get it right than do it fast.”

In a statement, the Department of Homeland Security said the newest hiring efforts were an outgrowth of the new funding allocated to DHS and unrelated to attrition from the previous surge in hires. The agency said it planned to maintain rigorous standards.

Federal law enforcement agencies have historically struggled to fill positions rapidly and under pressure without letting in people with problematic pasts, said Daniel Altman, a former U.S. Customs and Border Protection official who oversaw internal investigations for the agency’s Office of Professional Responsibility.

“Over time we tend to see an increase in excessive force and other types of misconduct that can happen when you hire someone not suitable for a position,” Altman said.

The agency is still digging itself out of a vast backlog in vetting the backgrounds of officers and others who were brought on last year. Nearly 7,500 people are still waiting for the extensive background checks required for their positions, with an ability to work on a limited basis in the meantime, according to two people familiar with the process who were granted anonymity to be able to speak freely.

While it is not unusual to be in training or even sometimes put to work before a full background check, the number of hires still needing to be checked is far more than is typical, the people said.

The extensive checks are aided by third-party contractors but analyzed and reviewed by federal employees, who determine whether the person can continue working. There is intense pressure to get the checks done while the new hires are still in a probationary period, when they are easier to fire.

Normally, new hires receive preliminary checks before a full background check, which can take months. But last year, the agency began to make the initial determinations on recruits without completing a full security form, fingerprints or any polygraph testing.

The New York Times reported this month that a high-level official who oversaw preliminary vetting in August 2025 filed a whistleblower complaint with the inspector general at the Department of Homeland Security raising concerns about the practices. He wrote that the Trump administration was giving final job offers without proper preliminary vetting or any at all, violating the law and fast-tracking unqualified, “improperly vetted” candidates into ICE’s ranks, exposing the agency to “grave national security risks.”

Such concerns have come to the fore amid actions from some of the recruits hired last fall. Among them are David Brouillette, a new officer whose ex-wife identified him as the person who fired the fatal shots that killed Johan Sebastián Durán Guerrero, a Colombian immigrant, in Biddeford, Maine, on July 13.

The Homeland Security Department did not make Brouillette available for an interview. In a statement, the department criticized efforts to publicly identify ICE officers.",https://images.seattletimes.com/wp-content/uploads/2026/09/09292026_tzr_tzr_120043.jpg?d=1200x630,N,,2026-09-30 13:02:24.287141
,Agencies,2026-09-30 07:04:18+00:00,U.S. Department of Homeland Security,"MAKE AMERICA SAFE AGAIN: DHS Deports Illegal Alien Gang Members, Including ...",Not Available,,,,,https://www.dhs.gov/news/2026/09/29/make-america-safe-again-dhs-deports-illegal-alien-gang-members-including-murderers,"Image Mario Aviles-Corral, an illegal alien from Mexico and Mexican Mafia gang member, deported on September 22.
Image Sheldon Emelio Lyon, an illegal alien from Jamaica and Bloods gang member, deported on September 24.
Image Roberto Benjamin Rodriguez-Padilla, an illegal alien from El Salvador and MS-13 gang member, deported on September 25.
Image Miguel Antonio Guzman Castro, an illegal alien from Guatemala and East Los Angeles-13 gang member, deported on September 21.
Image Daniel Torres Rodriguez, an illegal alien from Mexico and Los Zetas gang member, deported on September 25.","DHS will never apologize for deporting illegal aliens

WASHINGTON – The United States Department of Homeland Security (DHS) released the following statement after U.S. Immigration and Customs Enforcement (ICE) deported more illegal alien gang members in the last week, including those convicted of murder, aggravated assault with a deadly weapon, driving under the influence of alcohol, and burglary, among other heinous crimes.

“Last week, the hard-working men and women of ICE deported even more illegal aliens from our country, including murderers, drug dealers, drunk drivers, and robbers,” said DHS Secretary Markwayne Mullin. “Every single deportation makes America safer. DHS is delivering on President Trump’s mandate from the American people to deport illegal aliens, because that’s how we save lives.”

Among the illegal alien gang members deported last week are:

Image

Marcos Ramirez-Garcia, an illegal alien from Mexico and Surenos gang member, deported on September 25. His criminal history includes convictions for second-degree murder and felony firearm offense in Michigan. He illegally entered the United States at an unknown date and location. DHS issued Ramirez-Garcia a final administrative removal order on July 21, 2011.

Image

Mario Aviles-Corral, an illegal alien from Mexico and Mexican Mafia gang member, deported on September 22. His criminal history includes convictions for second-degree murder and aggravated assault in Arizona. He claims to have illegally entered the United States through California in 1985. DHS issued Aviles-Corral a final administrative removal order on August 5, 2005.

Image

Sheldon Emelio Lyon, an illegal alien from Jamaica and Bloods gang member, deported on September 24. His criminal history includes convictions for first-degree assault, TWO counts of possession of contraband in a place of confinement, and concealing a dangerous weapon, and arrests for attempted first-degree murder, conspiracy to commit attempted first-degree murder, second-degree assault, kidnapping, first-degree burglary, conspiracy to commit first-degree burglary, reckless endangerment, and dangerous weapon: wear and carry with intent to injure in Maryland. He was lawfully admitted to the United States in March 2009. Following his criminal convictions, a DOJ Immigration Judge issued Lyon a final order of removal on September 23, 2014.

Image

Roberto Benjamin Rodriguez-Padilla, an illegal alien from El Salvador and MS-13 gang member, deported on September 25. His criminal history includes an arrest for driving while intoxicated in Virginia. He has an international warrant for killing a police officer in his home country. He illegally entered the United States at an unknown date and location. A DOJ Immigration Judge issued Rodriguez-Padilla a final order of removal on April 4, 2026.

Image

Miguel Antonio Guzman Castro, an illegal alien from Guatemala and East Los Angeles-13 gang member, deported on September 21. His criminal history includes convictions for THREE counts of vehicle theft, TWO counts of burglary, TWO counts of possession of a controlled substance, robbery, theft, petty theft, use or being under the influence of a controlled substance, forgery of handwriting or related document, and false check, record, certificate, or related document in California. He was previously deported FOUR times in 2005, 2009, 2016, and 2022 before illegally re-entering the United States at an unknown date and location.

Image

Yarlee Freddy Acosta Salmeron, an illegal alien from Honduras and Southwest Cholos gang member, deported on September 21. His criminal history includes convictions for assault of a family member, theft from person, and failure to identify a fugitive with the intent to give false information in Texas. Salmeron was previously deported THREE TIMES in 1994, 2009, and 2015, before illegally re-entering the country at an unknown date and location.

Image

Jonathan Josue Rivera-Caceres, an illegal alien from Honduras and MS-13 gang member, deported on September 22. His criminal history includes convictions for aggravated assault with a deadly weapon, driving while intoxicated, and an arrest for terroristic threats against peace officer/judge in Texas. He illegally entered the United States through Texas in April 2014 and was arrested by the U.S. Border Patrol. He was then RELEASED into the country by the Obama Administration. A DOJ Immigration Judge issued Rivera-Caceres a final order of removal on August 21, 2026.

Image

Edgar Samuel Palomino-Sanchez, an illegal alien from Mexico and Latin Kings gang member, deported on September 24. His criminal history includes convictions for burglary with firearm, complicity to attempted felonious assault, felonious assault, felony burglary, obstructing official business, and illegal re-entry in Ohio. He was previously deported TWICE in 2013 and 2019 before illegally re-entering the United States at an unknown date and location.

Image

Yang Neng Vang, an illegal alien from Laos and Laos Pride Gangster gang member, deported on September 26. His criminal history includes convictions for third-degree assault, felon in possession of a firearm, fourth-degree assault, and driving under the influence of alcohol in Oregon and California. He was lawfully admitted to the United States in July 1983. Following his criminal convictions, a DOJ Immigration Judge issued Vang a final order of removal on March 30, 2000.

Image

Daniel Torres Rodriguez, an illegal alien from Mexico and Los Zetas gang member, deported on September 25. His criminal history includes convictions for manufacture/delivery of a controlled substance, possession of marijuana, illegal re-entry, and evading arrest/detention, and arrests for assault causing bodily injury to family member and liquor violation in Texas. He was previously deported FIVE times in 2003, 2009, 2011, 2017, and 2022 before illegally re-entering the country at an unknown date and location.

# # #",https://www.dhs.gov/sites/default/files/2024-02/24_0206_opa_og-image-dhs.jpg,N,,2026-09-30 09:55:00.944480
,Human Rights,2026-09-28 10:21:38+00:00,Le Monde.fr,At least three people die off northern France attempting Channel crossing - Le Monde,Le Monde with,,,,,https://www.lemonde.fr/en/france/article/2026/09/28/at-least-three-people-die-off-northern-france-attempting-channel-crossing_6758036_7.html,"Three people died on Monday, September 28, off the coast of France while attempting an illegal crossing of the Channel to the United Kingdom, French authorities said.
A coach, as well as fire service and police vehicles, were deployed at the scene, they said.
France has long been a launchpad for migrating people without visas hoping to cross the Channel to start a better life in Britain.
Three bodies were found last week after chaotic ""taxi boat"" departures of this kind in northern France.
At least 29 people lost their lives last year trying to cross the Channel, according to an AFP tally based on official French and British sources.","Three people died on Monday, September 28, off the coast of France while attempting an illegal crossing of the Channel to the United Kingdom, French authorities said.

""A shipwreck involving a taxi boat occurred today off the coast of Wissant,"" a seaside village in northern France, the prefecture said, using a term referring to a dinghy that approaches the beach from the sea to pick up migrating people in shallow waters off the beach. The initial death toll stood at three, it said.

A rescue boat arrived at the port of Calais in the mid-morning, where it began disembarking people rescued from the accident, an Agence France-Presse correspondent said. A coach, as well as fire service and police vehicles, were deployed at the scene, they said.

France has long been a launchpad for migrating people without visas hoping to cross the Channel to start a better life in Britain. They pay smugglers thousands of dollars to board unstable rubber dinghies to make the journey across one of the world's busiest shipping routes.

Three bodies were found last week after chaotic ""taxi boat"" departures of this kind in northern France. At least 29 people lost their lives last year trying to cross the Channel, according to an AFP tally based on official French and British sources.",https://img.lemde.fr/2026/09/28/0/0/6000/4000/1440/960/60/0/6aa839b_ftp-1-qbwcwucnpuze-2026-09-28t082537z-1426068285-rc27sna4yv2x-rtrmadp-3-migration-europe-france-britain.JPG,N,,2026-09-28 06:58:19.445597
,Human Rights,2026-09-28 10:15:30+00:00,the Guardian,Gone in 90 seconds: an 'invisibilized' ICE is arresting more people than ever - The Guardian,"Maanvi Singh, Will Craft, Andrew Witherspoon, Julius Constantine Motal",,,,,https://www.theguardian.com/us-news/ng-interactive/2026/sep/28/ice-us-immigration-new-tactics,"Masked agents patrolled public parks and stationed themselves outside elementary schools; squadrons of ICE agents snatched pedestrians off the streets.
Just before takeoff, he was deboarded – ICE officers admitted they may have made a mistake.
That same day, in Grand Rapids, Michigan, a Guatemalan man died in a fiery crash while fleeing federal immigration agents.
A spokesperson for the DHS said partnerships with law enforcement were key to the agency’s immigration enforcement.
Local law enforcement appear to be especially active in Hispanic neighborhoods, she said, or in areas where Latino construction workers gather.","Those who lived through it describe the ICE raids as a “siege” or an “occupation”.

At the height of the raids last year, agents in armored military vehicles rolled through residential neighborhoods. Masked agents patrolled public parks and stationed themselves outside elementary schools; squadrons of ICE agents snatched pedestrians off the streets.

Then, officers killed two US citizens during an ICE “blitz” on Minneapolis. After a public backlash, the Trump administration said it would try a new approach.

“I learned that maybe we could use a little bit of a softer touch,” Donald Trump said in February. He chose a new secretary of homeland security, Markwayne Mullin, who promised to cut the flash and fanfare. “My goal in six months is that we’re not in the lead story every single day,” he said at his Senate confirmation hearing in March.

Six months on, that’s what his agency has delivered.

Now ICE is anywhere and everywhere, embedded in all corners of everyday life.

A Cuban man in Miami who stepped outside his house to take out the trash was detained moments after he had dropped the garbage bag into the bin. An Ecuadorian father was arrested in Danbury, Connecticut, just after seeing his six-year-old son onto the school bus. People have been arrested while pumping gas, leaving behind their empty cars. They are arrested on their way to work, or on their way home.

Y, a Venezuelan native, was stopped at the Phoenix Sky Harbor airport by immigration officers whom he said wouldn’t tell him why he was being arrested, or accept proof of a judicial order expressly prohibiting deportation to his home country. Four days later, he was on an airplane departing to Venezuela. Just before takeoff, he was deboarded – ICE officers admitted they may have made a mistake.

Though agents appear to be moving with more stealth than they were before, ICE arrests are still, often, violent. Glimpses of that violence are – despite Mullin’s initial intentions – still making national headlines.

Last week, an ICE agent shot Wilber Rafael Garcés Pérez in Austin, Texas. The Venezuelan asylum seeker, who had received a deportation order after missing a letter to appear in immigration court, was discharged from a local hospital with a bullet still lodged near his spine and then taken to ICE detention. That same day, in Grand Rapids, Michigan, a Guatemalan man died in a fiery crash while fleeing federal immigration agents.

Still, for every arrest that breaks through into public view, countless others happen quickly, before anyone can notice. “The detentions are happening in a flash – we’re talking, like, 90 seconds from the time ICE shows up to that person being driven away,” Willis said. “And often they are moving very quietly, with very soft feet.”

The Department of Homeland Security (DHS), the US government agency that oversees ICE, declined to comment on how its tactics had changed. “DHS will not disclose or discuss law enforcement operations, strategy or tactics,” said Chandler Rebel, a spokesperson for the agency. But Rebel confirmed the agency’s focus on airports, noting DHS is “working diligently to ensure that aliens in our country illegally can no longer fly unless it is out of our country to self-deport”.

Bolstered by $75bn in funding from Congress, the Department of Homeland Security – the US government agency that oversees ICE – has more than doubled its workforce this year to more than 22,000 officers and staff. It has also vastly expanded its capacity by working with local police, sheriffs, highway patrol and even fish and wildlife agents. As of 15 September, ICE has signed more than 2,500 287(g) agreements.

ICE is now detaining more immigrants than ever before.

An expanded dragnet fueled by police partnerships

“The administration is able to essentially hide a multiplied ICE force not only in unmarked cars, and not only behind masks, but also within local law enforcement through the 287(g) program,” said Willis. “I call it the invisibilizing of immigration enforcement.”

Operations that now originate with local police are taking place across the country.

At the El Corralón bar in Memphis on 29 August, an operation that began as a police raid targeting illegal gambling and drugs turned into one of the largest sweeps of undocumented immigrants in Tennessee – 120 people were detained. Immigration agents worked with state law enforcement to execute search warrants at the bar related to drugs and gambling, and targeting the bar’s owner. But then, at 1am that night, more than a dozen agents walked into the bar, shut off the music, instructed everyone to gather on the dance floor and asked them one by one if they had legal status, according to witnesses.

A spokesperson for the DHS said partnerships with law enforcement were key to the agency’s immigration enforcement. “We have had tremendous success when local law enforcement works together with us,” said Rebel.

Lawyers across the US said they worry that local law enforcement aren’t adequately aware of the nuances of immigration policy. “People are getting detained if they don’t have their green card on them. They’re getting stopped even if they have legal status,” said Kate Lincoln-Goldfinch, an immigration attorney based in Austin.

Last month, her client Brian José Morales García, 25, was deported to Mexico despite repeatedly telling officers that he was a US citizen, born in Denver.

Morales García was on his way to work as an air-conditioning installation tech, riding with his boss, when officers from the Gillespie county sheriff’s department and the Texas department of public safety (DPS) pulled them over. Both law enforcement agencies were working with ICE. Morales García told the officers that he had his birth certificate and social security card at home, but they didn’t believe him. Days later, he was deported to Mexico.

Eventually, the federal government reached an agreement with Morales García’s lawyers to let him back into the country, after Lincoln-Goldfinch submitted documents proving his citizenship.

“We’re seeing a lot of racial profiling,” she said. Local law enforcement appear to be especially active in Hispanic neighborhoods, she said, or in areas where Latino construction workers gather.

“They might have their sights set on a big job site, in some neighborhood under construction, and just slowly patrol that site and just take people in day after day until nobody’s going to work there anymore,” she said.

‘New pathways to deportation’

The Trump administration has also relentlessly reshaped immigration policies and bent the country’s vast bureaucracy to advance its mass-deportation agenda and boost arrest numbers.

“In order to sustain those numbers, they have to create more categories of people who can be subject to detention,” said Willis. “They do this by creating new pathways to deportation.”

In recent months, the supreme court cleared the way for the administration to end temporary humanitarian protections for 350,000 Haitians and Syrians in the US and made it easier to end protections for a total of about 1.3 million immigrants from a number of countries designated for temporary protected status (TPS). Currently, about 170,000 Salvadorians living in the US are anxiously waiting for the administration to announce whether it will renew or axe the same protections for them.

At the same time, the administration unrolled a new tactic of scheduling “mega-master” hearings – mass hearings in immigration courts, scheduled at the last minute so that many people do not know to, or are unable to, attend their mandatory court appointments. The no-shows are then ordered removed from the country in absentia, making them immediately subject to arrest and deportation.

After attorneys began reporting such hearings in May, judges issued 53,808 removal orders in absentia in June – a 55% increase. More than 13,000 of those removal orders followed mass hearings with a hundred or more people, according to researchers Joseph Gunther and Brandon Marrow, who created the site bklg.org to track and analyze procedural immigration data.

In the coming weeks, the Trump administration is also expected to revoke the business and tourism visas of up to 200,000 foreigners. It has implemented a rule allowing officials to block people from becoming lawful permanent residents if they or certain relatives use public benefits such as Medicaid, food stamps or even student financial aid.

It is also increasingly pursuing “third-country” deportation agreements, so it can arrest and remove immigrants who were previously immune to removal because a judge had deemed that they would face torture or persecution if they were returned to their home countries. Now, more than 23,000 people over the last year have been expelled to countries where they have never been and where they have no ties. Some of these deportations are to countries with civil unrest, political instability, armed conflict and known human rights abuses.

There are constantly shifting rules about who can or cannot be detained or deported, and for how long. And there are constantly shifting norms on who will be detained or deported.

On one day, a client might go to an ICE check-in and leave without incident, Willis said. The next day, a different client with the same immigration status might be detained. “It makes it very hard to counsel people,” Willis said. “It’s very hard to prepare people for what they can expect.”

Pressured to self-deport

Not everyone who is arrested is immediately deportable – many people have pending immigration cases, or legal status. Indeed, there is a wide gulf between the number of people ICE is detaining each month, and the number of people who are deported.

Many of the people who are arrested languish in detention for months. Others – even those who may have a good chance of gaining asylum or another legal status – choose to accept voluntary deportation rather than wait months or years for their immigration case to process.

Federal circuit courts are currently split on whether immigrants who came to the US without lawful admission, including many asylum seekers, can be detained indefinitely without access to bond hearings. In some states, including Texas, the prospect of spending years inside a detention center can wear on immigrants.

“Almost every single detained parent that I talk to has been pressured into signing a voluntary deportation,” said Lincoln-Goldfinch. “Because they are told that if they sign, they get to go home and they can choose what happens to their kids.”

The Guardian is not using full names in some instances to protect sources’ privacy and safety

Vecindarios 901","https://i.guim.co.uk/img/media/26f634a617d506916ce09851054a7d34ba12b2a5/577_218_1284_1027/master/1284.jpg?width=1200&height=630&quality=85&auto=format&fit=crop&precrop=40:21,offset-x50,offset-y0&overlay-align=bottom%2Cleft&overlay-width=100p&overlay-base64=L2ltZy9zdGF0aWMvb3ZlcmxheXMvdGctZGVmYXVsdC5wbmc&enable=upscale&s=443ea803c6da2449907cfe93c46fdc2a",N,,2026-09-28 06:58:22.697366
,Human Rights,2026-09-28 09:12:15+00:00,www.ksdk.com,Overland march calls for protections for immigrant families | ksdk.com,Not Available,,,,,https://www.ksdk.com/article/news/politics/immigration-news/man-faces-deportation-after-traffic-stop-as-community-marches-for-immigrant-rights/63-2cb6f1f9-978e-4c84-b73a-0673734d1f39,"... human rights and an end to fear among immigrant families in the area. ""What we are going through as an immigrant community is not justice,"" said ...",Not Available,,N,,2026-09-28 06:58:25.434247
,Litigation,2026-09-28 06:31:25+00:00,www.lexology.com,When Government Threats Collide with the Ethics of Asylum Representation - Lexology,Not Available,,,,,https://www.lexology.com/library/detail.aspx?g=42eaa11d-06b5-4618-b95b-af111fe41064,... immigration courts remain housed within the prosecuting agency. ... litigation in the United States (USA); Checklist Checklist: Addressing online ...,Not Available,,N,,2026-09-28 03:57:41.005840
,Litigation,2026-09-28 05:04:07+00:00,Judicial and Legal Newspaper,The indefinite residence permit was declared invalid after 17 years: The Supreme Court ...,Legal Newspaper,,,,,https://sud.ua/en/news/publication/373200-bezstrokovu-posvidku-vyznaly-nediisnoiu-cherez-17-rokiv-verkhovnyi-sud-skasuvav-rishennia-dms,"In 2002, she and her husband were documented with a stateless person’s travel document and a temporary permanent residence permit.
In August 2004, the permit was exchanged for a permanent residence permit with an ""indefinite"" validity period.
After her husband’s death on February 17, 2021, the claimant applied for a permanent residence permit with a contactless electronic carrier.
Position of the Supreme Court The Supreme Court first focused on the legal nature of the permanent residence permit and the permitting procedure.
According to the Supreme Court, under such circumstances, the migration authority effectively canceled the immigration permit by declaring the indefinite residence permit invalid.","On September 16, 2026, the Supreme Court, composed of judges of the Cassation Administrative Court panel, considered case No. 640/9008/22 on the claim of a stateless person against the Central Interregional Department of the State Migration Service (SMS) in Kyiv city and Kyiv region and the State Migration Service of Ukraine. The ruling was adopted on September 16, 2026.

The dispute concerned the legality of the migration authority’s review of the grounds for issuing a permanent residence permit, which was originally issued in 2002 and exchanged in 2004 for an indefinite residence permit, as well as the decision to declare these documents invalid.

The issue is significant for law enforcement, as the case involved not only compliance with legislation during the initial issuance of the document but also whether the migration authority can, after many years, eliminate the consequences of violations it discovered without establishing specific unlawful actions by the person and without following the prescribed procedure.

Case circumstances

The claimant arrived from Iraq to Ukraine as the wife of a serviceman of the peacekeeping contingent of the Armed Forces of Ukraine. In 2002, she and her husband were documented with a stateless person’s travel document and a temporary permanent residence permit. In August 2004, the permit was exchanged for a permanent residence permit with an ""indefinite"" validity period.

After her husband’s death on February 17, 2021, the claimant applied for a permanent residence permit with a contactless electronic carrier. The application was sent to the State Migration Service of Ukraine. However, the migration authority conducted a document check and found that the personal file lacked documents confirming the grounds for obtaining an immigration permit.

On September 3, 2021, a conclusion was approved stating that the decision to document the claimant with permanent residence permits was made in violation of legal requirements. In particular, the case materials did not contain documents confirming the grounds for obtaining an immigration permit.

The migration authority also referred to discrepancies in personal data and the results of a photo image study, according to which the claimant and an Iraqi citizen who received the status of a person requiring additional protection in Ukraine are the same person.

Based on this conclusion, by order No. 141 dated September 7, 2021, the State Migration Service of Ukraine declared invalid and subject to seizure and destruction the permit dated October 9, 2002, and the indefinite permit dated August 20, 2004.

The claimant appealed the conclusion and the order, indicating, among other things, that the permit was issued by a state authority, exchanged in 2004, and remained valid for a long time, and that procedural shortcomings during its initial issuance cannot be attributed to her. She also argued that she did not commit unlawful acts that could be grounds for canceling the immigration permit.

The courts of first and appellate instances denied the claim. They reasoned that the decision to document the claimant was made in violation of legal requirements, and therefore the permits were lawfully declared invalid according to paragraph 73 of Procedure No. 321.

Position of the Supreme Court

The Supreme Court first focused on the legal nature of the permanent residence permit and the permitting procedure.

The Court noted that according to the rules in effect at the time the claimant received the indefinite permit, documents submitted included, among others, a copy of the decision granting the immigration permit and other specified documents.

The Court stated that this indicates: without submitting the documents specified by this norm, in particular without an immigration permit, obtaining a permanent residence permit in Ukraine is impossible.

At the same time, the Court distinguished between canceling a permit and declaring it invalid.

The Supreme Court indicated that the migration authority may both cancel a permit and declare it invalid, with cancellation occurring together with the cancellation of the immigration permit to Ukraine pursuant to Article 12 of Law No. 2491-III, while in the case of declaring the permit invalid, Procedure No. 321 obliges the authority to establish the presence or absence of grounds for the person’s further temporary lawful stay in Ukraine.

The Court separately emphasized the obligation of the state authority to prove the legality of its decision.

The Court noted that in administrative cases concerning the illegality of decisions, actions, or inaction of a public authority, the burden of proof regarding the legality of its decision lies with the defendant.

The Supreme Court pointed out that in this case, primarily the migration authority bears the burden of proving the legality of its actions and decision, since since 2002 the authority did not detect the absence of the claimant’s immigration permit, and in 2021 such a permit disappeared, considering that during this time the claimant repeatedly applied to the migration authority and received other documents.

According to the Supreme Court, under such circumstances, the migration authority effectively canceled the immigration permit by declaring the indefinite residence permit invalid.

The Supreme Court concluded that the lower courts did not establish what specific unlawful actions of the claimant caused the cancellation of the immigration permit by default and the issuance to her in 2004 by the migration authority of an indefinite permanent residence permit in Ukraine in violation of legal requirements.

At the same time, the Court referred to its previously established approach to Article 12 of Law No. 2491-III.

The Court noted that this provision sets out the list of grounds for canceling an immigration permit, from which it follows that the grounds for canceling an immigration permit can only be the culpable actions of the immigrant. Therefore, cancellation of the immigration permit is possible only if specific data are established regarding the commission or possibility of commission by the immigrant of unlawful acts under Article 12 of Law No. 2491-III.

The Supreme Court also drew attention to procedural guarantees during the decision-making on the cancellation of an immigration permit.

The Court indicated that the SMS, its territorial bodies, and subdivisions thoroughly study submissions regarding the cancellation of an immigration permit, request additional information if necessary, and may invite immigrants concerned to provide explanations.

Returning to the case circumstances, the Court noted that the immigration permit was canceled by the authority by default, and the permanent residence permit was declared invalid.

The Supreme Court stated that the defendant still has the obligation to establish the presence or absence of grounds for the person’s further temporary lawful stay in Ukraine, to conduct a comprehensive investigation of the circumstances under which the person stayed in Ukraine for 19 years based on a document issued by the same defendant. According to the Supreme Court, establishing these circumstances is impossible without obtaining explanations from the immigrant.

The Supreme Court noted that the Grand Chamber of the Supreme Court has already stated: the need to correct a past ""mistake"" should not disproportionately interfere with the new right acquired by a person who relied on the legitimacy of the good faith actions of a state authority. State authorities that do not implement or comply with their own procedures should not be able to benefit from their unlawful actions or avoid fulfilling their duties.

According to the Court, the courts of first and appellate instances did not assess whether the defendant used its powers to make a decision that would meet the criteria of part two of Article 2 of the Code of Administrative Procedure of Ukraine, nor did they verify whether measures were taken to implement paragraph 23 of Procedure No. 1983 and paragraph 73 of Procedure No. 321.

The Supreme Court pointed out that failing to invite the immigrant concerned to provide explanations regarding the cancellation of the immigration permit deprives the latter of procedural guarantees of direct participation in the procedure of making the relevant decision by the competent authority.

The Court also noted that the lower courts did not investigate a number of circumstances important for the correct resolution of the dispute. In particular, they did not assess the claimant’s arguments regarding the 2016 court decision that established the circumstances of issuing permanent residence permits to her husband, nor did they clarify the legal nature of the conclusion dated September 3, 2021, and whether it is an independent decision of the authority that directly produces legal consequences for the claimant.

Altogether, according to the Court, this indicated non-compliance by the courts with the principle of official clarification of all circumstances of the case, which made it impossible to establish factual circumstances important for the correct resolution of the dispute.

Therefore, the Supreme Court partially satisfied the cassation appeal, canceled the decision of the district administrative court and the ruling of the appellate administrative court, and sent the case for a new trial to the court of first instance.

Thus, the Court emphasized that a person’s long-term stay in Ukraine based on documents issued by the state does not in itself exclude the possibility of verifying the legality of their issuance, but such verification must be conducted following the established procedure.

If declaring a permit invalid effectively leads to the cancellation of the immigration permit, the grounds provided by Article 12 of the Law ""On Immigration"" and specific data regarding the relevant unlawful actions of the immigrant must be established. The migration authority must also conduct the necessary verification and ensure the person has the procedural opportunity to provide explanations.",https://sud.ua/uploads/news/2026/09/28/bezstrokovu-posvidku-vyznaly-nediisnoiu-cherez-17-rokiv-verkhovnyi-sud-skasuvav-rishennia-dms.webp,N,,2026-09-28 03:57:45.851078
,Agencies,2026-09-28 04:57:58+00:00,Yahoo News,DHS announces nationwide surge in 'sanctuary' cities - Yahoo,Sana Azem,,,,,https://www.yahoo.com/news/us/articles/dhs-announces-nationwide-surge-sanctuary-212300482.html,"(NewsNation) — U.S. Immigration and Customs Enforcement is ramping up its presence in ""sanctuary cities,"" which are known to limit cooperation between local law enforcement and federal officers, according to the Department of Homeland Security.
In a statement posted Saturday on X, DHS said ICE has initiated a ""surge in sanctuary cities,"" as part of the Trump administration's continuous crackdown on immigration.
The states and jurisdictions identified by DHS include California, Colorado, Connecticut, Delaware, Washington, D.C., Illinois, Minnesota, New York, Oregon, Rhode Island, Vermont and Washington.
Federal immigration agents have shot at least 20 people since Republican President Donald Trump returned to office, seven of them fatally.
DHS called its recent plan to increase ICE presence in cities a ""nationwide public safety surge.""","(NewsNation) — U.S. Immigration and Customs Enforcement is ramping up its presence in ""sanctuary cities,"" which are known to limit cooperation between local law enforcement and federal officers, according to the Department of Homeland Security.

In a statement posted Saturday on X, DHS said ICE has initiated a ""surge in sanctuary cities,"" as part of the Trump administration's continuous crackdown on immigration.

The states and jurisdictions identified by DHS include California, Colorado, Connecticut, Delaware, Washington, D.C., Illinois, Minnesota, New York, Oregon, Rhode Island, Vermont and Washington.

Homan says ICE isn't 'going anywhere' amid immigration enforcement scrutiny

The statement comes a couple of days after federal officials shot a Venezuelan man in his car while he was delivering food for DoorDash in Austin, Texas.

Wilber Rafael Garcas Perez was admitted to a hospital but has been under ICE's custody with a bullet still lodged in his back.

Federal immigration agents have shot at least 20 people since Republican President Donald Trump returned to office, seven of them fatally.

The shootings have sparked protests across the country.

Critics contend that Trump's push to ramp up deportations has led to an increasing number of violent confrontations, and accuse the administration of resisting accountability for the agents involved.

Mexican cartels using 'alarming' drone advances, US officials warn

With the surge in ICE presence across the U.S., DHS officials said that they ""will continue to arrest any and all illegal aliens that come into our path,"" and claimed that they are targeting ""criminal illegal aliens"" who have been ""released from jails by sanctuary politicians.""

Trump has committed to deporting ""the worst of the worst,"" but the vast majority of people arrested were non-criminal or had minor offenses.

Last week, a U.S. citizen was left bloodied and injured on the side of the road in a Chicago suburb after a confrontation with immigration enforcement agents who mistook him for a fugitive, according to local police and a resident who tried to help the man.

DHS called its recent plan to increase ICE presence in cities a ""nationwide public safety surge.""

The Associated Press and Reuters contributed to this story.",https://s.yimg.com/lo/mysterio/api/a5bea1333f6cfaf96819c6523be8e4adb9dcfc1694c99c97f3878c343376f71c/lightyear_networkapi/resizefill_w1200%3Bquality_80%3Bformat_jpg/https%3A%2F%2Fmedia.zenfs.com%2Fen%2Fnewsnation_articles_600%2F4fb7016833076bc0812d7a8b2792698f.jpg,N,,2026-09-28 01:57:22.800366
,Agencies,2026-09-28 03:23:57+00:00,WXLV,"GOP senators in tight races break with Trump, urge ICE to coordinate with local police","EMMA KOPPELMAN | The National News Desk, EMMA KOPPELMAN, The National News Desk",,,,,https://abc45.com/news/nation-world/gop-senators-in-tight-races-break-with-trump-urge-ice-to-coordinate-with-local-police,"In Kansas, Sen. Roger Marshall called for ICE to coordinate with local law enforcement during operations in southwest Kansas, arguing that local agencies know their communities and can help keep people safe.
Local officials in Dodge City, Garden City, and Liberal said they were not notified beforehand about increased ICE activity.
In Texas, Rep. Monica De La Cruz highlighted her efforts to help a DACA recipient secure release from ICE custody.
Paul LePage, now a Republican congressional candidate, also criticized ICE after saying the agency was wrongly seeking to deport a member of his family.
The reactions come as immigration enforcement becomes a potential political vulnerability for Republicans in battleground races ahead of the midterms, even as the issue remains closely tied to Trump’s agenda.","Republicans in some of the country’s most competitive midterm races are breaking with President Donald Trump’s hard-line immigration agenda, publicly raising concerns about how Immigration and Customs Enforcement is carrying out operations in their states and districts.

In Kansas, Sen. Roger Marshall called for ICE to coordinate with local law enforcement during operations in southwest Kansas, arguing that local agencies know their communities and can help keep people safe.

Local officials in Dodge City, Garden City, and Liberal said they were not notified beforehand about increased ICE activity. They said they learned of operations only after agents appeared in their communities.

Sen. Jerry Moran also urged federal-local coordination. Moran said DHS Secretary Mullin told him the warrants were intended to target people charged with criminal activity.

The pushback is also surfacing in other battleground areas. Florida Rep. Maria Elvira Salazar said the administration’s immigration policies had “gone too far” in a campaign ad. In Texas, Rep. Monica De La Cruz highlighted her efforts to help a DACA recipient secure release from ICE custody.

Former Maine Gov. Paul LePage, now a Republican congressional candidate, also criticized ICE after saying the agency was wrongly seeking to deport a member of his family.

The reactions come as immigration enforcement becomes a potential political vulnerability for Republicans in battleground races ahead of the midterms, even as the issue remains closely tied to Trump’s agenda.

Democratic Sen. Alex Padilla said Republicans should back legislation requiring ICE agents to identify themselves, use body cameras and obtain judicial warrants for detentions if their concerns are genuine.",https://abc45.com/resources/media2/16x9/6000/1320/0x313/90/a43a9345-53ef-44b3-97ba-90e7f299b19d-GettyImages2289927119.jpg,N,,2026-09-28 01:57:27.642199
,Agencies,2026-09-28 02:23:21+00:00,www.facebook.com,"A cattleman's group is warning that ICE raids are having a ""chilling effect"" on ""legal ... - Facebook",Not Available,,,,,https://www.facebook.com/ABCNews/posts/a-cattlemans-group-is-warning-that-ice-raids-are-having-a-chilling-effect-on-leg/1541496554503886/,"A cattleman's group is warning that ICE raids are having a ""chilling effect"" on ""legal, documented workers"" and that ""these types of disruptions"" could...",Not Available,https://scontent-iad3-1.xx.fbcdn.net/v/t15.5256-10/828553629_1022403680817897_1062488652356050028_n.jpg?_nc_cat=1&ccb=1-7&_nc_sid=596eb7&_nc_ohc=iP7if2sUjN0Q7kNvwGvy3Ra&_nc_oc=AdqRDW3_No7ATSAJfa9wrZfSh7dhmB_oH3cvvAoKeKgXj8fnlKjDl_c9Ic8D0Iv959g&_nc_zt=23&_nc_ht=scontent-iad3-1.xx&_nc_gid=NPirIBuUNKhkldFkDR2fRQ&_nc_ss=7b289&oh=00_AQPrf1sGaqM2g8e1eecPehlcpnANnJr6vBkewhjJoQyu4w&oe=6ABF993B,N,,2026-09-27 22:56:41.864861
,Agencies,2026-09-28 02:23:15+00:00,www.facebook.com,"A cattleman's group is warning that ICE raids are having a ""chilling effect"" on ""legal ... - Facebook",Not Available,,,,,https://www.facebook.com/ABCNews/videos/a-cattlemans-group-is-warning-that-ice-raids-are-having-a-chilling-effect-on-leg/1859427245213463/,"A cattleman's group is warning that ICE raids are having a ""chilling effect"" on ""legal, documented workers"" and that ""these types of disruptions"" could...",Not Available,https://scontent-iad3-1.xx.fbcdn.net/v/t15.5256-10/828553629_1022403680817897_1062488652356050028_n.jpg?_nc_cat=1&ccb=1-7&_nc_sid=596eb7&_nc_ohc=iP7if2sUjN0Q7kNvwGvy3Ra&_nc_oc=AdqRDW3_No7ATSAJfa9wrZfSh7dhmB_oH3cvvAoKeKgXj8fnlKjDl_c9Ic8D0Iv959g&_nc_zt=23&_nc_ht=scontent-iad3-1.xx&_nc_gid=wmC-SQ71nKcwr5z5MNRKyg&_nc_ss=7b289&oh=00_AQMc82QBU5MnO_eR47q1k3UXpF5R3KRFk6koFZ_M3YBZJg&oe=6ABF993B,N,,2026-09-27 22:56:50.598341
,Agencies,2026-09-28 00:40:45+00:00,The Times of India,'No one is off the table': Trump admin denies report of ICE pausing arrests of non-criminal ...,Aashish Vashistha,,,,,https://timesofindia.indiatimes.com/world/us/no-one-is-off-the-table-trump-admin-denies-report-of-ice-pausing-arrests-of-non-criminal-illegal-migrants/articleshow/134518128.cms,"DHS has dismissed a report that ICE officers were instructed to stop arresting illegal migrants who have no criminal convictions.
” The denial came after The Daily Wire reported on September 26 that ICE officers across the US had been told to stop arresting “non-criminals” for the time being.
Citing agency sources, the report said ICE officers would instead focus on undocumented migrants with criminal convictions or pending criminal charges.
DHS rejects report of ICE arrest restrictions DHS disputed the report on Saturday, sharing The Daily Wire report on X and calling the claim false.
The conflicting accounts leave it unclear whether any temporary internal guidance was issued to ICE officers or whether enforcement practices changed at specific locations.","DHS has dismissed a report that ICE officers were instructed to stop arresting illegal migrants who have no criminal convictions.

The US Department of Homeland Security (DHS) has dismissed a report that Immigration and Customs Enforcement (ICE) officers were instructed to stop arresting illegal migrants who have no criminal convictions or pending charges, saying “no one is off the table. ” The denial came after The Daily Wire reported on September 26 that ICE officers across the US had been told to stop arresting “non-criminals” for the time being. Citing agency sources, the report said ICE officers would instead focus on undocumented migrants with criminal convictions or pending criminal charges. According to The Daily Wire, the reported guidance would also end so-called “collateral arrests”, in which ICE officers can detain other undocumented migrants encountered while pursuing a specific criminal target. Under the reported change, officers would arrest only the identified target.

DHS rejects report of ICE arrest restrictions

DHS disputed the report on Saturday, sharing The Daily Wire report on X and calling the claim false. “This is false. No one is off the table,” DHS said. The department added that ICE would continue to arrest people who are unlawfully present in the US. “Anyone in our country illegally will be arrested and deported,” DHS said, while describing its current operations as a nationwide public-safety surge in sanctuary cities. The department said ICE officers were targeting undocumented migrants accused or convicted of serious crimes, including murder, rape, child sexual offences and gang-related crimes. The conflicting accounts leave it unclear whether any temporary internal guidance was issued to ICE officers or whether enforcement practices changed at specific locations.

What The Daily Wire reported

The Daily Wire said its sources described an apparent change in instructions to ICE officers that would limit arrests to undocumented migrants with criminal convictions or pending charges. The report quoted one ICE officer as saying the change was aimed at “calming things down” ahead of the US midterm elections. Another officer reportedly expressed opposition to the alleged instruction. The claims about the elections were based on anonymous sources and were not confirmed by DHS. Fox News congressional correspondent Bill Melugin separately said he had spoken to nine ICE and DHS insiders who described “verbal guidance” being sent to ICE offices to avoid arrests of non-criminal migrants. Melugin said the guidance was later described as erroneous, with the situation attributed to a miscommunication over a policy of prioritising serious criminal offenders. The reported development comes amid a broader intensification of immigration enforcement under President Donald Trump. DHS has continued to announce arrests of illegal migrants with criminal convictions, while ICE recorded more than 50,000 arrests in August, according to data previously shared by DHS with The Daily Wire. For now, DHS clarifies that ICE has not been instructed to take non-criminal undocumented migrants off the table and says immigration arrests will continue nationwide.

End of Article","https://static.toiimg.com/thumb/msid-134518215,width-1280,height-720,resizemode-6,overlay-toi_sw,pt-32,y_pad-600/photo.jpg",N,,2026-09-28 01:57:31.937647
,Human Rights,2026-09-27 22:53:33+00:00,Amnesty International,USA: Amnesty International Calls for ICE to Be Abolished After Documenting Widespread ...,Not Available,,,,,https://www.amnesty.nl/actueel/usa-amnesty-international-calls-for-ice-to-be-abolished-after-documenting-widespread-human-rights-violations-in-anti-immigrant-operations,"In a new report released today, Amnesty International documented widespread human rights violations committed by U.S. Immigration and Customs Enforcement (ICE), U.S. Customs and Border Protection (CBP) and other federal agencies during the Trump administration’s large-scale, militarized immigration enforcement operations in Chicago, Minneapolis-St. Paul, New Orleans and Washington, DC.
The report, “We Had Whistles, They Had Guns”: Human Rights Violations in U.S. Immigration Enforcement Operations and the Case to Abolish ICE, Link opent in een nieuwe browsertab demonstrates that the Trump administration is implementing a mass detention and deportation system, fueled by racist, xenophobic and false narratives, whose objective is to detain and deport as many migrants, asylum seekers and refugees from the United States as possible and spread fear throughout immigrant communities more broadly.
“Our report documents a chilling pattern of human rights violations across the U.S. intended to instill fear within migrant, asylum seeker and refugee communities,” said Nadia Daar, Executive Director, Amnesty International USA.
“ICE’s record of violating human rights is nothing new, but our report shows many of these abuses have reached a perilous new level.”","In a new report released today, Amnesty International documented widespread human rights violations committed by U.S. Immigration and Customs Enforcement (ICE), U.S. Customs and Border Protection (CBP) and other federal agencies during the Trump administration’s large-scale, militarized immigration enforcement operations in Chicago, Minneapolis-St. Paul, New Orleans and Washington, DC.

The report, “We Had Whistles, They Had Guns”: Human Rights Violations in U.S. Immigration Enforcement Operations and the Case to Abolish ICE, Link opent in een nieuwe browsertab demonstrates that the Trump administration is implementing a mass detention and deportation system, fueled by racist, xenophobic and false narratives, whose objective is to detain and deport as many migrants, asylum seekers and refugees from the United States as possible and spread fear throughout immigrant communities more broadly.

“Our report documents a chilling pattern of human rights violations across the U.S. intended to instill fear within migrant, asylum seeker and refugee communities,” said Nadia Daar, Executive Director, Amnesty International USA. “ICE’s record of violating human rights is nothing new, but our report shows many of these abuses have reached a perilous new level.”",https://www.amnesty.nl/content/uploads/2026/09/Screenshot-2026-09-27-at-22.43.34-1024x594.png?x34345,N,,2026-09-27 21:57:16.140370
,Agencies,2026-09-27 22:47:27+00:00,www.rollingstone.com,"Brittany Howard Protests ICE at Ohana Festival, Urges Americans to Protect Each Other",Not Available,,,,,https://www.rollingstone.com/music/music-news/alabama-shakes-protest-against-ice-ohana-fest-performance-1235632485/,"... (ICE) raids that have devasted communities across the United States. Howard, who wore a billowing white gown and an “ICE OUT” pin prominently ...","Terms of Use/Your Privacy Rights

Close privacy/terms of use policy

By continuing to use our services, you agree to the PMC Terms of Use, including waiver and arbitration. PMC, its service providers, and third-party partners process information about you and how you use our services, including clicks and screen recordings, using first and third-party cookies, pixels, and similar technologies. Where applicable, you can opt out of certain uses of cookies via the Your Privacy Choices link in our footer. Learn more about our data practices in our Privacy Policy.",,N,,2026-09-27 20:57:37.684138
,Litigation,2026-09-27 22:41:07+00:00,The Denver Post,"Pepper spray, health crises and rotten food: Inside Colorado's only immigrant detention center","Seth Klamann, Elizabeth Hernandez",,,,,https://www.denverpost.com/2026/09/27/colorado-ice-detention-center-geo-group/,"It has operated the Aurora facility for nearly 40 years.
“All ICE detention facilities operate in strict accordance with all applicable federal detention standards for safety, sanitation and humane treatment in accordance with national detention standards,” the agency wrote.
Juan endured rotten food and deteriorating health and inadequate medical care within the Aurora facility, he said in an interview with his wife.
Geo is one of the nation’s largest and most profitable private prison companies, and problems within its Aurora facility are well known.
Even if immigrants manage to secure representation, their attorneys’ ability to see clients inside the Aurora detention facility has grown considerably worse in the past few months, Sherman said.","When the South American man lay down in his bunk at night, he dreamed up ways to kill himself.

During his time locked up at the Aurora immigration detention facility, he said he witnessed violence and abuse, grew weak from hunger and was, eventually, brutally beaten by guards while handcuffed and suffering a panic attack.

The man, who spoke to The Denver Post on the condition of anonymity because he fears retaliation by the U.S. government, shared photos taken by his attorney from the encounter, after he’d been released from detention. The photos captured his swollen head, wrists, neck and arms covered in deep purple bruises.

Since his release, the man has endured nightmares, crippling anxiety and so much fear that he barely leaves his home. As he recounted his months in detention, he was reduced to shoulder-heaving sobs.

“I might be a big, tall man, but I am embarrassed to tell you that I am fragile now,” he said through tears and a Spanish interpreter. His attorney was also present. “They treat you as if you have no value. They treat you like trash, like you’re not a person. If I knew that being an immigrant in a first-world country that this was going to happen, I would have never came. Have mercy because there is no mercy here.”

Set between train tracks, highways and nondescript warehouses, Immigration and Customs Enforcement’s privately run Aurora facility has long been criticized for its conditions. Three detainees died there between 2012 and 2022. Geo Group, its operator, has been the subject of lawsuits, regular oversight visits from members of Congress, and reports and protests by advocacy groups and the American Civil Liberties Union.

Since President Donald Trump returned to office, the facility has ballooned to its highest possible capacity of 1,532 beds and has filled as many as 94% of them at a time, largely with people who have no criminal records. Reports about its poor conditions have increased, too: In interviews with The Post, current and former detainees described frequent fights and feelings of hopelessness. They say they’re often served inedible or rotten food that frequently gives them diarrhea. They speak of enduring summers without air conditioning and taking boiling-hot showers behind tattered and dirty curtains. Living quarters resound with sneezes and coughs, they say, either from the dust spewed from unreliable air conditioning or from the illnesses spread among the more than 12,000 detainees who have been booked into the facility since January 2025.

As the center’s population has increased, so have emergency calls and detainee trips to a nearby hospital, The Post found. Simultaneously, the oversight bodies charged with responding to complaints within the facility and others like it nationwide have largely been dismantled under the Trump administration, attorneys said.

The government has ended free legal training for detainees in the facility, sought to block congressional visits and enacted policies that have made it harder for attorneys to keep track of and speak with their clients. This year alone, two local health investigations, including one for tuberculosis, have been frustrated by the facility’s closed doors, and Geo amended its contract this month as it fought local oversight.

For many, the facility is a brief stopping point, a revolving door before they’re moved to another facility or readied for a flight out of the country.

Attorneys and advocates argued that the detention center’s conditions are intended to encourage people to stop fighting and accept that flight. Record numbers of detainees in the facility have done so, federal data shows.

“Their calculation is they need to survive,” immigration attorney Claire Noone said. “They have to get out to support their family. I am for the first time seeing more and more people look at their potential reality and look at the conditions of care they’re receiving and decide to take voluntary departure.”

But for others, it is a months-long limbo, where they fight their cases and ICE searches for ways to remove them.

To report this story, The Post spoke with eight current and former detainees and more than a dozen advocates, attorneys and experts. Five of them spoke on condition of anonymity or that only their first names be used out of fear of retaliation from the federal government. Some of the detainees had prior, low-level criminal records for driving under the influence or prior immigration violations. Two were arrested from county jails. The Post also confirmed details of their arrests and any prior criminal history using publicly released ICE data.

The Post reviewed 911 records, emergency reports and audio recordings from nearly two dozen ambulance and police calls to the detention center. The Post also used data from the Deportation Data Project in California, the Transactional Records Clearinghouse at Syracuse University and from ICE’s public reporting.

Nearly every detainee with whom The Post spoke had spent more than six months in the facility. Some had been there for more than a year. Two transgender women were told this month that they could either go to solitary confinement or accept regular housing with men, said AnnaRose Craig, an advocate with the American Friends Service Committee.

Several detainees said they didn’t understand what they’d done to deserve being kept there.

“If I stole something, if I – I don’t know – beat someone, killed someone, if I did something, and then based on that action, I’m in prison – I know why I’m here,” said Hossein Batooie, an Iranian who has lived legally in the U.S. since prior immigration proceedings more than two decades ago; he was released in April after 10 months. “What bothered me the most was, I never knew why they got me. Why? Why had I been arrested?”

Detainees describe spending their days playing cards, watching TV and trying to avoid fights or the ire of guards, whose behavior ranges from detached to aggressive. They wait for medical appointments and use tablets to talk with family members. A text message costs 35 cents. A day’s labor in a voluntary work program pays $1.

They mount protests for better food and medical care. Their mail is searched and scanned. They buy chips from the commissary to add texture to flavorless beans and twist Ramen packages into miniature shoes they hang from keychains or send to their families. They work on their legal cases and wait for the court hearings that will decide their future.

“They treat you as if we’re animals, basically,” said Daniel, a 32-year-old Venezuelan who’s been in the facility for more than a year and who spoke through an interpreter. “They basically treat you as if you’re an immigrant, you’re an illegal. They treat you with racism. They look at you as, ‘You’re an immigrant, I can treat you however I want.’ ”

Geo Group did not respond to an interview request. The company expects to earn roughly $3 billion in revenues this year, buoyed by the Trump administration’s efforts to arrest and deport millions of immigrants without legal status. It has operated the Aurora facility for nearly 40 years. It was the company’s first-ever detention contract.

In a July statement to the New York Times about conditions at a New Jersey facility, Geo spokesman Christopher Ferreira said that “in the event issues are identified, deficiencies are promptly addressed through established corrective action processes” required by ICE.

Spokespeople for the Department of Homeland Security, which includes ICE, declined an interview request. In response to a written summary of The Post’s findings, an unnamed representative for the agency broadly denied descriptions of unsafe conditions.

“All ICE detention facilities operate in strict accordance with all applicable federal detention standards for safety, sanitation and humane treatment in accordance with national detention standards,” the agency wrote. “ICE is committed to transparency and accountability and regularly conducts inspections to ensure the well-being of individuals in its care. In fact, ICE has higher detention standards than most U.S. prisons that hold actual U.S. citizens.”

Life in detention

In August, Daniel thought about his own death.

For two consecutive nights early in the month, a noxious, gas-like odor filled the cell he shared with other detainees. The smell was so strong, and he was so convinced it was a gas leak, that he thought if a match were lit, the whole room would explode.

They’d banged on their cell door, but guards told them it was nothing. The fire department came and said there was no gas leak. But Daniel remembered hearing about the six people who’d died at a dairy farm after being exposed to gas last year.

He barely slept, and later called his wife and warned her that something might happen to him. They’d come to the U.S. together from Colombia, where they’d run a restaurant after moving there.

“I’m afraid,” Daniel remembered telling her. “And I want you to know, in case I do die, this is why I died.”

Daniel and two other men who also smelled the odor this summer haven’t detected it since. Like tuberculosis quarantines, medical treatment and nearly everything else in the facility, the odor became the latest in a series of incidents over which detainees had no control and little information.

“The conditions inside the facility are not good right now,” said Monique Sherman, detention program managing attorney at the Rocky Mountain Immigrant Advocacy Network. “We are seeing people who are sick, people not able to access medical care, and people who are being assaulted, and most of our clients don’t feel comfortable talking to us about something if somebody who works at the facility is listening.”

Showers blast water so hot that two people told The Post it felt like it would burn the hair off of their head. Bathrooms were dirty and appeared moldy. Shower curtains were so torn that one man said detainees would rip their own sheets to repair them for an inkling of privacy.

The air conditioning didn’t work for weeks over the summer, several people said, just as it hadn’t the summer before. One man, a young Guatemalan, said he would regularly sleep on the floor in his underwear because the ground was cooler.

It felt like “boiling in a pot,” he said.

He worked in the kitchen for access to better food. Food is a constant issue: Beans are the most consistent staple of detainees’ diets, watery and flavorless. Fresh fruits and vegetables are vanishingly rare; lettuce, frequently past due, is more common.

Food was often undercooked, the Guatemalan said. Stomach issues and diarrhea are common, even for people who’ve been in the facility for months. Batooie, 61, said they once received sliced apples, but they were moldy.

In its statement, the Homeland Security Department said meals are provided by dietitians. The agency said the facility has functioning air conditioning and never reached dangerous temperatures, and that fans and ice water were given to people detained there. It said ICE is regularly audited and that detainees are given proper meals, quality water, medical treatment and opportunities to communicate with families and attorneys.

Sometimes, there would be arguments and fights over the food, said Gabriel, a Mexican man arrested at a Denver-area Home Depot who was released this year. He’s been in the U.S. for more than 30 years, he said.

One detainee was stabbed in May, and the Aurora Police Department has taken “numerous” reports about fights at the facility in the past 18 months, a spokesman said. 911 calls reviewed by The Post described two sexual assault reports this year, one on behalf of a transgender detainee. Four April calls reported apparent overdoses, three of them believed to be intentional.

The Guatemalan kitchen worker, who is gay, said he was threatened with physical or sexual assault by other detainees and that he was bullied, including by staff. Gabriel and Batooie both said new arrivals would be greeted with jeers of “Vaseline” from other detainees, which Batooie took as a threat of sexual assault.

Fights broke out over the TV and the tablets that serve as detainees’ primary lifeline to their families and to the outside world.

“Everyone wants to speak with their family, everyone wants to speak with their kids, so that causes situations amongst the detainees,” said Ronald Aguirre, who has been in the Aurora detention center for more than a year.

He and others said guards didn’t try to defuse tensions before fights broke out; some speculated that guards wanted the tension. Detainees then “handle (arguments) among ourselves,” Aguirre said through an interpreter.

To break up those fights or protests mounted by detainees, Geo guards used pepper spray or brandished a gun that fired rubber or plastic bullets, Daniel and others said. They sprayed detainees full in the face, said Rony Chavez Martinez, who’s been in the U.S. since he was 10. He was arrested in Maryland last summer after getting into a fight with a coworker. He was transferred to ICE custody and has been detained in Aurora for more than a year.

Gabriel remembered watching from a window as men in another pod, who’d protested the food, were carried bloodied and handcuffed to solitary confinement after an altercation with a female guard. Aguirre said he’d seen guards use pepper spray “plenty of times.”

Rooms are searched and detainees’ few belongings are scattered or trashed, they said. Sleep was difficult in an “environment that never shuts off,” Batooie said. Group punishments are common. So, too, is the use of solitary confinement.

Batooie said he was called an anti-Arab slur by a guard and saw a guard verbally abuse a Muslim detainee, blaming him for conflict in the Middle East. The South American man who left detention with bruises recalled guards comparing stats on how many immigrants they had caught and how long it took to bring them down.

“We understand that we’re detained,” Daniel said. “If you demand respect, give respect. They ask for it, but they don’t give it. And we understand that — they don’t respect you.”

Medical delays

Protests were common — several men called them “strikes,” which mostly came in the form of refusing to participate in Geo’s regular head counts. Sometimes they’d refuse to eat or send the food back. In May, after one detainee was stabbed and the facility was put on lockdown, 51 detainees signed a letter criticizing the conditions and likening them to torture.

Daniel said they had protested last year to get more electronic tablets so they could talk to their families and curb the fights. Sometimes, guards took away people they perceived to be leaders.

Often, detainees banged on their doors and walls to get the guards’ attention for others who were sick and hadn’t received help. Several men complained about the lack of medical attention, a common issue raised by attorneys and advocates for years.

Gabriel said he had lost all of his molars because of the dental care, and that he had a friend who developed fungus on his feet. The man didn’t receive treatment until “the meat was falling off of his foot.”

In its statement, the Homeland Security Department said detainees were not denied medical care.

The facility has a history of disease outbreaks, including mumps and chickenpox. The Adams County Health Department confirmed a case of tuberculosis in the detention facility in June; the agency’s attempt to investigate the infection has since escalated into an ongoing fight between public health officials and the facility over outside inspectors’ ability to access the detention center and its occupants.

Detainees said a housing unit was placed on quarantine this month after they were told they were exposed to the disease. Immigration attorney and University of Colorado law professor Violeta Chapin said one of her clients was vaccinated against tuberculosis without his permission.

Lucie Donovan fought for her husband’s release from the Aurora ICE facility for more than a year, an effort chronicled in a Post story this year. But tuberculosis made them give up the fight, she said.

Her husband, Juan, was arrested by ICE on Feb. 5, 2025, during Denver’s most high-profile immigration raid since Trump returned to office. He had overstayed a work visa and had no criminal history. His immigration attorney, Anya Lear, said that was a common issue that would not have warranted detention under a different federal administration.

Juan endured rotten food and deteriorating health and inadequate medical care within the Aurora facility, he said in an interview with his wife. He said he was sent to solitary confinement after a detainee stabbed him.

Once Juan told Donovan someone in his housing unit had tuberculosis, she said that was their final straw.

“This is not the Oregon Trail. Why are we dealing with tuberculosis? What the hell?” Donovan said. “It started to feel like life or death.”

Juan put in for voluntary departure and was transferred to a detention center in Louisiana before being released to his home country of Mexico this month. Donovan plans to meet him there and start a new life.

“I am so overwhelmed by how gross the conditions are and how horrifyingly unregulated everything is,” Donovan said. “They can literally do whatever they want and nobody is checking, and it seems like nobody cares.”

All three of the deaths in the facility — in 2012, 2017 and 2022 — came after apparent lapses in medical care. One man died from opioid withdrawal after the facility cut off his prescribed medication. Another died of a heart attack after medical staff didn’t call an ambulance for an hour and a nurse was unfamiliar with the equipment needed to treat him, according to the ACLU. The third died of a blood clot after repeatedly complaining of pain in his leg.

Batooie has clogged arteries and takes blood thinners. An Iranian who came to the U.S. more than 20 years ago, he was arrested in June 2025 as he left his home in the Denver area for soccer practice. It was the same day that the U.S. began bombing Iran. Hundreds of Iranians were arrested nationwide, and as he waited to be processed, Batooie sat with eight or nine other Iranian immigrants.

He went without his medication periodically. At one point, he woke up with chest pain and called for help. None came, and other detainees began to bang on the doors, he said.

A guard peered through the cell window and left, Batooie said. He lay on the floor in pain until another guard came and he was later taken to the medical unit.

After his chest pain incident, the guard who ignored him was counseled, a supervisor wrote to Batooie in a grievance reviewed by The Post.

Aurora’s emergency medical services were called to the facility’s main address 168 times during the first 18 months of the second Trump administration, nearly 50 more calls than during the final 18 months of the Biden administration, call records show.

911 calls describe seizures, mental health crises and head injuries. A nurse told one dispatcher that a man who was hearing voices jumped from a toilet and hit his head.

Between October 2025 and the end of August, there were 188 hospital admissions, clinic appointments and emergency visits to UCHealth University of Colorado Hospital from the facility, said hospital spokesman Dan Weaver.

‘It damages us’

Attorneys and advocates argued that conditions in the facility were not accidental. Geo is one of the nation’s largest and most profitable private prison companies, and problems within its Aurora facility are well known.

“We’re detaining people at an extraordinary cost in large part because we are using detention as a way of brutalizing people in order to get them to self-deport,” said Chapin, the attorney and CU law professor. “The system wants people to give up and leave, and it’s been fairly effective, except we still have thousands and thousands of people in detention.”

Donovan’s husband Juan is one of nearly 4,000 Aurora detainees who’ve agreed to voluntarily depart the facility since Trump’s return to office, according to the Syracuse-based clearinghouse. There were 520 voluntary departures in July alone, the most in a single month in the 29 years of the clearinghouse’s data.

Aguirre, who came to the U.S. from El Salvador after he was bullied for studying to become a nurse, said one guard harangued detainees for fighting their cases.

“When he comes to our dorm, he’ll say things like, ‘Why are you fighting your case? You guys are animals, you guys need to leave this country,’ ” he said.

Unlike criminal cases, people in immigration court do not have the right to an attorney, meaning most are forced to navigate the complicated legal system alone.

Even if immigrants manage to secure representation, their attorneys’ ability to see clients inside the Aurora detention facility has grown considerably worse in the past few months, Sherman said.

On the south side of the facility where immigrant women are held, Sherman said, the facility either doesn’t have enough rooms or enough guards to monitor those rooms, meaning only one attorney can visit their client at a time.

“It might take someone four hours to meet with a client, even to have a 10-minute conversation, so if you think about all the work that person could be doing during that time, that just means we can’t help as many clients because we were spending so much time waiting and spinning our wheels,” Sherman said.

Noone, the immigration attorney, once worked in the Office of the Prosecutor at the International Criminal Court. The holding facility used for alleged war criminals had yoga classes, pristine cells and an on-call medical service, drawing a contrast to the conditions at the civil detention center half a world away in Aurora.

She said she sees people with solid, winnable cases now considering voluntary departures as a means of survival.

“They’re just reading the temperature of the room and saying it doesn’t matter if their case is strong. If they’re there one more day, they may not make it,” Noone said. “Creating conditions under which survival is questionable, people are going to be more likely to self-deport. And that calculation is wild.”

In its unsigned statement, the Homeland Security Department said that “being in detention is a choice,” and it encouraged immigrants without legal status to self-deport.

Daniel does not want to return to Venezuela, where he believes he’ll be treated as a “traitor to the nation.” He was determined to fight his case and was grateful he still had the strength to do so.

But fighting is difficult. Before he was detained, in rare moments of downtime between working construction and cutting hair, he and his family went to the park, watched movies at a local theater in Aurora and visited the “beautiful scenery” of Red Rocks Amphitheatre. But when he goes to sleep now, he’s reminded that he’s not with his wife. He eats less. Talking to his family can be hard, their voices a reminder of the distance between them.

“It damages us,” he said of the effects of detention. “Not only psychologically, but our kids, our little ones.”

Aguirre said he’s cut off from this family and doesn’t know what’s happening to his son, his mother, his father and his brothers. He didn’t know how he would overcome what he’d experienced in detention.

“I don’t feel like I’m some type of criminal; I’m not a bad person. Even though I may have all these tattoos, I have a good heart,” he said. “And being locked up, wasting my time instead of helping my family or being with my son and teaching him a good example in life, it’s very hard for me.

“I wish I could speak to my kid,” Aguirre continued, “and say, ‘Hey son, I love you. One day we’ll be together, and this situation is going to end.’ ”",https://www.denverpost.com/wp-content/uploads/2026/09/TDP-L-geodetention092326-cha-756.jpg?w=6477&h=4318,N,,2026-09-27 20:58:02.660815
,Agencies,2026-09-27 22:22:24+00:00,"KUT Radio, Austin's NPR Station",Protests continue in Austin after ICE shooting - KUT News,"Gabriel Velasquez Neira, www.kut.org, gabriel-velasquez-neira",,,,,https://www.kut.org/politics/2026-09-27/austin-texas-tx-ice-protests-wilber-garces-perez,"About 160 people gathered Sunday afternoon at the North Austin site where an Immigration and Customs Enforcement agent shot Wilber Garces Perez.
Carlos, a master's student at UT, was holding a sign that read “Full legalization for immigrants now.
Party for Socialism and Liberation” on the front and “Justice for Ruben Ray Martinez, killed by ICE” on the back.
Carlos said seeing how the Hispanic community has been targeted by immigration enforcement has been worrisome for her and her family.
Under the overpass was graffiti that read “Free Wilber” and “ICE out of Texas, Justice for Wilber.” There was also a makeshift memorial with candles, flowers and a sign that read ”Justice for victims of ICE.”","About 160 people gathered Sunday afternoon at the North Austin site where an Immigration and Customs Enforcement agent shot Wilber Garces Perez.

For some, like Lucila Carlos, it was their first-ever protest. Carlos, a master's student at UT, was holding a sign that read “Full legalization for immigrants now. Party for Socialism and Liberation” on the front and “Justice for Ruben Ray Martinez, killed by ICE” on the back.

Carlos said seeing how the Hispanic community has been targeted by immigration enforcement has been worrisome for her and her family.

“They came here to give me a better life and a better future for themselves as well,” Carlos said. “They've been able to give me such a better life. And they are such hard-working people. They are such genuine people that, I mean, it's really tough to see that they're being labeled as criminals.”

The location of the protest, Anderson Square and Research Boulevard, was the site of another large gathering on Sept. 20 in the hours after Garces Perez was shot and detained. Under the overpass was graffiti that read “Free Wilber” and “ICE out of Texas, Justice for Wilber.” There was also a makeshift memorial with candles, flowers and a sign that read ”Justice for victims of ICE.”",https://npr.brightspotcdn.com/dims4/default/073f464/2147483647/strip/true/crop/5132x2694+0+42/resize/1200x630!/quality/90/?url=http%3A%2F%2Fnpr-brightspot.s3.amazonaws.com%2Fab%2Fd1%2Fd04614b64030a9cde70b4250267c%2F20260927-iceprotest-01.JPG,N,,2026-09-27 19:58:04.173182
,Agencies,2026-09-27 21:26:16+00:00,NewsNation,DHS announces nationwide surge in 'sanctuary' cities,Sana Azem,,,,,https://www.newsnationnow.com/us-news/immigration/border-coverage/dhs-sanctuary-cities-crackdown/,"(NewsNation) — U.S. Immigration and Customs Enforcement is ramping up its presence in “sanctuary cities,” which are known to limit cooperation between local law enforcement and federal officers, according to the Department of Homeland Security.
In a statement posted Saturday on X, DHS said ICE has initiated a “surge in sanctuary cities,” as part of the Trump administration’s continuous crackdown on immigration.
The states and jurisdictions identified by DHS include California, Colorado, Connecticut, Delaware, Washington, D.C., Illinois, Minnesota, New York, Oregon, Rhode Island, Vermont and Washington.
Federal immigration agents have shot at least 20 people since Republican President Donald Trump returned to office, seven of them fatally.
DHS called its recent plan to increase ICE presence in cities a “nationwide public safety surge.” The Associated Press and Reuters contributed to this story.","(NewsNation) — U.S. Immigration and Customs Enforcement is ramping up its presence in “sanctuary cities,” which are known to limit cooperation between local law enforcement and federal officers, according to the Department of Homeland Security.

In a statement posted Saturday on X, DHS said ICE has initiated a “surge in sanctuary cities,” as part of the Trump administration’s continuous crackdown on immigration.

The states and jurisdictions identified by DHS include California, Colorado, Connecticut, Delaware, Washington, D.C., Illinois, Minnesota, New York, Oregon, Rhode Island, Vermont and Washington.

The statement comes a couple of days after federal officials shot a Venezuelan man in his car while he was delivering food for DoorDash in Austin, Texas.

Wilber Rafael Garcas Perez was admitted to a hospital but has been under ICE’s custody with a bullet still lodged in his back.

Federal immigration agents have shot at least 20 people since Republican President Donald Trump returned to office, seven of them fatally.

The shootings have sparked protests across the country.

Critics contend that Trump’s push to ramp up deportations has led to an increasing number of violent confrontations, and accuse the administration of resisting accountability for the agents involved.

With the surge in ICE presence across the U.S., DHS officials said that they “will continue to arrest any and all illegal aliens that come into our path,” and claimed that they are targeting “criminal illegal aliens” who have been “released from jails by sanctuary politicians.”

Trump has committed to deporting “the worst of the worst,” but the vast majority of people arrested were non-criminal or had minor offenses.

Last week, a U.S. citizen was left bloodied and injured on the side of the road in a Chicago suburb after a confrontation with immigration enforcement agents who mistook him for a fugitive, according to local police and a resident who tried to help the man.

DHS called its recent plan to increase ICE presence in cities a “nationwide public safety surge.”

The Associated Press and Reuters contributed to this story.",https://www.newsnationnow.com/wp-content/uploads/sites/108/2026/08/GettyImages-2259968097.jpg?w=1280,N,,2026-09-27 20:57:42.578787
,Agencies,2026-09-27 21:19:55+00:00,YouTube,Mahmoud Khalil likens his ICE arrest to what he saw under Assad's Syrian regime,Not Available,,,,,https://www.youtube.com/watch?v=KzNT2THKqHM,"Mahmoud Khalil spent 104 days in ICE detention, missing the birth of his first child, after the Trump administration arrested him for protesting the war in G...",Not Available,https://i.ytimg.com/vi/KzNT2THKqHM/maxresdefault.jpg,N,,2026-09-27 20:57:49.559970
,Agencies,2026-09-27 20:01:58+00:00,KXAN Austin,Protest against ICE happening in north Austin Sunday,Jaclyn Ramkissoon,,,,,https://www.kxan.com/austin-ice-shooting/protest-against-ice-happening-in-north-austin-sunday/,"AUSTIN (KXAN) — People gathered for another protest against Immigration and Customs Enforcement on Sunday in north Austin, one week after a man was shot and injured by an ICE officer.
Austin immigration attorney Kate Lincoln-Goldfinch, who represents the man, identified him as Wilber Rafael Garcés Pérez, 28.
Garcés Pérez, who is Venezuelan, had been working as a food delivery driver the day he was shot in north Austin.
We cannot wait: we must act now!” The protest was located at Anderson Square, near U.S. Highway 183.
KXAN will update this story as the protest progresses Sunday.","AUSTIN (KXAN) — People gathered for another protest against Immigration and Customs Enforcement on Sunday in north Austin, one week after a man was shot and injured by an ICE officer.

Austin immigration attorney Kate Lincoln-Goldfinch, who represents the man, identified him as Wilber Rafael Garcés Pérez, 28. Garcés Pérez, who is Venezuelan, had been working as a food delivery driver the day he was shot in north Austin.

The Party for Socialism & Liberation organized Sunday’s protest, writing on social media, “There is only one way we will get justice: if we rise up together and fight for it! We cannot wait: we must act now!”

The protest was located at Anderson Square, near U.S. Highway 183.

The shooting has stirred several protests in Austin since it happened, and on Saturday, a candidate running for District 1 on Austin City Council was arrested and faces a charge of riot participation, following his involvement at one of the protests.

KXAN will update this story as the protest progresses Sunday.",https://www.kxan.com/wp-content/uploads/sites/40/2026/09/IMG_5632.jpg?w=1280,N,,2026-09-27 19:58:09.979921
,Agencies,2026-09-27 19:23:51+00:00,https://www.witn.com,Dozens protest planned reopening of Rivers Correctional Institution as ICE detention center,Cade Johnson,,,,,https://www.witn.com/2026/09/27/dozens-protest-planned-reopening-rivers-correctional-institution-ice-detention-center/,Dozens of demonstrators gathered Saturday to protest the planned reopening of Rivers Correctional Institution as a mass immigration detention facility.,Not Available,https://gray-witn-prod.gtv-cdn.com/resizer/v2/KR5JKUI25NCVLK24HAG4R7EPZU.png?auth=9ce1fec7dd4e6ece338468882f5cb1642f62efa45c332b3a40e6f14551f00267&width=1200&height=600&smart=true,N,,2026-09-27 19:58:17.852416
,Litigation,2026-09-27 19:22:45+00:00,www.timesfreepress.com,Federal judge denies request to block Highway Patrol traffic stops conducted in tandem with ICE,Anita Wadhwani / Tennessee Lookout,,,,,https://www.timesfreepress.com/news/2026/sep/27/federal-judge-denies-request-to-block-highway/,"A federal judge denied a request for a preliminary injunction that would prevent the Tennessee Highway Patrol from conducting pretextual traffic stops in tandem with federal immigration agents.
U.S. District Judge Aleta Trauger ruled the Tennessee Immigrant & Refugee Rights Coalition had not made a ""clear showing"" it was entitled to the injunction at this stage of the litigation.
Trauger gave more weight to the immigrant organization's allegation that the traffic stops violated drivers' 14th Amendment rights against discrimination, signalling the argument may have merit if supported by more evidence.
Trauger noted that data and evidence submitted to support allegations of discriminatory traffic stops conducted in tandem with ICE focuses heavily on a weeklong operation in Nashville in May 2025 that resulted in scores of immigration arrests.
Trauger also ruled the Tennessee Immigrant & Refugee Rights Coalition had a right to sue on behalf of its members, dismissing arguments by state lawyers that the organization lacked standing to pursue legal action.","A federal judge denied a request for a preliminary injunction that would prevent the Tennessee Highway Patrol from conducting pretextual traffic stops in tandem with federal immigration agents.

U.S. District Judge Aleta Trauger ruled the Tennessee Immigrant & Refugee Rights Coalition had not made a ""clear showing"" it was entitled to the injunction at this stage of the litigation. The ruling came Wednesday. Trauger was nominated to the bench by then-President Bill Clinton in 1998.

The coalition had sought the injunction as part of its ongoing challenge to the constitutionality of state troopers conducting traffic stops of motorists suspected of being noncitizens and then allowing Immigration and Customs Enforcement agents -- riding along or stationed nearby -- to demand immigration papers and detain drivers.

The coalition, which filed suit in May against the Tennessee Highway Patrol and its oversight agency, the Tennessee Department of Safety and Homeland Security, is alleging the practice violates motorists' rights under the Fourth and 14th Amendments. Seven Tennessee residents joined as plaintiffs.

In a swift ruling, issued one day after a court hearing to consider arguments over the injunction, Trauger expressed deep skepticism that the immigrant coalition could ultimately demonstrate that the cooperative traffic stops violated motorists' rights under the Fourth Amendment, which protects individuals against unreasonable searches and seizures.

Trauger wrote the immigrant advocates had ""no likelihood of success"" on the claim ""even if the court accepts as true that the THP troopers, pursuant to a policy, are pretextually pulling over non-White motorists in Memphis for the purpose of aiding ICE agents to investigate the motorists' immigration status.""

""Supreme Court precedent is clear: a pretextual traffic stop supported by probable cause to believe a traffic violation has occurred does not violate the 4th Amendment, irrespective of the arresting officers' subjective intent,"" the judge continued.

Trauger gave more weight to the immigrant organization's allegation that the traffic stops violated drivers' 14th Amendment rights against discrimination, signalling the argument may have merit if supported by more evidence.

The evidence introduced thus far in the ongoing litigation ""though not robust"" is ""sufficient to establish some likelihood of success on the merits"" of the Fourteenth Amendment challenge to the traffic stop as ""motivated by a discriminatory purpose"" or having a ""discriminatory effect,"" she wrote.

Trauger noted that data and evidence submitted to support allegations of discriminatory traffic stops conducted in tandem with ICE focuses heavily on a weeklong operation in Nashville in May 2025 that resulted in scores of immigration arrests. That operation has formally ended, and Trauger indicated she needed more evidence of ongoing constitutional violations in the state, specifically in Memphis where the Highway Patrol is part of the Memphis Safe Task Force, a multiagency effort including federal immigration enforcement, convened last fall by President Donald Trump.

Trauger also ruled the Tennessee Immigrant & Refugee Rights Coalition had a right to sue on behalf of its members, dismissing arguments by state lawyers that the organization lacked standing to pursue legal action.",https://wehco.media.clients.ellingtoncms.com/imports/adg/img/2026/09/28/104148815_Memphis-Task-Force003-2048x1366_t1200.jpg?57a0c2296240c280e9492005c3cad63e7cbe80f4,N,,2026-09-27 15:57:23.076572
,Agencies,2026-09-27 19:17:04+00:00,www.houstonchronicle.com,Texas ranchers warn ICE that operations could cost industry millions of dollars,Not Available,,,,,https://www.houstonchronicle.com/news/houston-texas/trending/article/ice-operations-texas-ranchers-impact-22451485.php,The Texas Cattle Feeders Association reported thousands of fed cattle slated for shipping have recently been delayed due to ICE operations.,Not Available,,N,,2026-09-27 17:58:34.712477
,Agencies,2026-09-27 19:02:12+00:00,www.8newsnow.com,ICE changes policy on finding immigrants with final deportation orders - 8NewsNow.com,Not Available,,,,,https://www.8newsnow.com/news/local-news/ice-changes-policy-on-finding-immigrants-with-final-deportation-orders/,"DHS changed its online ICE detainer locator, removing the names of immigrants who are in custody and on their final order of deportation.",Not Available,,N,,2026-09-27 16:57:25.841733
,Agencies,2026-09-27 18:27:52+00:00,Newsweek,DHS Says ICE Deportations Are Pushing Down Rent. Other Factors Are at Play - Newsweek,Giulia Carbonaro,,,,,https://www.newsweek.com/dhs-says-ice-deportations-are-pushing-down-rent-other-factors-are-at-play-12493918,"“DHS is reducing your rent, especially in states that cooperate with [the Immigration and Custom Enforcement] ICE,” the department wrote in a social media post on X.
Read More on News DHS did not identify the source or methodology for the rent figures cited in its post.
In Austin, according to Zillow, the average rent is now $1,990, down $10 from a year earlier.
The U.S. construction industry employs nearly 1.6 million undocumented immigrants, according to reports based on U.S. Census data and labor surveys cited by the American Business Immigration Coalition.
The Urban Institute reported last year that immigrants constituted more than 23 percent of U.S. construction workers in 2023 and estimated roughly half were undocumented.","The Department of Homeland Security (DHS) has claimed that the Trump administration’s mass deportations of undocumented migrants has lowered rents in several Sun Belt cities, including Austin, Nashville and Phoenix.

“DHS is reducing your rent, especially in states that cooperate with [the Immigration and Custom Enforcement] ICE,” the department wrote in a social media post on X.

“Texas accounted for about a quarter of ICE arrests in July and posted the country’s sharpest rent drops, with San Antonio down 4.8 percent, Austin 4.3 percent, Dallas and Houston about 3 percent. Miami’s average rent is down 2.6 percent. Phoenix is down 4.2 percent. Atlanta is down 3.2 percent. Nashville is down 5.3 percent. New Orleans is down 8 percent,” it added.

Read More on News

DHS did not identify the source or methodology for the rent figures cited in its post. The percentages do not appear to correspond with several major publicly available rental indexes.

The post points at unspecified “research” showing that “illegal-worker inflows push rents and home prices up,” adding that “that inflow has been reversed in the states running the hardest interior enforcement.”

The research mentioned by the department is likely to be a working paper released by economists Daniel J. Wilson of the San Francisco Fed and Xiaoqing Zhou of the Dallas Fed earlier this year, which found that a surge in illegal immigration under President Joe Biden is what brought U.S. housing costs through the roof. The study’s conclusions were contested by other housing experts and economists, who pointed out at “inherent problems” with the authors’ methodology, including ignoring the impact of domestic migration on home price growth.

Nonetheless, the DHS concluded in its social media post: “Want lower cost of living: support mass deportations.”

While the administration wanted to highlight an alleged causal link between states willing to cooperate with ICE agents and lower rent, the metropolitan areas mentioned by the department were already undergoing a significant price correction due to a major new apartment and multifamily construction boom.

Newsweek contacted DHS for comment by email on Sunday.

A Supply Boom Outpaced Demand in the Sun Belt

Four of the metros where rent has fallen over the past year are in Texas, which has built more new apartment and multifamily housing than any other state since the pandemic in response to a surge in domestic migration between 2020 and 2022.

These included Austin, Dallas, Houston and San Antonio—all metros which were cited in an August 2025 study by RentCafe listing the top 20 cities for new apartment construction last year.

Dallas and Austin ranked second and third after New York City with 28,958 and 26,715 new units set to be completed by the end of the year, respectively. Phoenix, another city mentioned by DHS, was fourth with 21,188 units, while Atlanta followed in fifth place with 17,512. Miami was seventh with 15,666, Nashville was 14th with 9,810. New Orleans did not feature in the top 20.

All this inventory, approved during the surge in population and demand, flooded the market at a time when demand had already shrunk significantly under the pressure of higher prices and return-to-office orders from employers on the West and Northeast coasts.

The increased competition among landlords for a smaller pool of renters has led to a stark correction from peak pricing during the pandemic, and rent has been falling and continues sliding down in all of the metros cited above. In Austin, according to Zillow, the average rent is now $1,990, down $10 from a year earlier. In Dallas, it is $1,950, down $45 from a year earlier. In Houston, it is $1,900, unchanged from a year earlier. In San Antonio, it is $1,600, down $80 year-over-year.

In Miami, which remains a fairly expensive city for both renters and homebuyers, rent is $3,150, down $10 from a year earlier. In Phoenix, it is $1,825, down $70 year-over-year. In Atlanta, the average rent is $2,100, unchanged from a year earlier. In Nashville, it is $2,200, down $50 from a year earlier. In New Orleans, it is $1,650, down by a staggering $100 year-over-year, according to Zillow.

DHS did not provide metro-level figures showing how many renters had left Austin, Dallas, Houston or the other cities as a result of immigration enforcement, nor did it specify how much of each city’s rent decline can be attributed to deportations rather than other changes in housing supply and demand.

Crucially, the metros cited by DHS are also not the only ones now experiencing lower rent as a result of an oversupply of new housing units.

The same has been happening in Las Vegas, Nevada, and San Diego, California, a city in a purple state and another one in a blue state. In Las Vegas, the average rent is now $1,950, unchanged from last year, according to Zillow. In San Diego, it is $3,100, down $8 year-over-year.

Rent declines have not been confined to the Sun Belt, though there is where they have been most significant. Nationally, median asking rents for studios through two-bedroom properties across the 50 largest U.S. metro areas fell year-over-year for the 37th consecutive month in August, according to Realtor.com, driven by the combination of an influx of new apartments and slower rental demand, particularly in the South and West.

Can Mass Deportations Lower Rent?

Lowering the cost of housing through mass deportations of undocumented immigrants in the U.S. was one of President Donald Trump’s campaign promises in 2024. But experts have been skeptical about whether this could have the positive impact the president promised.

The Trump administration has deported more than 605,000 illegal aliens, while also triggering an additional 1.9 million self-deportations since January 2025, according to the White House.

From a housing-market perspective, large-scale deportations should “help free up some housing,” Daryl Fairweather, chief economist at Redfin, said in an assessment of the policy earlier this year.

But any benefit gained from deporting masses of undocumented migrants could be undermined by the dire conditions it would leave the homebuilding workforce in. The U.S. construction industry employs nearly 1.6 million undocumented immigrants, according to reports based on U.S. Census data and labor surveys cited by the American Business Immigration Coalition. The Urban Institute reported last year that immigrants constituted more than 23 percent of U.S. construction workers in 2023 and estimated roughly half were undocumented.

“Immigrants play a significant role in construction, and reducing labor supply tends to raise building costs and slow new home production,” Fairweather said.

Restricting immigration carries the risk of making it “more difficult for companies to hire workers in the near-term, and that impact is likely to be acutely felt by a construction industry that employs many foreign-born workers,” Danielle Hale, Realtor.com chief economist, previously told Newsweek.

Similarly, the National Association of Home Builders (NAHB) has argued that fewer available workers can delay construction, raise labor costs and ultimately put upward pressure on home prices. A July 2025 Reuters investigation found that a $20 million recreation center project near Mobile, Alabama, went from being on schedule to facing about a three-week delay after an ICE raid in Florida.

The superintendent said roughly half of his workforce stopped showing up, because workers feared similar raids. Reuters interviewed 14 people in construction and reported that they described delays, cost overruns and worsening labor shortages.",https://assets.newsweek.com/wp-content/uploads/2026/09/GettyImages-2257975517.jpg?w=1200&crop=1,N,,2026-09-27 15:57:14.045499
,Agencies,2026-09-27 18:25:35+00:00,YouTube,Maddow on WHISTLEBLOWER images from inside ICE 'prison camp' - YouTube,Not Available,,,,,https://www.youtube.com/shorts/wcqyUWksyJE,"""So yeah, expect more protests, because this is what our government is doing right now; this is one of these Trump prison camps, as pictured from the inside....",Not Available,https://i.ytimg.com/vi/wcqyUWksyJE/sardefault.jpg?sqp=-oaymwEoCJUDENAFSFqQAgHyq4qpAxcIARUAAIhC2AEB4gEKCBgQAhgGOAFAAQ==&rs=AOn4CLC0pmxvMOhYA1gnd-6cMr69kmdL_A,N,,2026-09-27 15:57:18.475475
,Agencies,2026-09-27 18:11:17+00:00,Newsweek,DHS Denies Change Of ICE Strategy: 'No One Is Off The Table' - Newsweek,James Bickerton,,,,,https://www.newsweek.com/dhs-denies-change-of-ice-strategy-no-one-is-off-the-table-12493743,"A move to only target illegal migrants with criminal convictions or charges would be a major policy change, and would likely spark an angry reaction from a section of Trump’s political base.
The Daily Wire initially reported ICE agents across the United States were told over the weekend to end arrests of illegal migrants who don’t have criminal convictions or charges.
ICE Shootings Over the past year ICE agents have been involved in a number of shootings, a number of them deadly, involving both suspected illegal migrants and anti-ICE protestors.
Two anti-ICE activists, Renée Good and Alex Pretti, were shot dead by ICE officers during altercations in Minneapolis, Minnesota, in January.
In July the DHS told ICE agents to stop conducting traffic stops following fatal shootings in Texas and Maine, though this was later overturned following criticism from Trump.","The Department of Homeland Security (DHS) has denied media reports it has instructed Immigration and Customs Enforcement (ICE) agents to stop arresting suspected illegal migrants who haven’t been accused of a crime, insisting “no one is off the table.”

The report was initially published by The Daily Wire, who citing “agency sources” said ICE officers had been told to only arrest illegal migrants with criminal convictions or charges.

President Trump has made a crackdown on illegal immigration one of the main policy pillars of his second term in office, though ICE has come in for significant criticism particularly following a series of deadly shootings involving its agents. A move to only target illegal migrants with criminal convictions or charges would be a major policy change, and would likely spark an angry reaction from a section of Trump’s political base.

Read More on News

On Saturday via X the DHS shared The Daily Wire’s report posted by its immigration reporter Jennie Taer adding: “This is false. No one is off the table. We will continue to arrest any and all illegal aliens that come into our path.

“Anyone in our country illegally will be arrested and deported.

“In an effort to protect American citizens, ICE has initiated a nationwide public safety surge in sanctuary cities where our brave officers will be targeting criminal illegal aliens—many released from jails by sanctuary politicians—including murderers, rapists, child predators, and gang members.”

Newsweek contacted the Department of Homeland Security for comment on Sunday via email outside of regular office hours.

The Daily Wire initially reported ICE agents across the United States were told over the weekend to end arrests of illegal migrants who don’t have criminal convictions or charges.

The publication said this would put an end to so-called “collateral arrests,” where officers pursuing a suspected criminal target could also detain other illegal migrants they came across.

Speaking to The Daily Wire one ICE officer said “they’re trying to calm things down before the [midterm] elections” while another commented: “I hope Trump finds out about this s*** and puts an end to it.”

Policy Confusion

Fox News congressional correspondent Bill Melugin posted on X that he had spoken to nine ICE & DHS insiders who said “verbal guidance” was sent out to ICE offices instructing them to avoid non-criminal migrants, but this was “erroneous” resulting in a “miscommunication” about going after the “worst first.”

As a result, Melugin said there had been “no change in immigration enforcement policy” with guidance sent out to ICE field offices on Saturday night “to reaffirm this.”

Melugin also said he had spoken to President Trump who insisted anyone in the United States illegally remains “on the table” for ICE agents.

Immigration Polling

Public approval over Trump’s handling of immigration has fallen sharply in recent months with an Economist/YouGov poll tracker finding at the end of August it had fallen 24 points from plus 11 in February 2025 to minus 13.

The tracker found that in August just 40 percent of American adults approved of Trump’s handling of the issue, while 53 percent disapproved.

ICE Shootings

Over the past year ICE agents have been involved in a number of shootings, a number of them deadly, involving both suspected illegal migrants and anti-ICE protestors.

Earlier this month an ICE agent shot and wounded Wilber Rafael Garcés Pérez, a 28-year-old DoorDash driver, but was not wearing his bodycam at the time.

Two anti-ICE activists, Renée Good and Alex Pretti, were shot dead by ICE officers during altercations in Minneapolis, Minnesota, in January.

In July the DHS told ICE agents to stop conducting traffic stops following fatal shootings in Texas and Maine, though this was later overturned following criticism from Trump.

Since Trump returned to office in January 2025 illegal crossings of the U.S.-Mexican border have fallen dramatically to their lowest level since 1970.",https://assets.newsweek.com/wp-content/uploads/2026/09/GettyImages-2268158779.jpg?w=1200&crop=1,N,,2026-09-27 14:56:56.139203
,Agencies,2026-09-27 18:06:50+00:00,BostonGlobe.com,Opinion | Driving while immigrant in ICE's America - The Boston Globe,Marcela García,,,,,https://www.bostonglobe.com/2026/09/27/opinion/driving-ice-immigrants/,"For decades, advocates fought state by state so undocumented immigrants could drive legally. Now a car is one more way ICE can find them.",Not Available,https://bostonglobe-prod.cdn.arcpublishing.com/resizer/v2/EWWH7V3JTJDUBPCMMUKRIB5ZBM.jpg?auth=f870f3bd0199fdf4161e0735b40070497cd1babc6df988cf5b6d2b94a42fa71f&width=1440,N,,2026-09-27 17:58:39.516406
