id,name,published,outlet,title,authors,category,market,categoryorder,articleorder,url,description,text,image,error,sentiment,firstEyes
,New Hampshire Bulletin,2026-05-26 08:55:54+00:00,New Hampshire Bulletin,"For New Hampshire’s working parents, summer programs are a lifeline not a luxury",Sonjia Tainter,,,,,https://newhampshirebulletin.com/2026/05/26/for-new-hampshires-working-parents-summer-programs-are-a-lifeline-not-a-luxury/,"When people think about summer in New Hampshire, they often picture camps, swimming, hiking trails, playgrounds, and long afternoons outside with friends. But for many working families, summer brings something else entirely: stress. Just this week I was told by a parent that they needed to find alternative care for the summer because their local […]","""According to the report, more than 35,000 New Hampshire children whose parents want them enrolled in a summer program are unable to access one."" (Getty Images)When people think about summer in New Hampshire, they often picture camps, swimming, hiking trails, playgrounds, and long afternoons outside with friends. But for many working families, summer brings something else entirely: stress.
Just this week I was told by a parent that they needed to find alternative care for the summer because their local 21st Century Community Learning Center cannot operate in the summer months. That is just one parent. Across New Hampshire, parents are trying to answer the same difficult question: “What am I going to do with my child while I work?” Parents do not stop working in the summer, and care is still needed for them to continue working.
As the network lead for the New Hampshire Afterschool Network, I spend a lot of time talking with afterschool and summer programs across our state. I hear from directors who have to condense programs because they have limited staffing; families searching for affordable, quality options; and youth-serving organizations doing everything they can to meet growing community needs. I also hear from families who simply run out of options.
That is why the newly released Afterschool Alliance summer data is so important.
According to the report, more than 35,000 New Hampshire children whose parents want them enrolled in a summer program are unable to access one. Nearly 1 in 2 children who could benefit from the opportunities summer programs offer, can’t access one.
And this is not because families do not value these opportunities. Parents overwhelmingly do. Actually parents who are able to find a summer program give it a 95% satisfaction rate.
The reality is that programs are often too expensive, too far away, full, or simply unavailable in many communities. Cost was identified as the biggest barrier by New Hampshire families, followed by transportation and location challenges. 
For a rural state like New Hampshire, that transportation barrier matters. Families may have a program 20 or 30 minutes away, but there is no reliable way to get there. Other communities may have only a handful of summer options available at all, due to numerous reasons. Even when programs exist, many families cannot afford the tuition while also balancing the current cost of living. 
What stands out to me most is that summer learning is still often treated like an “extra” instead of what it truly is: support for children, families, and the workforce.
Summer and out-of-school time programs are not just places that “keep kids busy.” They are spaces where children build friendships, confidence, leadership skills, and connections with caring adults. They provide meals, physical activity, STEM learning, arts, mentoring, and emotional support. For many young people, these programs are also protective spaces that reduce isolation and help them stay connected to their communities. They also make it possible for parents to work.
In conversations about childcare in New Hampshire, school-age children are often left out entirely. Yet families with elementary and middle school-aged children still need supervision and support during the summer months. Parents are reporting their children are not emotionally mature or responsible enough to stay home on their own at that age.
And the demand is there. Ninety percent of New Hampshire parents support public funding for summer learning opportunities. 
Across New Hampshire, programs are stepping up every day. Organizations like Project Promise in Bristol are helping youth build leadership skills and community connections through their Youth in Government Club. Programs like Rochester Child Care Center focus their program on nature making sure youth have a safe and engaging location to explore. These programs continue to show up for youth but cannot do it alone. We need community help and support. Afterschool and summer programs need to be included in the broader childcare conversation.
Every child deserves access to summer programming where they can explore, create, connect, and ultimately thrive.
Summer does not have to be a struggle. But getting there will require us to stop viewing summer learning as optional and start recognizing it as essential.",https://newhampshirebulletin.com/wp-content/uploads/2026/05/preschoolplay-1024x683.jpg,,,2026-05-26 04:57:29.606989
,Ohio Capital Journal,2026-05-26 08:55:39+00:00,Ohio Capital Journal,"Ohio House committee changes investigative, reporting provisions in childcare fraud bill",Susan Tebben,,,,,https://ohiocapitaljournal.com/2026/05/26/ohio-house-committee-changes-investigative-reporting-provisions-in-childcare-fraud-bill/,"One of two bills targeting potential fraud in Ohio’s childcare system saw changes in an Ohio House committee, including to notification requirements going all the way up to legislative leadership. Ohio House Bill 649 has seen several hearings in the House Children and Human Services Committee, and the consideration continued on Tuesday, when the committee […[...]","Children at day care.(Getty Images)One of two bills targeting potential fraud in Ohio’s childcare system saw changes in an Ohio House committee, including to notification requirements going all the way up to legislative leadership.
Ohio House Bill 649 has seen several hearings in the House Children and Human Services Committee, and the consideration continued on Tuesday, when the committee approved changes offered by the Republican sponsors of the bill.
The measure, sponsored by state Reps. Josh Williams, R-Sylvania Twp., and D.J. Swearingen, R-Huron, touches on several issues related to childcare fraud investigations, including verifying the attendance of individual children, and the authority and process through which potential fraud is investigated.
As introduced, H.B. 649 would require the Ohio Department of Children & Youth to conduct a “preliminary investigation” immediately after an allegation of “probable or suspected waste, fraud, and abuse” is levied at a childcare center that receives funding through the Publicly Funded Child Care program.
If a preliminary investigation finds substantiated allegations, the state’s Office of the Inspector General will be required to conduct an investigation, under the bill. In a change made in Tuesday’s committee hearing, the inspector general would be allowed to request additional evidence from the Ohio Department of Children & Youth at any point in that investigation, “and to pause the investigation until that evidence is made available,” according to the new version of the bill.
A previous version of H.B. 649 required that the Ohio House speaker and the state Senate president be notified when a childcare fraud case was referred to the inspector general, and at the conclusion of the investigation.
In the newest version of the bill, the House speaker and Senate president will be notified, but only at the beginning of a full investigation.
There were no objections to the changes made to the bill on Tuesday.
H.B. 649 previously had a provision in it that proved controversial to some, particularly childcare workers and owners. Williams had proposed that facility surveillance cameras be used to identify children attending the childcare centers, rather than the current system where a parent or guardian who drops off the child is verified within the system database, and photographed to confirm the individual child’s attendance. The proposal also would have required child care centers to retain at least 60 days of security camera footage for department “compliance reviews.”
In a March hearing, the committee amended H.B. 649, prohibiting the storage of photos or videos taken at facilities. The change to the bill would only allow footage taken from devices specifically provided by the Ohio Department of Children & Youth.
State Rep. Gary Click, R-Vickery, said during the meeting that there was “not a broad amount of support for (child photo or video capture) staying in the bill.”
The bill is being considered in the committee at the same time a separate GOP-led bill related to childcare fraud identification and investigation is also being looked at for legislative approval. Ohio House Bill 647 also saw changes at a recent recent hearing, moving some funding that had been included in the bill back to the budget of the Ohio Department of Children & Youth. That bill has the support of the agency’s director, Kara Wente, who spoke in support of it earlier in the consideration process.
Wente said while the department already has a diligent system in place to identify suspected fraud, H.B. 647 bolsters those efforts. Childcare fraud is not a statistically prevalent issue in Ohio. Wente and the department cited less than 200 reported cases last year, and only 24 that led to the loss of Publicly Funded Child Care program funding for investigated facilities.
Childcare facilities have been in the spotlight since the Trump administration froze funding to some states including Minnesota, after allegations were made by a right-wing influencer that facilities there, particularly those managed by Somali immigrants, were committing fraud using federal funds provided for childcare purposes.
SUPPORT: YOU MAKE OUR WORK POSSIBLE",https://ohiocapitaljournal.com/wp-content/uploads/2024/02/ChildcareGetty-1024x683.jpg,,,2026-05-26 04:57:29.606989
,Ohio Capital Journal,2026-05-26 08:50:33+00:00,Ohio Capital Journal,Ohio utilities report subpar grid reliability as they seek a lower bar,"Kathiann M. Kowalski, Canary Media",,,,,https://ohiocapitaljournal.com/2026/05/26/ohio-utilities-report-subpar-grid-reliability-as-they-seek-a-lower-bar/,"This story was originally published by Canary Media. Ohio’s utilities just can’t seem to pass muster when it comes to preventing power outages and getting the lights back on quickly. In 2025, four of the state’s six regulated electric utilities failed to provide the level of reliable service expected by regulators — marking the 10th year in […]","(Dana DiFilippo/New Jersey Monitor)This story was originally published by Canary Media.

Ohio’s utilities just can’t seem to pass muster when it comes to preventing power outages and getting the lights back on quickly.


In 2025, four of the state’s six regulated electric utilities failed to provide the level of reliable service expected by regulators — marking the 10th year in a row when at least one company has missed. Yet now, as customers see skyrocketing energy bills, the shortfall has some groups urging the state to reject utility requests to lower their reliability standards even further.


“Ohioans should expect the same utilities bragging about record profits to improve their service, not get worse,” said Karin Nordstrom, an attorney for the Ohio Environmental Council.


Looming large over the debate is the fact that Ohio leaders and utilities have blocked measures that could have improved reliability over the years. With 2019’s scandal-plagued House Bill 6, legislators gutted the state’s clean energy standards, which could have spurred the development of more solar and wind power that may relieve long-distance transmission congestion or provide alternate generation when fossil-fuel or nuclear power plants are offline. And utilities in the state have a history of opposing requirements for energy-efficiency measures, which can mitigate strain on the grid by reducing overall demand.


The companies looking to ease reliability standards are FirstEnergy​’s three Ohio utilities and Duke Energy Ohio, which together serve 2.9 million customers across the state. (The term ​“customer” generally refers to a whole household or business, rather than an individual person.)


Last year, Duke and the three FirstEnergy utilities — Ohio Edison, Toledo Edison, and the Cleveland Electric Illuminating Co. — missed their targets for the average number of power outages per customer. Toledo Edison also exceeded the average time allowed to get the lights back on after they go out. Those figures don’t count major events, such as severe storms, which affected hundreds of thousands of Ohio customers in 2025.


When they fall short, utilities have to provide regulators with an explanation and an action plan. If they fail repeatedly, companies are potentially on the hook for tens of thousands of dollars in penalties.


This isn’t the first time utilities have sought approval to lower the bar for their customer service. And the state Public Utilities Commission has occasionally indulged those requests.


But the latest asks come at a particularly fraught moment for the American grid. The data center boom threatens to push the system to its physical limits and further spike power prices, and North America’s grid authority is sounding the alarm about the computing facilities’ potential to cause blackouts.


Meanwhile, even though President Donald Trump declared an energy emergency on his first day in office, his administration is stifling the buildout of wind and solar, which could infuse the grid with much-needed electrons. While Trump has attacked renewable energy as unreliable, a new analysis by clean energy think tank RMI underscores that renewables have not measurably reduced reliability and can in fact boost it.


Researchers have identified two major factors that are making the country’s grid less dependable: aging infrastructure and extreme weather, which study after study has shown is more intense because of climate change.


SUBSCRIBE: GET THE MORNING HEADLINES DELIVERED TO YOUR INBOX.FirstEnergy and Duke both cited increasingly extreme weather as one of the main reasons for relaxed reliability standards. Although major event outages don’t count toward the requirements, FirstEnergy’s application to loosen the mandated targets noted ​“smaller but more disruptive storms, heavier rainfall, and a rise in tree-related outages” outside the company’s rights of way, spokesperson Brooke Conlan said, citing federal data.

John Juech, a Duke Energy Ohio spokesperson, also pointed to weather variability as a significant reason for its excessive outages last year, along with vehicle accidents and other ​“high-impact incidents.” The company cited both factors when it filed its pending request for more lenient reliability requirements. He noted that the utility has improved its performance since 2017–2018, even though it’s fallen short of the standards in some recent years.


The Ohio Environmental Council’s Nordstrom pushed back on the idea that more extreme weather should translate to weaker regulation.


“Reliability standards must be strengthened as climate change continues to pose challenges for utilities,” she said. ​“As the challenges to meet climate change rise, so do the needs of customers.”


The changes sought by both companies’ utilities don’t look large on paper, but they could be significant.


A proposed compromise between Duke and staff members at the Public Utilities Commission would bump up the allowable outage frequency per customer from an average of 0.75 times annually to 0.87 — a seemingly fractional difference but one that would permit more than 90,000 outages above the current standard. The plan would also reduce the average time to restore power by 3 minutes per person. That’s not a marked improvement, though, since the company did better than that in each of the last eight years, says an April filing by the Office of the Ohio Consumers’ Counsel, urging the full commission to reject the plan.


“Consumers are not better off if the lights go out more often, even if they come back on a few minutes sooner,” said the office, a state agency that advocates on behalf of residential utility customers.


For its Cleveland Electric Illuminating customers, FirstEnergy wants the average extra time for getting the lights back on to rise by roughly 15 minutes per customer. The company wants the average frequency for both its Ohio Edison and Toledo Edison subsidiaries to increase by 0.05 per customer, which would mean accepting a total of more than 69,000 additional outages than current standards permit. Those utilities’ allowable time to restore power would also increase.


Averages don’t tell the whole story, though. Grid disparities within a utility’s service area could mean some neighborhoods with old equipment see significantly more or longer outages than others.


“The actual customer experiences that make up these averages can fluctuate greatly with even a small adjustment,” Nordstrom said.


The impacts of blackouts go beyond inconveniences or expenses for spoiled food, which can run into hundreds of dollars for extended power losses. They can also mean life or death for some, especially on superhot or frigid days.


Ohio Consumers’ Counsel Maureen Willis told Canary Media, ​“Reliability standards should protect consumers, not be adjusted downward simply because utilities are repeatedly failing to meet them.”


Briefing has wrapped up in both the FirstEnergy and Duke cases, and the Public Utilities Commission is expected to rule on them in the coming weeks.
SUPPORT: YOU MAKE OUR WORK POSSIBLE",https://ohiocapitaljournal.com/wp-content/uploads/2026/05/nj-powerlines-1024x684-1.jpg,,,2026-05-26 04:57:29.606989
,Kansas Reflector,2026-05-26 08:33:49+00:00,Kansas Reflector,An amendment could rend the Kansas Supreme Court. This low-key meeting shows what’s at stake.,Clay Wirestone,,,,,https://kansasreflector.com/2026/05/26/an-amendment-could-rend-the-kansas-supreme-court-this-low-key-meeting-shows-whats-at-stake/,"The August vote on Kansas Supreme Court justice selection will affect the course of our shared government and civic life for an age. That sounds like a big, overarching statement, but it has the benefit of being true. Whether justices for the state Supreme Court will continue to be vetted via a merit-based system — albeit […]","Outgoing Kansas Supreme Court Justice Marla Luckert passes the gavel to new Chief Justice Eric Rosen during a ceremony at the Kansas Judicial Center earlier this year. A state nominating commission has submitted three judges to fill Luckert's spot. (Photo by Tim Carpenter/Kansas Reflector)The August vote on Kansas Supreme Court justice selection will affect the course of our shared government and civic life for an age.
That sounds like a big, overarching statement, but it has the benefit of being true. Whether justices for the state Supreme Court will continue to be vetted via a merit-based system — albeit one that includes public retention votes — or be sent to office through statewide elections has implications for abortion care, education funding, LGTBQ+ rights and so much more.
You could watch Kansas jurists grappling with this situation at the commission hearing last week nominating a new high court member. Former Chief Justice Marla Luckert’s retirement opened a spot, and so a new crop of applicants threw their proverbial hats in the ring to serve. Members picked three finalists from the seven; Gov. Laura Kelly will make a final decision.
Commission chairman Terry Campbell talked about the system and its benefits in his opening remarks. It’s worth hearing what he has to say, especially if you’re not sure why Kansas selects judges the way it does and what benefits the process offers.
“You are watching a process that has been placed in place in Kansas for nearly 70 years,” Campbell told the audience. “The voters of Kansas back in the late 1950s adopted a process to try to ensure that we have fair and impartial courts here in the state of Kansas. It’s worked quite well.
“We’ve had a Supreme Court over the years that has reversed both the policies of Democratic governors and the policies of Republican governors. It’s resulted in a process whereby Supreme Court justices are beholden to the people of Kansas and the Kansas Constitution, and not beholden to billionaire donors to fund their election campaigns.”
Online video of the nominating committee and its interviews shows a remarkably open, transparent process.
At the beginning, the committee panelists introduced themselves. Each of the seven Supreme Court candidates spent some 30 minutes answering detailed questions about their approach t0 the law and how they would serve. The committee gave the nominees space to explain themselves fully.
The morning and afternoon sessions of the meetings are available on YouTube. You can sit and watch the entire thing, and if you have the time and inclination, I encourage you to do so. Rather than spending millions of dollars on statewide election campaigns or attacking one another through overwrought ads, the nominees speak positively about their experience and plans.
Watch this system and ask yourself why we don’t use it for more government jobs rather than fewer.
The high court candidates were asked about the amendment and its potential effects. No, they were not asked whether Kansans should vote for or against the measure — the good people of this state will make up their own minds, as they always do. But they were asked how they would grapple with the new system.
Judge Robert Wonnell, who was one of the three final selections, struck a notably cautious note.
“It’s a question and an issue that I cannot control,” he told the panel. “It is something that I would be willing to engage and discuss and collaborate, but if I were selected to serve on the Supreme Court, and if the process were to change, I don’t know that I am capable or could become a political animal.
“I think that I would present who I am. I think that I would discuss the independence of the judiciary. I would be able to present what I’ve done, and if it is a an election process, I would hope that that would be something that the voters would be interested in, but as far as any type of engagement of an opponent or something like that? I don’t see myself ever looking towards discrediting anyone else.”
Wonnell’s thoughtful response suggests a hidden issue with popular elections for the Kansas Supreme Court: Qualified people won’t run. Think about it. How many people do you know who would willingly run for public office? Our nation’s orgy of unrestrained campaign spending has made civic service look decidedly unappetizing.
Obviously there are benefits to meeting members of the public and listening to their concerns. Indeed, Supreme Court travels throughout the state to hear cases and do just that. Our state benefits from forums for all of us to hash out our ideas through civic discussion.
But that’s not the same as having to endure withering attack ads — or level them yourself. Just imagine the psychic toll for the candidates, along with their family and friends. Those running for governor or U.S. Congress have girded themselves for multimillion dollar statewide campaigns. Not justices. They face voters through retention elections, but those have remained placid thus far.
Sure, some might relish the prospect. Are those the same people who would relish serving on an impartial Supreme Court?
On the other hand, District Court Judge Carl Folsom sounded accepting, if not necessarily enthusiastic, about the prospect of mounting a campaign.
He told the committee: “If the people of Kansas say that that’s the type of selection that they would like to do, and I’m a member of the court, I would plan to seek reelection in whatever fashion the law allows me to do that. And I would have to go through that process.”
The entire five-hour meeting includes much more of interest. Kansas Reflector senior reporter Tim Carpenter will tackle the exchanges in coming days.
Yet before the campaign over the judicial selection amendment swings into high gear, before our airwaves and email inboxes are plastered with vicious slogans, it behooves us all to listen to those who would be most directly affected. Perhaps we might all want to take a quiet moment, here at the start of summer, to ask what kind of Kansas Supreme Court we want. What kind of people should serve?
If you watch the recent videos of the nominating commission, you just might find some answers.
Clay Wirestone is Kansas Reflector opinion editor. Through its opinion section, Kansas Reflector works to amplify the voices of people who are affected by public policies or excluded from public debate. Find information, including how to submit your own commentary, here.",https://kansasreflector.com/wp-content/uploads/2026/01/Luckert-and-Rosen-4-1024x768.jpg,,,2026-05-26 04:57:29.606989
,Maine Morning Star,2026-05-26 08:32:18+00:00,Maine Morning Star,"In 1st District primary, Republicans diverge on their approach to Trump",Kaitlyn Budion,,,,,https://mainemorningstar.com/2026/05/26/in-1st-district-primary-republicans-diverge-on-their-approach-to-trump/,"With early voting underway, the two Republicans running in Maine’s 1st Congressional District primary are working to differentiate themselves and get their names out to voters.  It’s been a quieter front for the Republican Party, but voters in CD1 will decide June 9 who will face incumbent Democrat U.S. Rep. Chellie Pingree in November.  “There […]","President Donald Trump holds up the ""One, Big Beautiful Bill"" Act that he signed into law on the South Lawn of the White House on July 4, 2025, in Washington, D.C. (Photo by Alex Brandon - Pool/Getty Images)With early voting underway, the two Republicans running in Maine’s 1st Congressional District primary are working to differentiate themselves and get their names out to voters. 
It’s been a quieter front for the Republican Party, but voters in CD1 will decide June 9 who will face incumbent Democrat U.S. Rep. Chellie Pingree in November. 
“There really hasn’t been nearly as much focus on this race as the gubernatorial race,” said Chuck Ellis, chair of the Cumberland County Republican Committee. 
That’s largely because the district leans heavily Democratic, and Pingree won her last reelection bid by a wide margin. But the candidates, and southern Maine Republicans, aren’t giving up just yet.
“I think we would love to — as people are putting it — retire Chellie Pingree,” Ellis said. “There is the reality that CD1 is very demographically Democrat-voting, and it’s hard to unseat an incumbent.”
But Heidi Sampson, chair of the York County Republican Committee, said she isn’t writing off the race. 
“I’m a firm believer in where there’s breath, there’s hope, and you just never know what’s going on,” Sampson said. “It’s like any competition any athlete gets into, you need to run the race across the finish line like you’re gonna win, because you don’t know if your opponent’s gonna fall flat on their face.”
The candidates 
A born and raised Mainer, Joshua Pietrowicz is a self-described “Androscoggin County mutt” who bounced around the county growing up. He graduated from Central Maine Christian Academy in Lewiston, and ultimately moved with his wife to live in New Gloucester. 
At 26 years old, he’s worked in sales while running for municipal offices and for state representative, but has not won any elected position. 
“And I’ve never been old enough before to give Chellie Pingree a challenge, but I certainly am now, and I’ll do everything in my power to hold her accountable for the good of the American people,” he said. “Because it’s not about me or somebody else, it’s about having good people in elected office regardless of their party, and I think she’s failed us in that regard.”
Russell, 71, grew up in Fort Fairfield, and is a retired Army colonel. He served for just over 30 years as an airborne ranger Green Beret, and was in combat in Panama, Somalia, Afghanistan and other crisis response operations. 
He returned to Maine in 2021, and was the Republican nominee for the district in 2022, but lost to incumbent Pingree in the general election. 
“I hope to change the United States here and retire it back to the way it was,” Russell said. “I’m running for office because I’m not satisfied with the way the country is being run here currently, and I am looking to change that.”
President Trump’s role 
Although President Donald Trump hasn’t weighed into any of Maine’s primary races, the president is still clearly a key figure in the CD1 race — and both Russell and Pietrowicz are trying to walk the line on their support for him. 
Pietrowicz has been more critical of Trump, but still does not oppose his administration entirely. 
“I don’t like his style and a lot of things, and he’s a very arrogant man,” Pietrowicz said. “I do think his heart’s in the right place as far as serving the nation goes.”
During the candidates’ only debate last week, Russell said he was not going to be a rubber stamp for the president. 
But in an earlier interview, he said when it comes to his agenda in Washington, “I think the biggest thing is to provide support to President Trump and what he’s trying to do with the nation here right now.”
When asked at the debate if there was a clear line to how far he would support the president, Russell said he would weigh each issue as it came up. And when pushed to name something he disagreed with Trump on, Russell said it was more about how Trump behaved, than what he did.
“I don’t know if I would say it’s a decision I disagree with, how we go about articulating those decisions — the way he deals with personnel when he lets them go, I don’t agree with how that happens, it’s not the way a leader treats subordinates, particularly when they are leaving,” Russell said. 
He went on to say that some people go too far to oppose everything Trump is doing.
“We talk about drawing the line in support of President Trump, the other side of the coin is why are we drawing the line in opposition to President Trump just because it’s President Trump that is proposing a solution,” Russell said. “We’ve got to work across the aisle here to come up with solutions that are the best for the nation.”
Pietrowicz was more direct about his disapproval of some of Trump’s actions, specifically pointing to Trump’s acceptance of a luxury jetliner from Qatar. But he said he still broadly supports the president and his agenda.
“Do I still think that I would have voted for Trump over Kamala if the election was held today or back in 24 if I had hindsight? Yeah, but I’m still going to be honest about what I think every damn time,” Pietrowicz said.
He said he feels it is the duty of any member of Congress to critique the president, regardless of “whether they’re a Democrat serving a Democratic president or a Republican serving a Republican president.”
It’s difficult to say which approach will pay off with voters, said Ellis with the Cumberland County GOP. 
“I think there’s some people who are going to want a change, and again there is a segment of the population that is a bit more critical of some of the things that Trump has been doing,” Ellis said.
Sampson in York County said that Trump is still a key campaign issue for many voters. 
“Trump’s not physically on the ballot, but he’s certainly not acting like the lame duck president,” Sampson said. “So to have somebody who’s willing to go to Washington and is willing to work with the president, as opposed to opposing the president, I know in my mind that that’s a no-brainer. You need a team that’s all rolling in the same direction.” 
Political stances 
On the issues, Pietrowicz presents himself as not a standard Republican candidate. 
He’s focused on the readiness of the U.S. Navy. He’s also concerned about housing affordability, but disagrees with the Democratic approach to utilize down payment assistance, and said he would pursue lowering mortgage rates for first-time homeowners, and wants people to be able to keep those low rates when they move into another home. 
He wants the education system to do more to prepare students for adult life. 
“They don’t learn how to work on their car, they don’t learn how to file their taxes in high school, they don’t learn how to do any of these things,” he said. “But what if we did take those last four formative years and said, ‘This is how you be an adult. This is how you be a good citizen.’”
He supports some form of universal healthcare, because he argues that Americans are already paying for it through taxes that go towards Medicaid and Medicare. 
Overall, he said he will do more than follow the party line, and will dig into issues to find the best solutions for Mainers, regardless of where that plan comes from. 
“I don’t think it’s necessarily gone, but I don’t see many in Washington that are willing to compromise,” Pietrowicz said. “I don’t see many in Washington that are willing to make deals for the best interests of their nation, but rather, they almost wholeheartedly love their party and will serve that.”
Alternatively, Russell identifies as a more traditional Republican. He said his top priority is the economy, and that Mainers haven’t yet gotten the full rewards of policies passed by Trump.
“I think our disaffected population is our young people and our older people on a fixed income, and some of the benefits in the great big beautiful bill are not being taken advantage of by those target populations,” Russell said. “So I want to exert what influence I could over the Maine government to make sure that those benefits are experienced by all of our citizens.”
He said his issue with Pingree is that he doesn’t think she “represents all of the people in the district,” namely Republican voters.
If elected, he knows he will have to be able to represent those on Pingree’s side of the aisle. But he hopes to tackle that with transparency, starting with town halls on the campaign trail. 
“I hope to hold town halls with all of my constituents, Republicans, Democrats, independents, everyone,” Russell said. “So number one, they can understand what it is I’m doing in Washington, D.C., but far more importantly, so I can understand how they feel about the different issues that I’m going to be voting on.”
The experience question
With both candidates taking more nuanced approaches to the issues, voters are left to consider their experience outside of politics. 
“You’ve got a young guy, one of the youngest people that’s engaging in Maine politics as a candidate, really at just about any level, has a lot of energy and enthusiasm, and has some ideas that he wants to try to advance,” Ellis said of Pietrowicz. “And then you’ve got the seasoned veteran, literally and figuratively, in Ron Russell, who ran two years ago.”
And the candidates have spoken about their experiences directly. 
“The issues between Josh and I are not that significant, but what is significant is the amount of life experience: the lessons learned, the things you’ve succeeded at and the things that you have failed at,” Russell said in his closing remarks at the debate. 
He said he has a picture from Iran in 1980, of the crash site after the failed attempt to rescue hostages, that says: “Don’t confuse enthusiasm with capability.”
“So, I would ask the voters out there, don’t confuse enthusiasm with capability,” Russell said. “I’m the one with the experience and the capability to be successful in Washington, D.C.”
But to Pietrowicz, his lack of experience is a benefit, not a risk.
“I don’t think that the experience is necessarily one thing or the other, because I don’t think that’s how our Congress operates,” he said. “I think a fresh face with tenacity is far more powerful than somebody who’s bought off.”
Pietrowicz said he voted for Russell in 2022, in the primary and general election, but argues that he doesn’t have the energy to beat Pingree now. 
“I think Ron has an excellent career of service,” Pietrowicz said. “I don’t think he has any energy to go to Washington and get done any of the policies that he talks about. I don’t think he has the wherewithal to meet the opposition.”",https://mainemorningstar.com/wp-content/uploads/2026/01/gettyimages-2222867900-1024x683.jpg,,,2026-05-26 04:57:29.606989
,Ohio Capital Journal,2026-05-26 08:30:51+00:00,Ohio Capital Journal,The ‘warrior ethos’ promises victory — history says it leads to defeat,John Broich,,,,,https://ohiocapitaljournal.com/2026/05/26/warriorethos/,"At Marine Corps Base Quantico in September 2025, Defense Secretary Pete Hegseth promised assembled generals “maximum lethality” and no “stupid rules of engagement.” Under his leadership, the newly rebranded Department of War would “untie the hands of our warfighters to intimidate, demoralize, hunt, and kill.” Troops would be held to the “highest male standar[...]","The USS Thomas Hudner fires a land attack missile in support of Operation Epic Fury in the U.S. Central Command area of responsibility, March 1, 2026. (Photo by U.S. Navy)
At Marine Corps Base Quantico in September 2025, Defense Secretary Pete Hegseth promised assembled generals “maximum lethality” and no “stupid rules of engagement.” Under his leadership, the newly rebranded Department of War would “untie the hands of our warfighters to intimidate, demoralize, hunt, and kill.” Troops would be held to the “highest male standard,” he said. “Weak men won’t qualify.”
Hegseth also restricted anonymous whistleblower and discrimination complaints and limited how long past misconduct can be held against a service member, weakening internal rules and oversight processes the military had built over decades.
Months later, with the Iran war underway, he told reporters at a Pentagon briefing that the U.S. was “punching (Iran) while they’re down, which is exactly how it should be.” He has also said the U.S. will give “no quarter, no mercy” to its enemies, language legal experts say can constitute a war crime under international law.
Hegseth calls his military doctrine the “warrior ethos.”
Historians of fascism have catalogued similar rhetorical patterns — strongman posturing, contempt for constraint — for decades.
I’m a historian of race and nationalism and author of “Blood, Oil and the Axis,” a book about World War II and nationalism in Iraq and Syria. I’ve studied how fascist regimes fight. At its core, fascism is ultranationalism fused with a cult of masculine strength, racial hierarchy, paranoia about socialism and contempt for democracy. It also has a theory of war: Victory belongs to the ruthless and the ideologically pure. Rules are for the weak.
Nazi Germany, fascist Italy and Imperial Japan all built their military strategies on some version of this ideology in the run-up to the Second World War. And in each case, the strategy failed, undone by its own contradictions.
 The fascist theory of war

Democracies don’t necessarily fight clean wars. During World War II, the Allies firebombed cities, created internment camps and dropped atomic bombs.
What distinguishes fascist powers from democracies is their contempt for rules based on their sense of superiority. In 1933, Adolf Hitler’s propaganda minister Joseph Goebbels announced that the Nazis would claim the absolute right to override democratic constraints. “This contemptible parliamentarianism … is gone,” he said.
Italian dictator Benito Mussolini said it more bluntly in 1936: “We do not argue with those who disagree with us, we destroy them.”
But rules of engagement function as a control system that ties tactical decisions to strategy, law and the risk of escalation. Discarding them tends to produce the atrocities and strategic blowback that lose wars.
Democratic procedure does similar work: Political scientists who studied 197 conflicts from 1816 to 1987 found that democracies won about 76% of their conflicts and non-democracies 46%, in large part because accountable leaders and public access to information force a government to notice when a plan isn’t working.
A fascist regime that treats democratic constraints as obstacles is likely to decide inconvenient information is an obstacle too. Because of this, in fascist governments, loyalists rank higher than experts. Fascist systems don’t remove people for being wrong; they remove them for insufficient loyalty. The man who tells the leader what he wants to hear rises. The man whose report contradicts the leader’s views endangers himself.
 The closed circuit

Consider Joachim von Ribbentrop.
Before becoming Hitler’s foreign minister, he was a wine salesman whose years in Canada became his qualification for understanding America. He attached himself to Hitler and was rewarded with a top seat in his government, where Ribbentrop’s signature contribution was overruling the diplomats who warned that Americans would fight if pushed too far by the Axis.
The Nazi view prevailed: Americans were too racially mixed, too soft, too consumed by money to be dangerous. When Germany declared war on the U.S. four days after Pearl Harbor, it did so partly on that disdain for what Hitler called a “mongrel nation.” Ribbentrop was among the most consequentially wrong foreign ministers in modern history – he’d also misjudged Britain’s willingness to join the war over the invasion of Poland – still, he kept his job.
The ideology that produced Ribbentrop’s overconfidence also produced the Nazi theory of the Eastern Front: that Slavic peoples – fundamentally inferior and tainted by Bolshevism – would collapse within weeks. But the Red Army didn’t collapse. Hitler fired the officers who reported as much and demanded more of the same operations that had already failed. Operation Barbarossa, which was supposed to take weeks, stretched to years.
Attempting to match Hitler’s conquests and assert dominance over the Mediterranean, Mussolini invaded Greece in October 1940 with shorthanded divisions, in mountain terrain and at the start of winter, because he believed Italian spirit would overwhelm Greek resistance in two weeks. His generals had doubts, but many did not express them. The Greeks counterattacked, but Mussolini blamed his generals’ “insufficient will,” the only kind of failure his theory allowed. Germany had to intervene.
 What the leader said happened

Connected to the fascist superiority complex is a contempt for feedback, creating a closed information system that can’t register failure, tolerate disagreement or revise a plan. Strategy requires accurate reporting, even when the news is bad, and the willingness to be wrong. Fascist regimes punish the first and refuse the second.
German high command was still reporting a controlled advance in November 1942 when its 6th Army, some 330,000 soldiers, was being encircled at Stalingrad. Hitler had declared the city practically taken; the press never reported the Soviet counteroffensive that surrounded it. When the remnants finally surrendered on Feb. 2, 1943, it was a turning point in the war – Germany’s first catastrophic defeat on the Eastern Front, from which the Wehrmacht never recovered.
Mussolini bragged about his mighty army of 8 million soldiers while 3.5 million – the real number – were being routed on three fronts in as many years.
Imperial Japan fused racial supremacy with a military code that forbade surrender and treated anyone who did as subhuman. Loyalty to the emperor was absolute; questioning his depiction of reality was betrayal.
In that environment, officers had every incentive to lie up the chain of command when reality on the ground did not match what leaders wanted to hear. For example, after the Battle of Midway, a catastrophic defeat for Japan in June 1942, naval headquarters filed reports that bore little resemblance to what happened. Later that year, the Imperial Navy told Tokyo they had sunk twelve American ships near today’s Taiwan when they had merely damaged two.
Two years of retreat later, the kamikaze program – which sent some 3,900 pilots to their deaths in suicidal crashes against Allied ships – was the logical conclusion: Let pilots prove their loyalty by dying.
This article is republished from The Conversation under a Creative Commons license. Read the original article.
SUBSCRIBE: GET THE MORNING HEADLINES DELIVERED TO YOUR INBOX.
SUPPORT: YOU MAKE OUR WORK POSSIBLE",https://ohiocapitaljournal.com/wp-content/uploads/2026/03/iranwarfour.jpeg,,,2026-05-26 04:57:29.606989
,Nebraska Examiner,2026-05-26 08:00:44+00:00,Nebraska Examiner,OPINION: One Nebraska worker’s race against time and the company,Jeff Miller,,,,,https://nebraskaexaminer.com/2026/05/26/opinion-one-nebraska-workers-race-against-time-and-the-company/,"I’m not a man who goes looking for a fight, but I also won’t back down when confronted with one. I believe in standing up for what is right, protecting the health and wellbeing of those around me and trying to leave the world a little better than I found it. My name is Jeff Miller, and […]","Members of Teamsters Local 554 gather. The union is protesting for a better contract with Premier-Midwest Beverage in Omaha. (Courtesy of Teamsters Local 554)I’m not a man who goes looking for a fight, but I also won’t back down when confronted with one. I believe in standing up for what is right, protecting the health and wellbeing of those around me and trying to leave the world a little better than I found it. My name is Jeff Miller, and this may be my last fight.
I’ve spent my life in Fremont, Nebraska and have worked as a driver for Premier Midwest Beverage for 24 years. When I started, my goal was simple: Provide for my family. As a Teamsters member, with union wages and union health benefits, my wife and I were happily raising our little daughter and even talked about growing the family. It was shortly after starting the job with Premier that our daughter was diagnosed with neuroblastoma of the liver.
Hearing the word “cancer” attached to your child changes you. But like any parents, everything we had was for her. So, I did what I’ve always done when a fight came to me: I faced it head-on. With the health insurance we had, we underwent a long stretch of appointments and uncertainty until her cancer went into remission.
But the fight wasn’t over because the treatments took something from her — she lost the ability to walk. Our daughter had beaten cancer, but she couldn’t stand. We spent months in therapy, going to appointments, doing whatever it took to help her get back on her feet. Watching your child go through that is something you don’t have words for. But we stayed with it. And eventually, she walked again.
Afterward things felt steady for a while. We had hope for the future and were able to breathe again. I was thankful for my job at Premier as it enabled me to provide for my growing family. We welcomed our second daughter into the world, and then a few years later were excitedly expecting our first boy.
We bought our baby boy clothes, stockpiled diapers, and pictured all the ways we would raise him to be a better version of ourselves. He was born on Sept. 7, 2007, but his heartbeat was faint. “A hole in his heart,” they said. “Fatal.” My wife and I had to make the hardest decision a parent can face. On Dec. 14, 2008, we took our baby boy off life support.
There is a before that day, and everything that came after. While our daughters’ health endured, our marriage never recovered from the loss of our son.
As time passed, I kept working at Premier as I had done for so long. I continued driving the truck and providing what I could for my family. In 2023, Glazer’s Beer and Beverage purchased my longtime employer, Premier Midwest Beverage. Something I gave little thought to at the time.
Then in October of 2024, I was diagnosed with sarcoma. Another fight. The doctors didn’t think it had spread, and I went through treatment with the support of my girlfriend and family.
As I was told my cancer was going into remission, contract negotiations began. This happens every three years and is a routine part of my role as a union steward.
When we headed into negotiations in 2025, something felt off. There is typically some pushing back and forth — it is a negotiation after all. But Glazer’s Beer and Beverage seemed like they were testing how far they could push us. We could feel the tension escalating, though we had no way of knowing what it was escalating toward.
Then the company demanded we give up our Teamsters health insurance. The same insurance that helped my firstborn daughter survive cancer and learn how to walk again. The same insurance that gave us 15 blessed months with our son. The same insurance that let me get treatment when I was diagnosed. Instead, the company is offering a new plan that would cost me and my co-workers more than $800 per month — putting a major strain on Nebraska families. We tried to meet the company in the middle, like we always had. Instead of movement on their side, they installed a ten-foot, razor-wire fence.
The contract expired on Jan. 31, 2026.
Given the refusal of the company to negotiate in good faith with their workers, we were left with no choice but to go on strike. About a month into the strike, my cancer came back. This time, it’s not going away. It’s in my bones. The doctors told me I could have as little as a year.
As you know by now, I don’t stop fighting. I never have. I’m still on that picket line every day.
This strike isn’t about getting rich. It’s not about control. It’s not about demanding more than we need. It’s about something simpler. It’s about the men and women who, like me, want to provide for their families in health and in sickness.
Though it may be my last one, I’m not going down without a fight.",https://nebraskaexaminer.com/wp-content/uploads/2026/03/premier-midwest-1.jpg,,,2026-05-26 04:57:29.606989
,Michigan Advance,2026-05-26 08:00:38+00:00,Michigan Advance,"Poll: Whitmer remains popular as Michigan voters worry about inflation, jobs and the economy",Ben Solis,,,,,https://michiganadvance.com/2026/05/26/poll-whitmer-remains-popular-as-michigan-voters-worry-about-inflation-jobs-and-the-economy/,"As Gov. Gretchen Whitmer rides a high approval rating in the final months of her administration, several challenges exist for Michigan on the horizon, including the regulation of data centers, voter displeasure with the two-party system, concerns about jobs and runaway inflation. Those were the findings of a new Detroit Regional Chamber poll conducted by […]","Michigan Gov. Gretchen Whitmer delivers a keynote address during the third day of the Mackinac Policy Conference at the Grand Hotel on Mackinac Island, Mich., on May 29, 2025. (Photo by Andrew Roth/Michigan Advance)As Gov. Gretchen Whitmer rides a high approval rating in the final months of her administration, several challenges exist for Michigan on the horizon, including the regulation of data centers, voter displeasure with the two-party system, concerns about jobs and runaway inflation.
Those were the findings of a new Detroit Regional Chamber poll conducted by The Glengariff Group, released Tuesday ahead of the organization’s annual Mackinac Policy Conference on Mackinac Island.
Economic fears were most pronounced as the chamber noted that for the first time since January 2025, more people expect a recession within the next year as opposed to a growing economy, with fears of inflation reaching their highest point in any year the chamber has polled ahead of the conference.
Inflation fears climbed to 49%, which is also at its highest point since 2023. Only 46.3% of registered voters say good jobs are available to them — that figure was at 62.7% in May 2024.
Just 48.5% of those surveyed said Michigan is on the right track; 42.5% said Michigan is on the wrong track.
Another 60% of voters now see a weakening economy. That figure is up from 56.8% since February of this year.
Whitmer approval stays strong in final stretch
With that as a backdrop, the poll’s findings were particularly positive for Whitmer, who still hasn’t made her post-gubernatorial plans known. Glengariff polled 600 registered voters between April 28 and May 1 this year, and found that Whitmer’s approval rating is at 52.2% among those surveyed.
Only 39% of voters surveyed disapproved of Whitmer’s job performance as governor in the twilight months of her second term.
Of note, the chamber said that the average net approval rating of governors in their second terms declines by 13 percentage points. Whitmer’s approval rating has increased more than 15 percentage points since the start of her first term.
“As we welcome Gretchen Whitmer for her final appearance at the Mackinac Policy Conference as governor, she is one of the most popular governors in the nation, particularly among those in their second term,” Sandy K. Baruah, president and chief executive officer of the chamber, said in a statement. “Her authenticity, accessibility, and willingness to tackle big challenges in a bipartisan fashion are reflected in her strong popularity and lend a perfect voice to our Conference theme of ‘A Quest for Common Ground.’”
The Morning Consult survey also found that Whitmer ranks fifth-highest in terms of overall approval rating among the current 27 second-term governors across the nation.
From the chamber’s perspective, Whitmer has served Michigan well. Her leadership during the COVID-19 pandemic and her willingness-to-work-with-anyone attitude was laudable, the chamber said, even when that action dismayed her own political party. Democrats were roiled with her new willingness to work with President Donald Trump in his second term rather than openly oppose him as she had during both of their first terms. But that bridge building has been credited with the Selfridge Air National Guard base getting a new F-15EX fighter mission.
Whitmer’s focus on expanding higher education and certifications, with programs like Michigan Reconnect, the Michigan achievement scholarship and Futures for Frontliners, has been considered ground-breaking for the state, the chamber added. The chamber was a partner with Whitmer on each program.
Michigan Gov. Gretchen Whitmer speaks at Selfridge Air National Guard Base in Harrison Township, Michigan after President Donald Trump announced a new F-15 squadron would be based there. April 29, 2025 | CSPAN Screenshot
Data center blitz demands strong regulations – or voters won’t support
The chamber’s polling also found 58% Michigan voters see no real connection between their personal electronic device usage and the need for new data centers in the Great Lakes state, and by proxy are demanding that the state take regulatory control over facility proliferation.
If politicians and business leaders want voters to support data centers, the regulatory piece is imperative, the chamber’s poll found. When asked, those surveyed by the chamber said that regulations on data centers are “crucial,” especially if voters are asked to live within 25 miles of a facility. 
Three proposed regulations scored above 80% with survey respondents:

Cost of electricity protections, no rate hikes for other residential or business customers and data center paying for grid upgrades;
State and local governments should not be allowed to provide additional tax incentives or benefits to attract a data center, and no government official can sign an NDA; and
Data centers should be required to use a closed-loop water system for cooling.

When the same group of voters were asked if they support data centers in their region, the overwhelming majority said “no.” By a margin of 48.7% to 41.3%, a plurality of voters said they would consider one within 25 miles of their homes if the proposed regulations were in place.
The polling data aligns with much of the opinion seen across Michigan related to data centers, which has become a unique horseshoe issue for both rural and urban residents. Still, some voters see the value of advancing data centers and AI technology. By a margin of 53.3%-35%, Michigan voters believe data centers are important to retaining the automotive industry.
Protestors gather at the Michigan Capitol in opposition to a growing number of data centers in the state. Dec. 16, 2025 | Photo by Kyle Davidson/Michigan Advance
“Michiganders recognize that the future of the automotive industry and AI are intertwined,” Glenn Stevens Jr., executive director of MichAuto and the chief innovation and automotive officer of the chamber, said in a statement. “Michigan’s success requires us to stop polarizing economic policies and work together to embrace the innovation economy.”
From the chamber’s point of view, AI and the need for data storage are only going to increase, and a limited number of hyperscale data centers will end up being built in the U.S. 
Michigan must choose, the chamber said, if it will be part of that development or not. 
“The reality is that a connected, smart phone, AI-reliant world requires massive data storage capacity, which is driving major investment worldwide,” the chamber said in a news release. “There will be an estimated $6.7 trillion in global investment in data centers by 2030, and 40% of that is expected in the U.S. Proximity to data centers is critical as tech companies look to locate within 150 miles of data centers, which include AI labs, cloud providers, financial services, and health care services. Data centers provide opportunities for local communities to significantly increase tax revenue.”
The two-party duopoly is not faring well
Voters surveyed by the chamber were also asked about the two-party system in the U.S. The overwhelming majority — 68.7% — believe it is no longer serving America well.
There was also bipartisan agreement on the lack of the two-party system’s utility in modern times, and 75.5% of those surveyed said they do not think the Democratic Party has the same values it did 20 years ago. For Republicans, 69.2% said the same.
In February, the chamber’s polling showed that 91% of voters had a large desire for compromise between the parties. The chamber’s February 2025 poll showed that a majority of voters no longer believe that either party is producing the type of candidates who can deliver results.",https://michiganadvance.com/wp-content/uploads/2025/05/AMR_2605-1024x683.jpg,,,2026-05-26 04:57:29.606989
,Georgia Recorder,2026-05-26 08:00:34+00:00,Georgia Recorder,Democratic voters eclipsed Republicans during Georgia’s election. What does that mean for November?,Ross Williams,,,,,https://georgiarecorder.com/2026/05/26/democratic-voters-eclipsed-republicans-during-georgias-election-what-does-that-mean-for-november/,"Last week’s primary election didn’t feature any races with both a Democrat and a Republican on the ballot, but Georgia Democrats still feel like they won. If you are one of the more than 2 million Georgians who cast a ballot, you will likely recall the poll worker asking you to choose a Democratic, Republican […]","Voters line up outside Shiloh Hills Baptist Church in Kennesaw, Georgia on Election Day, May 19, 2026. Ross Williams/Georgia RecorderLast week’s primary election didn’t feature any races with both a Democrat and a Republican on the ballot, but Georgia Democrats still feel like they won.
If you are one of the more than 2 million Georgians who cast a ballot, you will likely recall the poll worker asking you to choose a Democratic, Republican or nonpartisan ballot.
In all, Democrats pulled more than 1 million ballots to Republicans’ nearly 940,000, or about 52.6% to 45.4%.
Charlie Bailey, celebrates May 3, 2025, after being elected as chairman of the Democratic Party of Georgia, replacing Atlanta U.S. Rep. Nikema Williams. Stanley Dunlap/Georgia Recorder
Democratic Party of Georgia Chairman Charlie Bailey said that margin is the biggest for Democrats since 1998 and shows that voters are ready to line up in November behind candidates like U.S. Sen. Jon Ossoff and former Atlanta Mayor Keisha Lance Bottoms, the Democratic nominees for U.S. Senate and Georgia governor.
“It’s just another piece of evidence of growing Democratic momentum, the work of the party, the strength of Jon Ossoff, the strength of Keisha Lance Bottoms coming into this governor’s race,” he said. “People are fed up with (Republicans), and what those numbers in the primary tell you is that that momentum is building towards November, when they’re going to vote these Republicans out.”
In 2018, a midterm year with President Donald Trump in the White House and an open race for Georgia governor at the top of the ticket, Republicans pulled more ballots than Democrats by about 52% to 48%.
Comparing the number of ballots drawn is not a perfect measure. Some people choose the other party’s ballot because they live in an area dominated by that party and they want to have a say in local races, or because they want to promote a weaker opponent for their candidate in the general election.
Sen. Jon Ossoff. Ross Williams/Georgia Recorder
Still, the discrepancy spells good news for Democrats looking ahead to the Nov. 3 election, says Emory University political science professor Andra Gillespie.
“What it connotes or implies is that Democratic candidates are capturing the imagination of voters in ways that, if this energy can be sustained, could be helpful for them in terms of flipping seats nationally, and in Republican states like Georgia, narrowing those margins between Democrats and Republicans, even in contests where Republicans are the odds-on favorite,” she said.
Congressman Mike Collins and former coach Derek Dooley at their election night parties. Ross Williams/Georgia Recorder and Alander Rocha/Georgia Recorder
The difference in ballots is even more notable because Republicans had more high-profile races, said University of Georgia political science professor Trey Hood. No Democrat challenged incumbent U.S. Sen. Jon Ossoff, while Republicans had competitive races for U.S. Senate and Georgia governor at the top of the ticket.
Hood said it’s also notable that Republicans who voted on Election Day did not outnumber Democrats by a large margin. Republicans only had about 4,000 more voters on Election Day than Democrats, about 508,000 to 504,000. Hood said that might signal a shift in GOP voter behavior, with more conservatives preferring to cast a ballot during Georgia’s three weeks of early voting.
“I don’t know that we can expect to necessarily see a huge surge in Republican turnout on Election Day anymore,” he said.
Voter demographics strong for Democrats
Former Atlanta mayor Keisha Lance Bottoms gives a speech after winning the Democratic primary for governor outright. Jeff Amy/Georgia Recorder
Results also show demographics that tend to favor Democratic candidates in Georgia had a strong showing.
Statistically, Black voters in Georgia largely favor Democrats, and they made up nearly 32% of the vote.
“If Black turnout was 31% in a general election, yeah, that would be probably a good Democratic year,” Hood said. “I mean, before now, the highest it’s ever been is about 29%. And  the more Black turnout as a percentage of the total electorate, the less of the white share of the vote you have to draw off as a Democrat. So if that pattern held and Black turnout was 31% in the general, it would be big.”
Rick Jackson and Burt Jones will face each other head to head in a June runoff. Photo credit: Ross Williams and Alander Rocha for the Georgia Recorder
Data from the secretary of state’s office also shows that the electorate was nearly 57% female and 43% male. That number is likely boosted by high turnout among Black women, who are registered to vote at a higher rate than Black men.
Reality check?
Still, the high Democratic turnout was not enough to land a pair of Democratic-aligned candidates on the state Supreme Court, and not everyone thinks the numbers show the wind is at Democrats’ back.
Georgia Republican Party Chairman Josh McKoon said turnout in primary elections does not correlate with general election turnout.
McKoon said he chalks up the ballot discrepancy to the typical midterm backlash to the party in the White House and Democrats having a competitive field for governor for what he said was the first time in more than two decades.
“It was Mark Taylor and then it was Jason Carter, then it was Stacey Abrams twice,” he said. “Now, this time they actually had a wide open primary, and a lot of people ran. And so, yes, it’s not surprising that they had more than their usual turnout because usually they don’t have anything to turn out for. So, I mean, there’s not really a surprise there.”
McKoon said Georgia Republicans won’t be resting on their laurels, but he’s confident that their messaging will resonate with voters come the fall.
“Georgia is an extremely competitive state, and we’re going to have to earn our victory in November,” he said. “But I think that Georgia Republicans have a really good record to run on. We’ve got tremendous economic success to run on. We’ve got low unemployment in our state. Our state’s been consistently ranked the number one state to do business.”
Gillespie said while Democrats have reason to be optimistic, November’s race is far from a sure thing.
“(Republicans) don’t have the same numerical advantages that they had 20 years ago, but the fundamentals still privilege Republicans,” she said. “And even where you can see greater Democratic engagement and where you can infer greater Democratic excitement, that sometimes means that Democratic candidates lose by smaller margins. It doesn’t guarantee them victory. They still have to campaign and prepare like they are underdogs.”
Bailey said the Democratic Party of Georgia is ready for action and poised to take advantage of the four-week period before the runoff while Republicans candidates are still duking it out over the GOP Senate and governor’s nominations.
“This will be the biggest and the best coordinated campaign this state has ever seen, and that is the work we are doing,” he said. “Ain’t nobody around here sitting around and just expecting something. We are going to push with everything we have.”
SUPPORT: YOU MAKE OUR WORK POSSIBLE",https://georgiarecorder.com/wp-content/uploads/2026/05/DSC_3253-1024x683.jpg,,,2026-05-26 04:57:29.606989
,Pennsylvania Capital Star,2026-05-26 07:54:53+00:00,Pennsylvania Capital-Star,Pa. Supreme Court rules in case centered on controversial gunshot surveillance system,Peter Hall,,,,,https://penncapital-star.com/civil-rights-social-justice/pa-supreme-court-rules-in-case-centered-on-controversial-gunshot-surveillance-system/,ShotSpotter is a system marketed to law enforcement and used in dozens of cities around the nation that purports to identify the sound and location of gunfire to dispatch police.,"ShotSpotter is a system marketed to law enforcement and used in dozens of cities around the nation that purports to identify the sound and location of gunfire to dispatch police. (Photo courtesy of SoundThinking)
Pennsylvania’s highest court upheld a Pittsburgh man’s arrest when police were summoned by the city’s ShotSpotter system despite civil rights advocates arguing the technology has been proven unreliable.
ShotSpotter is a system marketed to law enforcement and used in dozens of cities around the nation that purports to identify the sound and location of gunfire to dispatch police.
In a sharply divided decision, the state Supreme Court found neither the system’s alerts nor the observations of police who arrested Jamar Foster were, by themselves, sufficient to justify his detention. But under the “totality of the circumstances,” the majority said officer Nathan Powers had reasonable suspicion to make an investigative detention and arrest.
SUBSCRIBE: GET THE MORNING HEADLINES DELIVERED TO YOUR INBOX.
“The late-night ShotSpotter alerts indicating gunfire in a residential neighborhood, the rapid police response, the sole presence of appellant and [a friend] at the scene, and the pair’s furtive and evasive behaviors upon the arrival of the police — amounted to reasonable suspicion,” Justice Kevin Dougherty wrote for the 5-2 majority, affirming the lower Superior Court’s decision.
Two justices issued separate opinions critical of the majority’s reasoning. 
The court, Justice Christine Donohue noted, avoided the central question of how much weight it should give to the fact that Foster was merely close to the location where ShotSpotter told police that five gunshots were detected.
As a result, the decision “does little if anything to aid the bench and bar in resolving future cases involving ShotSpotter,” Donohue wrote.
Justice David Wecht said in a brief dissent that he disagreed with the “legal fiction” that a person’s presence in a “high crime area” is a relevant factor in determining whether police have reasonable suspicion to stop them.
California-based SoundThinking is a publicly traded security company that markets and sells ShotSpotter as a service to police. It’s a package of internet-connected microphones, software and a call center where employees listen to and assess recorded audio of suspected gunfire. 
The microphones, deployed throughout a city or neighborhood, are designed to detect and record percussive sounds.The software uses an algorithm to distinguish gunfire from other sounds such as fireworks or construction noises. Call center workers then make the final decision to notify police.
The company did not respond to a request for comment by the Capital-Star. The Allegheny County District Attorney’s Office also did not respond to a call Friday.
The American Civil Liberties Union of Pennsylvania, the national ACLU and the Pennsylvania Innocence Project filed a “friend of the court brief” in Foster’s case. They argued his arrest should have been thrown out because ShotSpotter is flawed.
“The biggest problem with the technology is that it sends law enforcement into communities, often disproportionately communities of color, where people are often already susceptible to bad policing based on bad science,” Jay Stanley, a senior policy analyst with the ACLU in Washington, said.
The organizations say in their brief that investigations by the Chicago Inspector General and New York City Comptroller show a vast majority of ShotSpotter alerts are false. 
In Chicago, the inspector general’s report found 91% of alerts did not result in officers finding any evidence of gun crime. New York’s audit revealed ShotSpotter alerts resulted in confirmed shootings only 8% to 20% of the time. Chicago decommissioned its system in 2024.
The ACLU of Massachusetts also studied Boston police records and found officers found no evidence of gunfire in nearly 70% of alerts. Fireworks accounted for 10% of alerts while 16% were due to other urban noises such as vehicles backfiring, balloons and garbage trucks, the organizations’ brief said.
In Massachusetts, Cambridge City Council voted last Monday to end its contracts with the company and remove its devices around the city after years of public debate over its benefits and risk, The Boston Globe reported.
ShotSpotter is a system marketed to law enforcement and used in dozens of cities around the nation that purports to identify the sound and location of gunfire to dispatch police. (Photo courtesy of SoundThinking)
The ACLU and Innocence Project argue the Superior Court relied almost entirely on the ShotSpotter reports in its determination that Powers had reasonable suspicion.
Foster’s arrest in September 2019 happened after Pittsburgh police responded to a pair of early morning alerts of gunshots. Multiple officers responded to the location given in the alert. 
As he approached the address in his patrol car, Powers saw a car parked in the street with its headlights on. Foster was in the driver’s seat and a woman was in the front passenger seat, according to the Supreme Court opinion.
Powers turned on his emergency lights and dash camera and parked near the car. He saw Foster exit the vehicle and walk toward a house. At the same time, the woman in the passenger seat appeared to be moving around the car trying to grab things, “like her purse,” Powers testified during a hearing in which Foster sought to suppress evidence from the encounter. 
The officer testified that as he got out of his patrol car, he ordered Foster to return to the street. When Foster did not comply, he and other officers, fearing that he was armed, drew their guns and forcibly handcuffed him.
Police charged Foster with driving under the influence of alcohol and driving with a suspended license. He unsuccessfully moved to have the evidence against him thrown out and then opted for a bench trial where he was convicted and sentenced to 60 days in jail and six months of probation. Foster’s lawyer, Domenic Pietropaolo, did not return a call for comment.
At the trial, Foster testified in his defense that he had been inside his mother’s house when he heard the gunshots and ran outside to the car where his girlfriend was waiting, at which point police arrived. Powers testified that he investigated the vehicle and found the hood hot to the touch and condensation on the inside of the windows. Combined with Foster’s position in the driver’s seat, he concluded Foster had been driving.
SUPPORT: YOU MAKE OUR WORK POSSIBLE
On appeal, Foster argued that the court gave too much weight to the ShotSpotter alerts in determining that Powers had reasonable suspicion to detain him. In addition to the likelihood that the system detected an innocuous noise similar to gunshots, he argued the system can relay inaccurate addresses. And, he noted, Powers acknowledged that someone else could have fired the shots. 
Without the alerts, there would have been no police response and ShotSpotter is limited by its audio-only nature in that it provides no information about potential suspects, Foster said. 
Prosecutors argued Foster wrongly claimed his arrest was based solely on his proximity to the alerts. They noted he was in a “high-crime area” at night, decided to walk away from police and his girlfriend’s “furtive” movements as she grabbed items in the car all contributed to Powers’ reasonable suspicion to arrest him.
Under the Pennsylvania Constitution and the Fourth Amendment of the U.S. Constitution, courts have held that to justify an investigative detention, police must have “specific and articulable facts … that criminality is afoot,” Dougherty wrote, quoting an earlier state Supreme Court case.
Dougherty found that Powers’ testimony about the North Side neighborhood where Foster was arrested being a high crime area was too vague to support a finding of reasonable suspicion. The opinion also notes a gun that had been fired multiple times was found at the scene, but was not connected with Foster.
“Nonetheless, the articulable facts supported by the record are sufficient to sustain a finding of reasonable suspicion at the time Officer Powers ordered [Foster] to return to the street,” Dougherty wrote.",https://penncapital-star.com/wp-content/uploads/2026/05/MG_3967-scaled-1-1024x683.webp,,,2026-05-26 03:58:19.226200
,Wisconsin Examiner,2026-05-26 07:45:13+00:00,Wisconsin Examiner,Anti-union monopoly power kills an iconic Milwaukee industry,Michael Rosen,,,,,https://wisconsinexaminer.com/2026/05/26/anti-union-monopoly-power-kills-an-iconic-milwaukee-industry/,"The announcement that Cargill is closing its Menomonee Valley plant and laying off 221 packinghouse workers is just the latest blow to Milwaukee’s industrial working class. It marks the end of more than 150 years of meatpacking in the Menomonee Valley. It is a cautionary tale illustrating how huge, highly concentrated industries dominate the United […]","The Cargill plant in Milwaukee's Menomonee Valley was the last of what was once a vibrant meatpacking industry in Wisconsin's largest city. (Photo by Michael Rosen)The announcement that Cargill is closing its Menomonee Valley plant and laying off 221 packinghouse workers is just the latest blow to Milwaukee’s industrial working class. It marks the end of more than 150 years of meatpacking in the Menomonee Valley. It is a cautionary tale illustrating how huge, highly concentrated industries dominate the United States economy to the detriment of workers, family farmers and consumers. 
Meatpacking was one of Milwaukee’s leading industries through much of the 19th  and 20th centuries. The industry and city grew together as firms slaughtered, processed and packaged livestock — particularly hogs and cattle — purchased from local farmers and distributed  products for regional, national and international markets. Because the work was hard, dangerous, cold and dirty, it provided an entry into the working class for Milwaukee’s newest residents — immigrants from Germany, southern and eastern Europe at the turn of the 20th Century, then from the Jim Crow South, Mexico and more recently even Myanmar and the Middle East
Some of Milwaukee’s most iconic names are associated with meatpacking. John Plankinton, for example, opened a butcher shop in 1844 on what is now West Wisconsin Avenue, and John and Frederick Layton opened Layton and Son a short time later on what is today North Water Street. In 1852 the Laytons partnered with another firm to establish a larger meatpacking operation in the Menomonee Valley. As the marsh was filled in and canal and rail networks developed, the valley’s large, flat areas emerged as an ideal location for the city’s fledgling meatpacking district that lasted until Cargill announced  it was closing its last remaining Milwaukee plant. 
The loss of the plant’s 221 jobs was not preordained or a consequence  of Adam Smith’s invisible hand. Rather it was the direct result of anti-union corporate policies and the federal government’s failure to pursue existing anti-monopoly regulations that once protected regional meatpacking firms, their unionized employees and the ranchers and farmers who produced the cattle.
The fight against monopolies
The Sherman Antitrust Act, the nation’s first law to prohibit monopolistic business practices, was actually passed following a congressional investigation of price fixing in meatpacking. Five companies — Armour, Swift, Morris, Wilson and Cudahy, together known as the Beef Trust — controlled 55% of the market at the beginning of the 20th century. For decades, the federal government tried to break up the Beef Trust without success. But after an FTC inquiry concluded that these companies had conspired to raise prices and shared livestock information to lowball ranchers for their cattle, the Beef Trust members were forced to sign a consent decree in 1920.  
The agreement required them to sell off their stockyards, retail meat stores, railway interests and livestock journals. A year later Congress created the Packers and Stockyards Administration (PASA) to prevent price fixing and monopolistic behavior. These changes established federal oversight over the industry and helped reinvigorate packinghouse workers’ efforts to unionize, which culminated in the 1930 industrial union drives. In the decade after World War II, almost 90% of the industry was unionized. Pattern bargaining established master agreements that standardized wages, benefits and working conditions at the major packing companies. Smaller firms signed contracts that matched those at the larger firms. Packinghouse workers’ wages rose to 20% above average manufacturing wages.
For the next 50 years the large meatpackers competed with hundreds of small regional firms like those in Milwaukee’s Menomonee Valley. As recently as 1970 the nation’s four largest  meatpackers slaughtered only 21% of the nation’s cattle. 
But beginning in the 1960s packinghouse workers and their unions came under attack when Iowa Beef Processors was organized as a nonunion operation in the countryside of Iowa and Nebraska, far from the unionized urban meatpacking centers.  Currier Holman, one of its founders, was blunt, declaring, “Business, as we pursue it here at IBP, is very much like waging war.” Iowa Beef used its cost advantage to undermine the unionized packing plants. “The price cut should be deep enough to force some of our competitors . . . out of business,” declared IBP vice president Perry Haines in the early 1970s, according to an internal memo disclosed years later in court records.   
And Iowa Beef was successful. Profits at the country’s largest meatpacking firms  soared as labor costs declined and labor productivity increased.  In the late 1970s and early  ‘80s, more than a thousand packing plants closed. Between 1963 and 1984, the number of packinghouse workers in urban areas fell by more than 50,000; workers in rural plants went  from 25% of the national workforce to 50%.  Packinghouse workers’ wages were decimated. By the 1990s, packinghouse workers’ wages were 20% less than the average manufacturing wage. Today, meatpacking workers are among the lowest paid and most exploited manufacturing workers. 
A union defeat sets the stage for monopoly
Presented with a contract cutting wages, Milwaukee meatpacking workers went on strike in 1975. The employers hired replacement workers, an action that until then was almost unheard of in industrial Milwaukee. (Photo by Bill Drew/from the collection of Michael Rosen)
In 1975, Milwaukee was the scene of a heroic fight that packinghouse workers and their union waged against the draconian cuts in compensation and to protect their jobs.  It began with a contract proposal from the Milwaukee Independent Meatpackers Association, representing eight companies in the city, that slashed wages and benefits. Local 248 of the Meat and Allied Foodworkers Union went on strike. 
The day the strike began, the eight employers began hiring replacement workers, some recruited from as far away as Nebraska and Texas. It was the first attempt by Milwaukee employers to bust a union since World War II. The Menomonee Valley filled with angry picketers — Black, Latino and white, rallying together to protect their jobs. But after 15 months, the employers association had their victory and decertified the union, while hundreds of hard-working union men lost their jobs. Full-time permanent employees were replaced by low-wage workers, frequently hired through temp agencies. The strike legitimized replacement workers, setting off  waves of attacks on Milwaukee’s working class and their unions,  including at Patrick Cudahy 10 years later, and contributed to the economic collapse of Milwaukee’s Black community.   
A pin in support of striking packing house workers in 1975. (From the collection of Michael Rosen)
As the strike dragged on, Bernie Peck, the owner of Peck Packing, the largest of the firms in the employers’ association, bought out smaller firms in the group. He eventually sold the company to Sara Lee Meat Group in 1985. Sara Lee Meat Group was sold to Emmpak, which was eventually sold to Cargill Inc. — today one of four meatpacking firms that control the U.S. market.  Cargill shuttered most of the Milwaukee operations in 2014, laying off over 600 workers, leaving only the ground beef plant that is now being eliminated, the last remnant of the historic Menomonee Valley meatpacking district. 
Today, Cargill, the largest privately held company in the United States, and the other three giants  — Tyson Foods, JBS USA  and National Beef — dominate more than 80% of the U.S. fed-cattle market. That gives them near-total control over cattle prices and the national beef supply chain, a power they have abused relentlessly against ranchers and consumers alike. The words of Upton Sinclair from “The Jungle” ring as true today as when he wrote them in 1906: “They were a gigantic combination of capital, which had crushed all opposition, and overthrown the laws of the land, and was preying upon the people.”
In February 2025, JBS USA agreed to pay $83.5 million to settle a class-action antitrust suit alleging that the company, along with Tyson, Cargill and National Beef, colluded to suppress the prices paid to ranchers  and inflate downstream margins — one of several cases documenting the industry’s monopoly practices.  In October, Tyson and Cargill settled for a combined $87.5 million. These are not isolated incidents but part of a broader price-fixing economy, in which the meatpackers share market data, restrict capacity and move in lockstep to extract profit from both ranchers and consumers. The meatpackers also delay slaughter schedules to force ranchers into distressed sales and manipulate captive-supply contracts that lock independent producers into one-sided terms.
Between 1980 and 2019, the four largest meatpacking compnies in the U.S. came to dominate the market for cattle and hog producers. (US Department of Agriculture graphic)
The repeal of Country-of-Origin Labeling (COOL) has amplified meatpackers’ power. With labeling transparency gone, packers can legally import cheap beef from Mexico, Brazil, or Argentina, blend it with U.S. product, and sell it under a domestic label. Consumers pay premium prices believing they’re buying American, while ranchers receive depressed bids for cattle amid increasing import competition. COOL’s repeal effectively legalized country of origin misrepresentation, enabling packers to and reap near-monopoly profits from deception and price fixing. 
While ranchers lose leverage and see their herds shrink, and consumers pay more at the supermarket, the meatpackers’ margins have soared. USDA data show that the gap between what ranchers are paid for cattle and what consumers pay for beef has widened sharply in recent years — clear evidence that meatpackers are capturing an ever-larger share of the final beef dollar even as U.S. cattle inventories decline.
How monopoly power costs workers — and the community
The result is a market that looks competitive on paper but operates like a monopoly — where a handful of corporations control price setting, labeling, and distribution from feedlot to grocery shelf.
The number of workers in the industry has fallen precipitously, while output per worker has increased by 79%, according to the Department of Labor. In essence, fewer people are producing more and working harder. As the meatpackers increased chain speeds, the number of debilitating injuries to workers caused by the repetitive motions of their arms, wrists and hands began increasing. Labor Department figures show that from 1973 through 1986, the number of workdays lost each year to injury or illness at  meat plants rose from 136.6 per 100 workers to 238.3. By contrast, among manufacturers overall, lost workdays over the same years hovered between 70 and 90 per 100 workers and at several points dipped below 70.
The attacks on packinghouse workers’ unions and the increased economic concentration of meatpacking firms are bad for workers, ranchers and consumers. And it is not an anomaly. Most important sectors of the United States economy — industries as varied as airlines, cereal, soft drinks, fire trucks and even concert ticket sales — are dominated by a handful of firms. The result is monopoly profits for the companies while workers are exploited. Meanwhile the  consumers and the suppliers that survive are at the mercy of these ravenous companies. 
The lack of antitrust action has destroyed an iconic Wisconsin industry and the jobs of its packinghouse workers. The end of Cargill is a canary in the coal mine for the U.S. economy.
SUBSCRIBE: GET THE MORNING HEADLINES DELIVERED TO YOUR INBOX.",https://wisconsinexaminer.com/wp-content/uploads/2026/05/meatpackers.cargill.shipping-cropped-1024x682.jpeg,,,2026-05-26 03:58:19.226200
,Pennsylvania Capital Star,2026-05-26 07:37:53+00:00,Pennsylvania Capital-Star,A new report points a way forward for Pa. lawmakers seeking to aid struggling pharmacies,Ian Karbal,,,,,https://penncapital-star.com/health-care/a-new-report-points-a-way-forward-for-pa-lawmakers-seeking-to-aid-struggling-pharmacies/,"Since 2020, more than 1,000 have shut down in the commonwealth.","A pharmacist gives recommendations to a customer at the counter. (Photo by Catherine Delahaye/Getty Images)A new report released by the state Insurance Department Thursday could offer lawmakers a path forward to help struggling pharmacies.
It looked at the potential impact of requiring companies called pharmacy benefit managers, or PBMs, to pay pharmacists larger fees for filling prescriptions.
Pharmacies across Pennsylvania have been closing at an alarming rate. Since 2020, more than 1,000 have shut down in the commonwealth. Many pharmacists blame PBMs, which are middlemen in the pharmaceutical supply chain.
Those companies are hired by insurance plans to manage their prescription benefits. In that role, they negotiate drug costs between insurers and drug manufacturers. They’re also responsible for reimbursing pharmacies when patients use insurance to cover the cost of prescriptions. 
SUBSCRIBE: GET THE MORNING HEADLINES DELIVERED TO YOUR INBOX.
But pharmacists say those reimbursements have shrunk over time, to the point where they’re struggling to turn a profit. Because of PBMs’ size, pharmacists say they’re stuck accepting the terms of their contracts or potentially losing large numbers of customers.
Just three PBMs are responsible for processing roughly 80% of all prescription drug claims in America, and each one is part of larger healthcare conglomerates that also own major pharmacy chains and health insurance companies.
For years, pharmacists have advocated for legislation that would require PBMs to reimburse them based on the national average cost of procuring a drug, plus a dispensing fee that would help cover the cost of materials like bottles and labels, as well as the time spent by employees filling a script. 
But state lawmakers have historically balked, concerned about how the change could affect drug costs and healthcare prices.
But the study concluded that the impact on drug costs and healthcare rates would be “minimal,” while providing a large boon to independent pharmacies and those not affiliated with large PBMs.
Prescription for trouble: Pennsylvania pharmacists say PBMs are driving pharmacy closures

The Insurance Department, which looked strictly at spending by customers with plans covered by employers, found that on average, independent pharmacists are generally given a dispensing fee of $1 or less per prescription filled. 
Pharmacists say the true cost of filling a script, including materials and employees’ time, is closer to $10 or higher.
That’s why the department studied what might happen if PBMs paid a $10.49 dispensing fee to independent and non-affiliated pharmacies (meaning those they have no financial ties to) on top of reimbursing them for the cost of the drug based on national averages. They claim it would have increased drug spending by roughly $55.7 million between 2022 and 2024, or less than 1% of overall spending.
Advocates say the study should allay the concerns of lawmakers who were concerned about the potential impact of legislation requiring higher reimbursement rates.
“To me, what that means is it’s kind of an easy lift and something that should happen since pharmacies are closing at such a rapid pace,” said Rob Frankil, the executive director of the Philadelphia Association of Retail Druggists. “Since it would mean a lot to pharmacies, and wouldn’t have such a detrimental impact to insurance companies and patients, it seems like this should happen.”
Greg Lopes, a spokesperson for the Pharmaceutical Care Management Association, a trade group that represents the nation’s largest PBMs, disagrees.
“Putting a tax on every prescription dispensed in Pennsylvania will result in much higher drug costs for Pennsylvania patients,” he said.
A shuttered independent pharmacy in Harrisburg. (Capital-Star photo by Vincent DiFonzo)
He also said PBMs are already doing their part to stem pharmacy closures.
“We can’t do our work without pharmacies,” Lopes said in a statement. “That’s why PBMs offer innovative, transparent reimbursement programs, provide higher reimbursement to rural pharmacies, and build pharmacy networks to support independent pharmacies. Together, these approaches can reduce strain on the broader health care system while delivering high-quality care.”
A spokesperson for Gov. Josh Shapiro’s office declined to comment when asked if he would back legislation based on the study, instead saying, for the time being, the report could speak for itself.
Spokespeople for leaders of the Senate Republican caucus, Majority Leader Joe Pittman (R-Indiana) and Senate President Pro Tempore Kim Ward (R-Westmoreland) did not respond to questions from the Capital-Star.
A spokesperson for the House Democratic caucus declined to answer specific questions about whether legislative leaders would push such legislation forward, but pointed instead to a statement from rank-and-file member Rep. Jessica Benham (D-Allegheny). She was a key player in pushing 2024’s PBM reform bill.
Benham told the Capital-Star she’s considering a multi-pronged approach to help struggling pharmacies.
“I represent a very urban area that is nevertheless still impacted by these pharmacy closures,” Benham said. “My colleagues that represent areas that are more suburban and rural are absolutely seeing pharmacy deserts pop up and grow. In the conversations around healthcare deserts, in a lot of places a pharmacy is the closest health care provider to an individual.”
For many Pennsylvanians, pharmacies aren’t just a place to pick up prescriptions. They’re the closest and easiest place to get free medical advice from a trained professional. 
Benham helped lead the push to pass the 2024 bill increasing state regulation of PBMs, aimed at limiting practices known as patient steering, where they push patients towards pharmacies owned by their parent company, and spread pricing. That’s when pharmacy benefit managers reimburse different pharmacies at different rates, giving preferential treatment to those related to them financially.
But those regulations only impacted PBMs working with healthcare plans paid for by employers. So lately, she’s been focused on another part of the healthcare market: Medicaid.
This session, she’s been backing a bill that would see Pennsylvania’s Department of Human Services hire a single PBM to provide prescription drug benefits for all state-backed Medicaid plans. That would allow the state to set reimbursement rates for pharmacies.
It’s based on a similar program recently implemented in Ohio. The state says in just two years, it saved taxpayers $140 million while helping pharmacies by providing better reimbursements.
SUBSCRIBE: GET THE MORNING HEADLINES DELIVERED TO YOUR INBOX.
But now, Benham sees another path to helping pharmacies: implementing the minimum reimbursement levels studied in the Insurance Department report, which would help them serve customers with insurance plans covered by their employers.
“That’ll be a new project,” she told the Capital-Star. “I don’t know who’s gonna lead that fight yet, but it’s really great to have a coalition of folks who are enough of policy wonks on the subject that we can divide and conquer.”
Benham is part of a bipartisan and bicameral group of lawmakers called the Pennsylvania Community Pharmacy Caucus. The respective House and Senate caucuses include lawmakers who have spent years digging into how to help pharmacies and regulate PBMs.
But both pieces of legislation she’s considering could require a major effort to pass.
“I don’t know timing-wise whether that’s something we’re going to see a lot of movement on necessarily this year,” she said. “It’s definitely going to be a priority of mine, but the priorities of rank-and-file don’t always rise to the level of consideration from leadership or by the governor’s administration. But the administration has a really solid understanding of the role of PBMs. I’ve always had a good working relationship there.”
Other states have already passed similar legislation.
Alabama recently approved  a bill that ties pharmacy reimbursement rates to statewide average drug acquisition costs plus a $10.64 dispensing fee.
Montana passed a bill requiring independent pharmacies in the commercial market to be reimbursed at national drug acquisition costs plus a $15 dispensing fee.",https://penncapital-star.com/wp-content/uploads/2026/05/generic-pharmacy-1024x683.jpeg,,,2026-05-26 03:58:19.226200
,Florida Phoenix,2026-05-26 04:05:36+00:00,Florida Phoenix,$115B state budget finalized over Memorial Day weekend,Christine Sexton,,,,,https://floridaphoenix.com/2026/05/26/115b-state-budget-finalized-over-memorial-day-weekend/,"After failing for the second year in a row to pass a budget on time, the Florida Legislature has cobbled together this year’s Appropriations Act, to be voted on and sent to Gov. Ron DeSantis by the end of the week. The budget chairs for the House and Senate spent most of the Memorial Day […]","(Stock photo illustration via Getty Images)After failing for the second year in a row to pass a budget on time, the Florida Legislature has cobbled together this year’s Appropriations Act, to be voted on and sent to Gov. Ron DeSantis by the end of the week.
The budget chairs for the House and Senate spent most of the Memorial Day weekend exchanging offers before finally concluding their work Sunday night. 
The Republicans leading the negotiation closed out all action related to the $115 billion Fiscal Year 2026-27 budget and the accompanying tax relief plan. The budget would be in effect from July 1 through June 30, 2027.
The accompanying tax relief package, valued at $150 million, was revealed in the last round of budget negotiations. The bill provides a three-year exemption from sales taxes on windows and doors meant to withstand strong winds, such as those experienced in hurricanes.
The bill includes a sales tax exemption for gun accessories, including silencers. At one point Sunday, the National Rifle Association and other gun rights organizations contended the tax break was being opposed by Senate President Ben Albritton. The NRA posted on X that Albritton was “attempting to compromise your Second Amendment rights by removing suppressors from the tax-exempt list.” 

 ATTENTION Florida residents!
Senate President @Sen_Albritton is attempting to compromise your Second Amendment rights by removing suppressors from the tax-exempt list in HB 7031E.
Contact Florida Senate leadership now and tell them DO NOT COMPROMISE MY SECOND AMENDMENT… pic.twitter.com/Sf2uOc9lVn
— NRA (@NRA) May 24, 2026

Lawrence McClure, Republican from Hillsborough County, didn’t say why the exemption was important but said his job as chief budget negotiator for the House was to defend the position pushed by Rep. Wyman Duggan, R- Jacksonville, the main architect for the House’s tax package.
There are no exemptions in the tax package for state and local gas taxes, an exemption the Legislature agreed to pass in 2022 at the behest of the governor.
“Gas prices have been rising due to inflationary pressures from bad federal policies, so we here in Florida need to step up and provide relief to our citizens,” DeSantis said when he announced his plans to waive the tax that year, claiming it would bring $1 billion in tax relief for Florida families.
Fast forward four years and now it’s Florida Democrats who pushed for a sales tax reprieve. And although DeSantis recently said he’d be willing to support the tax break, his comments about the savings for families have been more reserved, including that he wasn’t sure how effective it was.










So, to answer your question, is $10 million enough? I sure hope so, but probably not … I think I feel confident, at least from the House's position, that it is a huge step in the right direction.


– Rep. Lawrence McClure discussing state funding for programs that assist people with intellectual and developmental disabilities


The spending plan covers everything from public education to health care to the environment and the criminal justice system.
Chief legislative budget negotiators Rep. Lawrence McClure (L) and Sen. Ed Hooper (R) talk to the media Sunday afternoon after they announced some of the spending agreements in the state fiscal year 2026-27 budget that would take effect July 1. (Photo by Christine Sexton/Florida Phoenix)
In the end, negotiators agreed on a wide range of spending, from whether to hire new judges — the answer was no — or to award across-the-board pay raises for all state employees. In the end, only state law law enforcement officers, firefighters, and correctional officers will get raises, with those in the state prison system getting at least $24 an hour — nearly $50,000 per year — or a 4% raise.
The negotiators agreed to spend more than $500 million for Everglades restoration. They settled on $425 million for the state’s rural and land conservation easement program while putting $60 million-plus into the main land buying program identified as Florida Forever.
The negotiators have agreed to spend $75 million to keep a drug program for people with AIDS operational, a decision lauded by the AIDS Healthcare Foundation.
“Florida’s Health Department walked away from people living with HIV. Lawmakers brought them back,” AHF director of advocacy and Legislative Affairs Esteban Wood said in a prepared statement.
Wood referred to the DOH’s unilateral drastic reductions to the AIDS Drug Assistance Program (ADAP) without passing the requisite rules, purporting a $120 million deficit.
Following legal wrangling with the AHF and lobbying efforts spearheaded by Fort Lauderdale community activist Michael Rajner, the Legislature during its regular session agreed to pass a stop-gap measure to keep the program funded through June 30.
The ’26-27 budget does more than keep the program funded, though. The agreement allows ADAP patients to once again access Biktarvy and Descovy, which had previously been removed from the formulary and their use restricted.
Waiting list
Negoriators agreed to direct $10 million to continue to whittle away at a wait list for a Medicaid waiver program for people with intellectual and developmental disabilities called the iBudget. There’ve been lengthy delays for these services for decades.
“When you think about that population, it’s the toughest part of the job. … You have kind of these moments where you stop and you pause and you think about the human side of it,” said McClure. 
“So, to answer your question, is $10 million enough? I sure hope so, but probably not. … I think I feel confident, at least from the House’s position, that it is a huge step in the right direction.”
The proposed budget includes $4 million for the “Groveland Four,” the name given to four Black men — Charles  Greenlee, Walter Irvin, Samuel Shepherd, and Ernest Thomas — who were wrongly accused in 1949 of raping a 17-year-old white woman.
The Pulitzer Prize-winning book “The Devil in the Grove,” captures the story.
Gov. DeSantis pardoned the men in 2019 following the Florida Legislature’s 2017 concurrent resolution apologizing and acknowledging that the four “were the victims of gross injustices and that their abhorrent treatment by the criminal justice system is a shameful chapter in this state’s history.” 
They were fully exonerated in 2021 when a court in Lake County entered a final order dismissing their indictments.
The budget bill contains $50 million for “campus improvements” at Hillsborough College, which is where a proposed stadium is planned so the Tampa Bay Rays can play in Tampa instead of neighboring St. Petersburg. 
The hefty state investment was offered after local governments committed hundreds of millions in city and county funds to help finance the $2.3 billion project.",https://floridaphoenix.com/wp-content/uploads/2026/05/state-budget-getty-700x394-1.jpeg,,,2026-05-26 00:57:23.884314
,Connecticut Mirror,2026-05-26 04:01:00+00:00,CT Mirror,The silence of the CT Five,Joseph Luciano,,,,,https://ctmirror.org/2026/05/26/the-silence-of-the-connecticut-five/,The 30 were not calling for sanctions. Just transparency. Just acknowledgment of what the entire world already knows.,"Recently I wrote in these pages about U.S. Sen. Richard Blumenthal’s vote on April 15 — one of only seven Democrats who crossed party lines to block a resolution that would have halted the sale of military bulldozers to Israel. Forty of his Democratic Senate colleagues voted the other way. I called it a moral failure and a vote that chose political shelter over conscience.
Now I find myself returning to the same question, but this time looking closer to home.
On May 4, 30 Democratic members of the House sent a letter to Secretary of State Marco Rubio asking something straightforward: that the United States end its decades-long policy of official silence about Israel’s nuclear weapons program. Led by Rep. Joaquin Castro of Texas, the 30 were not calling for sanctions. Not an arms embargo. Just transparency. Just the acknowledgment of what the entire world already knows.
Connecticut sent five Democrats to the House. Not one of them signed.
Before asking why, it helps to understand what is actually at stake in that silence — because this is not merely a matter of diplomatic courtesy. It is, at its core, a financial exercise being run on the American people.
Under the Arms Export Control Act and related U.S. nonproliferation law, the United States is legally prohibited from providing military assistance to countries that possess nuclear weapons but refuse to submit to international safeguards — countries that have not signed the Nuclear Non-Proliferation Treaty. Israel has not signed the NPT. Israel is widely understood to possess between 90 and 400 nuclear warheads. And yet the United States sends Israel approximately $3.8 billion in military aid every single year.
How is this legal? It is legal because we have collectively agreed never to say out loud what we all know to be true. The moment an American official formally acknowledges Israel’s nuclear arsenal, the law kicks in. The aid pipeline becomes legally indefensible. So, we don’t say it. Israel doesn’t say it. And the money keeps flowing.
This is the arrangement that 30 House members had the courage to challenge, and that Connecticut’s five representatives chose not to join. Call it what it is: a conspiracy of silence that exists to protect a funding stream, dressed up as foreign policy.
Meanwhile, here in Connecticut — and across this country — we are told there is not enough money. Not enough for Medicaid. Not enough for SNAP, the food assistance program that keeps working families from going hungry. Not enough for crumbling infrastructure, for affordable housing, for the tens of thousands of Americans sleeping on the streets tonight. We are asked to accept cuts to these programs as fiscal necessity, while $3.8 billion exits the country annually under legal cover that depends entirely on a lie everyone is required to pretend is the truth.
I am not naive about the pressures on Connecticut’s delegation. The downstream consequences of breaking this silence are real, the lobby’s reach is long, and none of these members represent districts that reward foreign policy courage. But that is precisely the point. The courage costs something. That is what makes it courage.
Thirty members of Congress looked at this arrangement and decided to name it. Five from Connecticut looked at the same moment and decided otherwise. I want to hear them explain why — not in a fundraising email, not in a carefully worded statement, but plainly, to their constituents, who are also the taxpayers underwriting this silence.
What would it take? That is the question I asked last month about Sen. Blumenthal and the bulldozers. I am asking it again. I suspect I already know the answer, and I suspect so do they.
Joseph Luciano is a Bridgeport resident and longtime Connecticut Democrat.",https://ctmirror.org/wp-content/uploads/2026/05/letter-to-rubio-1024x542.jpg,,,2026-05-26 00:57:23.884314
,Connecticut Mirror,2026-05-26 04:01:00+00:00,CT Mirror,"CT’s DCF, slouching back to mediocrity.",Richard Wexler,,,,,https://ctmirror.org/2026/05/26/ct-dcf-is-slouching-back-to-mediocrity-to-save-more-children-it-must-refocus-on-keeping-families-together/,"To make CT children safer, the time to refocus on curbing needless foster care is now!","New legislation “sends a clear and powerful message,” says a lawmaker.
“It is time to look at what is not working and fix it,” says another lawmaker.
“It’s got to be all hands on deck,” says an advocate.
If throwing cliches at a problem would solve it, Connecticut would have the best child welfare system in America. Instead, the tired thinking reflected in those tired cliches explains the real problem: A state that once really might have become the best, or at least the least bad, child welfare system in America has been slouching back to mediocrity or worse.
That’s because both lawmakers and the Department of Children and Families refuse to face the problem that is driving all the others. Connecticut no longer is dedicated to safely reducing needless foster care, and DCF no longer has leadership to stand up to pressure to tear apart more families after high-profile tragedies.
When Connecticut emphasized keeping families together, it worked its way out of a decades-old consent decree and became, relatively speaking, a national model. No longer. From 2021 through 2025, nationwide, the number of children torn from everyone they know and love over the course of a year and consigned to the chaos of foster care declined by more than 15%. But in Connecticut, over the same period, entries increased by 33%. And that was before all the recent publicity about deaths of children “known to the system.”
Decade after decade, such cases set off foster-care panics, sharp, sudden increases in the number of children thrown into foster care by workers terrified of having the next tragedy on their caseload. This happens even though it does enormous harm to the children needlessly taken while doing nothing to reduce child abuse deaths.
One DCF Commissioner refused to cave in to the pressure for foster-care panic. In 2011, when DCF faced scrutiny much as it does now after a child’s death, Joette Katz said that in the past such a response “has been exactly the mistake, frankly.  A child dies and the next thing you know, workers are getting thrown under the bus, and 500 children get removed [from their homes] the next day because it’s a reaction to a tragedy. I think that’s the exact wrong way to behave.”
None of her predecessors had the guts to respond that way. Now, one of those predecessors, Susan Hamilton, is back running DCF.
So, confronted with high caseloads and enormous caseworker turnover, Hamilton comes up with a mentoring program and a newsletter highlighting good work. Lawmakers are busy scapegoating homeschoolers and setting up another committee to monitor DCF – in order to send that “clear and powerful message.” Other legislators are bizarrely obsessed with trying to take away one of the few things that might make the job of caseworker more attractive: the ability to do mind-numbing paperwork at home.
In contrast, New Jersey, which CT Mirror points to as a model for curbing such turnover, cut to the heart of the matter: That state takes away children at just over one-third the rate of Connecticut. New Jersey also has one of the lowest rates of child abuse fatalities in America.
And yes, there is plenty of opportunity to reduce entries into care. For starters, how much time are caseworkers forced to waste surveilling parents whose only crime was to be  a survivor of domestic violence? Such surveillance, and worse, removal from the home, actually is even more traumatic for a child when the parent is a domestic violence survivor. That’s why removing children on those grounds is illegal in New York, and surveilling New York mothers in that situation now also is the subject of a lawsuit.
We also know that in Connecticut in 2025, of all the cases in which children were torn from their families, 87% did not involve even an allegation of physical or sexual abuse. And 64% did not involve even an allegation of any form of drug abuse.  Far more common are cases in which family poverty is confused with “neglect.” We also know from one study after another that, in the typical cases, children left in their own homes typically fare better than even comparably-maltreated children placed in foster care. Yet instead of focusing more resources on ameliorating the worst effects of poverty, such as lack of housing, lawmakers opted for a pay raise for middle-class foster parents, who already receive at least $10,000 per year, tax-free, and often childcare aid as well.
Wrongful removal drives every other child welfare problem – including so overloading workers that they are more likely to overlook children in real danger. So to put this in terms with which Connecticut lawmakers might be most comfortable: To make children safer, the time to refocus on curbing needless foster care is now!
Richard Wexler is Executive Director of the National Coalition for Child Protection Reform.",https://ctmirror.org/wp-content/uploads/2025/09/2025_0812_SR_DCFMeeting_003-2-1024x683.jpg,,,2026-05-26 00:57:23.884314
,Connecticut Mirror,2026-05-26 04:01:00+00:00,CT Mirror,"In a world of hate, educate yourself",Kevin L. Booker Jr.,,,,,https://ctmirror.org/2026/05/26/in-a-world-of-hate-educate-yourself/,"As the former President of South Africa, Nelson Mandela, said, ""Education is the most powerful weapon which you can use to change the world.""","When you look at a picture of an iceberg, you typically only see 13% of the iceberg, the portion above the water line. You do not see the 87% that is under the surface of the water. Similarly, when you meet someone, you only see the 13% of who they are that lies above the surface. We only see the physical characteristics of the individual and do not quickly get to know the 87% of who the person truly is below the surface.
The United States is home to people from many different cultures and religious backgrounds. People worship God in a variety of different ways. One can easily go about their life without knowing how someone who has different beliefs than them worships or the different practices they follow. We can look from the outside at the 13% or we can take intentional time to learn more. Getting to know people beyond the 13% has allowed me to look beyond the superficial to see underneath the surface.

Kevin L. Booker Jr.

According to the research done by Mahzarin Banaji and Anthony Greenwald, all people have unconscious or implicit biases. Unconscious biases are automatic thoughts, judgments, and beliefs about others based on factors that include gender, age, race, or appearance. This is something that all people have in common. Everyone has unconscious biases.
If unchecked, unconscious biases can lead to treating others unfairly, continuing to spread biases, and preventing oneself from growing and learning about others.
To identify our unconscious biases, one must educate oneself about cultures unlike one’s own. We all have unconscious biases shaped by our experiences and influenced by the media and other sources of information. If we want to be inclusive individuals, we must actively expand our understanding and get to know others beyond what we think we know, to grow as humans.
One way I have done this is through my weekly practice of visiting different Christian churches to worship. For a long time, I have attended a variety of services on Sunday mornings, including Baptist, Catholic, nondenominational, congregational, and others. Experiencing the different ways Christians worship and honor God has given me a different perspective on who God is and the many ways people practice and live out their faith. I have taken this practice even further by also visiting mosques, synagogues, and Buddhist rituals to learn more.
Beyond attending worship services, there are many other ways one can learn about different faiths and worship practices. The Muslim Coalition of Connecticut (MCCT) is an organization in Connecticut formed to educate others about Islam. The MCCT was formed in 2004 in response to the need to build a positive community after the 9/11 attacks. They seek to educate the community about Islam and their practices. For the past 20 years, they have hosted a Taste of Ramadan event, sharing their culture and religious practices with the Connecticut community. 
I had the distinct pleasure of attending this year’s event, where I heard from a diverse group of Muslim people who shared about their faith journey and what Ramadan means to them. Everyone in attendance broke the daily fast together by sharing a meal after sundown. It was a very educational experience, and I left with a much deeper understanding of Ramadan and its impact on the Muslim community.
In an interview with Ghoufran Allababidi, a Muslim-American who is part of the MCCT, she shared how important it is for events like this to help others understand their neighbors. She shared that they invite others to join events like the Taste of Ramadan to help “build a bridge between people.” She further said, “You are on that side practicing your beliefs, and I am on this side practicing my beliefs. We are never going to get together unless we have that bridge, which is knowledge and education.” 
Through the interview, she shared that common misconceptions about Islam can hinder positive relationships. She stressed that to be a community, you must know more about one another – “I want to feel I am part of the community. So, I want people to know me and know who I am, what my beliefs are, and I want to learn about their beliefs.”
Currently, I am a member of the Greater Hartford Rekindle Fellowship, which brings together people from the Jewish and Black communities to learn from one another. Rekindle Fellowship is a national group that meets in smaller communities throughout the country. Its mission is to bring Black and Jewish leaders in the community together to engage in discussions, challenging dialogue, relationship building, and action taking to create sustained social change across different communities.  “By rekindling the strong relationships and collaborative action between the Black and Jewish communities that were built during the Civil Rights Movement, we can accelerate our collective impact and increase equity.” 
Participating in this group has helped me grow and learn more about the history of Black and Jewish communities in the United States. The readings and discussions have pushed me to consider different perspectives and to understand more deeply the historical implications that have led us to our current reality.  I had the opportunity to interview one of the Jewish participants in the program, Alan Berkowitz.
Through his interview, he stressed how important it is to go beyond what you know to learn about other people who may appear differently from you. Alan shared that many people have irrational fears of people who are Jewish or of other religions that block them from truly getting to know one another. He stressed the urgency for people to seek one another out in community through conversations and education to learn more about one another.
As the former President of South Africa, Nelson Mandela, said, “Education is the most powerful weapon which you can use to change the world.” We can continue living at the surface and allow biases to perpetuate misunderstandings. Or, we can choose to educate ourselves, step out of our comfort zone to attend something new, and learn about another religion, faith, or culture.
Some people are afraid to learn about others because, in doing so, they would deny truths they believe. However, expanding your understanding helps you better grasp your own faith and strengthens your ability to explain it to others who may not share your beliefs.
In a world full of hate, choose to educate yourself. Take opportunities like attending the Taste of Ramadan, joining groups like Rekindle Fellowship, and attending other faith services to broaden your view of others and help you live below the surface. Continue getting comfortable being uncomfortable, which enables you to learn more about yourself and embrace the differences in others. Push yourself to see people beyond the 13%.
Kevin L. Booker, Jr. of New London is a former member of the Connecticut Mirror’s Community Editorial Board.",https://ctmirror.org/wp-content/uploads/2026/05/rekindle.jpg,,,2026-05-26 00:57:23.884314
,Maine Morning Star,2026-05-26 01:59:26+00:00,Maine Morning Star,"Platner, Sanders, Jackson join forces again for Memorial Day rally",Emma Davis,,,,,https://mainemorningstar.com/2026/05/25/platner-sanders-jackson-join-forces-again-for-memorial-day-rally/,Almost nine months after U.S. Sen. Bernie Sanders of Vermont came to Maine to announce his support for gubernatorial candidate Troy Jackson and U.S. Senate candidate Graham Platner — who at the time was a little known oyster farmer — the three rallied in Portland again on Monday to talk about their plans to make […],"Independent U.S. Sen. Bernie Sanders of Vermont and U.S. Senate candidate Graham Platner rally together on Mainers gather in Portland on May 25, 2026, in Portland. (Photo by Emma Davis/ Maine Morning Star)Almost nine months after U.S. Sen. Bernie Sanders of Vermont came to Maine to announce his support for gubernatorial candidate Troy Jackson and U.S. Senate candidate Graham Platner — who at the time was a little known oyster farmer — the three rallied in Portland again on Monday to talk about their plans to make government work for the average person. 
“We can have an economy and a government that works for the 99% and not just the 1%,” Platner told the hundreds of attendees who gathered at Thompson’s Point, “but we are not going to get any of this with speeches alone, or with any politician alone.”
Like the Labor Day rally, the event was a stop on Sanders’ “Fighting Oligarchy” tour. But this time, Sanders came to Maine just two weeks before the June 9 primary to campaign with the two local, union-backed candidates, who told an eager audience they’ll fight for universal healthcare, workers rights and to get money out of politics. The event followed a similar one in Orno on Sunday. 
“We need a political revolution,” Sanders said.
The senator pointed to recent progressive Democratic wins that were built upon grassroots campaigns, such as New York Mayor Zohran Mamdani, which he sees as helping kickstart that goal.
“When we come together as one people, we can take on the oligarchs,” Sanders said. “We can beat them, and we can create a nation that works for all of us.” 
That message resonated with those in attendance Monday. 
Platner’s pitch to build a grassroots movement larger than himself is the reason Dennis Tuttle of Auburn thinks he’s the best fit to fight on behalf of working and middle class Mainers. 
Brunswick high schoolers Anna Klingle (left) and Lily Creighton are among the crowd of supporters who joined Graham Platner onstage on May 25 in Portland. (By Emma Davis/ Maine Morning Star)
Like Tuttle, many rally attendees were already well acquainted with Platner and set on voting for him.
“His message resonates more than just within the state,” Tuttle added. 
Platner has drawn national attention, as the seat he’s running for — held by longtime Republican U.S. Sen. Susan Collins — is seen as key to flipping the balance of power in Congress. 
Brunswick high schoolers Lily Creighton and Anna Klingle, who are part of Midcoast Youth Activists, said they see themselves and their experiences reflected in his candidacy. 
“There aren’t many relatable politicians,” Creighton said. 
Creighton appreciates that Platner comes across as unfiltered. However, that’s not to say they both didn’t waver in their support of him when his controversial online comments came to light. That history has left some Mainers refusing to get behind him, even after Gov. Janet Mills suspended her campaign. 
For Creighton and Klingle, having grown up in a world where their whole lives are captured on social media, they said it’s unrealistic to expect anyone to have a perfect internet history. 
Klingle had also been hesitant about Platner’s lack of political experience but said the way she’s seen him work for voters’ support and articulate his stances on the campaign trail has inspired her. She now plans to volunteer for his campaign. 
The rally speeches called out Collins and President Donald Trump’s administration, but also how the political system has long operated.
“It is the lie that there is always money for forever wars, but never money for our schools,” Platner said. “We can take back the wealth that belongs to us.” 
That goal, the three headliners all agreed, is not a partisan one. 
Pingree, Bellows and Jackson band together with ranked-choice pitch to voters

“We are not from the left. We are not from the right,” Jackson said. “We’re from the bottom, and we are rising.”
Kelli Brennan, president of the Maine State Nurses Association, echoed that when pointing out there are Maine hospitals at risk of shuttering due to Medicaid cuts, while insurance companies control what healthcare patients can receive.  
“This isn’t about political parties,” Brennan said. “This is about the haves and the have-nots.” 
The solidarity among the have-nots was clear Monday night, as Platner also used his speech to share his support for the nurses in their upcoming strike in Houlton to demand safer staffing ratios. 
Platner also reiterated onstage that he voted for Jackson first in the Democratic primary for governor, but also ranked Hannah Pingree and Shenna Bellows on his ballot. Those three have banded together to rank one another, an attempt to potentially overcome the challenge of splitting votes between similar candidates on the ranked choice ballot. 
The similarities between the political figures sharing the stage on Monday night were also apparent. And Platner articulated their collective vision in the same words he’d used back at their first joint rally in September. 
“When we beat back fascism, when we defend our democracy and our freedom, let it be a different kind of freedom,” he said. “Not merely a romantic freedom, not a freedom that’s solely about the defense of an infringement on our rights, but a freedom that is material, a freedom to not be condemned to scraps and struggle, but to live with the dignity and fulfillment that gives us the society that we deserve, where instead of dreaming of a life where we can get by, we can afford a life that allows us to dream.” 
That’s the vision attendees left with, as they filed out into the night to the activist anthem “Power to The People.” 
Mainers gather in Portland on May 25, 2026, for a rally with U.S. Sen. Bernie Sanders of Vermont, U.S. Senate candidate Graham Platner and gubernatorial candidate Troy Jackson. (Photo by Emma Davis/ Maine Morning Star)",https://mainemorningstar.com/wp-content/uploads/2026/05/IMG_6009-1024x683.jpg,,,2026-05-25 22:58:43.530284
,Louisiana Illuminator,2026-05-26 01:45:47+00:00,Louisiana Illuminator,Gov. Landry proposes moving $150 million from public school funds to avoid teacher pay cut,Julie O'Donoghue,,,,,https://lailluminator.com/2026/05/25/teacher-pay/,"Gov. Jeff Landry wants to move $150 million normally dedicated to school operations to replace a $2,000 stipend teachers were expected to lose this coming year, according to four Louisiana lawmakers familiar with the plan. The governor has proposed taking money normally distributed to public school districts through a state funding formula called the Minimum[...]","Gov. Jeff Landry speaks to reporters during a news conference at the State Capitol on Feb. 25, 2026. (Photo by Greg LaRose/Louisiana Illuminator)Gov. Jeff Landry wants to move $150 million normally dedicated to school operations to replace a $2,000 stipend teachers were expected to lose this coming year, according to four Louisiana lawmakers familiar with the plan. 

The governor has proposed taking money normally distributed to public school districts through a state funding formula called the Minimum Foundation Program and using it for teacher compensation. 

The plan will require Landry to issue an executive order after the Louisiana Legislature’s session has finished June 1. Two-thirds of state lawmakers in each chamber also have to approve moving the money, with a vote taking place by mail-in ballot. 

The governor’s office declined to comment or provide more details on the proposed plan Monday night. Landry has scheduled a news conference for 11:30 a.m. Tuesday with legislative leaders to discuss a “teacher pay raise,” according to an announcement Monday afternoon from his office. 

This is a developing story.",https://lailluminator.com/wp-content/uploads/2026/05/Jef-Landry-Feb-25-2026-1024x768.jpg,,,2026-05-25 21:56:31.830403
,Kentucky Lantern,2026-05-25 21:10:36+00:00,Kentucky Lantern,Massie files to fundraise for 2028 House run but he hasn’t yet decided to run for office again,McKenna Horsley,,,,,https://kentuckylantern.com/briefs/massie-files-to-fundraise-for-2028-house-run-but-he-hasnt-yet-decided-to-run-for-office-again/,"U.S. Rep. Thomas Massie has filed to run for his current House seat in 2028 after losing to a Republican challenger endorsed by President Donald Trump last week. However, the congressman says he still hasn’t made a decision to seek another office yet.  In a Monday post on X, Massie posted a copy of paperwork […]","U.S. Rep. Thomas Massie talks and takes photos with supporters after giving his concession speech at his watch party in Hebron, Kentucky. (Photo by Arden Barnes for the Kentucky Lantern)U.S. Rep. Thomas Massie has filed to run for his current House seat in 2028 after losing to a Republican challenger endorsed by President Donald Trump last week. However, the congressman says he still hasn’t made a decision to seek another office yet. 
In a Monday post on X, Massie posted a copy of paperwork that he filed with the Federal Election Commission. 
“This allows me to raise funds to continue my political operations supporting my position as a current office holder and as a potential candidate for federal office,” Massie said. “I haven’t made a final decision about which office to seek, if I run.” 
Massie, who has had seven terms as Kentucky’s 4th Congressional representative, lost his primary last week to former Navy SEAL Ed Gallrein. Trump recruited Gallrein to run against Massie after public battles on a number of issues, such as Massie leading the charge to release the federal investigation files on convicted sex offender and financier Jeffery Epstein and opposing the GOP megabill, the One Big Beautiful Bill Act, last summer.
Gallrein will face Democrat Melissa Strange for the seat in the general election this fall. 
Though Massie conceded Tuesday, the crowd at his election watch party chanted “2028” and “president” over and over again. 
In a Sunday interview on NBC’s “Meet the Press,” Massie was asked if he plans to run for president in the future. 
“I will not rule out anything, and right now, I’m not going to rule in anything,” he replied. 
“Every hour that passes, I get decompressed a little bit more,” he added. “It’s like coming up from the bottom of the ocean, and I’ll take some time and decide what’s next, but I think I will stay engaged in some way or shape. Maybe it’s from the outside. I’ve been exposing what’s going on in Washington, D.C., for years, and I’ll keep doing it.”
Three political observers recently told the Kentucky Lantern that Massie has a number of options before him with not only federal races in the next few years, but he could consider a run for governor in 2027, or influence politics in an outside role, like with a think tank.",https://kentuckylantern.com/wp-content/uploads/2026/05/20260519MassieWatchParty2398-1024x683.jpg,,,2026-05-25 17:57:14.274237
,Iowa Capital Dispatch,2026-05-25 19:37:40+00:00,Iowa Capital Dispatch,"Iowa’s new AI law is a start, but stronger regulations are needed to protect kids",Andrew Ritland,,,,,https://iowacapitaldispatch.com/2026/05/25/iowas-new-ai-law-is-a-start-but-stronger-regulations-are-needed-to-protect-kids/,"Twenty years ago, social media promised to bring us closer together. While we quickly embraced that technology, only later did we begin to understand its costs, especially for children. We now stand at a similar crossroads with artificial intelligence, but the stakes are even higher. Tools such as ChatGPT, Claude, Gemini, and Grok are designed […]","A young woman asks AI companion ChatGPT for help. Iowa's new law makes a start at addressing child safety in the use of artificial intelligence tools. (Photo by Shalina Chatlani/Stateline)Twenty years ago, social media promised to bring us closer together. While we quickly embraced that technology, only later did we begin to understand its costs, especially for children. We now stand at a similar crossroads with artificial intelligence, but the stakes are even higher.
Tools such as ChatGPT, Claude, Gemini, and Grok are designed to engage in conversations with users and can answer questions, give advice, complete tasks, and even offer emotional support in ways that feel personal and human. They also have serious potential for harm.
Iowa has set the right course in beginning to regulate AI, but these first steps must lead to further action.
In 2024, I helped draft the first legislation in Iowa to address concerns about AI. Those first laws targeted fake sexually explicit images, including deepfake pornography used to harass others and sexual abuse material involving minors. While this legislation addressed the malicious use of AI, it did not regulate the AI systems themselves.
That changed when Gov. Kim Reynolds signed Senate File 2417 into law. Beginning July 1, 2027, Iowa will, for the first time, regulate AI services  directly by establishing guardrails for conversational AI services, rather than merely punishing people who misuse these tools.
The law addresses concerns regarding transparency, consumer protection, and child safety. A user in crisis should not be manipulated by a chatbot into harming themselves. That is why this law will require these systems to make clear that they are AI systems, encourage users to seek help if they exhibit signs of suicidal ideation or self-harm, and prohibit them from representing that they can provide professional mental health services.
Nor should a child be drawn into sexual conversations by a system designed to keep them engaged. That is why for account holders under 18, the law will prohibit such systems from encouraging minors to commit sexual acts, prohibit companies from using addictive engagement tactics, and require tools for minors, and in some circumstances their parents or guardians, to manage privacy and account settings.
While this law addresses real issues, it also leaves several critical gaps that future legislation should address. Companies are not required to verify a user’s age, leaving an enforcement loophole if a minor claims to be an adult. Parental consent is not required before minors create accounts, and companies are not required to enable maximum privacy settings by default for minors.
Companies are not required to report serious safety incidents, submit to independent audits, or refrain from sharing or selling highly personal information that users provide to an AI system, such as health data. Finally, individual citizens are not able to sue AI companies for violating the law because only the attorney general has the authority to enforce these protections. Despite these shortcomings, SF 2417 provides a starting point for future AI regulation.
In the coming years, the Legislature has much work to do to address other risks posed by AI in areas such as elections, employment, housing, lending, and education. As some of the largest technology companies in the world watch, and quietly shape, AI regulation, Iowa must ensure that its elected officials put the needs of Iowans, rather than industry, first.
Social media changed society, but AI will reshape it. It will change how people learn, work, communicate, form relationships, and live. If we fail to act now to address the potential harms of this technology, we risk repeating the mistakes we made with social media: waiting to respond until the damage is done.",https://iowacapitaldispatch.com/wp-content/uploads/2026/01/chatbots.jpg,,,2026-05-25 15:58:10.730570
,Iowa Capital Dispatch,2026-05-25 19:21:17+00:00,Iowa Capital Dispatch,Ban on some insurance prior authorizations expected to cut red tape,Zach Sommers,,,,,https://iowacapitaldispatch.com/2026/05/25/ban-on-some-insurance-prior-authorizations-expected-to-cut-red-tape/,"Patients in Iowa will soon no longer need to wonder if their health insurance companies will approve certain care their doctors recommend. Gov. Kim Reynolds recently signed a bill banning prior authorizations for cancer screenings and emergency care. Some health care providers say House File 2635, signed into law May 13, is a way to […]","A new Iowa law bans insurance prior authorization for cancer screenings and emergency health care. (Photo via Getty Images)Patients in Iowa will soon no longer need to wonder if their health insurance companies will approve certain care their doctors recommend. Gov. Kim Reynolds recently signed a bill banning prior authorizations for cancer screenings and emergency care.
Some health care providers say House File 2635, signed into law May 13, is a way to remove some red tape that can delay needed health care and create a heavy burden for providers.
Providers send prior authorization requests to a patient’s health insurance company to determine whether or not insurance will cover the recommended care. Requests can include anything from medications to imaging to specialist referrals.
The insurance company will then approve or deny the prior authorization. Denials, however, can be appealed. Some requests are done via online portals, but there’s still a large paper and fax component for many prior authorizations. The practice of getting insurance’s approval places the burden on the provider and other health care staff.
SUBSCRIBE: GET THE MORNING HEADLINES DELIVERED TO YOUR INBOX.
All that paperwork adds up. For Dr. Wendy Woods-Swafford, a pediatric hematologist oncologist and chief medical officer at UnityPoint Health, filling out prior authorizations means spending another three hours on one patient per week. She explained her staff spends the same amount of extra time on each patient.
“It’s time consuming but probably more importantly, it impedes patients from being able to actually get the care that they need,” Woods-Swafford said. She said most of the time denials are overturned, but the time to get that approval is excessive.
Rep. Austin Harris, R-Moulton, managed House File 2635 through the legislative session. He said prior authorizations are bureaucratic red tape providers have to go through in order to give care and “delays care by several weeks sometimes.”
Some health insurance companies already have no prior authorization needs for certain services. For instance, Wellmark Blue Cross and Blue Shield said in a statement it’s never required requests for emergency services. Many cancer screenings and cancer-related services also don’t need prior authorizations.
“Wellmark Blue Cross and Blue Shield is committed to providing coverage that supports access to safe, effective and affordable health care for the people we serve,” according to the company.
The Federation of Iowa Insurers said in a statement its members support cancer screening that’s “consistent with National Comprehensive Cancer Network guidelines and no prior authorization requirements for emergency care.”
The National Cancer Institute said the guidelines are specific to each type of cancer and outlines surgical procedures and drug treatment regimens.
While pushing the bill through the House, Harris said he heard from physicians who said the administrative burden, including prior authorizations, is leading to burnout and causing some providers to leave the medical field altogether. Providers “feel like they’re spending more time on a laptop having to fight insurance companies than they are actually spending time with patients,” Harris said.
He added he views the law as “a really underestimated recruitment tool” because it allows “providers to actually spend more time bringing care to patients than pushing paperwork.”
Harris heard from leaders at the University of Iowa, UnityPoint, and MercyOne who view the new law as a way to entice more physicians to practice in Iowa, especially as the state faces a shortage of medical providers.
Harris also heard feedback on who at the insurance companies should be reviewing the prior authorization requests the bill does not address. Health insurance companies employ health professionals. Sometimes they’re former doctors. Those providers, however, do not need to have knowledge of the area of specialty the prior authorization covers. The bill will mandate insurance reviews are done by a health care professional in the same or similar specialty as the provider requesting approval.
Woods-Swafford, said she was excited about that detail in the bill, knowing the reviewer has treated what she’s working to treat. “They understand what imaging you’ve already done or what therapies you’ve already tried,” she explained.
“You’ve already tried the standard of care … and now you’re in a kind of gray area where there isn’t a standard treatment anymore. I understand how you got here, and I’m going to approve this therapy,” she gave as a hypothetical.
With the new law starting Jan. 1, she wants patients to know “that clinical decisions are going to be validated in real time by people, not just an algorithm” and that the “process is going to be more transparent.”
“There’s going to be more accountability in those denials because it’s not just going to be an auto denial and a fax without thinking about the human on the other end,” Woods-Swafford said.
The bill also limits the use of artificial intelligence in the review process to the point that insurance companies may not solely use it to determine approval. A human must be involved in the process.
Still, Woods-Swafford said she would like to see the bill go further, perhaps introducing pharmacy reviewers for the drug component. The pharmacy is another route in which insurance companies can deny care in prescribed medications.
She said it would be better for all to remember that through the process of finding efficiency, there’s a patient at the other end. While waiting on prior authorizations, delays can take 21 to 28 days, “and that would otherwise be considered unacceptable in the world of medicine for delaying treatment unnecessarily,” she said.
SUPPORT: YOU MAKE OUR WORK POSSIBLE",https://iowacapitaldispatch.com/wp-content/uploads/2024/03/lung-cancer-concept-_-Getty-1024x666.jpeg,,,2026-05-25 15:58:10.730570
,Iowa Capital Dispatch,2026-05-25 18:00:30+00:00,Iowa Capital Dispatch,Iowa State University researcher to track how menopause stages affect the brain,Brooklyn Draisey,,,,,https://iowacapitaldispatch.com/2026/05/25/iowa-state-university-researcher-to-track-how-menopause-stages-affect-the-brain/,"An Iowa State University professor is leading the charge to better detail the changes to brain health women see as they go through the different stages of menopause. Wesley Lefferts, ISU assistant professor of kinesiology and health, is the principal investigator of “BRAin & VAscular health across menopause,” also known as the BRAVA study. As […]","Iowa State University assistant professor of kinesiology and health Wesley Lefferts has launched a study into how the stages of menopause impact the vascular system in the brain. (Photo courtesy of Iowa State University)An Iowa State University professor is leading the charge to better detail the changes to brain health women see as they go through the different stages of menopause.
Wesley Lefferts, ISU assistant professor of kinesiology and health, is the principal investigator of “BRAin & VAscular health across menopause,” also known as the BRAVA study. As the study works to connect with women going through pre-, peri- and post-menopausal stages, Lefferts said more and more attention is being paid to the less-outward side of changes brought about by menopause.
“There’s been a lot of scientific statements coming up in the American Heart Association, and things like that, as well as some focus groups and panels at NIH, all regarding improving health outcomes across the menopause transition and understanding the true implications of that,” Lefferts said. “So I think it is an area that we’re going to be able to make some large advances in and hopefully capitalize on the momentum that we have at the moment.”
SUBSCRIBE: GET THE MORNING HEADLINES DELIVERED TO YOUR INBOX.
Both organizations Lefferts mentioned are funding his research, with a three-year, nearly $300,000 grant from the American Heart Association and a two-year, $405,000 grant from the National Institutes of Health’s National Institute on Aging. Both grants were awarded in July and August 2025, respectively.
The National Institute on Aging describes menopause as “the stage of a woman’s life when her menstrual periods stop permanently, and she can no longer get pregnant,” with perimenopause — the transition into menopause — and menopause introducing symptoms like hot flashes, trouble sleeping, joint and muscle discomfort, changes in mood and concentration.
When symptoms begin and how long they last can vary greatly from person to person, and the National Institute on Aging stated online menopause can change someone’s bone density, heart health and physical function. Those who have gone through menopause are more likely to have a stroke or develop a heart disease or osteoporosis.
Lefferts has been gathering data “across the aging lifespan” since his time earning his Ph.D., he said, from people ages 18 to 85. He noticed in studying age-related changes in brain blood flow patterns that the arteries in women’s brains are less protected from blood flow patterns that can cause damage to the brain.
After observing this, Lefferts said he worked to get more data from middle-aged men and women and revisited his study later. He found that around 50 years old — the median age for menopause — there is a “nonlinear increase” in “how kind of discontinuous the blood flow is within the brain in women.”
“That observation, coupled with some of the other vascular health metrics that I had access to within that data set, really suggested that right around that menopause transition, there’s some things going on with the vasculature that may be altering blood flow patterns in the brain and contributing to why men and women’s brains age differently,” Lefferts said.
Much is not known about cardiovascular effects and their impact on the brain during the perimenopausal stage, Lefferts said, partly because it is a period when there is a lot of variability of symptoms. He argued that perimenopause is probably the most important part of the menopause process to study since it is what transitions people from pre- to post-menopausal states.
The goal is to enroll close to 370 people in the study, which Lefferts said will start with online questionnaires. Participants still experiencing a menstrual cycle will track their cycle to ensure study when their estrogen is high, and the team will measure heart functions, cerebrovascular health, blood pressure, sex hormones and cognitive functions at an assessment later on.
Subjects will also bring a fitness bracelet home to track sleep and physical activity, Lefferts said, and the study will also factor in lifestyle behaviors, medications and other things that could impact the menopausal transition.
While grant funding will only support a cross-sectional look at this topic, with a singular visit from study participants, Lefferts said he hopes to find the funding to track subjects over time and create a longitudinal study.
“We’re going to have access to a lot of data that, if we can look at this longitudinally and identify what behaviors or medications might be critical to helping slow down that aging process throughout the menopause transition, that would potentially improve the brain aging trajectories,” Lefferts said.
SUPPORT: YOU MAKE OUR WORK POSSIBLE",https://iowacapitaldispatch.com/wp-content/uploads/2026/05/Wesley-Lefferts-1024x659.jpg,,,2026-05-25 14:57:53.081653
,Mississippi Today,2026-05-25 18:00:00+00:00,Mississippi Today,Horhn supporters will help fund Jackson police. Will their donation provide perks for the chief?,Molly Minta,,,,,https://mississippitoday.org/2026/05/25/horhn-supporters-help-fund-jackson-police/,"Jackson Mayor John Horhn, center, announces the confirmation of RaShall Brackney, right, as police chief at City Hall on Monday, Feb. 24 2026.","Audio recording is automated for accessibility. Humans wrote and edited the story.
A nonprofit group formed by a key supporter of Mayor John Horhn will help pay for public safety initiatives, including support for senior police officers, under an agreement approved by the City Council. 
Jackson Rising made a donation to the city after a dispute over an employment contract Horhn proposed that would have given Jackson’s new police chief, RaShall Brackney, benefits not typically received by city department heads. 
Attorney Robert Gibbs, chair of Jackson Mayor John Horhn’s transition team, speaks at the 2025 State of the City address at the Art Garden at the Mississippi Museum of Art, Tuesday, Oct. 21, 2025. Credit: Eric Shelton/Mississippi Today
After some council members voiced concerns during an unrecorded meeting in April, Horhn pulled the contract. The mayor vowed to find philanthropic funding for Brackney’s benefits, including severance if she is let go without cause after her first year, up to $15,000 in moving expenses and a 90-day rental stipend of $1,000. 
The City Council last week narrowly approved the agreement with Jackson Rising. The group was recently formed by attorney and former Hinds County Circuit Judge Robert Gibbs, who chaired Horhn’s mayoral transition team in 2025. It has agreed to donate up to $100,000 to an account controlled by the mayor. 
Documents submitted to the City Council did not specifically name the police chief but said the money can be used to recruit and retain senior officers, including “employment-related expenditures.” 
Gibbs did not respond to Mississippi Today’s requests for comment. Nic Lott, the city’s communications director, did not respond to the news outlet’s questions but sent a response the city had provided to WLBT. 
“This development arose organically through interactions the Mayor had with supporters and community leaders,” Lott wrote. “Citizens want to know what they can do to help.” 
The donor agreement is not the first time private donors in Jackson have supported local law enforcement. 
Meet the Hundred Club of Jackson  
Each year, the Hinds County Sheriff’s Department, the Jackson Police Department, Capitol Police and city firefighters are honored at a black-tie banquet hosted by the nonprofit Hundred Club of Jackson. 
The club is primarily supported by dues-paying local businesspeople. It was founded in 1961 by “to use the old-fashioned term, ‘captains of industry,’” said Doug Boone, president of the club’s board of directors. 
“We’ve really flown under the radar most of that time,” he said, adding similar clubs exist across the country. 
In the beginning, the club offered $10,000 life insurance policies for officers, Boone said. Over the decades, that assistance morphed into providing direct financial support for families of officers killed on duty. 
Jackson Police Department headquarters at 327 East Pascagoula St. in downtown Jackson on Wednesday, March 18, 2026. Credit: Vickie D. King/Mississippi Today
“We call ourselves financial first responders,” Boone said. 
The club has also sporadically helped local police agencies with projects, including donating $25,000 to refurbish MetroOne, a helicopter used by law enforcement agencies across central Mississippi. 
Recently, Boone said the club took over the finances of another nonprofit, the Jackson Police Foundation. Boone said the foundation had long offered opportunities for people to donate equipment or money to police for backpack drives, JPD’s Christmas toy drive or other initiatives that are often “the first casualty of any kind of budget tightening.” 
“Somebody wanted to donate some money so the sheriff’s department could buy some feed for their horses for their mounted unit,” he said. 
Would the club donate to support the police chief’s benefits? Boone said his 12-member board would have to think on it. But, he added, the club has been contemplating ways to use its resources to support Jackson’s entire police department – and help sustain the new energy Boone believes Horhn has brought to the city.
“Put it this way,” he said. “Nobody’s come and asked us yet.”
How would the agreement work?  
While the Hundred Club of Jackson sometimes reimburses local agencies for requests, Jackson Rising is making a direct donation to the city. 
Once the city takes control of the donation, the agreement says the money would become public dollars, subject to Mississippi’s transparency laws. Jackson Rising has agreed to donate an initial $50,000, according to the agreement, as well as pursue an additional $50,000. 
“Donor shall have no authority to direct personnel decisions, compensation decisions, promotions, discipline or law-enforcement operations,” the agreement says. 
Jackson City Council members Ashby Foote, left, and Vernon Hartley confer during a meeting at City Hall in Jackson on Tuesday, April 21, 2026. Credit: Eric Shelton/Mississippi Today
To that end, the agreement also says the money is not “earmarked” for a specific employee and that Jackson Rising shall not have “control” over recipients. But the donation can be used for executive recruitment efforts, retention initiatives and “relocation or transition assistance” — spending areas that WLBT first reported overlap with Brackney’s proposed employment contract. 
At a May 18 meeting, the day before the council approved the contract, Ward 1 Council Member Ashby Foote asked how the city was going to determine which senior officers would receive benefits. 
“Is the city council out of the loop, in the loop?” he asked. 
In response, Pieter Teeuwissen, the city’s chief administrative officer, said he’d had several conversations with Jackson Rising and the city attorney, Drew Martin. Everyone was comfortable the contract was “not going to blow up on anyone.” 
“It’s perhaps a narrow path or a narrow needle to thread, but it is a doable one,” Teeuwissen said.
He added that he thought Jackson Rising would indicate “who it intended to support” and that a council vote wasn’t necessary, even though the contract states the donor “shall not” select recipients. 
“We’ve tried to be transparent from this administration, and I would encourage us to continue to be transparent if we get to a point where Jackson Rising is supporting any of our senior officers,” he said. “Nobody wants to find that out some other way.” 
Asked about this comment on Thursday, Teeuwissen said he misspoke and that “documents speak for themselves.” 
Why did some council members vote no? 
Teeuwissen previously told Mississippi Today that Brackney was the only department head to request an employment contract. 
The proposed contract included benefits similar to ones Brackney received when she was police chief in Charlottesville, Virginia, according to documents reviewed by Mississippi Today — professional development support, a three-month housing stipend and moving expenses. 
As she left City Hall after Tuesday’s council meeting, Brackney said she wasn’t aware of the new agreement. She was followed by her new chief of staff, Tonya Norwood, a former community engagement specialist with the Arizona Department of Public Safety. 
“I don’t know what the Jackson Rising proposal is,” Brackney said. “I have not seen that.” 
Jackson City Council President Brian Grizzell speaks during a council meeting at City Hall in Jackson on Tuesday, April 21, 2026. Credit: Eric Shelton/Mississippi Today
If the city uses Jackson Rising’s donation to support Brackney’s relocation expenses, she would be the only department head to receive such a benefit under Horhn’s nearly year-old administration, according to information provided through a public records request. 
The exceptional treatment is the reason Ward 2 Council Member Tina Clay said she voted against the agreement with Jackson Rising. She was joined by Ward 4 Council Member Brian Grizzell, but neither offered an explanation for their votes during Tuesday’s meeting. 
Clay told Mississippi Today she thought the agreement sent the message that police matter more than other city departments.
“Don’t put that police department out there on a pedestal by itself,” she said. 
The Jackson Rising donation could be a model for future private support of Horhn’s goals for the city. 
“There are folks who want to donate to support various causes while not wanting to necessarily donate directly to the government,” Teeuwissen said at the May 18 meeting, noting the nonprofit shares a name with the series of community conversations that Horhn tasked several campaign supporters with convening last year. 
The discussions yielded a list of ideas that could be supported by public-private partnerships, including an effort to bring a Texas consultant to Jackson to help the city reduce homelessness. 
Downtown Jackson Partners, the organization managing the downtown business improvement district, is helping Horhn pursue donations for that contract.",https://cdn.mississippitoday.org/wp-content/uploads/2026/02/24183812/Frame.jpeg,,,2026-05-25 14:57:53.081653
,North Carolina Newsline,2026-05-25 17:40:25+00:00,NC Newsline,NC Budget and Tax Center director Alexandra Sirota on the problematic new constitutional amendments,Clayton Henkel,,,,,https://ncnewsline.com/2026/05/25/nc-budget-tax-center-director-alexandra-sirota-on-the-problematic-new-constitutional-amendments/,"  Republican state legislative leaders made headlines in recent days by announcing that they have finally reached agreement on a new state budget. But even as that long overdue news was being made, the lawmakers also moved to advance a series of state constitutional amendments that would, if enacted, have massive implications for future state […]","Alexandra Sirota (Photo: NC Budget & Tax Center) 
Republican state legislative leaders made headlines in recent days by announcing that they have finally reached agreement on a new state budget. But even as that long overdue news was being made, the lawmakers also moved to advance a series of state constitutional amendments that would, if enacted, have massive implications for future state budgets and core public services.
Topping the list: a proposal to slash the already existing cap on state income taxes and another to cap local property taxes — moves that would almost certainly further eviscerate the state’s already torn and threadbare public education system. Earlier this week, to get a better handle on the amendments and the new budget and what all of it means for the state going forward, Newsline caught up with one of the state’s preeminent nonpartisan fiscal policy experts – the executive director of the North Carolina Budget & Tax Center, Alexandra Sirota.
Click here to listen to the full interview with the executive director of the North Carolina Budget & Tax Center, Alexandra Sirota.",https://ncnewsline.com/wp-content/uploads/2024/07/alexandra_sirota.webp,,,2026-05-25 13:58:37.895306
,Louisiana Illuminator,2026-05-25 16:00:59+00:00,Louisiana Illuminator,"Data, race and partisanship in redistricting: Louisiana must verify before it votes",Tia Fields,,,,,https://lailluminator.com/2026/05/25/redistrict-louisiana/,"A bill to eliminate one of Louisiana’s majority-Black congressional districts will go up for a vote in the Louisiana House of Representatives this week, possibly the final stop before it heads to Gov. Jeff Landry for his signature.  But before Louisiana redraws congressional power for the next decade, lawmakers should answer one basic question: Are […]","Sen. Royce Duplessis, D-New Orleans, left, questions Sen. Jay Morris, R-West Monroe, in the Louisiana Senate chamber on the congressional redistricting map Morris sponsored to eliminate one of Louisiana's two majority-minority districts in the U.S. House. Republicans in the state Senate approved the bill Thursday, May 14, 2026, in a party-line vote. (Photo by Wes Muller/Louisiana Illuminator)A bill to eliminate one of Louisiana’s majority-Black congressional districts will go up for a vote in the Louisiana House of Representatives this week, possibly the final stop before it heads to Gov. Jeff Landry for his signature. 
But before Louisiana redraws congressional power for the next decade, lawmakers should answer one basic question: Are the numbers behind this map accurate?
Following hours of testimony Thursday, the House and Governmental Affairs Committee approved an amended congressional map in a 10-7 party-line vote. The proposal would leave the state five Republican-leaning districts and one Democratic.
That outcome is politically consequential. But the deeper issue now is methodological: Have the population, voter registration and party allocation data used to justify the amended map been fully reconciled and publicly validated?
That matters because the official district summaries appear to raise questions that deserve explanation before final passage. In some parish segments, voter registration totals appear difficult to reconcile with stated voting age population figures. That does not automatically prove misconduct. The issue could involve mislabeled fields, inactive registrations, differing datasets or a mismatch between legislative shapefiles and live voter rolls.
But those possibilities are exactly why lawmakers should pause and verify.
Redistricting is not just line drawing. It is data governance with constitutional consequences. If the legislature is defending this map with claims of mathematical precision, then the underlying data should be precise enough to withstand public review.
That review should include more than the total population. Lawmakers should require a district-by-district and parish-segment breakdown showing total population, voting age population, registered Democrats, registered Republicans, no-party voters and other party registrations. The public should be able to see whether the amended map fairly allocates people, not just territory, across Louisiana’s six congressional districts.
This is especially urgent because race and party are deeply intertwined in Louisiana. Supporters of the redistricting proposal argue the map is about partisanship, not race. Legally, that distinction matters. But in practice, Black voters in Louisiana overwhelmingly support Democratic candidates, while white voters disproportionately support Republicans. A map that reduces Democratic voting strength can also reduce Black political influence.
That is not a neutral consequence. It is the central tension of this debate.
Amendments to the bill in last week’s committee hearing add another layer of concern. Substantial boundary changes were adopted after hours of testimony and limited public review. Once entire parishes and precincts are shifted among districts, the population math should be recalculated and explained plainly. Otherwise, Louisiana risks passing a map with a clear political purpose but a data foundation that remains cloudy.
Louisiana has already spent years in redistricting litigation, along with $40 million dollars to defend those maps according to Gov. Jeff Landry. The state does not need another preventable fight built on unresolved questions about population allocation, precinct geography or party registration data.
Before the House votes, lawmakers should require three things: a public reconciliation of the amended map with Secretary of State voter registration data, a clear explanation of any discrepancies between voting-age population and registration totals, and a transparent breakdown of Democratic, Republican, no party and other registrations by district.
If the numbers are sound, verification will strengthen the map’s credibility.
If they are not, Louisiana still has time to correct the course.
The safest path is not speed. It is accuracy.",https://lailluminator.com/wp-content/uploads/2026/05/5C5A0870-1024x576.jpg,,,2026-05-25 12:02:53.986562
,Alaska Beacon,2026-05-25 16:00:49+00:00,Alaska Beacon,Alaska’s burnout problem is bigger than stress,Michael Hanifen,,,,,https://alaskabeacon.com/2026/05/25/alaskas-burnout-problem-is-bigger-than-stress/,"Alaskans pride themselves on resilience. We work long hours, adapt to difficult conditions, raise families through dark winters and carry a culture that values toughness and independence. But resilience without recovery eventually becomes exhaustion. Across healthcare, more providers are seeing the same troubling pattern: people who are chronically fatigued,[...]","Workers unload an early season catch of sockeye salmon at the harbor in Cordova in June 2024 (Photo by Corinne Smith/Alaska Beacon)Alaskans pride themselves on resilience. We work long hours, adapt to difficult conditions, raise families through dark winters and carry a culture that values toughness and independence.
But resilience without recovery eventually becomes exhaustion.
Across healthcare, more providers are seeing the same troubling pattern: people who are chronically fatigued, mentally overloaded, emotionally strained and physically stuck in stress physiology that never truly powers down. Patients increasingly report poor sleep, headaches, anxiety, digestive issues, chronic muscular tension, brain fog, shallow breathing and difficulty recovering physically or mentally from everyday life.
Many assume this is simply normal modern living. It should not be.
Alaska presents unique environmental and lifestyle pressures that can intensify stress on the body. Long winters, reduced daylight exposure, economic pressure, geographic isolation, demanding work schedules and increasing digital dependency all contribute to a population that is functioning under constant strain.
At the same time, many of the behaviors that help human physiology recover have steadily declined. Americans move less, sleep less, spend more time on screens, experience more chronic stimulation and often live in a near-constant state of distraction.
The human nervous system was designed to adapt to periods of stress, not remain activated indefinitely.
This conversation matters because chronic stress does not simply affect mood. It influences sleep quality, immune response, cardiovascular function, muscular tension, focus, digestion, inflammation and overall recovery capacity. Over time, those effects compound.
Unfortunately, much of modern healthcare remains largely reactive. We often wait until symptoms become severe enough to require intervention rather than placing greater emphasis on prevention, recovery, movement quality, stress regulation and lifestyle adaptation before chronic dysfunction becomes disease.
This is not an argument against medicine. Modern medicine saves lives every day and remains essential. But public health conversations should also include practical discussions about how daily behaviors influence long-term function and well-being.
Recovery is not laziness. Sleep is not a weakness. Movement is not optional. Human physiology still requires the same foundational inputs it always has.
Children need more movement and less digital overload. Adults need opportunities for physical recovery, emotional decompression, meaningful human connection and healthier stress-management habits. Communities benefit when healthcare discussions extend beyond symptom management and include proactive strategies that support long-term resilience.
Alaskans are capable of extraordinary endurance. But endurance alone is not the goal.
A population that survives while becoming progressively more exhausted, inflamed, sedentary and disconnected is not moving toward better health.
Perhaps it is time we stop glorifying burnout and begin taking recovery more seriously, not only as individuals, but as a culture.",https://alaskabeacon.com/wp-content/uploads/2025/04/CordovaWorkers_CorinneSmith-scaled-e1745286323920-1024x729.jpg,,,2026-05-25 12:58:17.829374
,Iowa Capital Dispatch,2026-05-25 16:00:38+00:00,Iowa Capital Dispatch,18 things to know about University of Iowa’s Finkbine Golf Course renovation,Erin Jordan,,,,,https://iowacapitaldispatch.com/2026/05/25/18-things-to-know-about-university-of-iowas-finkbine-golf-course-renovation/,"IOWA CITY – Most golf courses, once planned and built, stay the same even as the game changes and golfers and their gear improve.  But because of an aging irrigation system and some generous donors, the University of Iowa’s Finkbine Golf Course is getting an $11 million renovation that seeks to serve both weekend warriors […]","A rendering of the new Hole 16 at Finkbine Golf Course in Iowa City. (Rendering courtesy of Scott Hoffman)IOWA CITY – Most golf courses, once planned and built, stay the same even as the game changes and golfers and their gear improve. 
But because of an aging irrigation system and some generous donors, the University of Iowa’s Finkbine Golf Course is getting an $11 million renovation that seeks to serve both weekend warriors and collegiate champions. 
Two Finkbine experts – General Manager Josh Clay and former Superintendent Mike Hoffman – shared 18 things to know about Finkbine’s history and the course’s makeover, expected to be done next spring.
1. No public money used
Mary Lee Nagle Duda and her husband, Fritz Duda, are the primary donors for the Finkbine project. The Dallas couple have been major donors for several other UI athletic facilities, including the $10 million Nagle Family Clubhouse and the $20 million Nagle-Duda Gymnastics & Spirit Squads Training Center, opened in 2025. Other private donors contributed to the Finkbine course renovation.
2. Course will remain public
Finkbine has always been a public course and will stay that way.
Renovations of the University of Iowa’s Finkbine Golf Course have turned up hundreds of golf balls lost since the course opened in 1955. (Photo by Erin Jordan for Iowa Capital Dispatch)
3. Finkbine’s third life
The UI’s first golf course was on 175 acres along Highway 6 in Coralville donated by William and Charles Finkbine. In the early 1950s, the UI bought 270 acres and moved Finkbine to its spot north of Melrose Avenue. Architect Robert Bruce Harris designed the 18-hole, 72-par course opened in July 1955. 
4. Celebrity status
Former President Gerald Ford, baseball great Joe DiMaggio and Chicago Bears Coach Mike Ditka are among famous folks who golfed at Finkbine during the Amana VIP Pro-Am tournament, held at Finkbine from the late 1960s through early 1990s. The Classic drew up to 20,000 spectators to see pros teeing off with celebrities like Hee Haw’s Roy Clark and musician Glen Campbell.   
5. Course architect played Big Ten golf
The Finkbine management team considered hundreds of golf course architects before selecting Scott Hoffman (no relation to Mike Hoffman) to redesign the Iowa City course. An Omaha-based designer who grew up drawing golf courses on church bulletins, Hoffman played golf at the University of Nebraska and Creighton University before spending more than 20 years designing award-winning courses. 
6. Less rough
Finkbine had about 50 acres of irrigated rough, where longer bluegrass snags balls and often requires an extra shot to get back to the fairway. The redesign reduces the rough to 30 acres and expands fairways with a hybrid bentgrass called Centennial. 
7. Less watering
Summer droughts have been the norm in Iowa the past five years. The Finkbine redesign will include a state-of-the-art irrigation system with sensors to detect evaporation rates, soil and air temperature, soil moisture and soil chemistry to reduce water use. 
Finkbine Golf Course General Manager Josh Clay explains the design of holes 10 and 11 at the reimagined course, now under construction in Iowa City. (Photo by Erin Jordan for Iowa Capital Dispatch)
8. Native prairie
The UI has a chain of native prairie remnants with grasses like big bluestem, Indian grass, tall coreopsis, tall bush clover and tall cinquefoil. The new Finkbine design features one of these prairies near Hole 11. 
9. Landmark trees
Although the renovation required removal of some trees, many were invasive species, including wild cherry and box elder. The new course design highlights bur oaks – a staple of tallgrass savannah – including a giant that will make great photo opps by Hole 11. 
10. Longer fairways
With modern clubs and balls, top collegiate golfers need longer fairways for a competitive game. The renovated Finkbine will extend the length of some holes with multiple tees so golfers of varying skills can enjoy the experience. The total yardage for the course will rise from about 7,200 yards to 7,500, Clay said. 
11. No more big hill
Between Hole 13 and Hole 14 of the old Finkbine course was a big hill. So big that for decades, a cart with a motor and chain hauled golfers to the next tee. Hoffman’s redesign shaves off part of that steep incline to make the back nine more walkable. The topsoil from the hill is being used in other places so no additional fill was brought in for the renovation.
12. New bunkers
All of Finkbine’s sand traps, or bunkers, will be lined with capillary concrete. Previous bunker liners had to be replaced every few years, but the capillary concrete allows water to drain through but keeps the sand in place.
13. Finkbine among ‘13 notable renovations’
Finkbine’s renovation was listed among “13 notable golf course renovation projects to track in 2026’ in a Jan. 8 piece in GolfPass. Other projects listed include the makeover of The Old Course at St. Andrews and the $25 million renovation of the Yale University course. 
14. Signature hole 
Finkbine has one water feature – a pond on what used to be Hole 13 – with two tied island greens. While common now, this design feature was groundbreaking in 1955, when the course opened. After the reno, there will be only one island and one green on the renamed Hole 16, which Clay thinks will be even more of a showstopper.
Herbert Mauck, of The Bridge Guy, an upstate New York firm, stands with a mini excavator on a partially-completed bridge crossing a ravine on the Finkebine Golf Court. The team was pounding supports into the ground before laying horizontal planks to extend the bridge, which is 30 feet high at the deepest part of the ravine. The timber bridge will be 12 feet across to accommodate golf carts and golfers on foot. (Photo by Erin Jordan for Iowa Capital Dispatch)
15. New bridge
A brand new feature of the renovated Finkbine will be a 30-foot-high, 12-foot-wide timber bridge crossing a ravine on the back part of the course. The bridge, designed for golf carts and golfers on foot, is made of pressure-treated pine by The Bridge Guy, from upstate New York, and is intended to last 100 years, owner Jason Sommerville said. 
A team member uses a track loader to move sand to a parking lot by the Nagle Family Clubhouse at the University of Iowa’s Finkbine Golf Course. This specialized sand, trucked in from Ohio, will go in the bunkers around the renovated course. (Photo by Erin Jordan for Iowa Capital Dispatch)
16. Big finish
When Scott Hoffman routes a new course, he plans the 18th hole first because he wants golfers to end their day “with a bang”, he told Derek Duncan, Golf Digest architecture editor, on the Feed the Ball podcast in 2024. Finkbine’s new Hole 18 will shift west so golfers finish within view of the Nagle Family Clubhouse’s chimney with a Tiger Hawk logo. 
17. Where are the teams playing? 
During the reno, the Hawkeye men’s and women’s golf teams will practice and play at area courses, including Brown Deer, in Coralville; the Cedar Rapids Country Club and Pleasant Valley, in Iowa City. The James M. Hoak Family Golf Complex, adjacent to Finkbine, has indoor-to-outdoor hitting stations as well as a 3,150-foot indoor practice green with Puttview, an augmented reality system. 
18. Course will reopen in Spring 2027
Finkbine is scheduled to reopen to the public next spring. Whether that’s in April or May will depend, in part, on how much snow we get next winter, Clay said. “Snow’s a great thing,” he said. “It’s almost like a little blanket, and creates moisture so you come out of this into the spring a lot healthier.”",https://iowacapitaldispatch.com/wp-content/uploads/2026/05/339-course-renovation-finkbine-no16-1024x791.png,,,2026-05-25 12:02:53.986562
,Iowa Capital Dispatch,2026-05-25 15:00:13+00:00,Iowa Capital Dispatch,University of Iowa researchers develop method of capturing water from the air,Brooklyn Draisey,,,,,https://iowacapitaldispatch.com/2026/05/25/university-of-iowa-researchers-develop-method-of-capturing-water-from-the-air/,"Research crystalized at the University of Iowa has created a way to capture water from the atmosphere that, if found to be scalable and confirmed as safe, could help solve problems of water scarcity in the future. Nevindee Samararathne Muhandiramge, a UI Ph.D. student studying chemistry, and former UI professor of chemistry and pharmacy Leonard […]","A study team led by University of Iowa researchers have developed a lattice capable of capturing water molecules when exposed to light. (Photo by Brooklyn Draisey/Iowa Capital Dispatch)Research crystalized at the University of Iowa has created a way to capture water from the atmosphere that, if found to be scalable and confirmed as safe, could help solve problems of water scarcity in the future.
Nevindee Samararathne Muhandiramge, a UI Ph.D. student studying chemistry, and former UI professor of chemistry and pharmacy Leonard MacGillivray, have developed a three-dimensional lattice that, when exposed to ultraviolet light, expands just enough to attract and capture water molecules from the air.
Muhandiramge cited the United Nations in discussing the future of water access for the world, saying there is expected to be more than 5 billion people who will face issues of water like lack of access by 2050.
“It’s a huge global challenge, you know,” MacGillivray said. “The answers are going to come from different perspectives, and we’re excited we can contribute to this in this way, and I guess we’ll see where it goes in terms of the future.”
SUBSCRIBE: GET THE MORNING HEADLINES DELIVERED TO YOUR INBOX.
While the tiny, cube-shaped crystal lattice can only capture two water molecules per pocket, with a capacity totaling 5% of its total mass, Muhandiramge and MacGillivray said they’re trying to “generalize” their findings with the eventual goal of making the crystal-creation process more efficient and figuring out how to release the water once it is captured.
The team’s work, published in the “Journal of the American Chemical Society” at the end of March, was funded with a three-year, $500,000 grant from the National Science Foundation. Researchers from Texas, Canada, Italy, and the United Arab Emirates were also involved in the study.
Work by MacGillivray, now a research chair at the Université de Sherbrooke in Quebec, and Muhandiramge is in the field of crystal engineering, he said, and the grant was for them to study chemical reactions in crystals they’ve made out of metal atoms and organic molecule connectors.
Using water as a solvent, MacGillivray said the team mixed the lattice’s components in the solvent and heated it all up in a closed vessel over multiple days, which leaves them with enough produced crystal to work with.
While they were successful in creating the framework for the crystal with the metal and linkers, MacGillivray said the pockets and cavities they were hoping to see within the structure weren’t there. It wasn’t a given that there would be pockets, and Muhandiramge said the material was densely packed with no empty spaces inside.
However, when the team shined UV light onto the closely packed cube, it opened very slightly and created pockets.
This illustration shows the lattice in its stages before and after being exposed to ultraviolet light. (Illustration by Nevindee Samararathne and Leonard MacGillivray group at University of Iowa/Universite de Sherbrooke, Canada, Tamador Alkhidir and Sharmarke Mohamed group at Khalifa University of Science and Technology, Abu Dhabi, United Arab Emirates)
“These small pockets …  you can think of them as a vacuum,” Muhandiramge said. “So it sucks water from the atmosphere into the material, and then stores it inside the material.”
MacGillivray said it was a big surprise to see the formed pockets, which they found using X-ray diffraction to see how atoms were arranged in the crystal. In principle, he said, researchers could further develop the crystals to intentionally bring in more water, but then they would need to figure out how to then release the water from it.
This is a scalable practice in theory, MacGillivray said, but they’re still working on “generalizing” the project results. One of the challenges of crystal engineering is that the slightest differences in components and their mixture could lead to the resulting crystal having an entirely different framework.
The goal is to figure out how to create similar frameworks to the one they have, MacGillivray said, using different linkers to hopefully get larger pockets and cavities to get more water. He and Muhandiramge are also exploring a different method of crystal creation, using grinding with less solvent than the current method.
According to the U.N., drought costs across the world exceed $307 billion annually, and by 2050, three out of four people could see impacts from drought. A 2021 UNICEF report stated more than 1.4 billion people “live in areas of high or extremely high water vulnerability.
While further tests will need to be done to determine whether the water captured through the lattice would be pure enough to drink, and further study in general needs to happen to answer their questions of scalability and generalization, MacGillivray said the work they are doing now could help other projects years down the line.
“I think studies show that 30 years from now, the kind of work we’re doing ends up finding its way into mature applications,” MacGillivray said. “So I think we need to stay ahead of the curve, basically, of environmental issues, health issues, everything that can help sustain the goodness of us all.”
SUPPORT: YOU MAKE OUR WORK POSSIBLE",https://iowacapitaldispatch.com/wp-content/uploads/2023/12/UIcapitol-1024x768.jpg,,,2026-05-25 12:02:53.986562
,Kansas Reflector,2026-05-25 14:00:38+00:00,Kansas Reflector,"Early dose of Kansas political ads shed light on tactics, promises, demeanor of candidates",Tim Carpenter,,,,,https://kansasreflector.com/2026/05/25/early-dose-of-kansas-political-ads-shed-light-on-tactics-promises-demeanor-of-candidates/,"Kansas candidates for governor, attorney general and U.S. Senate introduce themselves and share political insights in campaign online videos and commercials.","Kansas gubernatorial candidates (left to right, upper row first) Republican Senate President Ty Masterson, former GOP Gov. Jeff Colyer, Democratic Sen. Ethan Corson, GOP Insurance Commissioner Vicki Schmidt, GOP Secretary of State Scott Schwab and Democratic Sen. Cindy Holscher are running videos or commercials indicative of the type of campaigns they're running in 2026. (Photos by Sherman Smith/Kansas Reflector)TOPEKA — Transparently dissimilar state Sens. Ethan Corson and Ty Masterson were drawn to similar homespun tactics for commercials announcing their campaigns for governor of Kansas.
Both chose to film their plunge into a race determining the replacement for Democratic Gov. Laura Kelly by setting up cameras in their homes and outlining what compelled them to seek higher office. Corson, a Democrat, spoke from his Johnson County kitchen with chatty children in the background. A Republican, Masterson, faced voters in his Andover house before opening the aperture to reveal his extended family and political goals.
These partisan rivals — look no further than their recent Senate floor exchanges — managed to land political whales in landlocked Kansas. On Sunday, Masterson secured the endorsement of President Donald Trump. Corson previously locked up backing from Kelly and former Gov. Kathleen Sebelius.


 
“First of all, Ethan Corson wants to be relatable,” said Bob Beatty, a political science professor at Washburn University. “He’s got kids. He’s in his house. It doesn’t look like it’s a mansion. It’s very informal. And, then he talks about very traditional Democratic issues … and talks about bipartisanship.”
Corson’s ad sought to convince voters he would be a governor who advocated for public schools, cut taxes for “everyday Kansans” and moderated inflation, Beatty said.
On the other hand, Beatty said Masterson brought a bit of swagger to his homestyle announcement commercial. With background rock music, he put a spotlight on his family before tapping the keys of religious faith and conservative ideals. He celebrated Trump and condemned liberal-leaning universities, transgender people and, in general, Democrats. His ad featured a drag queen and video of him in a helicopter on the U.S. border.
“He comes across as sort of a straight talker,” Beatty said. “It’s got this vibe of action. There’s actually a shot there of someone with a tattoo.”
With the Aug. 4 Kansas primary just 10 weeks out, the Kansas Reflector podcast took a dive into ads produced by 11 candidates — two Democrats and six Republicans yearning to be governor, one U.S. Senate hopeful and the Republican and Democratic competitors for attorney general. The commercials were drawn from Beatty’s impressive, publicly accessible online archive on Kansas politicians and issues stretching to 1968.
 
Past praise, right hooks
Former Gov. Jeff Colyer, a Johnson County Republican who served Kansas as a lieutenant governor, state representative and senator, released a brief television ad packed with information about his life that was designed to raise interest among Kansas voters who had yet to delve deeply into the contest.
“I grew up in Hays,” Colyer’s ad says. “We stood for the flag and we knelt for the cross. I’ve lived my life for my family, that flag and that cross. I worked for President Reagan and President Trump, fighting the good conservative fight.”
The spot included Trump’s line from a Topeka campaign event eight years ago in which the president offered praise for Colyer: “You have one hell of a governor.”
Beatty said Colyer deserved credit for transmitting so much in a 30-second spot. In addition to dropping names of prominent Republicans and noting Trump’s applause in 2018, Colyer reminded folks that he’d used his skills as a surgeon on international medical missions.
Holscher, the Democratic senator from Overland Park, opened her campaign with a two-minute commercial telling the story of her life and reasons for getting into politics. It explains she was raised on a Missouri farm in a family with blue-collar values. She defeated an “extremist incumbent” to win a seat in the House and in 2017 was part of a bipartisan coalition that repealed then-Gov. Sam Brownback’s catastrophic state income tax experiment.
“Too many politicians in Topeka and Washington are working to stack the deck against working-class Kansans,” Holscher’s ad says. “We need a governor who will fight for us.”
Beatty said the commercial succeeded in demonstrating Holscher shouldn’t be confused with the economic elites of Kansas.
“Listen for how she’s presenting herself as non-elite,” Beatty said. “So, again, trying to be the candidate that’s relatable.”
Republican Philip Sarnecki, a businessman making his first run for public office, opened a gubernatorial TV ad with images of Kelly celebrating wins against GOP candidates for governor. The images were a jumping off point for Sarnecki to decry the ability of Kelly to defeat Republicans Kris Kobach in 2018 and Derek Schmidt in 2022. And, Sarnecki also took a swipe at Colyer, Masterson and other established Republicans.
“Had enough losing? So have I,” Sarnecki bellowed in the commercial. “I’m Philip Sarnecki, a Kansas businessman who’s ready to win. Career politicians have failed us. Income taxes? Highest in the region. Property taxes? Out of control. Our economy ranks 48th. We keep losing even while President Trump’s winning. … It’s winning time.”
 
A pastor for Senate
Adam Hamilton, pastor of the largest United Methodist Church in the country, triggered an earthquake in the state’s U.S. Senate race by announcing his Democratic campaign for the seat held by U.S. Sen. Roger Marshall, R-Kansas. Hamilton raised more than $1 million during the first week of his candidacy.
Here are snapshots from Hamilton’s 150-second video:
“I can’t sit still and watch what’s happening to Kansas and our country. Instead of fixing things, we have a government in Washington that’s making life harder for Kansans.”
“I’m not naive. Kindness and compassion alone will not turn around what ails us. We must have the courage to stand up and right wrongs, fight for freedoms, and restore a functional government to this American experiment.”
“I’m a man of faith and sometimes that means believing in something others find unbelievable, inspiring other people to do the same. If you agree that what’s going on today is unacceptable, that it doesn’t have to be this way, please consider joining our campaign. And, one more thing: We’re in it to win it.”
Beatty said Hamilton’s introductory ad was compelling in terms of what he said but also noteworthy for how he delivered it.
“This is no amateur in public speaking,” Beatty said. “This is a master class … for an announcement video.”
 
Kobach v. Mann II
Kobach, who is seeking reelection as Kansas attorney general, and Chris Mann, the Democrat who gave Kobach a scare in 2022, are headed for a November showdown. The rematch would be different, because Kobach would be a four-year incumbent as attorney general.
Mann, a former law enforcement officer who had that career cut short by a drunken driver, would have benefit of lessons learned in his unsuccessful campaign against Kobach.
“We’re going to see a huge battle in the next few months,” Beatty said. “I look for (Mann) to be maybe a little more biting and a little more edgy and Kobach will have to respond to that.”
National Republican and Democratic attorneys general organizations weighed in with commercials designed to set the tone for this rematch. The Rule of Law Action Fund, linked to the Republican Attorneys General Association, argued for Kobach’s reelection based on lower crime statistics.
Via a voiceover, the association celebrated Kobach: “Kansas is a safer place because of Attorney General Kris Kobach. … According to the KBI, Kansas has reached its lowest crime rate in more than two decades. Violent crime is down. Murders have dropped over 25 percent and property crimes have plummeted.”
The Democratic Attorneys General Association’s spot on behalf of Mann featured remarks by Mann that contrasted his dedication to law enforcement as a Lawrence police officer against what he asserted was Kobach’s self-aggrandizing sense of the work.
“I’ve spent my entire life running towards the problem and I’m not done with that yet,” Mann says in the ad. “We have a real chance right now to send a message that we will not be represented by someone like Kobach, whose only client is himself.”",https://kansasreflector.com/wp-content/uploads/2025/07/GovBlock-1024x576.jpg,,,2026-05-25 10:57:10.056250
,Kansas Reflector,2026-05-25 14:00:38+00:00,Kansas Reflector,"Early dose of Kansas political ads sheds light on tactics, promises, demeanor of candidates",Tim Carpenter,,,,,https://kansasreflector.com/2026/05/25/early-dose-of-kansas-political-ads-sheds-light-on-tactics-promises-demeanor-of-candidates/,"Kansas candidates for governor, attorney general and U.S. Senate introduce themselves and share political insights in campaign online videos and commercials.","Kansas gubernatorial candidates (left to right, upper row first) Republican Senate President Ty Masterson, former GOP Gov. Jeff Colyer, Democratic Sen. Ethan Corson, GOP Insurance Commissioner Vicki Schmidt, GOP Secretary of State Scott Schwab and Democratic Sen. Cindy Holscher are running videos or commercials indicative of the type of campaigns they're running in 2026. (Photos by Sherman Smith/Kansas Reflector)TOPEKA — Transparently dissimilar state Sens. Ethan Corson and Ty Masterson were drawn to similar homespun tactics for commercials announcing their campaigns for governor of Kansas.
Both chose to film their plunge into a race determining the replacement for Democratic Gov. Laura Kelly by setting up cameras in their homes and outlining what compelled them to seek higher office. Corson, a Democrat, spoke from his Johnson County kitchen with chatty children in the background. A Republican, Masterson, faced voters in his Andover house before opening the aperture to reveal his extended family and political goals.
These partisan rivals — look no further than their recent Senate floor exchanges — managed to land political whales in landlocked Kansas. On Sunday, Masterson secured the endorsement of President Donald Trump. Corson previously locked up backing from Kelly and former Gov. Kathleen Sebelius.


“First of all, Ethan Corson wants to be relatable,” said Bob Beatty, a political science professor at Washburn University. “He’s got kids. He’s in his house. It doesn’t look like it’s a mansion. It’s very informal. And then he talks about very traditional Democratic issues … and talks about bipartisanship.”
Corson’s ad sought to convince voters he would be a governor who advocated for public schools, cut taxes for “everyday Kansans” and moderated inflation, Beatty said.
On the other hand, Beatty said Masterson brought a bit of swagger to his homestyle announcement. With background rock music, he put a spotlight on his family before tapping the keys of religious faith and conservative ideals. He celebrated Trump and condemned liberal-leaning universities, transgender people and, in general, Democrats. His ad featured a drag queen and video of him in a helicopter on the U.S. border.
“He comes across as sort of a straight talker,” Beatty said. “It’s got this vibe of action. There’s actually a shot there of someone with a tattoo.”
With the Aug. 4 Kansas primary just 10 weeks out, the Kansas Reflector podcast took a dive into ads produced by 11 candidates — two Democrats and six Republicans yearning to be governor, one U.S. Senate hopeful and the Republican and Democratic competitors for attorney general. The commercials were drawn from Beatty’s impressive, publicly accessible online archive covering Kansas politicians and issues back to 1968.
 
Past praise, right hooks
Former Gov. Jeff Colyer, a Johnson County Republican who served Kansas as a lieutenant governor, state representative and senator, released a brief television ad packed with information about his life that was designed to raise interest among Kansas voters who had yet to delve deeply into the contest.
“I grew up in Hays,” Colyer’s ad says. “We stood for the flag, and we knelt for the cross. I’ve lived my life for my family, that flag and that cross. I worked for President Reagan and President Trump, fighting the good conservative fight.”
The spot included Trump’s line from a Topeka campaign event eight years ago in which the president offered praise for Colyer: “You have one hell of a governor.”
Beatty said Colyer deserved credit for transmitting so much in a 30-second spot. In addition to dropping the names of prominent Republicans and noting Trump’s applause in 2018, Colyer reminded folks that he’d used his skills as a surgeon on international medical missions.
Holscher, the Democratic senator from Overland Park who was endorsed by former Gov. John Carlin, opened her campaign with a two-minute commercial telling the story of her life and reasons for getting into politics. It explains she was raised on a Missouri farm in a family with blue-collar values. She defeated an “extremist incumbent” to win a seat in the House and in 2017 was part of a bipartisan coalition that repealed then-Gov. Sam Brownback’s catastrophic state income tax “experiment.”
“Too many politicians in Topeka and Washington are working to stack the deck against working-class Kansans,” Holscher’s ad says. “We need a governor who will fight for us.”
Beatty said the commercial succeeded in demonstrating Holscher shouldn’t be confused with the economic elites of Kansas.
“Listen for how she’s presenting herself as non-elite,” Beatty said. “So, again, trying to be the candidate that’s relatable.”
Republican Philip Sarnecki, a businessman making his first run for public office, opened a gubernatorial TV ad with images of Kelly celebrating wins against GOP candidates for governor. The images were a jumping off point for Sarnecki to decry the ability of Kelly to defeat Republicans Kris Kobach in 2018 and Derek Schmidt in 2022. Sarnecki also took a swipe at Colyer, Masterson and other established Republicans.
“Had enough losing? So have I,” Sarnecki bellowed in the commercial. “I’m Philip Sarnecki, a Kansas businessman who’s ready to win. Career politicians have failed us. Income taxes? Highest in the region. Property taxes? Out of control. Our economy ranks 48th. We keep losing even while President Trump’s winning. … It’s winning time.”
 
A pastor for Senate
Adam Hamilton, pastor of the largest United Methodist Church in the country, triggered an earthquake in the state’s U.S. Senate race by announcing his Democratic campaign for the seat held by U.S. Sen. Roger Marshall, R-Kansas. Hamilton raised more than $1 million during the first week of his candidacy.
Here are snapshots from Hamilton’s 150-second video:
“I can’t sit still and watch what’s happening to Kansas and our country. Instead of fixing things, we have a government in Washington that’s making life harder for Kansans.”
“I’m not naive. Kindness and compassion alone will not turn around what ails us. We must have the courage to stand up and right wrongs, fight for freedoms, and restore a functional government to this American experiment.”
“I’m a man of faith and sometimes that means believing in something others find unbelievable, inspiring other people to do the same. If you agree that what’s going on today is unacceptable, that it doesn’t have to be this way, please consider joining our campaign. And one more thing: We’re in it to win it.”
Beatty said Hamilton’s introductory ad was compelling in terms of what he said but also noteworthy for how he delivered it.
“This is no amateur in public speaking,” Beatty said. “This is a master class … for an announcement video.”
 
Kobach v. Mann II
Kobach, who is seeking reelection as Kansas attorney general, and Chris Mann, the Democrat who gave Kobach a scare in 2022, are headed for a November showdown. This rematch would be different, because Kobach would be a four-year incumbent as attorney general.
Mann, a former law enforcement officer who had that career cut short by a drunken driver, would have benefit of lessons learned in his first, unsuccessful campaign against Kobach.
“We’re going to see a huge battle in the next few months,” Beatty said. “I look for (Mann) to be maybe a little more biting and a little more edgy, and Kobach will have to respond to that.”
National Republican and Democratic attorneys general organizations weighed in with commercials designed to set the tone for this rematch. The Rule of Law Action Fund, linked to the Republican Attorneys General Association, argued for Kobach’s reelection based on lower crime statistics.
Via a voiceover, the association celebrated Kobach: “Kansas is a safer place because of Attorney General Kris Kobach. … According to the KBI, Kansas has reached its lowest crime rate in more than two decades. Violent crime is down. Murders have dropped over 25 percent, and property crimes have plummeted.”
The Democratic Attorneys General Association’s spot on behalf of Mann featured remarks by Mann that contrasted his dedication to law enforcement as a Lawrence police officer against what he asserted was Kobach’s self-aggrandizing sense of the work.
“I’ve spent my entire life running towards the problem and I’m not done with that yet,” Mann says in the ad. “We have a real chance right now to send a message that we will not be represented by someone like Kobach, whose only client is himself.”",https://kansasreflector.com/wp-content/uploads/2025/07/GovBlock-1024x576.jpg,,,2026-05-25 14:57:53.081653
,Minnesota Reformer,2026-05-25 13:49:10+00:00,Minnesota Reformer,Remembering the — too often uncompensated — sacrifice of Black veterans,Dwight Hobbes,,,,,https://minnesotareformer.com/2026/05/25/remembering-the-too-often-uncompensated-sacrifice-of-black-veterans/,"The all-Black 25th U.S. Infantry Regiment, also known as the Buffalo Soldiers, garrisoned at Fort Snelling in the 1880s.   At the time, Fort Snelling served as a “staging and supply base for campaigns against Native American nations in the West,” according to the Minnesota Historical Society,   The Buffalo Soldier Museum reports that during the era […]","A group of men from the 25th U.S. Infantry. This all-Black regiment was based out of Fort Snelling in the 1880s. These soldiers were among the “Buffalo Soldiers,” a term referring to the United States’ segregated Black Army regiments. The soldiers shown here were musicians and non-commissioned officers, according to the Hennepin History Museum. (Photo courtesy of Hennepin History Museum)The all-Black 25th U.S. Infantry Regiment, also known as the Buffalo Soldiers, garrisoned at Fort Snelling in the 1880s.  
At the time, Fort Snelling served as a “staging and supply base for campaigns against Native American nations in the West,” according to the Minnesota Historical Society,  
The Buffalo Soldier Museum reports that during the era of the Indian Wars, about 20% of the U.S. Cavalry troopers were Black, and they fought over 177 engagements. 
Native American warriors gave them the name Buffalo Soldiers as a sign of respect. No doubt some of the Buffalo Soldiers believed they risked their lives against the wrong enemy.
Despite their valor, they wore ”secondhand uniforms, rode poor quality horses and had the worst equipment, including their firearms,” according to the Buffalo Soldiers Museum. 
This would become historical pattern: Black soldiers in Minnesota and elsewhere, serving honorably, sometimes in unjust wars, but not receiving the respect or compensation that should have been their due. 
During World War I, Gov. J.A.A. Burnquist, in 1918, consigned Black soldiers to the Minnesota Home Guard’s segregated 16th Battalion, which was not issued uniforms and were distinguished by wearing white gloves. They drilled and marched on Memorial Day in Minneapolis and St. Paul parades. At that, some whites criticized state government for letting them do so under Black officers.  
After World War I, as the New Yorker reported a decade ago, “Black veterans returning home were greeted not with recognition of their civil rights but, instead, with an intense wave of discrimination and hostility…. Many Black veterans were denied the benefits and disability pay they’d been promised. In the first summer after the war, known as the Red Summer, anti-Black riots erupted in more than twenty American cities.” 
The Servicemen’s Readjustment Act, known as the GI Bill, was signed on June 22, 1944. It largely shut out 1.2 million Black veterans.  
The GI Bill was often a ticket to the middle class. The original GI Bill ended in July 1956, bestowing nearly 8 million World War II veterans education or training, and 4.3 million home loans worth $33 billion. 
But from the start, Black veterans had trouble securing the GI Bill’s benefits. Although written without explicit racial exclusion, it was locally administered, so you can imagine what that meant in most of the country. Southern Democrats feared that an educationally and economically empowered class of Black veterans would work to overcome Jim Crow. 
Employment, college attendance and wealth surged for whites, while disparities with Black GI’s  continued and worsened because the bill’s benefits were denied to Black veterans.  Some didn’t even get benefits that automatically came with an honorable discharge, and many more Black than white veterans were dishonorably discharged.  
As Erin Blakemore writes, the bill’s promise of vocational training was unofficially stamped “whites only.”  In 1947, a crowd stoned Black veterans as they moved into a Chicago housing development. 
Some came home to even more severe racial violence: “I had fought in World War II, and I once was captured by the German army, and I want to tell you the Germans never were as inhumane as the state troopers of Alabama,” Hosea Williams, a veteran and civil rights leader, told The New York Times in 1965, according to a more recent report on the plight of Black veterans.    
You could go and die for this country but not come home and live anywhere you wanted. 
Members of Congress offered up bills (H. Con. Res. 59/S. Con. Res. 23) this past Veterans Day to  honor historic sacrifices, acknowledge systemic inequities and call for the Department of Veterans Affairs to address health and benefit disparities. Congress also proposed the GI Bill Restoration Act, to provide benefits to descendants of Black World War II veterans.  
It’s lip service cosmetics. A congressional proposal and bus fare will get you on a bus. 
The Minneapolis VA Health Care System’s Minority Veterans Program is also working to help Black veterans gain equitable access to VA benefits and services. Good luck with this administration.  
Once the armed services were finally desegregated in 1948, Black soldiers often faced greater casualties than white soldiers in places like Vietnam.
More recently, the 2017 workplace and Equal Opportunity Survey of Active Duty Members showed that 31% of Black service members reported suffering racial discrimination, harassment or both in the past 12 months, compared with 23% of Asian American troops and 21% of Hispanic troops, according to the journal Military Medicine. 
A particular instance in Iraq is an absolute horror. ”LaVena Johnson: The Silent Truth” (Midtown Films) documents the plight of 19-year-old Private First Class LaVena Johnson, who evidently got killed facing the wrong enemy.  She was discovered on a Balad, Iraq military base with a broken nose, black eye, loosened teeth, chemical burns on her genitalia and a gunshot wound to the head. The U.S. Army’s finding: suicide, or, as I put it once elsewhere: She beat herself half to death, poured acid between her legs, then blew her brains out. 
And now after a few decades during which the U.S. military — at least among enlisted soldiers — was perhaps the most integrated institution in America, Secretary of Defense Pete Hegseth, a Minnesotan, wants to take us back. Hegseth’s Defense Department tried to erase the contributions of  nonwhite service members, while paying tribute to Confederate soldiers. He’s also been on a bender firing Black flag officers.  
America’s armed forces have a great deal for which to account regarding its exploitation of Black soldiers. For Minnesotans, helping our Black veterans is as good a place to start as any.",https://minnesotareformer.com/wp-content/uploads/2026/05/fort-snelling-musicians-and-ncos-of-25th-infantry-regiment-colored-left-in-1888-badge-on-chest-and-lapels-for-markmanship-whit-visitor-from-4th-artillery-2-768x604-1.jpg,,,2026-05-25 09:57:28.704318
,VTDigger,2026-05-25 13:06:00+00:00,VTDigger,Vermont’s elections are strong. Federal support is not.,Sarah Copeland Hanzas,,,,,https://vtdigger.org/2026/05/25/opinion-vermonts-elections-are-strong-federal-support-is-not/,"
Deep cuts to federal election funding and the dismantling of cybersecurity support are leaving Vermont dangerously exposed.
Read the story on VTDigger here:  Vermont’s elections are strong. Federal support is not..","This commentary is by Sarah Copeland Hanzas, who is the current secretary of state, and former secretaries of state Deb Markowitz, Jim Condos and Don Hooper.
We write as current and former Vermont secretaries of state. We have not always agreed on every policy question, but we share a common understanding of what it takes to run secure and accessible elections — elections that are worthy of public trust.
Vermont does this work well. Our local and national reputation has been earned over decades through careful stewardship, strong partnerships with local officials and a bipartisan commitment to putting voters first. We have also had financial support from the federal government. 
From 2022 to 2024, Vermont received roughly $1 million annually through the Help America Vote Act. This has been the primary federal funding stream for election administration. These funds supported overdue upgrades to election software, strengthened voter data security and provided essential tools and training to local officials. 
In 2025, that funding dropped by more than 70% to approximately $275,000. This was not a marginal adjustment. That sharp reduction left a substantial gap in the resources available to support election infrastructure across the state. This significantly shifts the cost of running a democracy onto states like ours. 
At the same time, other important federal support has been reduced or eliminated. The Cybersecurity and Infrastructure Security Agency within the Department of Homeland Security has served as a key partner to election officials, offering threat intelligence, security assessments and hands-on training at no cost to states and municipalities. Those services helped identify vulnerabilities in our infrastructure and assisted in fighting bad foreign actors who want to interfere with our democracy.
Despite increased spending at Homeland Security, CISA’s election-specific unit has been essentially dismantled. The support from our previous federal partners is gone. 
This should be alarming to all Americans. The nature of election security is evolving. Artificial intelligence has accelerated the spread of mis- and disinformation. Technology vulnerabilities are regularly identified and changing. Additionally, election workers, who are the backbone of Vermont’s democracy, are facing rising threats and harassment. This is clearly not the time for fewer resources and training. 
The federal government has not only become a diminished ally for state election officials; it’s increasingly becoming an active adversary. The administration’s focus has shifted toward noncitizen voting. This is not a meaningful problem in Vermont or nationwide. 
Proposals, justified by the fallacy of noncitizen voting, such as the SAVE Act and the recent executive order targeting mail-in voting, add a multitude of new barriers for voters. These mandates disproportionately affect women, people who are disabled and poorer Americans. These measures do not strengthen the underlying systems to secure elections. Instead, these federal mandates are extensive, complicated and unrelated to the actual risks on the ground — and what’s more, they’re unfunded. 
There is a clear mismatch between the risks and challenges election officials face and the federal government’s priorities. We must act within our state to shore up our democracy. To its credit, the Legislature recognizes that threats to election workers and systems are increasing. Recent proposals, including H.541, an act relating to interference with voters and election officials, establish penalties for intimidating or threatening an election official, reflecting an understanding that those who administer our elections deserve protection.
But laws alone are not enough. The infrastructure that supports safe, secure elections must also be funded. We will need to make future state investments to fill the gaps. 

READ MORE

As we approach the 2026 general election, we want Vermonters to know that Vermont is in good shape. Prudent management of past grant funding by the secretary of state’s office allows for a typical election-year budget request for fiscal year 2027. But what about next year and the year after? We ask the Legislature and the governor to continue to meet this moment. We will continue to shed light on this issue on the national level.
If the goal is truly to support election integrity, the answer is straightforward. Provide consistent, reliable funding. Maintain strong partnerships that deliver cybersecurity expertise and threat intelligence. Invest in the systems and people who administer elections every day.
We offer this perspective not as partisans, but as former and current stewards of Vermont’s elections who understand both the responsibility and the reality of the work. Vermont’s system remains strong, but it depends on ongoing investment and cooperation across all levels of government.
Maintaining the security of our elections is a commitment we can’t afford to ignore.
Read the story on VTDigger here:  Vermont’s elections are strong. Federal support is not..",https://vtdigger.org/wp-content/uploads/2025/02/Commentaries_featured-image-25.png,,,2026-05-25 09:57:28.704318
,Ohio Capital Journal,2026-05-25 13:00:56+00:00,Ohio Capital Journal,"Catching Our Eye News Roundup, May 25, 2026",Ohio Capital Journal Staff,,,,,https://ohiocapitaljournal.com/briefs/catching-our-eye-news-roundup-may-25-2026/,"Every morning in the Ohio Capital Journal’s free newsletter, The Eye-Opener, we round up the news and commentary from across Ohio and around the country and world that is catching our attention. We call this feature Catching Our Eye, republished here. Please subscribe to our free daily newsletter to get all the Ohio news you need to know […]","The Ohio burgee waving along with the national flag of the United States of America. (Stock photo from Getty Images.)Every morning in the Ohio Capital Journal’s free newsletter, The Eye-Opener, we round up the news and commentary from across Ohio and around the country and world that is catching our attention. We call this feature Catching Our Eye, republished here.
Please subscribe to our free daily newsletter to get all the Ohio news you need to know right to your inbox every weekday morning.
If you already subscribe, please share with your family and friends so they know about the Ohio Capital Journal too: https://ohiocapitaljournal.com/subscribe/
SUBSCRIBE: GET THE MORNING HEADLINES DELIVERED TO YOUR INBOX.
 Catching Our Eye


Memorial Day. The Statehouse News Bureau’s Jo Ingles is reporting, “Wreath laying ceremony at the Ohio Statehouse honors fallen members of the military.”Every year, Ohio’s governor and state leaders collaborate with military leaders to honor members of the military who have lost their lives in the line of duty.
At the 2026 wreath-laying ceremony, three service members killed on March 12 as part of Operation Epic Fury were honored by Secretary of State Frank LaRose. He’s a member of the Ohio Army National Guard and was serving overseas when he heard news of their deaths.
“I remember going into a team meeting and telling my teammates that some of our fellow Ohioans had made the ultimate sacrifice. This unit at the air refueling wing is really our neighbors out at Rickenbacker. My unit is just down the flight line. I can tell you it was a heavy moment for all of us,” LaRose said.
Data centers. Signal Ohio’s Jake Zuckerman is reporting, “Ohio data center tax break cost $1.4 billion more than expected in 2025.”Ohio’s biggest tax break for data centers is more expensive than once thought. A lot more expensive.
In 2024, the state sales tax exemption for data centers cost Ohio about $555 million in revenue, four times more than the state Department of Taxation forecasted.
In 2025, it cost a whopping $1.6 billion, eleven times more than the original estimate of $136 million.

SUPPORT: YOU MAKE OUR WORK POSSIBLE",https://ohiocapitaljournal.com/wp-content/uploads/2023/08/GettyImages-1475390270-1024x540.jpg,,,2026-05-25 09:57:28.704318
,Nevada Current,2026-05-25 13:00:27+00:00,Nevada Current,"Hospitals, clinics want Nevada to bolster protections for discount drug program",Michael Lyle,,,,,https://nevadacurrent.com/2026/05/25/hospitals-clinics-want-nevada-to-bolster-protections-for-discount-drug-program/,"Nevada hospitals and health clinics say drug manufacturers are restricting the number of pharmacies in the state that can participate in a federal discount drug program.  The limitations put in place by drug companies make it harder for patients to refill prescriptions at reduced rates, and they affect a revenue stream hospitals rely on to […]","(Mint Images/Getty Images)Nevada hospitals and health clinics say drug manufacturers are restricting the number of pharmacies in the state that can participate in a federal discount drug program. 
The limitations put in place by drug companies make it harder for patients to refill prescriptions at reduced rates, and they affect a revenue stream hospitals rely on to fund health services for underserved patients, lawmakers were told at last week’s legislative interim Committee on Commerce and Labor. 
Officials from Renown Regional Medical Group and the Nevada Primary Care Association, an association of health centers and other community health providers, asked state lawmakers to consider legislation that places protections to ensure health providers can offer the drug pricing program at its fullest.
The 340B Drug Pricing Program, which was created by Congress in 1992, requires drug manufacturers to offer medications at a significantly discounted price to eligible providers. 
The program allows eligible hospitals and clinics to contract with pharmacies to fill prescriptions, said Adam Porath, the vice president of pharmacy for Renown Health. 
“That drug would be shipped directly to the contract pharmacy,”  Porath said. “Any reimbursement that happened for that particular prescription would flow back to the hospital.”
Hospitals and clinics that participate in the program are able to use savings from the program to cover other health services for low-income and underserved patients.
But some drug manufacturers have restricted which pharmacies hospitals can work with, Porath said. They’ve prevented hospitals and clinics with in-house pharmacies from entering contract arrangements.
Twenty-two states have enacted laws to prevent manufacturers from restricting 340B-priced drugs to contract pharmacies in 2025, according to Porath. Representatives for the hospitals and health clinics want Nevada to consider similar legislation. 
One possibility would be to amend Nevada’s Unfair Trade Practices to “guarantee a right to receive 340B drugs at any pharmacy contracted by a covered entity from which the patient receives services,” said Steven Messinger, policy director with the Nevada Primary Care Association.
The funds generated by the cost savings allows hospitals to stand up other health programs that benefit underserved and low-income populations.
Renown Health used cost savings to provide pharmacotherapy services to both adult and pediatric patients, hire pharmacy liaisons that help with financial assistance for patients, and run a 24/7 pharmacy in Reno, Porath said.
Nevada’s Federal Qualified Health Centers – community-based clinics in medically underserved areas – generate roughly 12% of their revenue from 340B Drug Pricing Program, Messinger told lawmakers.
The 340B Drug Pricing Program opens up access to people who might not be close to hospitals and clinics to pick up cheaper prescriptions and rely on pharmacies, said Messinger.
“I think it was suggested that you could just drive to the pharmacy where you could get your discount,” Messinger said. “Most of our patients don’t have lives that are that easy. They are not able to just drive across the valley to a specific place. When they go to access it’s very critical it be in the neighborhood they are in.”
Nevada lawmakers have already passed legislation that prevents price discrimination on 340B drugs and ensures pharmacy benefit managers (PBMs) sell drugs “at the wholesale acquisition cost” rather than adjusted, higher costs, Messinger said.
“That’s how we are able to care for uninsured problems,” he said. “We were getting a lot of money captured before we passed that law.”
 ‘Very lucrative revenue stream’ 

Though hospitals and clinics have touted the benefits of the 340B Drug Pricing Program, the amount of revenue hospitals have generated has been scrutinized by states and at the federal level in recent years. The drug program’s spending went from $6.6 billion in 2010 to $44 billion in 2021, according to an analysis from the Congressional Budget Office analysis
The Senate Health, Education, Labor, and Pensions (HELP) Committee has been investigating abuses of the 340B program.
It is because of lucrative revenue streams that lawmakers should be wary about considering a legislative fix, said Dharia McGrew, the director of state policy with Pharmaceutical Researchers and Manufacturers of America (PhRMA).
“That mechanism has been co-opted by mega retailers and vertically integrated PBM-owned pharmacies that have learned that this program could be a very, very lucrative revenue stream, billions of dollars,” she said, adding that the program is driving up medical costs. “It incentivizes the prescribing of higher cost drugs that have a higher margin of revenue, and it is pushing patients into more expensive care settings.” 
Lawmakers, she argued, should leave it up to Congress to address gaps in services. 
Messinger pushed back against claims that patients aren’t directly benefitting from the funding accumulated from the drug pricing program. 
“A lot of the 340B discussion is assuming a world where everyone is privately insured and we are just trying to decide if the dollar should be going to the insurance company, the PBM, the drug manufacturer, or the provider,” Messinger said. “It doesn’t work that way for us. About 30% of our patients are uninsured and we have to find a way to pay for those patients.” 
Pharmaceutical manufacturers, he noted, have also benefited from keeping drug costs high, adding that the “three largest pharmaceutical manufacturers have profits that are measured in the tens of billions” of dollars.
Nevada, he said, has a better safety net because of the revenue generated from the program and the money is better spent “than somehow putting the benefit back to pharmaceutical manufactures who seem to be doing fine.”
“Why would you want to take that dollar out of clinics serving Nevadans and give them to someone else?” Messinger asked.",https://nevadacurrent.com/wp-content/uploads/2019/12/pharmacy-stock-photo-1024x706.jpg,,,2026-05-25 09:57:28.704318
,Mississippi Today,2026-05-25 13:00:00+00:00,Mississippi Today,New Mississippi gun law targets youth firearm crimes,"Morgan Gill, Roy Howard Community Journalism Center and Bibhas Pantha, RhCJC News",,,,,https://mississippitoday.org/2026/05/25/gun-law-youth-firearm-crimes/,"Firearms are displayed on a wall at The Lead Dispensary in Hattiesburg. Senate Bill 2710 increases penalties for stolen gun offenses and moves some firearm-related cases involving minors from youth court to adult circuit court. The law takes effect July 1, 2026.","Audio recording is automated for accessibility. Humans wrote and edited the story.
FORREST COUNTY — Some Mississippi minors accused of firearm-related crimes will be sent to adult circuit court instead of youth court under a new law that also increases penalties for stolen-gun offenses. 
Senate Bill 2710 takes effect July 1. It increases penalties for possessing, selling or transferring stolen firearms, especially if those guns are later used in violent crimes. 
State Sen. Joey Fillingane, R-Sumrall, said the bill was developed after law enforcement agencies and local leaders raised concerns about youth violence involving firearms. 
READ ALSO: ‘We’ve got to try something different'” Anti-gang bill could put more children in prison
“That was their priority for this legislative session … was to try to figure out a way to curb or try to restrict the amount of increase in youthful violence as it relates to use of deadly weapons,” Fillingane said. 
Mississippi continues to report one of the highest firearm death rates in the country. According to the latest data from the Centers for Disease Control and Prevention, the state’s firearm death rate was about 29.4 deaths per 100,000 residents. About 810 deaths in Mississippi were due to firearms in 2024.
A Centers for Disease Control and Prevention map shows firearm mortality rates by state. Mississippi recorded 810 firearm-related deaths in 2024, according to the CDC.  Credit: CDC
What Senate Bill 2710 changes 
Senate Bill 2710 moves certain firearm-related cases involving minors from youth court to circuit court. Those cases include violent crimes, possession or trafficking of stolen firearms, drive-by shootings or other firearm crimes, and illegal firearm possession tied to felonies. 
State Sen. Joey Fillingane, a Republican from Hattiesburg, discusses Senate Bill 2710, which increases penalties for some firearm-related crimes and moves certain cases involving minors from youth court to adult circuit court.  Credit: RHCJC News
Fillingane said the bill also strengthens penalties for people who possess, sell or transfer stolen guns, or traffic multiple stolen firearms. 
“The days of allowing young people — underage folks — to get away with very violent crimes using deadly weapons in Mississippi has ended. We are no longer going to tolerate anybody, whether you’re over 21 or under 21,” Fillingane said.
The law also makes it a crime to intentionally discharge a firearm into a group of two or more people, even if no one is injured. 
Penalties include up to five years in prison for a first stolen-firearm conviction; at least 15 years for repeat stolen-firearm offenses or possession of multiple stolen firearms; 10 to 20 years for transferring a stolen firearm to a minor; and up to 40 years if a stolen firearm is later used in attempted murder, murder, capital murder or child homicide. 
People convicted of shooting into a group could face five to 15 years in prison and fines of up to $10,000. Cases involving minors, schools, churches, parks, gangs or terrorist organizations could carry up to 30 years in prison and $20,000 in fines. 
Local retailer raises theft concerns 
Matt Pelham, general manager of The Lead Dispensary in Hattiesburg, said the store experienced an attempted robbery on May 3 involving four teenagers who vandalized a window. 
Although tougher penalties may help, Pelham said security remains the store’s first line of defense. 
“It’s more our responsibility to keep it out of the most capable thief’s hands,” Pelham said. “So really the front line of defense is our security which obviously it helped a lot because those kids didn’t even try to get through the window.” 
The Lead Dispensary in Hattiesburg is pictured. General manager Matt Pelham said four teenagerstried to break into the store May 3, 2026, but fled after the store’s alarm system activated.  Credit: RHCJC News
Pelham and Fillingane said many stolen firearms are taken from unsecured vehicles overnight and later used in crimes. 
“The number one place where stolen firearms are stolen from and wind up in the criminal’s hands is from people’s personal vehicles overnight,” Fillingane said. 
Pelham said some gangs use minors to steal firearms because juveniles often face lighter punishment. 
“Gang initiations can include sending children in to steal firearms because their punishment is less severe than if the adults were to go do it themselves,” Pelham added. 
Store employees said guns are placed in vaults and removed from display after hours to deter theft. Pelham said he believes stricter gun laws could help reduce robberies and other violent crimes. 
Gun safety and prevention
While Senate Bill 2710 focuses on penalties, firearm retailers also emphasized safe storage and firearms education. 
“I’ve heard of accidental shootings. Children usually, because they’re curious. That’s why I say teach your children, you know, because you don’t want them to be curious, and that’s how accidents happen,” Pawn Shop Plus employee Amanda Pool said. 
Pool said guns should be stored in a safe at home and kept away from teenagers and children. 
“I also suggest taking them to shoot with you and teaching them,” Pool said. “Because if they know what it does and the sound of it, they’re less likely to want to mess with it.” 
State leaders and local firearms retailers said Senate Bill 2710 is meant to reduce violent crime and increase accountability for firearm-related offenses involving minors and stolen guns.",https://cdn.mississippitoday.org/wp-content/uploads/2026/05/20103151/Gun-Safety_Image_Guns.jpg,,,2026-05-25 09:57:28.704318
,VTDigger,2026-05-25 12:33:00+00:00,VTDigger,"Counseling Service of Addison County, builder join forces on new homes",Addison Independent,,,,,https://vtdigger.org/2026/05/25/counseling-service-of-addison-county-builder-join-forces-on-new-homes/,"
PADs are mobile single-story units that can seamlessly and comfortably accommodate a wheelchair-using resident.
Read the story on VTDigger here:  Counseling Service of Addison County, builder join forces on new homes.","The Counseling Service of Addison County has received two Personal Accessible Dwellings (PADs) that will soon be installed on properties in Shoreham to serve adults with developmental and intellectual disabilities. The PADs, made by Wilmington, Vermont-based WheelPad, are expected to become part of the solution to the county’s housing crisis. Photo by Steve James/The Addison Independent

This story by John Flowers was first published in The Addison Independent on May 21, 2026.
MIDDLEBURY — Necessity is indeed the mother of invention.
So when Julie Lineberger and Joseph Cincotta learned that their 26-year-old godson — rendered quadriplegic following a tragic swimming pool accident — was unable to find a fully accessible living space in his milieu of Portland, Oregon, they put their considerable building and architectural skills to work.
Cincotta invented what they now call a “personal accessible dwelling,” or PAD, of around 200 square feet. It’s a mobile single-story unit featuring bedroom/living area and roll-in toilet/shower that can seamlessly and comfortably accommodate a wheelchair-using resident.
And rather than make it a one-off, the couple turned it into a business plan that, a decade later, has become WheelPad, a Wilmington company that continues to grow and facilitate independent living for adults with developmental and intellectual disabilities.
WheelPad made its presence known in Addison County on May 15 with news that two of its latest PADs are headed to Shoreham, where they’ll be occupied by adults currently residing with relatives or with a host family. The Counseling Service of Addison County’s recent purchase of two StudioPAD units was made possible through collaboration with WheelPad and funding from the Vermont Department of Disabilities, Aging and Independent Living, the Vermont Low Income Trust for Electricity and proceeds from St. Stephen’s Episcopal Church Peasant Market.
As CSAC Development, Outreach & Engagement Director Beth Tarallo put it, the new PADs are “the latest addition to CSAC’s supported housing toolkit, enabling us to respond more flexibly to the needs of the people we serve across Addison County. This model provides dignified and accessible homes, which can accommodate supported living when needed as well as the transition to independent living — a journey unique to each member of our community.”
One of the new StudioPADs was on display May 15 for a special celebration on CSAC’s Catamount Park campus. It’s 28 feet long and 8.5 feet wide and can be safely towed behind a heavy-duty pickup truck. The resident will be able to cook, clean, wash and enjoy other aspects of independent living.

The inside of one of the WheelPads. Photo by Steve James/The Addison Independent

Taylor Morley, executive director of CSAC, was thrilled to see WheelPad roll in a new housing option for folks who don’t have one-size-fits-all needs.
“We do very hard work here. Our community supports itself, and at the end of the day, it’s not just about getting by, it’s about thriving, it’s about finding the moments of joy,” she said. “This WheelPad unit is one such moment of joy today, and it’s going to provide a wonderfully dignified and safe place for some of our community members to live.”
Beth and Mike Davis are the parents of a young adult, Craig, who’ll be living in one of the new WheelPad abodes. Craig has been living with his parents in Shoreham for the past five years and is excited to be under his own roof, according to his mom.
“He really doesn’t want to live with us, and we’re getting to the point where it’s difficult for him to live with us,” Beth Davis said. “This (PAD) will give him a way to test the waters. It will be steppingstone for him to be more independent.”
Davis noted there are many others in Vermont who need the same steppingstone. Currently, almost 40% of adults with intellectual and developmental disabilities live with their parents and other family members, some of whom are in their 70s and 80s.
“And many of these parents are baby boomers. We know we have an aging population in this state,” Davis said, raising the question of how these adult children of boomers will be taken care of when they outlive their parents.
A report for the Vermont Legislature called “The Road Home” includes four main recommendations for lawmakers to pursue on behalf of folks with intellectual and developmental disabilities. They are:
• Creating a new housing advocate position at DAIL.
• Coming up with additional funding for the Vermont Housing and Conservation Board to develop service-supported housing.
• Marshaling more resources for rental housing.
• Establishing an advisory council to ensure “The Road Home” recommendations are accomplished.
Davis was pleased to report on May 15 that each of the four recommendations had made its way into legislation this session. She praised Rep. Robin Scheu, D-Middlebury, for her consistent support on “The Road Home” recommendations. The Davises are among a group of 150 Vermont families dubbed the Development Disabilities Housing Initiative, which has been lobbying for new housing choices.
“Our hope is that new service-supported models of housing … will be built in the next few years, so all adults will have a choice of forever homes in their communities, with the supports they need to live happy and fulfilling lives. The StudioPad here will play an important role in realizing this dream,” Davis said.
Shared home
Chelsea Carl has been a shared living provider at her home in Shoreham for the past 12 years. The second of the two Addison County WheelPad homes will be sited on her property for an adult with intellectual and developmental disabilities.
She said she’s had the privilege of becoming a part of people’s lives “in a very real, human way. I’ve seen growth that didn’t seem possible. I’ve seen independence take shape in small, powerful moments.”
Carl didn’t have to think twice when asked if she’d be open to hosting a PAD on her Shoreham property.
“I’m proud to be part of something that has the potential to create more opportunities for independence, for connection and for a better quality of life — not just for one person, but for many,” she said. “For me, this isn’t just work. It never has been. … It’s 24 hours a day. It’s your home, your time, your energy. It’s late nights, early mornings and everything in between. It asks a lot of you — sometimes more than you think you have to give. But it also gives back in ways that are hard to put into words.”
Carl hopes others will step up to host PADs and become part of the housing solution for adults with developmental and intellectual disabilities.
“Yes, it’s a commitment, but one I believe in deeply. Because if we want to see real change in how we support people, we have to be willing to do things differently. We have to be willing to invest not just professionally, but personally,” she said.
Lineberger and Cincotta were on hand for the May 15 celebration. Lineberger said WheelPad is looking at ways to make the PADs more affordable. The company’s SuitePAD currently goes for $133,000, while the StudioPAD sells for around $165,000.
The company, which Lineberger called a “low-profit limited liability partnership,” prides itself for paying its employees a livable wage.
“If we could, we would make these less expensive so more people could use them. We’ve now gotten to a place where we have a repeatable, innovative and scalable (product),” she said, adding: “This is a mission-driven thing — that everyone should be able to live in a beautiful house.”
Read the story on VTDigger here:  Counseling Service of Addison County, builder join forces on new homes.",https://vtdigger.org/wp-content/uploads/2026/05/wheelpad-addison-independent-1024x686.jpeg,,,2026-05-25 08:57:56.881439
,Source New Mexico,2026-05-25 12:29:53+00:00,Source New Mexico,Bugging out: New Mexico insects face significant declines,Danielle Prokop,,,,,https://sourcenm.com/2026/05/25/bugging-out-new-mexico-insects-face-significant-declines/,"New Mexico is experiencing a startling decline of bugs, a shift that poses critical threats to ecosystems and ways of life.","Simon Doneski, a PhD candidate at the University of New Mexico studying butterflies, said he didn’t have an interest in insects before a summer internship documenting populations. “They’re really incredible creatures,” Doneski said. “The more you know about them, the harder it is to look away.” (Danielle Prokop/Source NM)
The chirrup of a cricket. The stark flash of orange and black wings fluttering around flowers. The drunken looping flight of grasshoppers. The familiar sights and sounds of New Mexico summer are less frequent as populations of insects dwindle due to hotter and drier weather, pesticide use and habitat loss. 
New Mexico, like many other states, is experiencing what experts describe as a startling decline of bugs, a shift that poses critical threats to ecosystems. 
While bugs are often seen as pests, entomologists told Source NM an estimated three-fourths of wild plants rely on them to help them reproduce, as do about one-third of food crops. Insects often serve as the main course for a host of mammals, birds, fish and reptiles; they act as nature’s cleanup crew and control other pests.
David Lightfoot, an insect research associate professor at the University of New Mexico specializing in grasshoppers, hunts for insects on the Albuquerque campus with graduate students. (Danielle Prokop/SourceNM)
Insects are the “backbone of ecosystems,” said David Lightfoot, a research associate professor in the biology department at the University of New Mexico. Lightfoot has spent over three decades studying grasshopper populations in the state, and helped author policies to protect insects and other arthropods. 
Globally, insects are becoming less abundant, he said, due to a variety of factors amounting to death by a thousand cuts. 
He said the recent conservation survey results in New Mexico are similarly grim. 
“More than half of the species we’re evaluating are threatened with extinction, endangered or critically endangered based on declines recently,” Lightfoot said. “What people are reporting globally is, in fact, happening right here in New Mexico. That surprised us because we don’t have the land development and human population seen in other parts of the country.”
The losses are not limited to rare bugs, said Kevin Burls, an endangered species conservation biologist with nonprofit research group Xerces Society for Invertebrate Conservation. He pointed to the cratering of the once-widespread Monarch butterfly population, which is 99% smaller now than populations in the 1980s.
“We’re losing common things in large numbers where they’re having cascading effects in other animal communities,” Burl said, noting it’s occurring across many states. “If you talk to any songbird person in the West, they’ll tell you the decline in insects is responsible for fewer birds.”
And while the scope of the problem has unfolded in the last few years, concerns for an extremely hot and dry summer, and continued uses of pesticides and herbicides could worsen the problems. 
Bye bye butterflies?
A Marine Blue butterfly, one of many New Mexico species that researchers say face threats from habitat loss, pesticide use and climate change. (Danielle Prokop/Source NM)
Butterflies are some of the best-studied insects around the world, with data on their populations extending back decades. 
In 2025, researchers conducted a review of more than 76,000 butterfly studies and found between 2000 and 2020, butterfly abundance fell by 22% and that 13 times more butterfly populations shrunk than grew over that time period. 
The fastest decline occurred in the southwestern states of New Mexico, Arizona, Texas and Oklahoma, which showed an overall drop in abundance by 36%. More than half of the species documented had shrinking populations. 
The impacts of herbicides and pesticides, along with climate change, are harming the insects at all stages of their life cycle, said Simon Doneski, a PhD candidate at the University of New Mexico studying butterflies. Too high of heat can harm eggs or dry out vegetation for caterpillars to eat. 
He said New Mexico’s recent heat wave and dry winter caused an unprecedented surge in butterflies. He’s recorded nearly two dozen species that emerged from their chrysalises a month earlier than they’ve ever been seen before in New Mexico. He said it’s concerning, because the flowering plants the butterflies feed on may not be blooming, or caterpillars born early could experience the summer’s most intense heat. 
“We’re in an uncharted territory,” he said. “This hasn’t happened in at least 100 years, maybe further back than that.”
From planting to policy changes
An American bumblebee alights on a clover bloom at the University of New Mexico Albuquerque campus. New Mexico appears to be a stronghold for the bumblebees, Lightfoot said, noting they have declined across much of the Eastern and Midwestern U.S. in recent years. (Danielle Prokop/Source NM)
State lawmakers’ 2025 overhaul of the New Mexico Department of Wildlife has moved the needle on conservation, Lightfoot said, but additional funding and attention to insect protections remain sorely needed. 
‘Bees to bison’ wildlife agency overhaul ripples through State Wildlife Action Plan

“Before we protect them, we have to learn about them,” Lightfoot said. 
Individuals can take action such as planting native pollinating species and lowering their reliance on herbicides and pesticides, said Kaitlin Haase, a pollinator conservation specialist based in Santa Fe for the Xerces Society. 
Political pressure to change herbicide and pesticide policies or advocate for insects in local politics is another way to get involved, said Burls, also with the Xerces society. 
“Involvement with local politics and state legislatures is hugely important and speaking on behalf of and advocating for insects is something everybody can do,” he said. “It really does matter because other interests have really good lobby support, lots of advocates, but insects don’t always have that — so every voice counts.”",https://sourcenm.com/wp-content/uploads/2026/05/Simon-and-the-blue-butterfly-1024x683.jpeg,,,2026-05-25 08:57:56.881439
,North Carolina Newsline,2026-05-25 12:00:36+00:00,NC Newsline,Duke University’s Jackson Ewing on a massive merger between NC’s two largest electricity providers,Clayton Henkel,,,,,https://ncnewsline.com/2026/05/25/duke-universitys-jackson-ewing-on-a-massive-merger-between-ncs-two-largest-electricity-providers/,"  Earlier this month, regulatory commissions in North and South Carolina approved a merger between the two energy monopolies that dominate electricity production and distribution in our state: Duke Energy Carolinas and Duke Energy Progress. The merger comes at a time of rapid consolidation in the energy industry. Indeed, even as the merger of the […]","Jackson Ewing (Photo: Courtesy Duke University) 
Earlier this month, regulatory commissions in North and South Carolina approved a merger between the two energy monopolies that dominate electricity production and distribution in our state: Duke Energy Carolinas and Duke Energy Progress. The merger comes at a time of rapid consolidation in the energy industry. Indeed, even as the merger of the two Duke entities is moving forward, Florida-based NextEra announced that it is acquiring Dominion Energy, which serves part or northeastern North Carolina.
So, what does all of this mean? What do the companies say about why it’s taking place? What are the potential benefits? What are the potential concerns – both for residential consumers and the wellbeing of our environment as the effects of climate change grow ever-more concerning? Recently, to get a handle on these questions and some others of importance, Newsline had an extended conversation with the Director of Energy and Climate Policy at the Nicholas Institute for Energy, Environment & Sustainability at Duke University, Dr. Jackson Ewing.
Click here to listen to the full interview with Dr. Jackson Ewing, Director of Energy and Climate Policy at the Nicholas Institute for Energy, Environment & Sustainability at Duke University.",https://ncnewsline.com/wp-content/uploads/2026/05/Jackson-Ewing-1024x759.jpg,,,2026-05-25 08:57:56.881439
,Michigan Advance,2026-05-25 12:00:17+00:00,Michigan Advance,Even wealthy Oakland County can’t dodge Michigan’s economic woes,Rick Haglund,,,,,https://michiganadvance.com/2026/05/25/even-wealthy-oakland-county-cant-dodge-michigans-economic-woes/,"Oakland County, long a superstar economic performer and among the wealthiest big counties in the nation, is slipping, another worrisome indicator of Michigan’s sinking competitiveness. The suburban Detroit county’s economic fundamentals are still enviable. Oakland boasts a highly educated workforce, good schools, hundreds of thousands of high-paying jobs and[...]","Oakland County Commissioners' Auditorium | Oakland CountyOakland County, long a superstar economic performer and among the wealthiest big counties in the nation, is slipping, another worrisome indicator of Michigan’s sinking competitiveness.
The suburban Detroit county’s economic fundamentals are still enviable. Oakland boasts a highly educated workforce, good schools, hundreds of thousands of high-paying jobs and low child poverty. It annually churns out nearly a quarter of Michigan’s goods and services.
But the county has recently been struggling to hang on to its prized professional, technical and scientific services jobs. And it has fallen from sixth in 2019 to 11th this year among 27 similar-sized suburban counties nationwide in a measure that includes educational attainment, income, child poverty and the percentage of managerial and professional jobs.
Real wages in Oakland, adjusted for the cost of living, were roughly 19% above the national average in the early 2000s. But the spread had narrowed to just 2.8% by 2024.
“It’s not just Oakland. It’s a problem with the region overall,” said University of Michigan economist Don Grimes, co-author of U-M’s annual Oakland County economic forecast.
Michigan’s biggest job-producing counties have fallen dramatically in the ranking of all U.S. counties in per capita income, according to data compiled by Michigan Future Inc., an Ann Arbor-based think tank.SUBSCRIBE: GET THE MORNING HEADLINES DELIVERED TO YOUR INBOX.
Among them, Oakland has dropped from the 21st wealthiest county in the country in 1999 to 122nd in 2024. Kent County has slid from 237th to 425th. Wayne County has fallen from 560th to 1601st. Macomb County has plunged from 179th to 1095th during the past 15 years.
Michigan has plummeted from 16th in per capita income in 1999 to 40th in 2025.
“This is a statewide collapse of unprecedented scale,” Michigan Future President Lou Glazer said.
Glazer and Grimes have long maintained that Michigan’s economic decline is due to the state’s failure to shift from a factory-based to a knowledge-based economy.
Most of those high-paying knowledge jobs are counted in the professional, technical and scientific jobs category. They include lawyers, accountants, engineers, designers, researchers and other occupations that require high levels of education and training.
Oakland and Michigan have been losing those jobs, likely because many of them are tied to the state’s struggling auto industry, Grimes said.
Oakland lost 4,600 professional jobs last year and is expected to lose another 1,000 jobs between this year and 2028, according to the U-M forecast.
Michigan has shed 2,000 professional and business services jobs over the past 12 months, according to the latest jobs report.
“Our hunch is that these jobs are subcontractors to the auto industry,” Grimes said. “We don’t know that. We can’t prove that. But it’s always been our suspicion.”
Michigan has lost 10,000 manufacturing jobs, including in the auto industry, over the past 12 months.
Oakland and Michigan’s economies are also being hurt by forces outside their control. Tariffs, stubbornly high inflation and the war in Iran that has sent gas prices spiraling, are harming job growth.
“We believe those difficulties reflect the tough external environment Oakland has faced recently, including high interest rates and uncertain trade policy,” the U-M forecast said.
But the biggest threat the county and state face into the future is Michigan’s aging population and its lack of success in retaining and attracting young talent.
Michigan’s labor force fell by 19,000 workers in April and has shrunk by 103,000 people, or 2%, over the past 12 months, according to the state’s latest jobs report. Much of that decline is a result of an increase in retiring workers, according to the Michigan Center for Data and Analytics, a state agency.
Unless the state can replenish and grow that talent pipeline, Michigan faces a future of anemic job growth, at best. The state no longer will have the ability to create 20,000-to-30,000 jobs a year, as it has in the past, Grimes told me.
“The bottom line going forward is we’re going to reach the point where we don’t expect employment gains,” he said. “It’s a fact of life for the rest of our futures. A normal year might be job losses.”
As scary as that sounds, Glazer and others say they’ve been frustrated that these population and economic competitiveness issues have failed to light a fire under policymakers.
“The thing that has surprised me is that there have been no alarm bells by anybody,” Glazer told me. “We’ve become one of the poorest states in the country and nobody cares about it.”
But that could begin to change this week when the state’s top business leaders, policymakers and gubernatorial candidates meet on Mackinac Island for the Detroit Regional Chamber’s annual policy conference.
Chamber President Sandy Baruah and conference chair Bob Riney, the CEO of Henry Ford Health, are scheduled to kick off the conference on May 26 with a session entitled, “Michigan’s House Is on Fire.”
Baruah is expected outline how Michigan is falling behind competing states in income, job growth, K-12 test scores, population growth and educational attainment.
Business leaders and policymakers “are going to hear all this horrible population, income and education data,” Glazer said. “They’re not going to be able to ignore it.”
If Michigan is to again become a wealthy state, they’d better not.",https://michiganadvance.com/wp-content/uploads/2019/08/oakland_county_commissioners_auditiorium_via_oakland_county-1024x576.jpg,,,2026-05-25 08:57:56.881439
,Connecticut Mirror,2026-05-25 12:00:00+00:00,CT Mirror,Higher gas prices could strain CT’s transportation rebuild plans,Keith M. Phaneuf,,,,,https://ctmirror.org/2026/05/25/higher-gas-prices-could-strain-cts-transportation-rebuild-plans/,Certain gasoline and sales tax receipts could “soften” this summer if prices remain elevated or turn worse in the coming months.,"While rising gasoline prices threaten Connecticut families’ summer travel plans, the trend is putting pressure on the state’s transportation program as well.
Gov. Ned Lamont’s budget director said Thursday that certain gasoline and sales tax receipts could “soften” this summer if prices remain elevated or turn worse in the coming months.
And a key business leader warned that the state’s transportation construction dollars likely won’t stretch as far, as the cost of diesel fuel, liquid asphalt and other petroleum-related products surge along with gasoline.
“I think we are, unfortunately, all at the whims of the federal government and the decisions of our current president, and this is a situation where we are all suffering,” Lamont’s budget director, Office of Policy and Management Secretary Josh Wojcik, said Thursday.
According to AAA, the average price of regular gasoline stood Friday at $4.55 nationally and $4.64 per gallon in Connecticut, with the latter up 60% since the U.S. and Israel went to war with Iran on Feb. 28.
That created a brief surge in the state’s $2.3 billion Special Transportation Fund, thanks to a percentage-based tax that reflects changes in the wholesale price.
But that tax also has a cap, which has been in effect since March 31. In other words, tax receipts from this source are maxed out — unless motorists start driving more.
That’s unlikely given current prices, not to mention a new forecast posted Wednesday on X by GasBuddy. The popular gasoline price-forecasting service projected an average retail price nationally of $4.80 per gallon between Memorial Day and Labor Day, provided supply lines from the Persian Gulf remain blocked.
But a continuation or worsening of high prices likely will start taking a toll on Connecticut’s second tax on gasoline — a fixed, 25-cents-per-gallon retail levy, Wojcik said.
He noted that also could cut into sales tax receipts from new vehicle purchases.
These two sources, collectively, are to generate more than $615 million for the STF in the next budget cycle, which starts July 1.
Why does that matter?
The fund is key to Connecticut’s efforts to rebuild its aging network of highways, bridges and rail lines — an initiative that was challenged even before the war with Iran started.
Roughly 40% of the STF is tapped for yearly principal and interest payments on the $1 billion-plus Connecticut borrows annually — and pairs with hundreds of millions on federal grants — to upgrade infrastructure. The rest covers operating costs for the Departments of Transportation and Motor Vehicles and supports public transit programs.
Lamont failed to convince lawmakers during his first two years in office in 2019 and 2020 that fuel and sales tax receipts were no longer sufficient to support a modern transportation system and that highway tolls were needed.
Legislators did create a highway mileage tax on certain commercial trucks, but that generates a small fraction of what tolls would produce.
The administration hasn’t renewed its push for tolls but began warning lawmakers one year ago that the transportation fund was on a collision course with insolvency by 2030.
Last November, one year after proposing greater borrowing to accelerate the infrastructure rebuild and ease congestion, the administration projected that effort would have to be rolled back due to financial concerns.
After borrowing $1 billion for transportation work in 2024-25 and pushing it to $1.3 billion this fiscal year, the administration had planned to reach $1.4 billion in the budget cycle that starts July 1.
But last fall, the Office of Policy and Management reported annual borrowing would drop to $1.2 billion starting in July, fall to $1.1 billion in the 2027-28 fiscal year and remain at that level for at least two more budget cycles.
The head of the Connecticut Construction Industry Association said Thursday those borrowed dollars may not buy as much as they did just a few months ago.
Contractors rely heavily on diesel fuel to power trucks and other heavy equipment, said association President Don Shubert. And the average price of diesel in Connecticut still at $5.81 per gallon on Friday, according to AAA, more than $2 greater than the pre-war price.
The cost of liquid asphalt and other petroleum-based products used in many construction projects also is up significantly.
Large construction projects often are scheduled to run for three to five years, Shubert said, adding that firms cannot anticipate huge cost increases that develop in just two months.
“If you take into consideration the inflation we’re seeing now, you’re going to have a reduction in the program” even if the state maintains its levels of construction spending, he added.
Wojcik said he doesn’t believe the potential weakening of gasoline and sales tax revenues would create insurmountable challenges. “We want to continue to make important transportation infrastructure investments,” he said.
But he also said it’s hard to forecast, given how much depends on President Donald Trump’s administration and the Persian Gulf conflict.
Lamont and state legislators took one step to shield Connecticut’s transportation program when they enacted the new state budget earlier this month.
Current law normally allows the state treasurer to use certain surplus dollars from the transportation fund to pay down transportation construction debt at an accelerated pace.
But Lamont and lawmakers captured $100 million of likely surplus from this fiscal year’s STF and transferred it to the fund in the budget cycle that starts July 1, ensuring it still would be available to mitigate problems created by surging gasoline prices.
Rep. Maria Horn, D-Salisbury, co-chairwoman of the Finance, Revenue and Bonding Committee, said there are advantages to paying off debt quickly, but lawmakers also want to shield the transportation rebuild and construction work from the economic chaos created by surging fuel prices.
“We were worried about the solvency of the [transportation] fund,” she said.",https://ctmirror.org/wp-content/uploads/2019/08/GoldStarBridge_090417a013-e1470924753243.jpg,,,2026-05-25 08:00:46.467507
,California,2026-05-25 12:00:00+00:00,CalMatters,Lawmakers stripped the Board of Equalization of power. Now they’re fighting to join it,Cayla Mihalovich and Adam Ashton,,,,,https://calmatters.org/politics/2026/05/board-of-equalization-election/,"California's Board of Equalization has a quirky history dating back to the 19th Century. It's a launching pad to statewide political office, too.","In summary
California’s Board of Equalization has a quirky history dating back to the 19th Century. It’s a launching pad to statewide political office, too.


California’s Board of Equalization is a coveted spot once again for state lawmakers looking for a new gig almost a decade after then-Gov. Jerry Brown signed a law gutting the organization of any serious governing responsibility.
This year, three current state lawmakers are competing for seats on the nation’s only elected tax board. They’re among some two dozen candidates on the ballot for its four elected positions, which are divided by geographic districts.
The board has long been a launching pad to higher offices in California politics — Fiona Ma served on it before becoming state treasurer, as did Betty Yee and Malia Cohen before each being elected state controller. 
The agency itself is a throwback to the 19th Century. It’s rooted in an 1879 constitutional amendment that created it and charged it with “equalizing” county property tax assessments statewide.
From that narrow mandate, it swelled to become a juggernaut that collected a third of the state’s tax revenue and provided a venue for people and businesses to contest their tax bills in front of the elected board. It survived numerous efforts by governors to kill it outright, including attempts by Pete Wilson and Arnold Schwarzenegger.
That is until 2017, when a cascade of allegations about board members misusing the office to promote themselves led to an authoritative state audit that lawmakers could not ignore. 
Brown signed a law stripping the agency of any powers beyond what voters gave it in 1879 and created two new departments that report to the governor instead of the elected board: one to collect sales and use taxes and another to hear taxpayer appeals. 
After that, Board of Equalization elections tended to be lower profile contests. Ted Gaines, a former Republican state lawmaker from the Sacramento area, won a seat. Former Democratic Assemblymember Sally Lieber is up for reelection on the board this year. The other members had experience in local politics instead of inside the Capitol. 
“We’re lean but we’re not mean,” said Lieber, the incumbent for District 2, which includes 19 counties centered on the Bay Area. “I think the Board of Equalization is the right size in the system right now…I do really believe that the board has a role to play in being a forum for taxpayers to come forward to.”
This year voters will see more contentious elections for the tax board:

In District 1 representing inland California, Republican state Sen. Shannon Grove of Bakersfield has more than $900,000 in a campaign account and name recognition from her representing the San Joaquin Valley in the Legislature since 2010. Democrats are putting up a fight for the district. Fresno City Councilmember Nelson Esparza is running with the party’s support.
In District 2 representing coastal California north of Los Angeles, incumbent Lieber faces San Mateo Community College District Trustee John Pimentel. Lieber has the Democratic Party’s endorsement, but a number of Bay Area Democratic leaders are backing Pimentel, including state Treasurer Ma and San Jose Mayor Matt Mahan.
In District 3 representing the Los Angeles area, former Monterey Park City Councilmember Yvonne Yiu put up $760,000 of her own money and has about $1 million on hand. The race has another heavyweight in Assemblymember Mike Gipson, a Democrat from Gardena who has served in the Legislature since 2014. 
District 4 representing the San Diego area has an especially crowded race with Democratic state Sen. Tom Umberg of Santa Ana, San Ysidro school board member Martín Arias, San Diego Unified School District board member Cody Peterson, and Denis Bilodeau, a Republican supported by San Diego Assemblymember Carl DeMaio’s Reform California organization.

A forum for California taxpayers
The board was always popular among taxpayer advocacy groups, who liked that it provided a forum to focus on tax issues in a capital where debates often center on labor and business. 
“It’s a very useful elected body that answers to the voters,” said Susan Shelley, vice president of communications for the Howard Jarvis Taxpayers Association.
Some of this year’s candidates are thinking of ways to make the most of the agency.
Arias believes the board could do more to assist homeowners and potential homeowners. As a taxpayer advocate in the San Diego County Assessor’s Office, he says he works with the Board of Equalization every day and has a front seat to how the system works. 
“I think there’s a bigger opportunity here to make the Board of Equalization the constitutional office that it is — that it should be,” he said. “There’s a clear opportunity here for us to start advocating at the state level for all of our taxpayers, including those that don’t speak English.”
Umberg said he’d like the board to have more investigative power and resources. Citing instances in which San Bernardino and Los Angeles assessors have been arrested on felony charges, he said he’s most interested in the board’s oversight of property tax assessors. 
“Although it’s not a high-profile job, it’s a critically important job, especially when we’ve got so many revenue challenges in California,” Umberg said in an interview with CalMatters.
Questioning BOE’s relevance
Advocating for the board’s expansion has drawn criticism from former board members and employees. Yee, a board member from 2004 to 2014, has been vocal about abolishing the board entirely because she believes that its limited responsibilities could be easily transferred to another department or agency. 
“I just really do question how this board continues to have relevance,” she told CalMatters. “I sometimes feel like the board is really doing a lot of work in search of finding problems to solve. …I know with each of the board members, they feel very strongly about being a taxpayer advocate. But frankly, every public official should be a taxpayer advocate. ”
Democrats stopped short of killing the agency entirely because they would have had to put that question to voters. 
“They should have just chopped the head of the snake off and done away with the Board of Equalization altogether,” said Mark DeSio, a former communications director for the board. “They didn’t do that. They left enough of the cancer to grow back.”
He cooperated with the audit that revealed misspending at the agency that appeared intended to promote its elected members as well as another that showed widespread nepotism in its hiring practices. He then lost his job in the reorganization and filed a whistleblower retaliation lawsuit against the state.
DeSio believes lawmakers want seats on the Board of Equalization because it allows them to maintain a high profile until they can run for office again. 
“That was the recipe for disaster a few years back,” he said. “Somebody better watch these guys. They’re not there for the policy. It’s for the exposure.”
Cayla Mihalovich is a California Local News fellow.",https://i0.wp.com/calmatters.org/wp-content/uploads/2026/05/032825_Capitol_Assembly_MG_36-scaled.jpg?fit=1024%2C683&amp;ssl=1,,,2026-05-25 08:00:46.467507
,VTDigger,2026-05-25 11:17:00+00:00,VTDigger,"In local downtowns and across the globe, Vermont-hewn monuments honor soldiers’ service",Theo Wells-Spackman,,,,,https://vtdigger.org/2026/05/25/in-local-downtowns-and-across-the-globe-vermont-hewn-monuments-honor-soldiers-service/,"
“I think it's going to be a really important, memorable day,” said one Hartford memorial committee member ahead of a new monument dedication on Monday.
Read the story on VTDigger here:  In local downtowns and across the globe, Vermont-hewn monuments honor soldiers’ service.","A granite monument with a golden eagle atop in Veterans Park in White River Junction on Friday, May 22, 2026. The monument recognizes veterans who served in the Korean, Vietnam, and 1975 – 2025 eras and is surrounded by wooden planks ahead of a Memorial Day dedication ceremony. Photo by Noel Clark/VTDigger
Theo Wells-Spackman is a Report for America corps member who reports for VTDigger.
On Monday, a new monument to local veterans of the Korean and Vietnam wars, as well as more recent conflicts, will be dedicated on Railroad Row in Hartford for Memorial Day.
The organizers chose a quintessential Vermont material for the structure, quarried just 50 miles up the road.
“I think it’s going to be a really important, memorable day,” said Mary Kay Brown, who leads the town’s memorial committee. “For the first time, the names of these veterans will be permanently on display and publicly recognized in our town.”
Nearly 900 names, painstakingly gathered from scratch, will appear on the structure’s face, Brown said. And the monument itself is hewn from Barre granite, a Vermont stone with a rich tradition.
Vermont’s granite industry, and its deep ties with war memorials, dates back to the 19th century, according to Scott McLaughlin, a historian and executive director of the Vermont Granite Museum in Barre. Manufacturers in the area initially began making Civil War memorials for towns across the state, and wider demand soon poured in.
Since then, Vermont-crafted monuments have been placed across the country and overseas, including the U.S. Korean War Monument in Busan, South Korea. In the first half of the 20th century, roughly 80% of U.S. monuments were coming from the state, according to McLaughlin. The state’s output of Civil War monuments alone, which numbers in the thousands, spreads across much of the United States.
In sum, “Vermont was king,” McLaughlin said.
It’s not just that Vermont’s granite craftspeople were always highly skilled, though that’s certainly part of it, McLaughlin added. 
Barre Gray, the now-trademarked stone that lies in massive abundance in the earth beneath Barre Town, is in many ways perfect for the unique demands of memorial stoneware: soft enough for precise carving, but durable enough to last like a monument ought to.
“You can give these textural differences, even though it’s the same exact material,” McLaughlin said. “You can create a level of human emotion from the viewer because of the realities that you’re simulating.”
Joe Zickmund, who sits on the national board of the American Legion and is a former commander of the organization’s Vermont Department, emphasized the importance of war monuments in Vermont communities. His town of Barre features the well-known Youth Triumphant memorial to the soldiers of World War I, which remains a gathering place on days like Memorial Day each year.
“It’s a place of reflection,” Zickmund said, “and a place to remember.”
Officials in Rutland are planning and raising funds for their own new monument made from Vermont granite, a piece honoring World War II soldiers. Local leaders aim to complete the project this fall, according to Community News Service reporting.
For Brown, her involvement with Hartford’s monument project — and similar undertakings in the past — is deeply personal. Her husband, a veteran of the Gulf War, was involved in Operation Desert Storm in the 1990s.
“We got married the day before he left,” Brown said. “Veterans’ issues have always been important to me.”
A number of Hartford residents whose names appear on the monument are still alive and will be able to attend Monday’s gathering, she added, which will make the event especially resonant. A significant portion of the crowd that day, Brown predicted, “will be, or will be close to, or married to, or the brother of, a veteran.”

The new monument is delivered to Veterans Park and installed on a granite pedestal on April 23, 2026. Photo courtesy of the Hartford VT Monument Project and Mary Kay Brown

Howard Coffin, a Vermont-based war historian and author, gave the dedication speech for a war monument honoring soldiers in his home town of Woodstock some years ago. The structure bore three of his uncles’ names. Coffin said he ended his speech by quoting “Stardust,” a popular song during the second world war.
“It’s a soldier thinking of home,” he said of the lyrics. When he looked out at the crowd, he said, “I bet 50 people were weeping.”
When Coffin helped organize funding for another monument in the early 2000s at Wilderness Battlefield in Virginia, where Vermont lost more than 1,000 men in a single day in 1864, he asked for a likeness of Camel’s Hump to be carved at the top. The mountain was mentioned constantly in thousands of letters he read written by Vermont soldiers, he said.
The other certainty in Coffin’s mind at the time? 
“It’s gotta be made out of Vermont stone,” he said.
Brendan Rose contributed reporting.

Read the story on VTDigger here:  In local downtowns and across the globe, Vermont-hewn monuments honor soldiers’ service.",https://vtdigger.org/wp-content/uploads/2026/05/1000066662-1024x577.jpg,,,2026-05-25 08:00:46.467507
,Utah News Dispatch,2026-05-25 11:03:01+00:00,Utah News Dispatch,Salt Lake City area ranks among top 10 best places for veterans to live,Katie McKellar,,,,,https://utahnewsdispatch.com/2026/05/25/salt-lake-city-area-ranks-among-top-10-best-places-for-veterans-to-live/,"The Salt Lake City-Murray area is among the nation’s top 10 places to live for veterans, according to a new ranking.  The list released last week by Veterans United Home Loans — a mortgage lender for current and former military members — ranked the top metro areas for veterans, service members and military families based […]","Veterans United Home Loans analyzed 23 different factors and surveyed 200 veterans to develop its ranking. (Getty Images)The Salt Lake City-Murray area is among the nation’s top 10 places to live for veterans, according to a new ranking. 
The list released last week by Veterans United Home Loans — a mortgage lender for current and former military members — ranked the top metro areas for veterans, service members and military families based on a variety of factors, including quality of life, opportunities for affordable living, jobs, quality healthcare access, veteran support networks and proximity to major military installations. 
The Salt Lake City-Murray metro area ranked as the ninth best place to live for veterans and service members. Even though Salt Lake City has high housing costs compared to other areas across the nation, the metro scored high due to other factors including economic opportunity, outdoor lifestyle and overall quality of life. 
“With standout healthcare access, a growing job market and quick access to skiing, hiking and mountain recreation, Salt Lake City offers a compelling mix of opportunity and lifestyle,” the lender wrote in an article about the ranking. “Veterans can take advantage of nearby outdoor destinations like Big Cottonwood Canyon, Little Cottonwood Canyon, Park City and the Great Salt Lake, while still having access to city amenities such as Temple Square, local breweries, performing arts venues and a growing downtown.”
Behind the scenes of an effort to house homeless veterans across Utah

Here’s how the top 10 metros for veterans ranked: 

Virginia Beach-Chesapeake-Northfolk area in Virginia and North Carolina
San Antonio-New Braunfels in Texas
Jacksonville in Florida
Nashville-Davidson-Murfreesboro-Franklin in Tennessee
Tampa-St. Petersburg-Clearwater in Florida
Oklahoma City 
Austin-Round Rock-San Marcos in Texas
St. Louis metro area spanning Missouri and Illinois
Salt Lake City-Murray in Utah
Dallas-Fort Worth-Arlington in Texas

The home lender estimated that the Salt Lake City-Murray metro area has nearly 38,000 veterans, which is a smaller veteran population than other cities that ranked in the top 10, “but it performs especially well in healthcare access and infrastructure.” 
The Salt Lake City-Murray area ranked No. 1 in healthcare and facilities scores, with a high number of physicians per capita and a high concentration of Veterans Affairs facilities compared to its veteran population. 
The VA Salt Lake City Healthcare System includes the George E. Wahlen VA Medical Center in Salt Lake City and 10 community-based outpatient clinics spanning the state and into Idaho and Nevada. 
SUBSCRIBE: GET THE MORNING HEADLINES DELIVERED TO YOUR INBOX.
Though “affordability is a challenge” for housing in the Salt Lake City area, the ranking said — with a median home price of $565,500 — the ranking noted that Utah also offers property tax relief options for eligible disabled veterans and some tax relief on military retirement income, though the state’s tax benefits aren’t as robust as other states with no income tax. 
Other factors like a strong economy, job market and its concentration of VA facilities helped Salt Lake City break the top 10. 
“Salt Lake City offers a lifestyle that’s hard to match, especially for those transitioning into civilian life,” Coral Alkashif, a real estate agent with Black Diamond Realty, said in a prepared statement included in the ranking. “The economy is strong, with growing job opportunities, major employers and continued development driven by tourism and infrastructure.”
The Veterans United Home Loans analyzed 23 different factors and surveyed 200 veterans to develop its ranking, according to its methodology. The lender then scored 605 metro areas across all 50 states based on those factors, with an extra consideration on veteran resources and financial factors like cost of living. 
SUPPORT: YOU MAKE OUR WORK POSSIBLE",https://utahnewsdispatch.com/wp-content/uploads/2025/10/GettyImages-521351990-scaled-1-1024x683.jpg,,,2026-05-25 08:00:46.467507
,Mississippi Today,2026-05-25 11:00:00+00:00,Mississippi Today,Marshall Ramsey: Safeguarding their sacrifice,Marshall Ramsey,,,,,https://mississippitoday.org/2026/05/25/marshall-ramsey-safeguarding-sacrifice/,Marshall Ramsey's editorial cartoon depicts a person in a military cemetery thanking those buried there for freedom. They tell him not to let it slip away.,,https://cdn.mississippitoday.org/wp-content/uploads/2026/05/22210035/Marshall-Ramsey-for-May-22-2026.jpeg,,,2026-05-25 08:00:46.467507
,Mississippi Today,2026-05-25 11:00:00+00:00,Mississippi Today,Gov. Reeves releases Mississippi artificial intelligence guide,Katherine Lin,,,,,https://mississippitoday.org/2026/05/25/artificial-intelligence-mississippi-ai/,"Site of Amazon's data center under construction in Canton on Saturday, Oct. 4, 2025.","Audio recording is automated for accessibility. Humans wrote and edited the story.
Gov. Tate Reeves has released the Mississippi Statewide AI Framework, a document that outlines the state’s priorities with artificial intelligence and provides guidance to help Mississippians of all ages learn about and prepare for the AI economy.
The document focuses on four priorities and 11 skills centered around AI literacy and accessibility, ethical use, privacy and workforce readiness in alignment with other state efforts. It provides a sweeping overview for AI skills and understanding for those from elementary school age to people well into their careers. 
READ MORE: Mississippi lawmakers are looking to regulate AI after the technology is misused
Citing AI’s rapid evolution, the document says, “it is not legislation, a requirement or a mandate. Rather, it serves as a strategic point of alignment and leadership-oriented guide.” It says the document will be updated as technology develops.
“This is about more than technology — it’s about people,” said Courtney Taylor, executive director of AccelerateMS, the state’s workforce development office.
The 27-page document was created by the AI Workforce Readiness Council along with AccelerateMS and the Mississippi Artificial Intelligence Network, or MAIN. The council was established last year as part of the Mississippi AI Talent Accelerator Program, which also gave out over $9 million in grants to Mississippi colleges and universities to expand their AI education programs. 
Statewide, Mississippi departments and legislators are already exploring how to use AI and what policies are needed to regulate it. Last year, the Mississippi Department of Education launched a pilot program for teachers to use AI to help with lesson planning and the Department of Information Technology Services issued guidance on AI use in state government. 
With the growing adoption of AI and concerns about safety, all 50 states have introduced legislation over the last few years on issues including education and criminal use of AI.   
During the recent session, the Mississippi Legislature passed a bill defining AI and considered another that would have created more protections for Mississippians from AI misuse. The state already has laws around using deepfakes in political campaigns and classifying AI images of children as child exploitation.",https://cdn.mississippitoday.org/wp-content/uploads/2025/10/06103847/Data-Center-Canton-1.jpg,,,2026-05-25 08:00:46.467507
,Missouri Independent,2026-05-25 10:55:41+00:00,Missouri Independent,Missouri cannabis regulators prepare final lottery with new rules targeting predatory deals,Rebecca Rivas,,,,,https://missouriindependent.com/2026/05/25/missouri-cannabis-regulators-prepare-final-lottery-with-new-rules-targeting-predatory-deals/,"Lesley Turek is planning for a busy June traveling the state to educate people about the final lottery for 77 microbusiness marijuana licenses.  Turek, the chief equity officer for the Missouri Division of Cannabis Regulation, will hold education sessions in Kansas City, Jefferson City and St. Louis, along with five webinars to outline application requiremen[...]","Brenton Ihms, lead grower and part owner of microbusiness Klondike Cannabis in Farmington, tends to marijuana plants (photo submitted).Lesley Turek is planning for a busy June traveling the state to educate people about the final lottery for 77 microbusiness marijuana licenses. 
Turek, the chief equity officer for the Missouri Division of Cannabis Regulation, will hold education sessions in Kansas City, Jefferson City and St. Louis, along with five webinars to outline application requirements and answer questions. 
The application window will open sometime in midsummer, she said. 
A large part of what she’ll be covering are new rules that will go into effect at the end of May — rules cannabis regulators proposed in 2024 after they revoked numerous licenses due to unconstitutional ownership deals. 
“Generally, the changes needed to happen,” Turek said, in an interview with The Independent, “so that we could bring the focus back to the intention of the program.”
The purpose of the program, she said, is providing “a small business opportunity for those people who wouldn’t otherwise have the chance to be a part of the cannabis industry to have an opportunity for facility ownership.”
The microbusiness program was established through the 2022 constitutional amendment voters approved to legalize recreational marijuana. It was “designed to expand opportunities for marginalized or under-represented individuals to participate in the state’s regulated marijuana industry,” according to a press release the division issued Tuesday.
It’s been a rocky road since Missouri held its first lottery for microbusiness licenses in 2023.
For nearly three years, The Independent has documented a pattern of well-connected groups and individuals flooding the microbusiness lottery by recruiting people to submit applications and then offering them contracts that limit their profit and control of the business. 
Of the 106 microbusiness licenses issued so far, 38 have been revoked and one has been surrendered.
“There’s really no question in many cases,” Amy Moore, the division’s director, said during a hearing with the Joint Committee on Administrative Rules in March. “Third parties used eligible individuals, names and circumstances to attempt to acquire licenses for themselves.”
When the program first began, Turek said cannabis regulators implemented a similar application review that was used with comprehensive medical marijuana licenses. 
“But we had no idea there would be problems to the extent that we saw,” Turek said. 
The new rules, she said, allow regulators to complete an extensive review before the licenses are issued, rather than afterwards. They also provide a deeper explanation of what it means to “majority own and operate” a license, which is a requirement in the constitutional amendment. They mandate that regulators communicate directly with majority owners and that applicants take a course on compliance before applying and after receiving the license. 
“It’s a positive step forward for the program,” Turek said. 
 ‘A clear understanding’

In Missouri, there are seven categories where people could qualify for a microbusiness license, ranging from a lower income level or living in an area considered impoverished to having past arrests or incarcerations related to marijuana offenses.
Applicants pay a $1,500 application fee that’s refundable if they don’t get picked. The Missouri Lottery will pick 77 applicants for licenses to open up either dispensaries or cultivation facilities. The goal is to bring the total number of microbusiness licenses up to the constitutional minimum of 144 microbusiness licenses. 
Turek said the learning sessions will give participants access to division staff, who can answer their questions about the application. 
She believes the application is pretty straightforward and something people can complete on their own, unlike the much more complicated application for comprehensive licenses. 
“We have lots of tutorials, and we have a step-by-step guide that we provide as well,” she said. “Anybody could sit down and do the application. I don’t think it’s challenging.”
The Missouri Department of Health and Senior Services posted on its website for cannabis microbusiness license information (Screenshot of DHSS’ website).
The part that most people don’t often understand is everything that comes with being a marijuana facility owner.
“It’s very expensive, it’s very regulated, and so it’s challenging,” she said. “I want to make sure people have a clear understanding beforehand, so that they can make a good decision about whether or not they want to apply to this program.”
A big part of her presentation will be focused on the fact that the licenses must be majority owned and operated by eligible individuals, she said. They have to hold more than 50% of ownership and more than 50% of the power to direct the decisions that are made with the license. 
“It’s more than just ownership percentage,” she said. “It is really about being able to have that control of it.”
She’ll also talk about the designated contact, and why in the new rule regulators will require the designated contact to be the applicant or an eligible person who holds majority ownership. 
“The simple reason is we have to get a hold of people,” she said, “We’ve discovered during our verification processes that sometimes if there’s a third party involved, it’s just really hard to get information.”
Turek said she doesn’t want people to lose out on the opportunity because “someone didn’t share information with somebody else. We know that that happens.”
The designated-contact role was envisioned as a way to ensure clear communication between the state and licensees.
Instead, state regulators discovered many designated contacts have kept the actual eligible applicants in the dark about business and license dealings. Applicants get locked into agreements that limit their voting power and profits in the business, calling into question who actually stands to reap the rewards of the booming industry. 
That’s also why the state is now requiring a pre-application training, which will be a three-hour online course to ensure that applicants have an understanding of “potential predatory practices,” regulators stated in responses to public comments in the rulemaking process.
One major shift that Turek believes will help prevent so many revocations is changing when regulators conduct their extensive application review. 
The state issued its first round of 48 microbusiness licenses in 2023. 
These applicants were picked out of a lottery of 1,600 submissions, and then the division verified they met the basic qualifications — which includes having a low income, a nonviolent marijuana charge on their record, being a disabled veteran or living in a low-income ZIP code. 
But getting the license is currently just the beginning of the verification process. 
 Extensive review

One major shift that Turek believes will help prevent so many revocations is changing when regulators conduct their extensive application review. 
The state issued its first round of 48 microbusiness licenses in 2023. 
These applicants were picked out of a lottery of 1,600 submissions, and then the division verified they met the basic qualifications — which includes having a low income, a nonviolent marijuana charge on their record, being a disabled veteran or living in a low-income ZIP code. 
But getting the license is currently just the beginning of the verification process. 
Amy Moore, director of the Missouri Division of Cannabis Regulation, speaks with a microbusiness owner at the National Cannabis Industry Association’s summit in St. Louis in 2024 (Rebecca Rivas/Missouri Independent).
The licensees must then pass through a rigorous 60-day investigation into all financial and operating agreements to make sure the license will continue to be majority owned and operated by an eligible person, as the state constitution requires.
After the investigations in 2023, the division ended up issuing 11 notices of pending revocation. 
The licensees had a few months to respond to the division’s concerns, but ultimately all six licenses connected to cannabis investor Michael Halow were revoked — along with two connected to a Michigan-based group — because they couldn’t prove the business would be run by an eligible person.
The revocations were the division’s attempt to prevent what some legal experts have called “fronts,” or arrangements where the profits and ownership weren’t going to people that regulators had certified were eligible. 
In July 2024, the division awarded another 57 microbusiness licenses. But after the 60-day investigation, regulators sent out 32 notices of pending revocation.
The state ended up revoking 25 licenses, 16 of them were connected to Halow. And nearly all of 25 cited ownership issues. 
By law, the state must award a total of 144 licenses to disadvantaged business owners, over the course of three lotteries. The state has already conducted two lotteries.
With the final lottery, the extensive review process will come before the license is issued, the new rules mandate, to prevent the revocation process as much as possible, Turek said.
“Do I think that will help? Yes,” she said. “Will it prevent all of it? Probably not. I’m sure that we will still run into some issues, but I do think it’s a good approach, so that we don’t end up having 30-plus revocations.”
Turek said it will be exciting to welcome in “a whole new crop of licenses.” Last fall, several microbusiness facilities became operational, and she’s seeing more movement in that direction.
“I really feel strongly that the microbusiness licensees are a community of people, first and foremost, that support each other,” she said. “They’re the ones that are making this program move forward, so I’m looking forward to meeting some new people and sharing as much as I can about the program. It’s a great program.”



Microbusiness education outreach events
In-person forums:                                                      
June 8 – 6 to 8 p.m. – Jefferson City
June 15 – 6 to 8 p.m. – St. Louis
June 22 – 6 to 8 p.m. – Kansas City
Webinars:
June 5 – 6 to 8 p.m.
June 11 – 6 to 8 p.m.
June 16 – 6 to 8 p.m.
June 24 – 11 a.m. to 1 p.m.
June 29 – 6 to 8 p.m.
Registration is required for all in-person and virtual sessions. Interested participants may register at Microbusiness Education. Additional information about the microbusiness program is available at cannabis.mo.gov.",https://missouriindependent.com/wp-content/uploads/2025/11/Brenton-e1762631157954-1024x614.jpeg,,,2026-05-25 07:00:30.327706
,VTDigger,2026-05-25 10:55:00+00:00,VTDigger,Researchers at Vermont orchard work to bring back the American elm tree in New England,Greta Solsaa,,,,,https://vtdigger.org/2026/05/25/researchers-at-vermont-orchard-work-to-bring-back-the-american-elm-tree-in-new-england/,"
The species suffered a mass decline decades ago. Researchers are studying how to restore disease-resistant elm trees, with the goal of increasing biodiversity and flood resilience in the process.
Read the story on VTDigger here:  Researchers at Vermont orchard work to bring back the American elm tree in New England.","Leila Wilson, research ecologist with the U.S. Forest Service, demonstrates elm tree inculcation on May 19, 2026. Photo by Greta Solsaa/VTDigger
BENSON — Elm trees in New England were nearly wiped out by disease more than 50 years ago, but a small number of the majestic trees survived. 
Now researchers are asking why and hoping the answer could help restore the trees to the landscape and even limit flood damage in the process.
It all started nearly a decade ago when workers with the U.S. Forest Service and The Nature Conservancy planted around 5,300 elm trees in a 28-acre orchard in hopes of restoring the once-abundant tree to New England’s landscape.
Elm trees suffered a mass die-off in the 1970s, said Gus Goodwin, a conservation planner with The Nature Conservancy in Vermont. The tree is tied to the region’s history and is integral for future flood resilience, he said.
Researchers identified 53 “survivor” elm trees in New England, Goodwin said. These are trees that survived around outbreaks of Dutch elm disease, said Chris Hansen, a research technician with the University of Vermont. This experiment will test if the trees are truly resistant. 
“In order for this to be successful for restoration efforts, we need diversity of elms,” Hansen said. “We need to keep finding more survivor elms. We need to keep propagating them. We need to keep creating seed orchards and having that available for restoration efforts.”
Elm trees can grow in low light conditions and are a prime species for flood plain forests that help slow and store floodwaters, ultimately making it safer for people to live in flood plains, Goodwin said. Many Vermonters live in flood plains because of typography and the way the state has settled, he added. 
“One of the most important pieces of the natural infrastructure that protects us are these flood plains, so investing in their health and function is important,” Goodwin said. “Elm is one of those ways we can invest in them.”
Last week, The Nature Conservancy and the Forest Service came back to the Benson orchard to infect the trees with the same fungal disease that caused the species’ decline, putting their decadelong experiment to the test. 

Gus Goodwin, senior conservation planner with The Nature Conservancy in Vermont, talking about the Elm research project at the Benson orchard site on May 19, 2026. Photo by Greta Solsaa/VTDigger

“We really don’t know how well they’re going to respond,” said John Butnor, research plant physiologist with the U.S. Forest Service. “There’s probably only a few of these that may be totally unaffected, but there are some that might tolerate it and actually bounce back, so that’s what we’re really looking for.” 
Butnor said the team will be coming back to the site to rate trees’ response to disease like dieback and then analyze the data to identify which trees to focus on in the future.
Butnor — who is based out of the Forest Service research lab in Burlington that is under threat of closure due to national reorganization efforts — said he studies the elm trees’ cold adaptation and budding timing to understand how the trees will react to weather changes. 
Leila Wilson, a research ecologist with the Forest Service, said she and the team at a U.S. Forest Service lab in Ohio took branches of the 53 New England-adapted “survivor” trees and made them flower and collected the pollen, which they then crossed with other elm trees planted in Ohio. The 5,000-plus trees in Vermont are the resulting progeny.
Once the surviving progeny trees are identified, the clones of the parent species will be planted in seed orchards on Nature Conservancy-owned land in Shelburne and elsewhere in New England for further study, said Wilson.
There are similar efforts in three other regions of the U.S., Wilson said, but this is the biggest regional effort, given the number of trees planted, the number of survivor elms represented and the number of partners involved in the effort. 
The goal of the project is to make elm tree seeds widely available to plant the key species both in flood plains and urban areas, so eventually fully developed American elms can once again contribute to biodiversity and resilience of the New England forest canopy, Goodwin said. 
“Elm would be a tremendous species to have in the mix there. It’s fast growing. It’s really hardy and vigorous. It’s cold tolerant, so it thrives in a wide range of climates,” Goodwin said. “It’d be great to see it planted out in the landscape.”
Read the story on VTDigger here:  Researchers at Vermont orchard work to bring back the American elm tree in New England.",https://vtdigger.org/wp-content/uploads/2026/05/leila-wilson-us-forest-service-elm-trees-1024x681.jpg,,,2026-05-25 07:00:30.327706
,Missouri Independent,2026-05-25 10:50:20+00:00,Missouri Independent,Memorial Day asks what kind of America we are willing to defend,Janice Ellis,,,,,https://missouriindependent.com/2026/05/25/memorial-day-asks-what-kind-of-america-we-are-willing-to-defend/,"This Memorial Day we need to seriously consider whether our actions and voices in this democratic republic are debasing or honoring those who made the ultimate sacrifice. Are we guilty of taking the rights and privileges we enjoy for granted? Or worse yet, of totally abdicating our responsibility to continue to protect and preserve them? […]","(Bilanol/iStock Images)This Memorial Day we need to seriously consider whether our actions and voices in this democratic republic are debasing or honoring those who made the ultimate sacrifice.
Are we guilty of taking the rights and privileges we enjoy for granted? Or worse yet, of totally abdicating our responsibility to continue to protect and preserve them?
There is no passing the buck
Each of us bears responsibility for where America finds herself today.
The most casual observer can readily see that any agreement about where America is compared with where America should be headed — in terms of governance, rights and values — is deeply fractured, and elusive at best.
If you or your loved ones were asked to put life and limb at risk to defend America, do you know what you would be defending?
Would you be defending the longstanding belief in, and adherence to, the laws, privileges, institutions and individual rights outlined in the U.S. Constitution and its amendments?
Or would you be defending the current practices and growing movement to disregard and nullify those sacred documents, to neuter the power and functions of the branches of government, and to deny and restrict individual rights?
Which America are you willing, like so many generations before us whom we are honoring today, to defend and possibly give your life for?
Whether it was the Revolutionary War, the War of 1812, the Civil War, World War I and World War II, the Korean War, the Vietnam War, or more recent theaters of war — Iraq and Afghanistan — the purposes and missions of those wars were more clearly defined.
Congress and the American people were informed and were asked to support and sacrifice, whether or not we agreed with the act of war and the reasons for it.
Where does America stand when it comes to engaging in wars today?
There is unending controversy about the current war with Iran on multiple fronts, with the looming prospect of sending American troops to fight if a peaceful resolution is not achieved soon.
But we, as nonmilitary citizens, are engaged in the greatest war of all: fighting for the soul of America — who and what she will become.
Late last year Congress passed and the president signed into law the annual defense policy bill, which requires eligible young men to be automatically registered for the military draft pool starting in December rather than signing up manually.
Whether voluntarily or by conscription, each citizen should be clear about what the country stands for that they are being asked to protect and defend.
With the end of the draft in 1973, young men and women from all walks of life voluntarily chose to join the various branches of military service. They saw it as honorable choices for so many reasons: personal development, job and career opportunities all while serving their country. Many still do.
We all feel a sense of pride and gratitude when we encounter men and women in military uniforms. It is common practice to thank veterans, whether familiar or strangers, at every opportunity for their service.
Today, despite the divisive and rancorous climate within our branches of government and the critical departments in charge of our common welfare and defense, each of us as civilians must find a way to protect, preserve and pass on the sanctity of the freedoms, rights and values our fellow Americans gave their lives for.
How do we model and pass on a sense of respect, duty, honor and pride when those values are not practiced by our leaders at the highest levels of government, in the media and in other public places?
By taking advantage of the age-old learning and teaching foundation at our fingertips: home.
With the precarious state of civic education in many of our schools, and dangerous and prevalent influence of social media, we cannot afford to ignore our responsibility to convey a healthy sense of the importance of respecting and adhering to the rule of law, understanding how our government should work, and honoring our values and human rights.
We cannot leave the understanding of those critical areas of America’s identity to chance and silence.
It can be argued that what is happening in the community in which we live, and in communities all across America, is a direct result of the civic education we passed, or failed to pass, on to our children in schools and at home — from one generation to the next, directly or indirectly.
What our children are taught, or learn by association, has far-reaching impact and lasting consequences, especially in determining who they become as engaged citizens, leaders, and other public roles they take on.
How can we ever think we can afford to leave something so important to the other influences competing to determine or dictate their behavior and choices? What we choose to teach in our home is up against formidable odds under the best circumstances.
So doing nothing to fight to preserve and promote the soul of America that so many sacrificed their quality of life and died for is not an option.
On this Memorial Day, and given where America is at home and on the world stage, we have a lot to consider.
Ongoing civic engagement should be a staple at home. But it also must be ever present in city hall, the state capitol and Washington, D.C.
Visiting military burial sites, placing flags, and making patriotic remarks ring hollow if we sit silently by the rest of the year, say nothing and do nothing as the things they fought and died for are becoming more and more unrecognizable.
What America are you proud of and willing to defend and die for?
More importantly, as civilians, what are we willing to do here at home to fight for America’s soul — her essence and very identity — that those we remember today died for?
Those are the questions we face this Memorial Day, and beyond.",https://missouriindependent.com/wp-content/uploads/2026/05/MemorialDay2-Bilanol-1024x683.jpg,,,2026-05-25 07:00:30.327706
,Daily Montanan,2026-05-25 10:49:38+00:00,Daily Montanan,Memorial Day and the women who mourn,Ed Saunders,,,,,https://dailymontanan.com/2026/05/25/memorial-day-and-the-women-who-mourn/,"Years ago in late May, the calendar showed Memorial Day would soon come to Yellowstone National Cemetery in southcentral Montana. Many people would then visit graves, watch ceremonies, and listen to patriotic speeches. A rifle salute would crack, and the mournful bugle call of Taps would finish the day. But not today. Today she walked […]","The Yellowstone National Cemetery in Laurel, Montana on Memorial Day 2020 (Photo by Ed Saunders, used with permission). Years ago in late May, the calendar showed Memorial Day would soon come to Yellowstone National Cemetery in southcentral Montana. Many people would then visit graves, watch ceremonies, and listen to patriotic speeches. A rifle salute would crack, and the mournful bugle call of Taps would finish the day. 
But not today. Today she walked alone with her thoughts and memories; no one else was in the cemetery.  
She was a past middle-aged woman with hair turned white from age and perhaps unspoken sorrow. A woman of dignity, of quiet elegance and of modest dress, she  walked among the hundreds of upright gray-granite headstones. 
The headstones were all identical except for names and dates showing birth and death. The many engraved emblems-of-belief beneath the headstones’ rounded tops showed how that person, buried beneath, prayed or did not pray. 
The headstones were granite, not to honor anyone with nobility but to withstand Montana’s prevailing winds, lashing blizzards, and dry searing heat. This is unrelenting land. A fierce land. A land that does not yield. 
In this cemetery of precision-set headstones, rank after rank as if in final military parade, she walked a few steps and stopped. She looked to the horizon and then down, perhaps to say a silent prayer or two. The Montana wind slackened to a breeze that  tousled her groomed hair. 
I arrived after she did and watched her from afar. She appeared uncertain. I thought  perhaps I could help. I walked to her. She looked at me and said she was looking for a  grave and could I help? She said the name she searched for.  
The woman, reserved in manner, did not wait for my answer but said, “He always wanted to be buried here. Here among the western sky, the deer, the eagles, and looking west toward the mountains. He really liked it here.” 
I nodded. 
Yellowstone National Cemetery is on a ridge one mile north of Laurel, Yellowstone  County, Montana. The cemetery overlooks scenic Yellowstone River Valley. Distant mountains and vast prairies surround the cemetery. Nothing on that ridge impedes relentless western winds, winds that stretch the cemetery’s massive American flag flying  over the cemetery and straining the 60-foot-tall flagpole holding the flag aloft. 
Commissioned in 2014, the ten-acre U.S. national cemetery is America’s first national  cemetery designed for sparsely populated rural areas in America. Presently, America  has 208 national cemeteries and soldiers’ burial lots, the majority operated by the U.S.  Department of Veterans Affairs, National Cemetery Administration. 
America now cares for the mortal remains of over four million honorably served military veterans. Even today America reflects on how best to pay tribute to, and remember in death, those who served this nation honorably in military uniform. 
Drew Gilpin Faust in her 2008 award-winning book, “This Republic of Suffering,” writes about the Civil War, when the upheaval of tens of thousands of military battle deaths  challenged America physically, culturally, and spiritually. She writes about the character of a people, and how it shows in the way they treat their dead in body and in memory. In America these are the foundations of our Memorial Day. 
Gilpin Faust explores the “Good Death” where America sought to ameliorate war deaths with notions of honor, purpose, and somehow being in the right. With fine words and ceremonies, America struggles even today to alleviate the hard bitter truths of deaths in war and in military service, especially in wars or armed conflicts that twisted wrong. 
Women of the defeated Civil War Confederacy were the first to organize, find, and decorate the graves of their fallen brothers, husbands, and sons. Wearing black, these women were first in American history to collectively mourn their fallen men.  
In World War I Grace Seibold’s son was killed-in-action. 
Seibold resolved that mourning alone was not proper or emotionally healthy. In 1928 she began Gold Star Mothers, a  Congressionally chartered organization for women to honor and remember their family  members who died in military service to America. Gold Star Mothers exist today to ensure no one mourns alone at the grave of the fallen who died in military service. 
In 1948 the Arlington Ladies organization began when Air Force chief of staff, Gen. Hoyt Vandenberg and his wife, Gladys, observed burials of servicemen at Arlington National Cemetery where no family or friends came to honor the deceased. Vandenberg then began group of women who would attend the burials of these forgotten servicemen to ensure someone honors them. The Arlington Ladies continue today.
These women knew that the greatest tragedy facing an American in military uniform is not that they may die in battle or in service. That is the greatest sacrifice. The greatest tragedy is these servicemen and servicewomen may be forgotten; forgotten in life and forgotten in death by the same nation they swore an oath to defend, even at the cost of  their lives. 
Abraham Lincoln’s heart-rendering Civil War letter to Lydia Bixby is among the highest examples of honoring a mother and remembering her sons who died in battle. In  November 1864 Lincoln wrote to her, “I pray that our Heavenly Father may assuage the  anguish of your bereavement and leave you only the cherished memory of the loved  and lost, and the solemn pride that must be yours to have laid so costly a sacrifice upon  the altar of freedom.” 
The American poet and Civil War veteran, Walt Whitman, wrote in “Dirge for Two Veterans,” “The moon gives you light, and the bugles and the drums give you music. And my heart, O my soldiers, my veterans, my heart gives you love.” 
In ceremonies honoring the dead, including Memorial Day, we search for illusive closure, if closure can be found. Gilpin Faust summarizes the hard cold truth of death when she writes, “Yet for those who remain alive to mourn, death provides no full stop.” 
At Yellowstone National cemetery that day, the lady and I walked together searching for  a grave. She said, “I won’t be here for Memorial Day. I no longer live here, so I came today. The cemetery has so many graves alike that I can’t find his grave.”  
We soon found the grave. She thanked me and I departed, leaving her with her thoughts. At a respectful distance I watched as she put her hand on the granite headstone. She patted the headstone as if she were patting his hand. 
Watching her I remembered the poignant Civil War letter of U.S. Army major Sullivan Ballou, written to his wife shortly before a battle in which he was killed. He wrote, “O Sarah, if the dead can come back to this earth, and flit unseen around those they loved,  I shall always be near you…and, if the soft breeze fans your cheek, it shall be my  breath; or the cool air cools your throbbing temples, it shall be my spirit passing by.” 
On that day at Yellowstone National Cemetery long ago, the breeze caressed the headstones and carried memories aloft. A quiet day of honor for two people under Montana’s big sky.",https://dailymontanan.com/wp-content/uploads/2026/05/YNC-Memorial-Day-2020.int_-1024x684.jpg,,,2026-05-25 07:00:30.327706
,Oklahoma Voice,2026-05-25 10:30:07+00:00,Oklahoma Voice,Meet the Republicans running for Oklahoma Labor Commissioner,"Sierra Pfeifer, KOSU",,,,,https://oklahomavoice.com/2026/05/25/meet-the-republicans-running-for-oklahoma-labor-commissioner/,"There are four candidates in the Republican primary race to win a seat in the general election for Oklahoma’s next Commissioner of Labor. Each is touting their conservative credentials in their bid to replace the term-limited Leslie Osborn. The winner of the GOP primary will face off against unopposed Democratic and Libertarian candidates, Kevin Dawson […]","From left, Labor Commission candidates John Pfeiffer, Lisa Janloo, and Kevin West are pictured. Not pictured is Keith Swinton, whose campaign did not provide a photo. (Provided photo)There are four candidates in the Republican primary race to win a seat in the general election for Oklahoma’s next Commissioner of Labor.
Each is touting their conservative credentials in their bid to replace the term-limited Leslie Osborn.
The winner of the GOP primary will face off against unopposed Democratic and Libertarian candidates, Kevin Dawson and Mike Hall.
The Oklahoma Commissioner of Labor is an elected executive officer who heads the Oklahoma Department of Labor. The commissioner enforces state labor laws, including wage disputes, child labor laws and safety regulations. The role focuses on promoting the welfare of wage earners, improving working conditions and enhancing workplace safety. The position has a four-year term.
Below is a roundup of the Republican candidates who will appear on primary election ballots this June.
Lisa Janloo
Lisa Janloo describes herself as a mother, small-business owner and community leader. She founded a homeschool program during the COVID-19 pandemic, has served as vice president of the Spencer Chamber of Commerce and chaired the Spencer Parks Board.
Janloo is also the State Director for the Latinos United for Conservative Action Foundation, which engages minority communities in conservative politics and advocates for constitutional liberties and parental rights.
Her main priorities as commissioner include investing in youth, establishing fair workplaces and prioritizing support over penalties. In an interview with the State Chamber of Oklahoma, Janloo said she wants to erase the image of a “scary labor department,” and lean into creating partnerships.
“Labor commissioner is more like a compliance department — making sure people are getting paid what they are supposed to be paid, making sure workplaces are safe,” she said. “Being able to connect with our businesses across the state to make sure they are doing what they are supposed to do.”
If elected, Janloo said she wants to focus on helping formerly incarcerated people reenter the workforce with job training to reduce recidivism.
John Pfeiffer
John Pfeiffer is the Deputy Floor Leader of the Oklahoma House of Representatives. He was first elected in 2014 to represent parts of Garfield, Grant, Kay, Logan and Noble counties in District 38. His sixth, and final, term will end in November.
During his time at the State Capitol, Pfeiffer has focused on rural issues, agriculture and other efforts, such as speeding up access to public records and removing discriminatory language from old land records.
He announced his candidacy for Commissioner of Labor last April, vowing to bring “conservative leadership, workforce development and a pro-business mindset” to the department.
In January, Pfeifer told the Oklahoma Farm Report that traveling for his campaign has reinforced his optimism for the state’s future. He said Oklahoma has reached a “turning point.”
“It’s going to be exciting to see where we go in the next 5, 10, 25 years,” he said.
Pfeiffer is a United States Marine Corps veteran. His top campaign priorities include protecting small businesses, promoting worker freedom and defending the Second Amendment in the workplace, according to his website.
Pfeiffer’s father, John H. Pfeiffer Jr., is a fourth-generation Oklahoma farmer and rancher. In 2025, he was the recipient of the Governor’s Outstanding Achievement in Agriculture Award and the 28th inductee into the Oklahoma Agriculture Hall of Fame. Pfeiffer’s wife, Sierra Pfeiffer, is also running to be the next Associate District Judge in Logan County.
Pfeiffer and his wife are raising their son, Jack, on a ranch in Logan County. They attend the First United Methodist Church of Orlando.
Keith Swinton
Keith Swinton is an inventor and entrepreneur who says his executive leadership experience sets him apart from the other candidates running for Commissioner of Labor. He spent many years working at the U.S. Postal Service’s National Center for Employee Development in Norman. He has also founded multiple companies.
Swinton campaigned for the commissioner position before, both in 2018 and 2022.
In a candidate survey on Ballotpedia, Swinton said the responsibilities most important to the office are to “make conservative common sense decisions based on reliable data.”
He said he is passionate about workplace safety and higher pay for all Oklahomans. He said he looks up to President Donald Trump for his ability to earn voters’ trust and advance a better vision for the future.
“I dream of leading Oklahoma into prosperity and living up to its potential to become an economic monster that leads our nation,” Swinton said.
Kevin West
Kevin West is a member of the Oklahoma House of Representatives, representing parts of Cleveland and Oklahoma County in District 54. He assumed office in 2016, and his fifth term will end in November.
At the State Capitol, West authored laws that prohibit Oklahomans from changing the sex marker on their birth certificate or state driver’s license and outlaw “adult performance which contains obscene material” on public property or in a public place viewable by a child.
After the COVID-19 pandemic, West helped author Senate Bill 672, which prohibits the governor from closing any businesses during a pandemic “without documented scientific evidence that the nature of the business actually contributes to the spread of the disease.”
In his legislative bio, West said he is committed to “making his community, state and country a safer, better place to raise children, run businesses and forge a future.”
West studied construction and business at Northeastern Oklahoma A&M. After graduating, he spent several years working in cabinet shops before opening his own business in Oklahoma City.
West announced his candidacy for Commissioner of Labor last fall. His top priorities include rebuilding the pipeline of skilled trades, promoting safety and supporting small business owners and contractors, according to his campaign website.
He recommends launching a bipartisan task force on AI and automation to protect Oklahoma workers and prepare them for the changing economy.
West has been married to his high-school sweetheart, Goldie, for almost 40 years. The two have two adult children and four grandchildren. West and his wife are active members of Regency Park Baptist Church in Moore, where they live.
This article was originally published by KOSU.
SUBSCRIBE: GET THE MORNING HEADLINES DELIVERED TO YOUR INBOX.",https://oklahomavoice.com/wp-content/uploads/2026/05/Labor-Commissioner-candidates-1024x512.jpg,,,2026-05-25 07:00:30.327706
,Nebraska Examiner,2026-05-25 10:15:59+00:00,Nebraska Examiner,"‘Forgotten war’: Nebraska veteran, former lawmaker readies ninth Ukraine mission amid Russian war",Zach Wendling,,,,,https://nebraskaexaminer.com/2026/05/25/forgotten-war-nebraska-veteran-former-lawmaker-readies-ninth-ukraine-mission-amid-russian-war/,"LINCOLN — A former Nebraska state lawmaker and U.S. Army veteran hopes his ninth trip to Ukraine since Russia’s February 2022 invasion next week keeps a spotlight on what he fears has become a “forgotten war.” Former State Sen. Tom Brewer, a 36-year veteran who earned two Purple Hearts with tours in Afghanistan and Kyrgyzstan, will […]","Supporters of Ukraine and the Ukrainian people gather outside the Nebraska State Capitol every Saturday to honor Ukraine in its continue resistance to Russian invasion, including on Feb. 28, 2026, marking the four-year mark of the war. (Zach Wendling/Nebraska Examiner)LINCOLN — A former Nebraska state lawmaker and U.S. Army veteran hopes his ninth trip to Ukraine since Russia’s February 2022 invasion next week keeps a spotlight on what he fears has become a “forgotten war.”
Former State Sen. Tom Brewer, a 36-year veteran who earned two Purple Hearts with tours in Afghanistan and Kyrgyzstan, will again visit Ukraine beginning the week of Memorial Day for about two weeks with a small team of Nebraskans. In large part, the missions are fact-finding and a means to give back to the “Nebraska-like” country, share stories from the ground and look to when the war is over.
“There are people I’ve run into who don’t even realize the war is still going on,” Brewer told the Nebraska Examiner.
Former State Sen. Tom Brewer speaks to supporters of Ukraine and the Ukrainian people as they gather outside the Nebraska State Capitol every Saturday to honor Ukraine’s continued resistance to Russian invasion, including a weekend on Feb. 28, 2026, marking the four-year mark of the war. (Zach Wendling/Nebraska Examiner)
There is still daily fighting on an active warfront that stretches 600 miles with hundreds of thousands of fighters and 400-plus drones in a given night, Brewer said. Yet Brewer said Iran’s importance on oil and gas prices, and the danger war correspondents face going to the war-torn Ukraine has meant that keeping the Russia-Ukraine war top of mind is difficult.
“There’s more happening there in one night than has happened in the whole Iranian situation,” Brewer said.
“You would think there would be a break point where they said, ‘You know, we’ve just paid too much. I’m done,’” Brewer said of Ukrainians. “But I don’t think it’s going to be there.”
While there will be a lot of healing and reconstruction after the war, Brewer sees a chance for a sister-like relationship between Nebraska and Ukraine, one he’s been helping to build. Ukrainians in Lincoln, in return, have honored and thanked Brewer and his team, among other state leaders.
“If you can just visualize Ukraine, 1-2-3 years after the war is over, and how we can help this country that’s so Nebraska-like to become a key part of Europe and the world,” Brewer said. “That’s really where we need to be thinking.”
A mission-driven team
The latest team again includes Don Hutchens, the longtime former executive director of the Nebraska Corn Board, and John Grinvalds, KETV’s capital bureau chief who is again independently traveling as a war correspondent. Grinvalds has produced multiple story series documenting his time in Ukraine, including the award-winning “War-Torn: Stories from Ukraine” aired on 10/11 News and the “Wounds of War” and “Winter of War” series aired on KETV.
John Grinvalds, a reporter with KETV, right, joins former State Sen. Tom Brewer, at left, and Don Hutchens, former executive director of the Nebraska Corn Board, to talk about the team’s efforts in Ukraine to support its people and document stories of Ukrainian life since Russia invaded the country in February 2022. At left is a photo of the team on an earlier mission to Ukraine, about four to five miles from the warfront. Nov. 7, 2025. (Zach Wendling/Nebraska Examiner)
Dick Clark, who worked with Brewer when the senator chaired the Legislature’s Government, Military and Veterans Affairs Committee, is also joining this time to independently help with governmental affairs. Brewer chaired that committee for six of his eight years in the Legislature. Clark serves as committee legal counsel.
“There’s a value added if you’re not a ‘drive-by Charlie’ who just shows up, gets a picture and leaves,” Brewer said.
As in previous trips, the team, particularly Grinvalds, will be within a few kilometers of the actual war front. Brewer said that “gives you a level of reality and credibility that now they want to work with you” and that sharing stories from the ground, as Grinvalds and the team will again, is vital.
Brewer’s group also will tour agricultural operations at Hutchens’ coordination, observe a military drone unit, see demining in agricultural fields, visit a golf course retrofitted to help veterans with post-traumatic stress disorder and traumatic brain injuries and meet with government leaders. Clark will also help with Ukrainian legislation to assist veterans when they return from war.
This time also marks a celebration for a project Brewer and Grinvalds have followed: the opening of the Child of Light orphanage outside of Kyiv, spearheaded by a Lincoln-based group.
Former State Sen. Tom Brewer, former executive director of the Nebraska Corn Board Don Hutchens and KETV reporter John Grinvalds, from left, are illuminated by a documentary clip produced by Grinvalds as part of a five-part series examining life in Ukraine titled, the “Wounds of War.” The trio has visited Ukraine to document life since Russia invaded the country in February 2022. Nov. 7, 2025. (Zach Wendling/Nebraska Examiner)
While Brewer’s team continues its missions across Ukraine — including Odesa, Zaporizhzhia, Kharkiv and Kyiv — they will again help with humanitarian aid in towns near the front by delivering food to elderly Ukrainians in those communities.
“That’s a little hairy, that mission, because every time we’ve done it, we’ve got rocketed,” Brewer said. “We just don’t want to be in the same place the rocket is, but it doesn’t mean that people don’t need help and it’s not a good mission.”
He continued: “It’s one of those where you boost their morale something fierce when the people that are out there doing it see someone who cares enough to come there.”
Unbreakable Ukrainian ‘spirit’
Brewer said the battlefield has evolved, and when he and the team last visited in December, it was dark, with no electricity and no heat in the country’s capital, yet Ukraine made it through.
“You just realize that they just have such a spirit, such a passion to want to survive this thing,” Brewer said. “To walk away now and not get a win would be a horrible sacrifice.”
Among those honored at an event expressing gratitude to Nebraskans for supporting Ukraine and its people were Gov. Jim Pillen, center; former State Sen. Tom Brewer, center left; U.S. Rep. Don Bacon of Nebraska, second from the left; and Lt. Gov. Joe Kelly, second from the right. At left is Oleg Stepanyuk, lead pastor of the House of Prayer in north Lincoln, Nebraska, that hosted the event. Nov. 7, 2025. (Zach Wendling/Nebraska Examiner)
Though Russia has tried to quash that spirit, Brewer said Russians can’t and have dwindled their equipment to be inferior to that of Ukraine. Ukrainian drones and missiles have affected Russian seaports, refineries and railheads while also being narrowing in on Russian defenses.
“I don’t think Russia can survive another winter,” Brewer said. “As they take out more and more stuff, deeper and deeper, the war comes home.”
The costs are still high in Ukraine, with Ukrainian soldiers and citizens killed or injured each night and dwindling cash and gold reserves to sustain the war. Brewer said he remains disappointed the American government won’t give the Ukrainians Tomahawk missiles to fight.
Agriculture importance
Hutchens traveled to Ukraine before the 2022 invasion with the U.S. Grains Council while on the Corn Board, which he led for 27 years. After the war began, he was one of a handful of Nebraskans who went to Warsaw to help relocate refugees via Operation Safe Harbor Ukraine.
Then, “by chance” in April 2025, Hutchens ran into Brewer and Grinvalds, who Hutchens said wanted someone with an agricultural background. Hutchens, too, brought a connection with billionaire Howard Buffett, who sponsored an agricultural conference with more than 500 farmers across Ukraine and has helped fund Ukrainian resistance efforts.
Former State Sen. Tom Brewer and Don Hutchens, a former head of the Nebraska Corn Board, survey a combine, provided by the Howard Buffett Foundation, that was destroyed by a Russian missile in Rivne, Ukraine. (Courtesy of John Grinvalds)
Hutchens said that while Nebraska and Ukraine are similar, with worries about markets, weather and government assistance, he also can’t help but think of the differences. Ukrainians worry about landmines, drones and Russian interference in killing livestock, kidnapping children or grandchildren and stealing equipment.
Yet one thing holds between the two nations, that if a fellow farmer or neighbor is hurt or falls ill, there’s a helping hand, Hutchens said.
“I think that’s the way we ought to view Ukraine agriculture,” Hutchens said. “We ought to think about different ways that we can support them.”
One story Brewer and Hutchens hope to share after the latest trip is that of a Ukrainian farmer who became well known for keeping a shotgun in the cab of his tractor and shooting down drones. Russian forces killed the farmer, but his family stepped up to continue the work.
“If more people had knowledge of what they’re doing there, Nebraska would embrace that and say, ‘Oh my gosh. That’s a farmer,’” Brewer said. “His love of farming cost him his life, yet he influenced his children in a way to where they would still continue it, even though their lives are in danger.”
This shell is all that remained of a building in Zaporizhzhia in fall of 2022, near the front lines in eastern Ukraine. (Courtesy of Tom Brewer)
As Ukrainians and Americans look to the end of the war, Hutchens says talk about crop rotation and minimum tillage to conserve water or erosion — costly and time-consuming endeavors — show a future-looking people.
“It’s going to take time, but their perseverance in agriculture is impressive,” Hutchens said.
American farmers are in their own “really tough situation” with tariffs and depressed commodity prices, and droughts have complicated agricultural operations, particularly in Nebraska, but Hutchens says he hopes that Nebraska’s federal delegation, which represents an agricultural state, can be at the front of the line to support Ukraine and push help over the finish line.
“I would hope as a population — not just agriculture but as a population — we communicate with our elected officials to do everything possible to end this war,” Hutchens said.
‘He’s a hero, a brave guy’
Brewer said he wishes support for Ukraine, and the democracy Ukrainians are fighting for, won’t become a Republican or Democratic issue. 
“If you really have it in your heart to see them as a free democracy, then disregard what the hell stamp you got by your name and do the right thing and help them,” Brewer said.
In the U.S. House, 215 Democratic members, two Republicans and one California Republican turned independent have gathered the minimum signatures necessary to force a vote on $1.3 billion in aid for Ukraine’s future and additional sanctions on Russia, while reaffirming U.S. support for Ukraine and the importance of NATO.
Oleg Stepanyuk, lead pastor for the House of Prayer in north Lincoln, Nebraska, right, presents U.S. Rep. Don Bacon of Nebraska a gift for his defense of Ukraine in Congress. Nov. 7, 2025. (Zach Wendling/Nebraska Examiner)
The bill comes from U.S. Rep. Gregory Meeks, D-N.Y., the top Democrat on the House Foreign Affairs Committee.
Of the two Republicans, one is retiring Nebraska U.S. Rep. Don Bacon. All of Nebraska’s congressional members have voiced support for Ukraine, as has Gov. Jim Pillen. Bacon said he expects a floor vote on the bill the first week of June.
Of Brewer’s continued missions, Bacon said he’s proud of Brewer and his team and noted the importance of Buffett, who probably spends about half his time in Ukraine. When Bacon visited a unit on the front lines in Ukraine, he said Buffett had donated all uniforms and supplies. 
Bacon said of Brewer: “He’s a hero, a brave guy, full of courage. I love being around him. He’s smart and he has moral clarity on this war. That’s why he keeps going back out there to help.”
Brewer said some of his continued drive is also self-serving, with many family members wearing a military uniform. The United States has equipment sitting in warehouses that could turn the tide, but which the country has refused to provide and have questioned Ukraine as a key ally.
“Instead, we’ve ostracized them and forgot them, and I think the history books will identify our failures to do what we should have and could have at this key time in history,” Brewer said.
‘See and do and help’
Each time Brewer goes to Ukraine, he says he thinks it will be his last. He and those he travels with spend their own funds or fundraise, and he sees a “sense of accomplishment” in farmers returning to work after mines are cleared or in seeing the orphanage completed.
Supporters of Ukraine and the Ukrainian people gather outside the Nebraska State Capitol every to honor the homeland in its continued resistance to Russian invasion, including this weekend on Feb. 28, 2026, marking the four-year mark of the war. (Zach Wendling/Nebraska Examiner)
The former lawmaker believes people are put on the earth for a set amount of time, yet they don’t know how much they’re given. He said he knows he doesn’t want to be the guy sitting in a rocking chair looking back and wondering, “If I would have just done more to help people.”
“I want to do it and look back on and say, ‘Hey, my life wasn’t perfect, but I did what I could,’” said Brewer.
The volunteer work also helps heal some wounds of serving in the Middle East, Brewer said, situations where U.S. servicemembers did the best they could and gave blood, treasure and lives, yet the people didn’t want them there. That’s different in Ukraine, a country Brewer said the United States will never regret helping and that could be the next “Germany of Europe.”
Of the risk his team faces, Brewer said someone could die randomly at any time, “so you grab that opportunity to see and do and help.”
“You just trust that if it’s meant to be, you’re gonna be fine. It’ll work out,” Brewer said. “In the end, you’ll be able to come back and share the story and tell the people what’s actually happening there, instead of letting it become this forgotten war that no one knows about or appreciates.”
Supporters of Ukraine and the Ukrainian people gather outside the Nebraska State Capitol every Saturday to honor the homeland in its continue resistance to Russian invasion, including this weekend on Saturday, Feb. 28, 2026, marking the four-year mark of the war. (Zach Wendling/Nebraska Examiner)A few hundred people attended the event Tuesday night in support of Ukrainian people. (Cindy Gonzalez/Nebraska Examiner)Brewer speaks to a soldier in Ukraine's 59th Brigade in an artillery dugout four miles from the frontline during an earlier trip to Ukraine. The site had an American made M777 artillery battery, the same one Brewer trained on as a young artillery-man. (Courtesy of John Grinvalds)An original map of Ukraine, including Crimea in the southeast, is presented to U.S. Rep. Don Bacon of Nebraska by the House of Prayer in north Lincoln, Nebraska, during an event honoring the union of Nebraskans and Ukrainians since the Russian invasion of the european country in February 2022. Nov. 7, 2025. (Photo by Zach Wendling/Nebraska Examiner)Gov. Jim Pillen, center, joins with former Ukraine soldier Dmitry, center right, and teenager Alex of Mariupol, Ukraine, center left, who lost limbs as a result of the Russian invasion of Ukraine in February 2022. At right is Yuriy Gula of the Protez Foundation in Minnesota, which helped give Alex a prosthetic left leg and is working with Dmitry for prosthetic arms. Dmitry lost his arms fighting in early 2025 while Alex lost his leg at the start of the war. Nov. 7, 2025. (Zach Wendling/Nebraska Examiner)About 100 people, including Nebraska's governor, lieutenant governor, a congressman, multiple state senators and others, united Nebraskans and Ukrainians at an event honoring the union of the nations since the Russian invasion of Ukraine in February 2022. Nov. 7, 2025. (Photo by Zach Wendling/Nebraska Examiner)A brigadier geneal in the Ukrainian military speaks from the Ukrainian frontlines live and thanks those from the United States, including Nebraskans, who have supported Ukraine and its people since the Russian invasion in February 2022. The soldier spoke at about 3 a.m. Ukraine time at an event in north Lincoln, Nebraska, hosted by the House of Prayer celebrating the union of Nebraskans and Ukrainians. Nov. 7, 2025. (Photo by Zach Wendling/Nebraska Examiner)Supporters of Ukraine and the Ukrainian people gather outside the Nebraska State Capitol every Saturday to honor the homeland in its continue resistance to Russian invasion, including this weekend on Saturday, Feb. 28, 2026, marking the four-year mark of the war. (Zach Wendling/Nebraska Examiner)Among the stops State Sen. Tom Brewer made during a summer trip to Ukraine was at the funeral procession for a number of soldiers killed in the war with Russia.
(Courtesy of State Sen. Tom Brewer)State Sen. Tom Brewer joins with a Ukrainian family that received a new temporary home in Moshchun, Ukraine, in 2022. (Courtesy of Noah Philson)State Sen. Tom Brewer of Gordon is back in Ukraine, this time delivering stoves to soldiers at the front to heat water and stay warm. (Courtesy of Tom Brewer)Ukrainians from across Nebraska join with State Sen. Tom Brewer (holding the flag on the right) outside the Nebraska State Capitol in support of LB 199 on Feb. 14, 2023. To Brewer's left is Noah Philson of Elmwood, who helped Brewer in his travels to Ukraine in 2022. (Courtesy of Noah Philson)Lawmakers gather around State Sen. Tom Brewer of north-central Nebraska, center, after gifting him a Ukrainian flag they all signed. Brewer will travel to Ukraine once again this year, in May, as he has done multiple times in the past two years. April 18, 2024. (Zach Wendling/Nebraska Examiner)About 100 Nebraskans and Ukrainians, including Nebraska's governor, lieutenant governor, a congressman and multiple state senators, joined an event at the House of Prayer in north Lincoln honoring the union of the U.S. and Ukraine since the Russian invasion of Ukraine in February 2022. Nov. 7, 2025. (Zach Wendling/Nebraska Examiner)Nebraska Gov. Jim Pillen, left, is honored for his support of the Ukrainian people at an appreciation event at the House of Prayer in north Lincoln, Nebraska. Lead pastor Oleg Stepanyuk, right, gifted Pillen a bulava, a ceremonial mace that is a traditional symbol of authority for military and government leaders in Ukraine. Nov. 7, 2025. (Zach Wendling/Nebraska Examiner)Among the officials Brewer met with during a 2024 visit to Ukraine was the mayor of Zaporizhzhia, where the Russians were attacking power plants and took over a nuclear power plant. (Courtesy of Noah Philson)
SUPPORT: YOU MAKE OUR WORK POSSIBLE",https://nebraskaexaminer.com/wp-content/uploads/2026/05/ukrainian-prayer-saturday_ZJW_022826-05-1024x589.jpg,,,2026-05-25 07:00:30.327706
,Idaho Capital Sun,2026-05-25 10:15:12+00:00,Idaho Capital Sun,"As America celebrates its 250th birthday, Idahoans complete 250,000 — and counting — acts of service",Christina Lords,,,,,https://idahocapitalsun.com/briefs/as-america-celebrates-its-250th-birthday-idahoans-complete-250000-and-counting-acts-of-service/,"More than 250,000 acts of service through the Idaho Service Challenge have been carried out across the Gem State as residents prepare to celebrate America’s 250th birthday. In fact, as of 11 a.m. Sunday, 264,455 volunteer projects have been logged on the service challenge’s website. “Launched by the America250 in Idaho Ambassadors, the challenge invited […]","In North Idaho's Bonners Ferry, a group of quilters came together to donate blankets for those in need as a part of the statewide service challenge to celebrate America250. ""We are a non-profit organization making humanitarian quilts for local organizations (for veterans and hospice) and also Quilts Beyond Borders,"" the group wrote. (Photo courtesy of the Idaho State Treasurer's Office)More than 250,000 acts of service through the Idaho Service Challenge have been carried out across the Gem State as residents prepare to celebrate America’s 250th birthday.
In fact, as of 11 a.m. Sunday, 264,455 volunteer projects have been logged on the service challenge’s website.
Idaho announces fund drive to bring Liberty Bell replica to all 44 counties

“Launched by the America250 in Idaho Ambassadors, the challenge invited Idahoans to serve their communities and log their efforts at IdahoKindness.com,” according to a press release from the Idaho State Treasure’s Office. “Since January, volunteers of all ages have stepped up through food drives, school projects, veteran support, neighborhood cleanups, handmade donations, and countless acts of kindness across the state.”
There have been more than 45 organizations across the state that have participated in the challenge, alongside JustServe, connecting volunteers with local needs throughout Idaho.
Participation in the volunteer effort has been documented in 166 Idaho cities, including 100,000 acts of service recorded in Idaho Falls alone, the press release said. Nearly 4,000 service projects have benefitted veterans and military families, including “care packages, cemetery flag placements, home projects, thank-you cards, visits to veterans in assisted living facilities, and community outreach.”
“To reach 250,000 acts of kindness as we look toward America’s 250th anniversary is more than a celebration — it is a renewal of our promise to one another,” said Jessica Cooper Whiting, the America250 Idaho Service Challenge co-chairwoman. “When we look past the numbers, we see a movement that strengthened communities across Idaho and created a legacy of service that will outlast this celebration.”
Regional events will soon be announced to celebrate the many volunteers and organizations who helped make the service project possible.
“This was never just about reaching a number,” said Idaho State Treasurer Julie Ellsworth. “It was about bringing Idahoans together, inspiring future generations, and showing the country what’s possible when kindness becomes a movement.”
While the 250,000-act milestone has been reached, organizers say volunteers are encouraged to keep logging service projects through July 4 and beyond.
SUBSCRIBE: GET THE MORNING HEADLINES DELIVERED TO YOUR INBOX.",https://idahocapitalsun.com/wp-content/uploads/2026/05/unnamed-17-1024x768.jpg,,,2026-05-25 07:00:30.327706
,Honolulu Civil Beat,2026-05-25 10:01:00+00:00,Honolulu Civil Beat,"Waiʻanae Grads Go Big, But Hawaiʻi Celebrations Could Soon Shrink","""Kevin Fujii"",""Megan Tagami""",,,,,https://www.civilbeat.org/2026/05/waianae-grads-go-big-but-hawai%ca%bbi-celebrations-could-soon-shrink/,The state is expected to see the largest drop in high school graduates in the nation. ,The state is expected to see the largest drop in high school graduates in the nation.,,,,2026-05-25 07:00:30.327706
,Honolulu Civil Beat,2026-05-25 10:01:00+00:00,Honolulu Civil Beat,Health Officials Are Perplexed By Hawaiʻi Snorkeling Deaths,"""Caitlin Thompson""",,,,,https://www.civilbeat.org/2026/05/health-officials-are-perplexed-by-hawai%ca%bbi-snorkeling-deaths/,Snorkeling claims the lives of dozens of tourists each year. Some who lost loved ones or nearly drowned themselves say not enough is done to warn people of the risks.,Snorkeling claims the lives of dozens of tourists each year. Some who lost loved ones or nearly drowned themselves say not enough is done to warn people of the risks.,,,,2026-05-25 07:00:30.327706
,Honolulu Civil Beat,2026-05-25 10:01:00+00:00,Honolulu Civil Beat,"Cats, Birds And The Path Forward: A Response And An Invitation","""Keith Swindle"",""Makaʻala Kaʻaumoana"",""André Raine"",""Hob Osterlund""",,,,,https://www.civilbeat.org/2026/05/cats-birds-and-the-path-forward-a-response-and-an-invitation/,The shared ground between wildlife and cat welfare advocates is broader than recent debates suggest.,The shared ground between wildlife and cat welfare advocates is broader than recent debates suggest.,,,,2026-05-25 07:00:30.327706
,Honolulu Civil Beat,2026-05-25 10:01:00+00:00,Honolulu Civil Beat,Word Flower: May 25,"""The Civil Beat Staff""",,,,,https://www.civilbeat.org/2026/05/word-flower-may-25/,There are 38 words to be found in this puzzle.,There are 38 words to be found in this puzzle.,,,,2026-05-25 07:00:30.327706
,Honolulu Civil Beat,2026-05-25 10:01:00+00:00,Honolulu Civil Beat,Makana Eyre: State Seeks Traditional Canoe Builders For Koa Wood Logs,"""Makana Eyre""",,,,,https://www.civilbeat.org/2026/05/makana-eyre-state-seeks-traditional-canoe-builders-for-koa-wood-logs/,"Applications require a plan not just for building a canoe but for deepening connections between the logs, trees and waʻa and their beneficiaries.","Applications require a plan not just for building a canoe but for deepening connections between the logs, trees and waʻa and their beneficiaries.",,,,2026-05-25 07:00:30.327706
,Honolulu Civil Beat,2026-05-25 10:01:00+00:00,Honolulu Civil Beat,Voters Could Add Immigrant Protection Measures For HPD In November,"""Jeremy Hay""",,,,,https://www.civilbeat.org/2026/05/voters-could-add-immigrant-protection-measures-for-hpd-in-november/,Police officials say department doesn't participate in immigration enforcement anyway. ,Police officials say department doesn't participate in immigration enforcement anyway.,,,,2026-05-25 07:00:30.327706
,Arkansas Advocate,2026-05-25 10:00:35+00:00,Arkansas Advocate,Rogers hospital to be first to use Arkansas’ initiative for doulas in maternal healthcare,Tess Vrbin,,,,,https://arkansasadvocate.com/briefs/rogers-hospital-to-be-first-to-use-arkansas-initiative-for-doulas-in-maternal-healthcare/,"A northwest Arkansas hospital will be the first to use the state’s initiative to integrate doulas into maternal healthcare, the state’s largest healthcare system announced last week. Doulas provide emotional, physical, educational and logistical support to parents-to-be and serve as middlemen between them and other medical professionals.  The Advancing Doula[...]","The UAMS medical sciences campus on Markham Street in Little Rock. (Photo by John Sykes/Arkansas Advocate)A northwest Arkansas hospital will be the first to use the state’s initiative to integrate doulas into maternal healthcare, the state’s largest healthcare system announced last week.
Doulas provide emotional, physical, educational and logistical support to parents-to-be and serve as middlemen between them and other medical professionals. 
The Advancing Doulas and Perinatal Teams Toolkit from the University of Arkansas for Medical Sciences “creates a continuity of care that drives better outcomes,” UAMS Institute for Community Health Innovation senior director Hannah McHardy said in a Thursday news release.
Mercy Hospital in Rogers will pilot the program before UAMS expands it to other hospitals, and so far 45 Mercy staff have been trained in incorporating doulas into prenatal care teams, the release states.
“Doulas are evidence-based partners that can complement the clinical team, help families navigate care with confidence, and improve the overall experience for both patients and providers,” Whitney Tolbert, vice president of patient services at the Rogers hospital, said in the news release.
A growing number of parents nationwide are relying on doulas as a part of their birth plans and to help them navigate a complex healthcare system. 
Arkansas consistently has high maternal and infant mortality rates, and the Healthy Moms, Healthy Babies Act of 2025 sought to make maternal healthcare more affordable and navigable.
Delayed insurance coverage for doula services frustrates Arkansas parents and providers

The law requires both Medicaid and private insurance plans to cover doula services, though implementing this policy had a shaky start because of a missed deadline.
UAMS has launched multiple initiatives in the past few years with the goal of improving maternal health. Last year, the Institute for Community Health Innovation enrolled more than 50 people into a comprehensive doula training program, and it added 25 more people this year.
Also last year, UAMS started the Arkansas Center for Women and Infants’ Health to work with providers to increase pregnant and postpartum Arkansans’ access to care, especially in rural and underserved communities.
The center has been among the maternal health advocates participating in quarterly meetings led by the Heartland Forward think tank to work on implementing the Healthy Moms, Healthy Babies Act, according to a December news release.",https://arkansasadvocate.com/wp-content/uploads/2023/10/UAMS-MEDICAL-BUILDING-JCSR9636-.jpg,,,2026-05-25 07:00:30.327706
,Nebraska Examiner,2026-05-25 10:00:33+00:00,Nebraska Examiner,Nebraska’s Bacon helping get ‘Ukraine Support Act’ to full House vote by early June,Zach Wendling,,,,,https://nebraskaexaminer.com/2026/05/25/nebraskas-bacon-helping-get-ukraine-support-act-to-full-house-vote-by-early-june/,"LINCOLN — While congressional support for Ukraine has stalled in recent months, one Nebraska congressman is helping force a vote on additional Ukrainian aid and Russian sanctions. Retiring U.S. Rep. Don Bacon, R-Neb., is one of just two Republicans to sign on to a “discharge petition” for the “Ukraine Support Act” — an additional $1.3 billion […]","Republican U.S. Rep. Don Bacon of Nebraska speaks at a Ukrainian Appreciation Dinner hosted by the House of Prayer in north Lincoln. Nov. 7, 2025. (Zach Wendling/Nebraska Examiner)LINCOLN — While congressional support for Ukraine has stalled in recent months, one Nebraska congressman is helping force a vote on additional Ukrainian aid and Russian sanctions.
Retiring U.S. Rep. Don Bacon, R-Neb., is one of just two Republicans to sign on to a “discharge petition” for the “Ukraine Support Act” — an additional $1.3 billion for Ukraine in its fight against Russia, with additional sanctions on the country that invaded Ukraine in February 2022. 
“I think it’s way overdue,” Bacon said Monday.
Nebraska’s congressional delegation visits the University of Nebraska-Lincoln, from left, U.S. Pete Ricketts, U.S. Rep. Don Bacon, U.S. Rep. Adrian Smith, U.S. Sen. Deb Fischer and U.S. Rep. Mike Flood on June 19, 2023, in Lincoln, Neb. (Zach Wendling/Nebraska Examiner)
Bacon, who signed on in September, joined all 215 Democratic members, as well as U.S. Rep. Brian Fitzpatrick, a Republican from Pennsylvania. U.S. Rep. Kevin Kiley, a former Republican now-independent from California, gave the measure its 218th signature last week to force a floor vote.
Bacon expects that vote to come in the first week of June. He and Fitzpatrick lobbied their Republican colleagues for additional signatures. Bacon has represented Nebraska’s politically divided, Omaha-based 2nd Congressional District and is not seeking reelection.
U.S. Reps. Mike Flood, R-Neb., and Adrian Smith, R-Neb., have each voiced support for Ukraine. Bacon has been the most vocal. Neither Flood or Smith responded to requests for comment on the proposed legislation.
Bacon says he thinks both of his fellow House colleagues share similar sentiments to his, as do most House Republicans. However, Bacon says ambiguity from President Donald Trump and Speaker Mike Johnson being “reluctant” to schedule the bill made gathering signatures more difficult.
Bacon said about 10 to maybe 20 Republicans are “very opposed” to the measure.
“Then he’s got to worry about does he keep enough votes to [stay] speaker?” Bacon said of Johnson. “It’s going to take someone like me [to] force a bill on the floor … so the speaker doesn’t even have his hands on it.”
About 100 Nebraskans and Ukrainians, including Nebraska’s governor, lieutenant governor, a congressman and multiple state senators, joined an event at the House of Prayer in north Lincoln honoring the union of the U.S. and Ukraine since the Russian invasion of Ukraine in February 2022. Nov. 7, 2025. (Zach Wendling/Nebraska Examiner)
In the end, Bacon says he thinks Johnson “probably agrees with me this is needed, but if he’s behind it,” then some Republicans might revolt and remove him from the House leadership post.
“I think in this case, the importance of it significantly outweighs do I care what the speaker [or] the president thinks,” Bacon said.
Of the importance of continued U.S. support and funding, Bacon said there are moral reasons, such as good (Ukraine) versus evil (Russia), but also practical ones, such as the worry that Russia, a dictatorship, won’t stop with just Ukraine.
“If Ukraine falls, Moldova will be next. I put my life savings on it,” Bacon said. “It’s going to weaken our defense posture. It’s going to cost us more in the long run.”
Much of that aid would stay in the United States, such as in weapons development and the nation’s defense industry, Bacon said. Some older weapons could also be given to Ukraine.
The congressional bill also would reaffirm support for Ukraine and U.S. involvement in NATO, which includes the provision that an attack on one member is an attack on all. Though Ukraine is not a member of NATO, nearby nations are, including Poland.
Bacon and Flood have voiced support for Ukraine joining NATO.
Bacon, a self-described Reagan Republican, said the former president would “definitely be right here with me.” Bacon said it “appalls” him that Trump doesn’t have “moral clarity” on who the better person is: Russian President Vladimir Putin or Ukrainian President Volodymyr Zelenskyy.
“To me, it’s simple,” Bacon said. “Zelenskyy is the elected leader. I think he’s doing a mighty darn good job trying in the situation of trying to have Ukraine come out of this independent. Very impressed with his leadership. Putin’s a terrible man. He’s a murderer. He is a vicious dictator. And I don’t understand why the president doesn’t have moral clarity on who Putin is.”
SUBSCRIBE: GET THE MORNING HEADLINES DELIVERED TO YOUR INBOX.",https://nebraskaexaminer.com/wp-content/uploads/2025/11/bacon_ZJW_110725-02-1024x682.jpg,,,2026-05-25 07:00:30.327706
,Kentucky Lantern,2026-05-25 10:00:24+00:00,Kentucky Lantern,A conversation with the retiring director of Prevent Child Abuse Kentucky,Sarah Ladd,,,,,https://kentuckylantern.com/2026/05/25/a-conversation-with-the-retiring-director-of-prevent-child-abuse-kentucky/,"Child maltreatment was common when Jill Seyfred first became executive director of Prevent Child Abuse Kentucky in 1988, but many thought of it as a far away problem, not one that could affect anyone they knew.  Seyfred, who is retiring this year after more than 40 years leading Prevent Child Abuse Kentucky, said the herculean […]","Jill Seyfred at the Child Abuse Prevention Month kick-off in the Capitol Rotunda in 2025. (Photo provided)Child maltreatment was common when Jill Seyfred first became executive director of Prevent Child Abuse Kentucky in 1988, but many thought of it as a far away problem, not one that could affect anyone they knew. 
Seyfred, who is retiring this year after more than 40 years leading Prevent Child Abuse Kentucky, said the herculean effort of ending child abuse in the commonwealth is possible, but it will take more financial investment in prevention and more widespread collaboration. 
Her last day is June 30, after which she will work part time through December to assist the interim director and new director in the transition. 
Seyfred sat down with the Kentucky Lantern to discuss child abuse over the last four decades and what must happen in the future to protect children. The conversation has been edited for length and clarity. 
Janna Estep Jordan, who serves as current assistant director and will be the Interim Director once Seyfred retires, and Jill Seyfred at a PCAK event called “Grape Expectations” that involved Lexington young professionals, sometime in the mid 2000’s. (Photo provided)
Kentucky Lantern: Take us back to 1988, when you became director of Prevent Child Abuse Kentucky, and characterize that time. What was the child abuse landscape like in Kentucky back then when it came to child abuse and neglect? 
Jill Seyfred: There wasn’t a lot of talk about it. I think people certainly knew that child abuse and neglect happened. There was a sense of: ‘It did not happen here, and it certainly did not happen to anyone that I knew or did not happen on my block. It didn’t happen in my subdivision, or it did not happen to anyone that I worshiped with or went to school with.’ 
So, kind of like: it happened, but somewhere else.’ 
KL: How did you and other advocates and organizations break through that misconception? 
JS: Part of it has to do with some national messaging that happened. When we first heard about child abuse, it was this arm’s length kind of approach. And then as the years went by and as messaging changed, then it was, ‘oh well, it can, it can happen in my community, just to not to people I know.’ 
And then … the space kept narrowing. Over time, that messaging then resonated: ‘oh, gosh, child abuse is happening and it’s happening in my community to people I know.’ 
I think now where we are is okay. I hope that everybody knows that it exists.  I think our challenge now is people don’t know what to do about it. 
One thing that we as an agency try to do is to really get away from talking about (how) Kentucky is number one in child abuse and neglect — or number three or number five, or whatever the ranking may be in that particular year. We have found that that really almost stifles people, that the figures are so big, and the sense of being overwhelmed takes over. Instead of spurring people into action, which we want those figures to do, people actually do the opposite. 
When we constantly bombard people with those high numbers, they feel like, ‘oh, gosh, there’s over 50,000 reports, and I’m just one person, I’m not going to make a difference. So why even try?’ 
And that’s actually the opposite of what we want to happen. Because we want and we need everybody in the state to be involved in our prevention efforts. We want everybody to be able to see that they have a role in helping raise our children, nurturing families, making sure that families and children have what they need. 
KL: How can you properly raise awareness without setting in motion this bystander effect that you’re describing? 
JS: One thing that we try to do is: We might use some of those numbers, but then, almost in the same breath, we will say, ‘but this is what you can do. Here’s how you can help. Here’s how you can be involved.’ 
We know that there’s so many factors that go into a child not having what he or she needs. If kids don’t have a stable living structure, and we expect them to go to school and focus on learning and growing, that’s going to be really hard for that child. 
I think that that is probably the biggest shift that I’ve seen from 1988 to now — that it is more of a holistic, cohesive approach to the entire family. What does the family need to help the family and the kids be where they need to be? 
We as a state will all benefit, because those kids then are going to be contributing taxpayers, and we’ll get more tax revenue, and you know, they’ll grow up to be the next reporter or the next governor or the next social worker, and we’ll all be better off. 
KL: You’re getting at this line and balance we must look at between true neglect and a lack of resources. That line has become more of a focus in the last few decades.  
JS: Absolutely. Housing, mental health. Domestic violence, substance use disorder, especially for our state, is also a huge issue. So, it’s really approaching the family and looking at what the family needs as a whole. 
Social isolation certainly tends to lead to parents or caregivers feeling isolated. They have a job, and they come home from work and they’ve had a hard day, and the kids have had a hard day, and the financial stresses are mounting, and the parents or caregivers don’t have anybody that they can call or depend on, that’s a very lonely place to be. 
KL: And food insecurity, especially right now, is a concern. 
JS: Absolutely. Here we are in the summer months. I know that schools do a tremendous job, and a lot of community organizations do a tremendous job, of making sure that kids have the food that they need during the summer. A lot of them have summer backpack programs. And again, in 1988, that was not anything that we talked about or anything that was on the horizon. 
Jill Seyfred and representatives from Prevent Child Abuse America and the Cincinnati Reds at an event called “Safe At Home” sometime in the late 1990’s. (Photo provided)
Policies that matter
KL: You’ve seen many laws change in Kentucky in your career. What has been the most impactful? 
JS: What we used to call Shaken Baby Syndrome is now called abusive head trauma. We know that a number of fatalities and near fatalities, not only in Kentucky, but nationwide, are caused by abusive head traumas. 
I think that that was a really significant thing that the state did, and of course, it’s hard, because you’re asking professionals to get more training when they are already, regardless of their particular field of expertise, being required to get training within their field of expertise. And then that law basically made them get even more but we thought that it was very important, and certainly one of our legislative wins. 

In 2010, the General Assembly unanimously passed House Bill 285, which required foster parents of young children, child protection services staff and other professionals complete training about abusive head trauma. 

The Child Fatality and Near Fatality Review Panel was established in 2012. And then in 2013 it was codified by the General Assembly. It’s basically a multi disciplinary opportunity for people to sit down and look at where we failed a child. But the point being, how can we do better?
KL: Where are the biggest gaps? As we look to lawmakers in Frankfort and other decision makers, what must they do to better protect children? 
JS: The word ‘upstream’ has been bantered about in a lot of different situations. For us in the world of child welfare, we obviously think that going upstream means catching kids before they get into the foster care system and before families kind of spiral downwards and need significant amounts of help. But that always makes me think about prevention as a whole. 
There’s always more needs than there is funding to meet the needs. But I would argue that with every social situation that we are talking about — overcrowding of prisons and jails, the juvenile justice system, gun violence, ingestions, everything that you see in the headlines — if we truly go upstream and provide families with what they need when they need it, I think we’d be saving the state a lot of money. We’d be saving families a lot of heartache, and we would be leading the state in how to make child abuse prevention something that we all participate in. 
It’s hard to not talk about treatment when you have kids and families who have to have health right now, but we also have to continue to talk about prevention and those things that we talked about earlier: food and clothing and medical attention and a roof over their head and access to education and all of the things that help make a family whole. 
KL: What were the wins and misses from the most recent legislative sessions? 
JS: In 2024 we worked with (Rep. Stephanie Dietz, R-Edgewood) to pass House Bill 207 which had to do with sex dolls. (HB 207 criminalized sex dolls that resemble children).  That was huge. And then this session, working with (Rep. Marianne Proctor, R-Union) on House Bill 4, the grooming bill. (HB 4 made it a crime to groom minors for sex). 
I know that the Attorney General and attorneys general before him have had an emphasis on internet safety and making sure that we keep kids safe online. 
We are on the cusp of having that be the next opioid epidemic with having so many kids, being either trafficked or otherwise falling into bad situations online. If we haven’t done what we already have done, it would be much worse. 
But we still have so much left to do, because kids every day are being abused through these online systems. And I know that electronic crime investigators cannot keep up with the tips that come in to them, so it is a growing concern.
KL: Do any bills stand out that, if they made it into law, would have really helped children? In other words, what is in need of a serious revisit next year? 
JS: The animal control officer bill. We were very disappointed that that did not pass. We know that animal control officers are in a position oftentimes to interact with children and families prior to social workers or any other entities. (House Bill 246 proposed training animal control officers in how to spot signs of child abuse). 
One of the first Kids Are Worth It Conferences, held at the Harley Hotel (now defunct) in Lexington. Award winners Wanda Carroll and unknown gentleman with Jill Seyfred, right, in the late 1990’s. (Photo provided)
Looking to the future
KL: You’ve spent a lot of time trying to combat a very complicated and horrendous problem in our commonwealth. In 2026, we know children are still dying and nearly dying from abuse and neglect. What gives you hope, if anything? 
JS: I do have hope. Actually, I have a lot of hope. I think that there is more interest in being part of the solution. 
I think that there’s a lot of people that don’t quite know what to do, but they are interested in doing something. So then the challenge for agencies like PCAKY and others is how to harness that interest, and move that interest into action. But that gives me hope. 
KL: Do you think it’s possible to eradicate child abuse in our lifetime? What would that take? 
JS: It is definitely possible. I’m not sure if it’s possible in my lifetime.
It’s not going to happen overnight, but there’s a whole lot of agencies, there’s a whole lot of people who are working together for the common good, the common mission of making sure that Kentucky’s families and children have what they need to break the generational cycle of abuse, and I do think it can happen.
KL: In our conversation a couple of different times, you’ve mentioned that people are more aware of it, but they don’t know what to do. What should they do?
JS: First and foremost, we want kids to be safe. To be able to call the report number would be first and foremost. (Kentucky’s Statewide Child Abuse Hotline is 1-877-597-233). 
But over and above that, it’s being involved in your community, it’s taking an interest in kids on your block. 
We have a program called Lean On Me Kentucky, where we want people literally to lean on your neighbors if you need something, or if you see that your neighbor needs something. 
A lot of times what we see is kids and families enter ‘the system’ because of a neglect report, and if we would have just taken the time to give that family what they needed on the front end, we could have kept the family and the children out of the system.
Certainly above that, there’s all sorts of agencies in every community in this state that need volunteers, that need donations, whether it’s financial or in kind.: diapers, toys, all sorts of things. There’s all sorts of agencies that need good board members. I think that there’s a place for everyone, no matter what your skill is, and no matter where you live.
KL:  I want to end on a little bit of a lighter note. Tell me something fun you’re looking forward to in retirement.
JS: I love to read but I haven’t read a lot or at all in the last, I don’t know, a few years, but that has not stopped me from having a huge book list that I want to read. And that hasn’t stopped me from going and buying books. I am looking forward to sitting in the sunshine and just reading to my heart’s content.
Jill Seyfred and PCAK staff in the Governor’s Mansion for Child Abuse Prevention Month in 2003. The other individuals in this picture are members of the NFL Player’s Association, KY Chapter: from left: Dallas Owens, Kelly Kirchbaum, Joe Federspiel (in the middle), Lester Boyd, David Owen (PCAK Board President) and Raymond Smith. Prevent Child Abuse Kentucky created a public awareness campaign, featuring the NFLPA guys and it received national attention. (Photo provided)
SUBSCRIBE: GET THE MORNING HEADLINES DELIVERED TO YOUR INBOX.",https://kentuckylantern.com/wp-content/uploads/2026/05/b30d902f-de78-46b2-8464-96002860ce16.jpg,,,2026-05-25 07:00:30.327706
,Idaho Capital Sun,2026-05-25 10:00:14+00:00,Idaho Capital Sun,It is appropriate to honor Idaho’s Dirk Kempthorne on this Memorial Day,Jim Jones,,,,,https://idahocapitalsun.com/2026/05/25/it-is-appropriate-to-honor-idahos-dirk-kempthorne-on-this-memorial-day/,"In 1968, Congress designated the last Monday in May as Memorial Day, a day to remember, honor and mourn those who have died in America’s wars. Beginning with the Revolutionary War, over 1.3 million Americans have died in the nation’s conflicts and wars. There were 58,220 US troops killed in Vietnam, including 251 from Idaho. […]","Former Idaho Gov. Dirk Kempthorne lies in state in the Idaho State Capitol on Friday, May 15, 2026. (Photo by Kyle Pfannenstiel/Idaho Capital Sun)In 1968, Congress designated the last Monday in May as Memorial Day, a day to remember, honor and mourn those who have died in America’s wars. Beginning with the Revolutionary War, over 1.3 million Americans have died in the nation’s conflicts and wars. There were 58,220 US troops killed in Vietnam, including 251 from Idaho.
Former Idaho Gov. Dirk Kempthorne describes a mission to evacuate people from Afghanistan. With babies and children riding on their parents’ laps, 395 people were brought to safety in the U.S. on a passenger airliner paid for by private citizens in Idaho, he said. (Photo courtesy of Gracieux Baraka/Idaho Office for Refugees)
To make sure those 251 were honored and remembered, I worked with the Freedom Bird group in Eastern Idaho to establish Idaho’s official Vietnam Veterans Memorial in the city of Idaho Falls. We decided to write a book about the Idaho fallen. I started the job but found it too emotionally draining. Marilyn Whyte of Blackfoot stepped in to get the job done and wrote a touching tribute to Idaho’s war dead, Reasons to Remember.
PFC Jimmy Nakayama of Rigby appears in Reasons at page 242. Jimmy was on an operation in the Ia Drang Valley when a misdirected U.S. napalm canister exploded on his position. He died from his wounds on Nov. 17, 1965, 10 days after his daughter Nikki was born. Capt. Troy Oliver Jr. of Boise died on patrol in Quang Tin Province on May 19, 1968. He had been serving in a staff job, but requested a combat role at Khe Sanh. 1st Lt. Frank Reasoner of Kellogg died on patrol on July 12, 1965. Lt. Reasoner received the Congressional Medal of Honor for protecting his Marines from withering enemy fire near Da Nang Air Base. 248 other stories of sacrifice, valor and heartache are told in Reasons.
Incidentally, on the back dust cover of Reasons, then-Gov. Dirk Kempthorne commended the tribute and said of those who died in Vietnam, “We will never forget their love of country, their legacy of service and their ultimate sacrifice.” Well said, governor. Unfortunately, the book is out of print but a few are still available on Amazon.
Similar stories could be told of the 4,492 Americans who died in the Iraq War, the 2,459 who died in the Afghanistan War and the 13 who have died thus far in the Iran War.
But to get a true picture of the death toll of our wars, we must take into account the hundreds of thousands of war veterans who died from the insidious after-effects of war, including physical and psychological injuries, substance abuse, suicide and exposure to toxins. America’s seemingly insatiable appetite for foreign conflicts since the turn of the last century has produced many other stories to be told on Memorial Day.
Those death tolls would have been significantly greater were it not for the faithful support and assistance American troops received from allied forces. I can attest that our allies in Vietnam were instrumental in reducing American deaths. I lived and worked with South Vietnamese soldiers during most of my tour of duty. I trusted them with my life and they reciprocated. 
I’ve read many reports of similar relationships between American forces and both Iraqi and Afghan allies. This brings me to the heroic role played by our recently-departed former Gov. Dirk Kempthorne in saving a planeload of Afghans from the murderous clutches of the Taliban. 
While I’d known of Kempthorne’s legendary support of the U.S. military, I was blown away by his audacious act of arranging for the airlift of 395 Afghan allies and their families from almost certain death at the hands of the Taliban. In a 2023 interview at the George W. Bush Presidential Center, Kempthorne outlined how he, with the help of two Army officers and an Afghan national, raised a million private dollars to finance the rescue operation. 
They chartered an Airbus 340 to transport the evacuees to Abu Dhabi and all but four were then resettled in the United States. It was an operation that took intricate coordination with and from a wide variety of entities, both foreign and domestic. When it looked like there were not going to be enough seats to accommodate all of the passengers, Kempthorne had an inspiration to have the infants sit on their parents’ laps, which solved the problem.
Kempthorne’s reasoning resonated with me. 
I often think of my Vietnamese friends who were abandoned to their fate at the end of the Vietnam War. I mourn the 58,220 Americans who died, but also my friends in the South Vietnamese Army who perished at the hands of the communists. 
Kempthorne displayed his profound honor and decency by saying that his rescue operation was “devoted to make good on the promise of America – if you help America, we will not abandon you.” What a remarkable person he was. He deserves the honor and respect of his countrymen as we observe this Memorial Day on May 25.
SUBSCRIBE: GET THE MORNING HEADLINES DELIVERED TO YOUR INBOX.",https://idahocapitalsun.com/wp-content/uploads/2026/05/IMG_1756-1024x683.jpg,,,2026-05-25 07:00:30.327706
,Colorado Newsline,2026-05-25 10:00:08+00:00,Colorado Newsline,NASA science cut would hit Colorado universities and aerospace sector,Hank Lacey,,,,,https://coloradonewsline.com/2026/05/25/nasa-cut-colorado-aerospace-sector/,"A congressional panel has voted to advance a spending bill that funds NASA, rejecting the White House’s proposal to cut the agency nearly in half but still imposing a significant reduction on the science programs that underpin Colorado’s aerospace economy and university research base. President Donald Trump’s fiscal year 2027 NASA request would have cut […]","The moon and Venus, left, are seen in conjunction on May 18, 2026, from the Mary W. Jackson NASA Headquarters Building in Washington, D.C. (Photo courtesy of NASA/Bill Ingalls)A congressional panel has voted to advance a spending bill that funds NASA, rejecting the White House’s proposal to cut the agency nearly in half but still imposing a significant reduction on the science programs that underpin Colorado’s aerospace economy and university research base.
President Donald Trump’s fiscal year 2027 NASA request would have cut the agency’s discretionary budget from $24.4 billion, enacted in fiscal year 2026, to $18.8 billion, with the deepest reductions aimed at the agency’s science programs. Those parts of NASA’s mission would have seen a cut of more than 46%, according to NASA’s most recent budget estimates table. 
The bill passed by the House Appropriations Committee keeps NASA’s overall budget flat at $24.4 billion, but, within that topline, it cuts NASA’s Science Mission Directorate by 17%, from $7.3 billion to $6 billion.
Colorado research at stake
The White House request would have reduced NASA’s investments in scientific research and exploration by more than $3 billion. At the same time, it would have increased spending on exploration, the account that supports human deep space programs, by $700 million.
Massimo Ruzzene, University of Colorado Boulder’s vice chancellor for research and innovation, said the proposed science cuts would reach active university missions and future opportunities.
“It would mean the inability of CU Boulder to maintain critical missions that we have that are funded by NASA,” Ruzzene said, naming the Parker Solar Probe, Europa Clipper, and the Interstellar Mapping and Acceleration Probe among missions connected to the university. “And then we wouldn’t be able to propose new missions or participate in new missions.”
SUBSCRIBE: GET THE MORNING HEADLINES DELIVERED TO YOUR INBOX.
CU Boulder’s federal research expenditures totaled nearly $738 million in fiscal year 2026, according to the university’s research office, and the university’s budget describes the research outlook as “unusually unpredictable.”
Ruzzene said continuity matters, because missions, laboratories and workforces do not turn on and off easily. He said the Mars Atmosphere and Volatile Evolution mission, known as MAVEN, has been important to the university and that mission changes can force a lab to redeploy people, protect capabilities and seek new sources of support.
NASA said March 4 that an anomaly review board, convened in mid-February, was evaluating recovery efforts for MAVEN, which was last heard from Dec. 6. The board also was assessing the spacecraft’s probable state and the likelihood of recovery.










It would mean the inability of CU Boulder to maintain critical missions that we have that are funded by NASA ... And then we wouldn’t be able to propose new missions or participate in new missions.


– Massimo Ruzzene, University of Colorado Boulder’s vice chancellor for research and innovation


NASA’s MAVEN updates reviewed for this story did not report restored contact with the spacecraft after that March 4 update.
“Continuity is what really ensures that we can maintain our capabilities and the people that we need to have in our workforce,” Ruzzene said. “We’re seeing some challenges in recruitment of grad students, for sure.”
The university’s Laboratory for Atmospheric and Space Physics, known as LASP, shows the breadth of Colorado’s NASA ties. Its portfolio spans Mars atmospheric research through MAVEN, outer solar system work through New Horizons and Europa Clipper, solar physics through the Parker Solar Probe and the Solar Dynamics Observatory, Earth and space weather observations, small satellites, and data systems.
Data from USAspending.gov show more than $1 billion in obligated NASA prime contract dollars tied to the University of Colorado, including work on the MAVEN Mars mission, solar irradiance instruments, and the Libera Earth radiation instrument.
Colorado State University received about $55.7 million in NASA assistance awards, including research on wildfire modeling, tropical water cycles and satellite observations, along with about $9.8 million for the Investigation of Convective Updrafts mission.
A CSU spokesperson did not respond to a request for comment before publication. A Colorado School of Mines spokesperson directed Newsline to submit a public records request for information about NASA contracts.
Aerospace economy and mission pipeline
The university impacts sit inside a larger Colorado aerospace economy. The state has more than 2,000 aerospace businesses, more than 55,000 direct aerospace employees and more than 184,000 indirect employees tied to the sector. NASA is only one part of that economy, which also depends on defense, the Air Force, the Space Force, federal laboratories, and commercial companies.
Bob Cone, chief operating officer of Westminster-based Advanced Space, said Colorado’s aerospace footprint is unusually concentrated along the Front Range. He argued that industry needs both human spaceflight and robotic exploration, even though those programs compete for attention and dollars.
“I think most people in industry feel that we need both human space flight and robotics exploration,” Cone said. “Stability is key to doing any of this development work in an effective way.”
The United Launch Alliance Atlas V rocket with NASA’s MAVEN spacecraft launches from Cape Canaveral on Nov. 18, 2013. MAVEN was the first spacecraft devoted to exploring and understanding the Martian upper atmosphere. (Photo courtesy of NASA/Bill Ingalls)
Parker White, director of government affairs for the Colorado Competitive Council at the Denver Metro Chamber of Commerce, pointed out that defense budgets, not NASA’s, set the baseline for most of Colorado’s aerospace sector. White said federal funding from NASA and other agencies is nevertheless a critical part of Colorado’s aerospace ecosystem.
“Being able to maintain sector growth that we have seen over the last two years, and that we would like to continue to see, will be dependent on the federal government continuing to invest in aerospace and defense innovation,” White said.
Colorado Newsline reported in February that federal science funds were a lifeline for Colorado aerospace, with companies depending on multiyear spacecraft development cycles, university talent pipelines and predictable federal budgets.
Congress and Colorado’s delegation draw different lines
The vote this month makes the NASA-related spending bill the first such fiscal year 2027 measure to clear a full appropriations committee, which is a milestone with an immediate practical consequence. Under Office of Management and Budget rules, if fiscal year 2027 begins under a continuing resolution — a common outcome when Congress has not enacted final spending bills by Oct. 1 — agencies are funded at the lower of the levels provided in the most recent House and Senate appropriations bills. The Planetary Society noted that the committee vote “forecloses one of OMB’s most aggressive options” to implement deeper cuts unilaterally during any funding gap.
Within its flat NASA topline, while the bill cuts the Science Mission Directorate by more than $1 billion it increases Exploration by $1.1 billion to $8.9 billion.



Need to get in touch?
Have a news tip?


CONTACT US



Colin Hamill, public policy fellow at the American Astronomical Society, said the House bill is a meaningful improvement over the White House request but still represents a net loss.
“While this is much better than the around 50% cuts that were recommended by the president’s budget requests, this would still be a loss for the scientific community of the United States,” Hamill said. He noted that the House has now recommended cuts of roughly that magnitude to NASA Science and to the National Science Foundation for the second consecutive year, and he said the AAS is pushing the Senate for flat funding at minimum.
Rep. Hal Rogers, a Kentucky Republican and the Commerce, Justice, Science Subcommittee chairman, said at the full committee markup that the bill “maintains strong funding levels for NASA.”
Rogers’ view reflects one held by some appropriators that human spaceflight represents NASA’s most strategically important work and the area where American competition with China is most visible. Science advocates dispute that perspective, arguing that robotic missions, Earth observation, and heliophysics programs are not secondary to human spaceflight but instead are foundational to it.
Democratic Rep. Joe Neguse,  whose district includes Boulder, hews to a sharper line. He pointed to NASA, the National Oceanic and Atmospheric Administration and the broader federal science system and said Congress must resist cuts to NASA.
“Congress has and must continue to reject these short-sighted proposals on a bipartisan basis,” Neguse said in a statement, “including by standing firmly against” the proposed cut.
Neguse also said he would “use every tool available to protect vital institutions like NCAR in Boulder,” referring to the National Center for Atmospheric Research, and has called for a federal inspector general investigation into alleged changes to NCAR’s space weather program.
Democratic U.S. Sen. John Hickenlooper of Colorado said he regards the NASA debate against the backdrop of the state’s aerospace economy and scientific workforce.
“Colorado’s aerospace industry is a powerhouse of innovation that drives breakthrough discoveries, cutting-edge research, and tens of thousands of jobs,” Hickenlooper said in a statement. “We’ll be fighting tooth and nail to make sure NASA’s critical work is fully funded so we can continue to lead the world in research about space and life on Earth.”
Hickenlooper’s office provided his comments in a written statement, but his amendments to the NASA Authorization Act of 2026, which the Senate Commerce Committee advanced in March, offer a more concrete measure of Colorado’s stake in the debate than any floor speech.
One amendment would require NASA to continue space weather research on solar flares, solar energetic particles and galactic cosmic rays and to use that research in planning for moon to Mars missions, including astronaut safety, radiation shielding and protection of communications and navigation infrastructure.
 Hickenlooper also secured requirements for NASA to modernize space communications, launch completed science hardware manifested for the International Space Station when practicable, and apply human-rating safety standards to commercial transportation in the region of space between Earth and the moon. His office said the ISS hardware provision includes LASP-developed instruments and that the safety amendment would create consistent standards for vessels developed by Colorado companies.
Mission cuts and what’s unresolved
The Planetary Society reported in April that more than 80 NASA science missions may be endangered by the Trump proposal, after comparing the fiscal year 2027 request line by line with prior-year budget documents to identify omitted missions. NASA has not publicly verified that count, and Scientific American reported in April that NASA declined to comment on the analysis.
Casey Dreier, chief of space policy at The Planetary Society, said the lack of detail complicated Congress’ work.
“NASA has still not provided a full accounting of canceled missions to Congress,” Dreier said.
Meanwhile, Fran Bagenal, a CU Boulder and LASP planetary scientist involved with New Horizons and other missions, said older spacecraft can still return valuable science after most of the cost of building and launching them has already been spent.
“Just taking a hatchet to active space missions is the wrong approach,” Bagenal said. “We inspired a bunch of kids to do their math homework, to get trained in science and engineering, to get technical jobs,” she said, pointing to the public engagement value of missions like New Horizons.
The Trump administration’s fiscal year 2027 budget proposes a 10% cut across non-defense spending, according to the Office of Management and Budget. Ruzzene said CU Boulder is concerned about cuts to federal support for research and development, while Bagenal noted that LASP’s work also intersects with NSF and NOAA.
The Senate is expected to act on its own spending bill in June. History suggests that is where NASA Science has its best chance to recover ground. In fiscal year 2026, the Senate provided more generous science funding than the House, and the final enacted numbers landed closer to the Senate position.
For the state’s aerospace economy, the issue is not one mission or one company. It is whether the federal government will remain a reliable partner on timelines long enough for spacecraft to be designed, built and flown. And whether Colorado’s universities, contractors and students can afford to keep betting that it will.
SUPPORT: YOU MAKE OUR WORK POSSIBLE",https://coloradonewsline.com/wp-content/uploads/2026/05/nasa-logo-1024x667.jpg,,,2026-05-25 07:00:30.327706
,Capitol News Illinois,2026-05-25 10:00:04+00:00,Capitol News Illinois,Illinois grows millions of bushels of soybeans. Why aren’t we eating them?,Tara Sun,,,,,https://capitolnewsillinois.com/news/illinois-grows-millions-of-bushels-of-soybeans-why-arent-we-eating-them/,"Illinois grows more soybeans than any other state, but almost none become local food.",,,,,2026-05-25 07:00:30.327706
,North Dakota Monitor,2026-05-25 10:00:02+00:00,North Dakota Monitor,Small North Dakota town creates ‘sacred place’ to honor veterans,Erin Hemme Froslie,,,,,https://northdakotamonitor.com/2026/05/25/small-north-dakota-town-creates-sacred-place-to-honor-veterans/,"This year’s Memorial Day brings more than the traditional salute to fallen service members in the community of Walcott, North Dakota. On Monday, residents will dedicate a new veterans memorial at the Walcott Cemetery. The memorial is designed to preserve the region’s military history and the future of a rural cemetery.  “We wanted to make […]","Project leader Cheryl Anderson talks with American Legion members about finishing touches to the Walcott Veterans Memorial on May 13, 2026. (Photo by W. Scott Olsen/For the North Dakota Monitor)This year’s Memorial Day brings more than the traditional salute to fallen service members in the community of Walcott, North Dakota.
On Monday, residents will dedicate a new veterans memorial at the Walcott Cemetery. The memorial is designed to preserve the region’s military history and the future of a rural cemetery. 
“We wanted to make it a sacred place for our community,” said Cheryl Anderson, the project’s lead organizer. 
The memorial, which includes granite benches and walls, honors more than 300 veterans who are buried in 10 cemeteries connected to the Walcott area. It also recognizes members of the Walcott Legion Auxiliary.
The Walcott Veterans Memorial will be dedicated on Memorial Day 2026. (Photo by W. Scott Olsen/For the North Dakota Monitor)Members of the Hagen-Helgeson Walcott American Legion Post 166 offer a rifle salute during an interment on May 13, 2026. (Photo by W. Scott Olsen/For the North Dakota Monitor)Family, friends and veterans gather at the memorial site for a burial on May 13, 2026. (Photo by W. Scott Olsen/For the North Dakota Monitor)(Photo by W. Scott Olsen/For the North Dakota Monitor)The Walcott Veterans Memorial honors veterans from 10 cemeteries connected to the Walcott area. (Photo by W. Scott Olsen/For the North Dakota Monitor)A member of the Hagen-Helgeson Walcott American Legion Post 166 carries a flag during a service on May 13, 2026. (Photo by W. Scott Olsen/For the North Dakota Monitor)
Efforts to build a memorial began in 2021 as part of a cemetery restoration project. Members of Walcott Lutheran Church and Shepherd of the Prairie Lutheran Parish – both now closed – wanted to revitalize the grounds of Walcott Cemetery, which was established in the early 1880s.
“We knew we had a lot of unmarked graves there and a lot of families were no longer available to take care of headstones,” Anderson said. “We wanted to make sure the cemetery was cared for in the next generation.”
But as the committee began to raise funds to restore 300 headstones, the idea of a veterans memorial began to grow. The simple mission of “Let no veteran be forgotten” resulted in more than $180,000 raised through grants, corporate sponsorships and private donations.
For many, the memorial represents resilience in a town that has lost many institutions over the decades. 
Walcott, which is in southeastern North Dakota, has a population of around 260. Over the years, it has lost its school, grocery store and gas station. In 2025, the town’s last remaining church closed its doors. Community members wanted a way to continue to honor the sacrifice and service of the region’s veterans, Anderson said.
The dedication ceremony, scheduled for Memorial Day, will include the postings of colors, musical performances and several recognitions. 
Among those being recognized will be Orin “Bud” Nelson, whose family will receive the Congressional Gold Medal awarded to Merrill’s Marauders, an elite World War II unit that fought in Burma under brutal conditions.
Nelson died in 1977 and rarely talked about his wartime experiences, according to his daughter, Kelly Fowler.
“The history of the marauders was frightening,” she said. “He didn’t want to relive it.”
What Nelson did bring home was empathy for others. Fowler remembers her dad always doing something for others, whether it was giving a ride to a biker with a flat tire or listening to the patrons of the bar he owned.
His family purchased one of the memorial’s granite benches in his honor.
“It’s never too late to honor him and others who have served,” Fowler said. “Memorial Day is about the freedoms we have and the people who helped us keep them.”
A member of the Hagen-Helgeson Walcott American Legion Post 166 reads the names of fallen soldiers at the Walcott Veterans Memorial on May 13, 2026. (Photo by W. Scott Olsen/For the North Dakota Monitor)
Another person who will be recognized at the dedication will be Linda Stone, who has served as president of the Walcott Legion Auxiliary for 36 years. Her service and the service of other auxiliary members is an important part of preserving veteran traditions, said Shelly Swandal, secretary of the auxiliary.
“The auxiliary members are the ones who keep veterans from being forgotten,” Swandal said. “This memorial is a way to honor those who keep those traditions alive.”
Another local family sees the memorial as a tribute to difficult wartime sacrifices. 
Thorvald “Toby” Rockstad spent 17 months as a prisoner of war in Germany during World War II after being captured in North Africa. Like many veterans, he rarely discussed his experiences.
“He didn’t talk about it,” said his niece, Lianne Rockstad. “But we believe that every person who served our country deserves to be honored.” 
Rockstad visited the site of the former POW camp in Germany where her uncle was held captive. The village historian helped her find the remnants of a barrack – all that remained of the camp. The experience reinforced for her the importance of preserving veterans’ stories and memories.
Her family donated a granite bench in memory of her uncle, who died in 1982. 
“If you build a memorial, they won’t be forgotten,” she said. 
The memorial project is designed to be as maintenance-free as possible so future generations can care for the cemetery more easily, Anderson said.
“When you think of our little community, we’ve lost a lot,” she said. “But this memorial is something lasting. It’s a legacy.”
SUPPORT: YOU MAKE OUR WORK POSSIBLE
SUBSCRIBE: GET THE MORNING HEADLINES DELIVERED TO YOUR INBOX.",https://northdakotamonitor.com/wp-content/uploads/2026/05/Project-Leader-Cheryl-Anderson-talks-with-American-Legion-members-about-finishing-touches-to-the-Wolcott-Veterans-Memorial-1024x656.jpg,,,2026-05-25 07:00:30.327706
,Mississippi Today,2026-05-25 10:00:00+00:00,Mississippi Today,Justice Department may intervene in NAACP lawsuit over Elon Musk’s xAI’s turbines in Mississippi,Katherine Lin,,,,,https://mississippitoday.org/2026/05/25/elon-musk-xai-dater-center-mississippi/,"The entrance to the xAI power plant in Southaven on Tuesday, Feb. 17, 2026.","Audio recording is automated for accessibility. Humans wrote and edited the story.
The Department of Justice is considering intervening in the NAACP’s lawsuit against Elon Musk’s artificial intelligence company over its operation of natural gas turbines in Southaven. 
The DOJ has until June 15 to intervene.
The federal government’s interest comes as xAI considers going public this summer.
Last summer, xAI began bringing generators to Mississippi to power its data center operations in the area using temporary mobile turbines. Mississippi does not require air permits for mobile turbines that run for less than 12 months. But the Southern Environmental Law Center, which is representing the NAACP, alleges that running the turbines without a permit violates the federal Clean Air Act. 
The lawsuit asks the court to stop xAI’s turbine operations and to fine the company for its previous operations.
xAI has maintained the turbines are not a violation of the Clean Air Act. 
In documents filed in the Northern District of Mississippi earlier this month, the DOJ wrote it is “evaluating potential intervention” in the lawsuit and asked the court to give it more time to evaluate the case. 
The DOJ said it is interested in the case as it pertains to U.S. policies, citing the Clean Air Act and President Donald Trump’s January 2025 executive order protecting U.S. dominance in the AI sector. 
“It is the policy of the United States to sustain and enhance America’s global AI dominance in order to promote human flourishing, economic competitiveness, and national security,” the DOJ wrote in court filings. The department added that “artificial intelligence infrastructure” is a key priority for the U.S.
xAI’s method of self generating energy has allowed it to quickly scale up its data center operations in Southaven and Memphis. In SEC filings published this month, the company cited its “ability to construct power infrastructure at this scale and speed as a significant competitive advantage.” 
Southaven residents who live close to the turbines have complained about the noise coming from the turbines and potential environmental impact to the area’s aquifer and air quality. xAI constructed a sound barrier around the turbines but residents say that it has had little impact. 
xAI has continued to increase power generation on site, with over 40 mobile turbines now on site, up from 18 last summer. In addition, the company is working to bring permanent turbines on site. Earlier this year, the Mississippi Department of Environmental Quality approved air permits for 41 permanent turbines at the site. 
On Thursday, the court granted xAI an extension until June 15 to respond or file a motion to dismiss the suit. It gave the DOJ the same deadline to decide whether it will try to intervene in the case.
The Southern Environmental Law Center declined to comment on the litigation.",https://cdn.mississippitoday.org/wp-content/uploads/2026/02/18093922/3X0A2111.jpg,,,2026-05-25 07:00:30.327706
,North Carolina Newsline,2026-05-25 09:59:55+00:00,NC Newsline,Along for the ride,John Cole,,,,,https://ncnewsline.com/2026/05/25/along-for-the-ride/,,,,,,2026-05-25 07:00:30.327706
,West Virginia Watch,2026-05-25 09:55:33+00:00,West Virginia Watch,Unleashing degrowth in West Virginia,Ted Boettner,,,,,https://westvirginiawatch.com/2026/05/25/unleashing-degrowth-in-west-virginia/,"Nearly 20 years ago, the book “Unleashing Capitalism: Why Prosperity Stops at the West Virginia Border and How to Fix It” was released by Russ Sobel, who was then an economics professor at West Virginia University. The book argued that if West Virginia implemented a number of policies more consistent with “economic freedom” and “free-market […]","Reducing taxes has cost the state more than$1.5 billion per year. (Getty Images)Nearly 20 years ago, the book “Unleashing Capitalism: Why Prosperity Stops at the West Virginia Border and How to Fix It” was released by Russ Sobel, who was then an economics professor at West Virginia University. The book argued that if West Virginia implemented a number of policies more consistent with “economic freedom” and “free-market capitalism,” the state would generate stronger economic growth and well-being. 
Fast forward to today, most of the policies have become law, but the promised prosperity and economic growth have been largely absent. Of the 21 specific policies proposed in the book, 14 have been enacted, two partially enacted, and just five have not been enacted. 

For example, the book recommended that state lawmakers reduce or eliminate personal and corporate income taxes and abolish the business franchise tax, which the state has done, but at a cost of over $1.5 billion per year.
The authors also recommended several policies to reduce labor restrictions, including enacting so-called “right-to-work,” repealing prevailing wage for state-funded projects, reducing the Promise scholarship, and privatizing public education through greater use of vouchers and charter schools. Each of these policies has since been implemented. 
In 2016, lawmakers repealed the state’s prevailing wage law — which had ensured that local workers received adequate wages for state-funded projects — and enacted so-called “right-to-work.” Both of these laws were designed to weaken labor unions, which they have, as the state’s unionization rate has plummeted from 16% to just under 9%. Meanwhile, the state has yet to see any meaningful savings from repealing its prevailing wage law, despite claims it would save over $200 million per year. 
In 2021, Gov. Jim Justice lamented that despite lowering corporate taxes, repealing prevailing wage and enacting right-to-work law, the state had not seen any increase in jobs, population or business growth. Justice said “we ran to the windows looking to see all the people that were going to come — and they didn’t come.”
Over the last several years, the state also took the advice of “Unleashing Capitalism” and created the Hope Scholarship program, which is set to provide nearly $300 million in private school vouchers next year,  and it created public charter schools in 2019. The Promise scholarship — originally designed to cover full tuition and fees at our state’s public colleges — has been block granted and now covers about half of the tuition at West Virginia University.
Following the advice from “Unleashing Capitalism,” lawmakers have also enacted work requirements for Medicaid and the Supplemental Nutrition Assistance Program, and significantly scaled back state investments in programs and services. The state has also passed significant tort reform measures that limit the recovery rights of those that are injured.
Arguably, the most significant policy recommendation that was not adopted was to scale back or eliminate economic development subsidies or tax incentives. In fact, the volume of business tax credits, forgivable loans, and other incentives has grown over this time period. In 2023, Nucor received $1.7 billion in subsidies for a steel plant in Mason County while FORM Energy received $205 million in a grant for a battery factory in Weirton, WV. The state appropriated over $1 billion alone in 2023 to the West Virginia Economic Development Authority in 2023. The WVEDA has seen its assets grow from $280 million in 2018 to $1.2 billion in 2025, which reflects a large amount of funds dedicated to business subsidies. 
So how has West Virginia’s economy and well-being fared since the state has “unleashed capitalism?” Not well. The number of jobs and the number of people living in West Virginia has shrunk, and the state’s economic growth has been comparatively slow. This is in spite of or despite the huge growth in business subsidies in the state. 
Over the last 20 years, West Virginia has not gained a single net new job. In fact, the state has lost 5,000 jobs from 2006 to 2025 — the only state to lose jobs over this period. Meanwhile, manufacturing employment — the most sought-after sector for economic development — has declined by nearly 16,000, or 26%. Total employment has fallen even further, down 21,000 since 2006.

The state’s gross domestic product (GDP), a key barometer for economic growth that measures the total value of goods and services produced, has also grown slowly. West Virginia ranked 43rd out of 50 states in real GDP (2006 chained dollars) growth from 2006 to 2025, lower than any bordering state. West Virginia’s real GDP grew by 21% over this time period compared to 45% nationally. Meanwhile, the state’s share of national GDP has shrunk by 14%.
Source: US Bureau of Economic Analysis
When state lawmakers were debating whether to enact “right-to-work” in 2015, a West Virginia University report claimed it would accelerate job and GDP growth while lowering private sector unionization by one-fifth. While employment and GDP growth have been anemic, the prediction about unionization may have actually been understated — private-sector union membership has declined by about 40% since 2015.
Source: US Bureau of Economic Analysis
The evidence accumulated so far suggests that following the policies outlined in Unleashing Capitalism have not ushered in the prosperity that its authors promised. West Virginia continues to rank near the bottom in health, education, household income, and other measures of wellbeing. It may be time for the state to pursue a different path—one that makes long-term investments in people and places, providing a foundation upon which genuine economic growth can thrive. If we invest in the workforce, fix the infrastructure, strengthen the schools, and build a better quality of life, businesses may come because it actually makes sense.
SUBSCRIBE: GET THE MORNING HEADLINES DELIVERED TO YOUR INBOX.",https://westvirginiawatch.com/wp-content/uploads/2024/09/Tax-2048x1326-1-1024x663.jpg,,,2026-05-25 05:59:11.673129
,Maryland Matters,2026-05-25 09:30:32+00:00,Maryland Matters,The state of housing in Maryland: Closing the funding gap,Tom Coale,,,,,https://marylandmatters.org/2026/05/25/the-state-of-housing-in-maryland-closing-the-funding-gap/,"Maryland has a housing shortage -- no surprise there -- and that's because it's hard for builders to make the numbers work here, writes Tom Coale. But there are answers to be had, if the state is willing to make the investment and approve strategic policy changes.","New homes under construction. Maryland has a housing shortage, but there are ways to address the problem that don't have to pit one group against another, writes Tom Coale. (Stock photo by Getty Images)Maryland’s 2026 legislative session made one thing clear: We are no longer debating whether we have a housing problem.
The session opened in the shadow of Comptroller Brooke Lierman’s “State of the Economy” report, which named housing unavailability as a primary drag on economic growth, and closed on Sine Die with a stack of housing bills headed to the governor’s desk. The problem is acknowledged. The question now is whether Maryland is serious about paying for a solution.
For years, Annapolis has been long on goals and short on candor. More supply, more affordability, more equitable distribution across jurisdictions — nobody disagrees with any of that. What has been missing is an honest answer to why those goals keep going unmet. Anyone who has actually tried to build housing in this state knows the answer: The numbers don’t work.
Construction costs are elevated. Interest rates remain well above where most projects were first underwritten. Rents in all but the strongest submarkets can’t support what new construction costs to deliver. And on top of all that, local requirements — design standards, infrastructure obligations, drawn-out approval timelines — pile on cost without adding a single unit. Projects stall. Sites stay vacant. The gap between what we say we want and what actually gets built keeps growing.
The clearest sign that Annapolis is beginning to understand this is the continued expansion of PILOT (Payment-In-Lieu-Of-Taxes) authority. There has always been a tendency to treat PILOTs as a discretionary incentive — something a jurisdiction offers when it’s feeling generous. That framing misses the point entirely.




Your opinion matters
Maryland Matters welcomes guest commentary submissions at editor@marylandmatters.org.
We suggest a 750-word limit and reserve the right to edit or reject submissions. We do not accept columns that are endorsements of candidates, and no longer accept submissions from public officials or political candidates.
Opinion pieces must be signed by at least one individual using their real name. We do not accept columns signed by an organization. Commentary writers must include a short bio and a photo for their bylines.
Views of writers are their own.




For low-income housing tax credit (LIHTC) developments, office-to-residential conversions and redevelopment in older communities, a PILOT isn’t an incentive. It’s the difference between a project that gets built and one that doesn’t. The math is not close. Without property tax relief, many of these projects aren’t delayed. They’re dead.
The session also wrestled with tenant protections — good cause eviction and related proposals — and this is where the central tension played out. The desire to provide renters with greater stability is legitimate. But policies that increase operating uncertainty or constrain revenue affect whether new housing gets built.
If new housing doesn’t get built, the affordability problem doesn’t get better. It gets worse. This isn’t a choice between protecting tenants and building housing — nobody serious accepts that framing. The question is whether Maryland can craft policy that does both, or whether we keep treating them as opposing forces and accomplish neither.
Which brings us to the real obstacle: money. Maryland’s primary gap financing program, Rental Housing Works, was cut by $20 million this year and faces further cuts in FY2028. Neighboring states are deploying housing trust funds worth hundreds of millions. Maryland is moving in the opposite direction.
We are short roughly 90,000 units for households at 60% of area median income or below, and that number grows every year. Without a serious funding strategy, everything else — the zoning reforms, the PILOT expansions, the good intentions — produces nothing.
One model deserves Maryland’s attention. New York City Comptroller Brad Lander has directed a portion of New York City’s public pension funds — over $270 billion in assets — into affordable housing through targeted allocations to community development financial institutions and housing construction vehicles. The premise is straightforward: well-structured affordable housing deals, particularly those anchored by LIHTC and long-term public subsidy, generate steady, predictable returns. That’s exactly what pension funds are built to hold.
This is not a social mission dressed up as an investment. It pencils. Lander’s office has shown that the tension between fiduciary duty and public benefit is, in many cases, a false choice.
And this isn’t a New York City story. Maryland’s State Retirement and Pension System manages roughly $67 billion on behalf of teachers, state employees and public safety workers. County and municipal funds hold billions more. All of it is actively seeking returns. Affordable housing — structured correctly, with public credit support — can deliver those returns while putting capital to work in the communities those same retirees live in.
State and local governments don’t have to choose between taking care of their workers and housing their residents. The General Assembly should be looking at enabling legislation that lets pension trustees treat affordable housing as the legitimate asset class it is.
Maryland lawmakers made real progress this session. But the hardest part — finding the money — is still ahead. The capital exists. The investment case is there. What’s needed now is the will to act on it.",https://marylandmatters.org/wp-content/uploads/2022/10/GettyImages-155445643-scaled-1-1024x683.jpg,,,2026-05-25 05:59:11.673129
,Virginia Mercury,2026-05-25 09:28:36+00:00,Virginia Mercury,Voucher holders face housing hurdles as Trump proposes federal cuts,Charlotte Rene Woods,,,,,https://virginiamercury.com/2026/05/25/voucher-holders-face-housing-hurdles-as-trump-proposes-federal-cuts/,Finding stable housing wasn’t easy for Kimyade Richardson-Keys and his wife. But after a difficult stretch last spring and summer — including repeated rejections from landlords who refused to accept their housing choice vouchers — the family has now spent a year settled in their current home in Southside Richmond and recently watched their twins […],"An apartment for rent. (Photo by Dan Brandenburg/Getty  Images)Finding stable housing wasn’t easy for Kimyade Richardson-Keys and his wife. But after a difficult stretch last spring and summer — including repeated rejections from landlords who refused to accept their housing choice vouchers — the family has now spent a year settled in their current home in Southside Richmond and recently watched their twins graduate from high school. 
Their struggle ultimately led to a housing discrimination settlement.
Richardson-Keys, a gastroenterologist technician, and his wife, a caretaker, have maintained good credit and supported their family financially.  Their housing choice voucher helps reduce living expenses, especially because, he said, insurance does not cover medications critical for maintaining Richardson-Key’s kidney transplant. 
Moriah Wilkins, an attorney with Housing Opportunities Made Equal, said the couple’s case was settled out of court, as was a separate case involving Dana Wyatt, a grandmother and former certified nursing assistant. 
Wyatt said she tried to use her voucher last year for a house but was rejected. With some of her six children living with her, she said she had hoped to find a home with a backyard where her grandchildren could play. 
Because landlords are not allowed to reject voucher holders unless they own fewer than four properties, the rejection became part of Wyatt’s case. 
“It was stressful,” she said of trying to find a home and use her voucher. 
Ultimately, she settled on a three-bedroom apartment in Southside Richmond, despite having a voucher for a four-bedroom residence.
But it was use it or lose it, she said, and the voucher at least allows her to pay a little more than $300 toward her roughly $1,800 rent. The reduced stress has also helped her focus on her health — she’s getting her diabetes under control and has transitioned from the physical labor of nursing work to managing a store.
But for a program known as housing choice voucher, Wyatt said there often is not much choice when available units do not meet a family’s needs t or landlords refuse to accept vouchers. 
Wilkins said Richmond-area voucher holders continue to face major hurdles, particularly because smaller landlords are allowed to reject vouchers  and some larger landlords still attempt to do so. 
Delays in securing housing can also carry serious consequences. In some cases, tenants risk losing their voucher altogether, adding financial strain and increasing the risk of homelessness. 
“It’s not just ‘oh they missed out on this house, apartment or neighborhood,’” Wilkins said of many clients.
Tom Okuda Fitzpatrick, executive director of HOME of Virginia, said landlords should view voucher holders as stable tenants because the program guarantees  a monthly rent payment, whether it covers part or all of the rent. 
 Trump administration eyes changes to vouchers, other housing programs

President Donald Trump speaks from the Cross Hall of the White House on April 1, 2026 in Washington, D.C. (Photo by Alex Brandon/Getty Images)
While vouchers remain a reliable source of payment for landlords and a lifeline for tenants, the future of who qualifies could change under proposals from President Donald Trump that would require federal approval. 
Trump’s proposed 2027 budget calls for cuts to the U.S. Department of Housing and Urban Development, the federal agency that oversees s several housing construction or assistance programs used by local governments. 
“It feels like a one-two punch,” Fitzpatrick said. 
Among other proposed changes is a proposed HUD rule for work requirements and a two-year time limit on voucher use for recipients younger than 62 years who are not disabled.
The Center on Budget Priorities estimates nearly 3.7 million people nationwide could be at risk of losing their vouchers. Fitzpatrick also noted that rising childcare costs have pushed some families to rely on one stay-at-home parent or limit work hours to manage caregiving responsibilities. 
Trump is also again seeking to eliminate Community Development Block Grants. 
The proposed $3.3 billion cut would affect a major federal funding source local governments use to build affordable housing, renovate and revitalize neighborhoods, and help boost economic development projects in low- and moderate-income communities. 
In its budget outline, the Trump administration argued the grants have been “funneled” into “ideological pet projects and failed to target funding to communities in need.” 
As part of the administration’s broader opposition to Diversity, Equity and Inclusion initiatives, the proposal pointed to cities like Denver and Chicago that have used an equity-focused approach when approving grants. 
Virginia housing nonprofits and residents are monitoring federal cuts, fraying state safety nets

Another proposed cut would eliminate $1.3 billion for the HOME Investment Partnership Program, which helps local and state governments provide down payment assistance, rehabilitate housing and build or acquire affordable units. 
Trump also wants to eliminate the Fair Housing Initiatives Program, which the administration said “provides grants to woke nonprofits that promote radical equity policies and advocate against single family neighborhoods.”
The program provides federal grants to organizations like HOME of Virginia that investigate and pursue housing discrimination cases. As a nonprofit, HOME of Virginia relies on  a mix of grants and philanthropic support, but the federal funding helps the organization and similar groups nationwide ensure housing rights are protected. 
Fitzpatrick noted that HUD faced similar proposed cuts last year before Congress “pushed back in bipartisan ways.”
He said that offers some hope, though he remains cautious.
Because Congress still must negotiate and approve the next federal budget, Trump’s proposals are far from guaranteed. But housing organizations like HOME of Virginia are watching closely.
So is Richardson-Keys. 
This year brought a sense of relief and pride as his “honor roll” twins graduated from high school and prepare to head to college this fall. With his oldest child already a junior in college and all three children earning scholarships, Richardson-Keys said raising them remains one of the most important jobs he and his wife have achieved. 
But the couple still must help support their newly grown children as they begin adulthood, while also managing his medical bills, keeping food on the table and handling day-to-day life. 
With HUD again facing budget cuts, Richardson-Keys said he worries not only about his own family, but about many others trying to stay afloat. 
“I’m so passionate about all of the things going on right now,” he said. “It feels like no one cares about the people that are trying but can’t quite get ahead. It feels like the higher ups don’t understand how much you struggle down here.”
SUPPORT: YOU MAKE OUR WORK POSSIBLE",https://virginiamercury.com/wp-content/uploads/2024/08/GettyImages-115876531-1-1024x683.jpg,,,2026-05-25 05:59:11.673129
,Virginia Mercury,2026-05-25 09:15:22+00:00,Virginia Mercury,Everything you need to know about this year’s hurricane season in Virginia,WHRO,,,,,https://virginiamercury.com/2026/05/25/everything-you-need-to-know-about-this-years-hurricane-season-in-virginia/,"By Katherine Hafner/WHRO Hurricane season along the Atlantic Seaboard officially starts June 1. The six-month period that runs through the end of November is when major storms are most likely to form in the ocean, threatening communities when they approach the coast. This year, the National Oceanic and Atmospheric Administration projects a “below average” hu[...]","A photo of Hurricane Helene making landfall in Florida the evening of Sept. 26, 2024. (Courtesy of National Oceanic and Atmospheric Administration)By Katherine Hafner/WHRO
Hurricane season along the Atlantic Seaboard officially starts June 1.
The six-month period that runs through the end of November is when major storms are most likely to form in the ocean, threatening communities when they approach the coast.
This year, the National Oceanic and Atmospheric Administration projects a “below average” hurricane season for the first time since 2015.
That could include up to 14 named tropical storms and up to six becoming hurricanes. (Last year’s season saw 13 named storms and five that turned into hurricanes.)
The projections largely hinge on the likely presence of the natural weather pattern known as El Niño later this year.
El Niño conditions come with unusually warm water temperatures in the Pacific Ocean, which impact the atmosphere above. That increases storm risk for Pacific communities.
But in the Atlantic, El Niño increases vertical wind shear, changes in wind speed and direction that can help prevent hurricanes.
“It makes it harder for development of the eastern waves coming off of Africa to strengthen into storms,” NOAA Administrator Neil Jacobs said at a news conference Thursday.
Hurricanes form when warm ocean water evaporates into moist air. More air rushes in and rises, forming clouds and thunderstorms that release even more heat to power the storm.
In the long-term, experts say warmer seawater tied to climate change could fuel more active seasons.
Only a few hurricanes in modern history have directly passed through Hampton Roads. That includes Irene in 2011 as a Category 1, and an unnamed hurricane that hit the region in August 1933, which officials still consider the “flood of record” for southeastern Virginia.
Several other storms devastated the region despite not reaching Virginia as a hurricane.
Isabel, for example, made landfall on the Outer Banks in 2003 and moved through Hampton Roads as a major tropical storm. It became Virginia’s costliest natural disaster with more than $1 billion in damages.
“Don’t let words like ‘below average’ change the way you prepare,” National Weather Service Director Ken Graham said Thursday. “It just takes one.”
Here’s what to know as the 2026 season begins.
(Graphic courtesy of NOAA)
 How to prepare your home and evacuate if necessary

The Virginia Department of Emergency Management urges people to look up their hurricane evacuation zone in advance. You can type in your address on the agency’s website to find out.
The zones are categorized from A to D, with A considered the most vulnerable to surging waters. You only need to evacuate to a higher non-evacuated zone. (If Zone A is the only one evacuated, for example, you can move to an area within Zone B, and so on.)
Watch for local officials’ instructions through local media outlets and social media.
“Depending on the emergency, being safe might mean staying at home, a short trip to higher ground, or traveling to a different region of the state,” VDEM says.
Officials also recommend considering your evacuation route in case the time comes. Those include the Hampton Roads and Monitor Merrimac Memorial bridge-tunnels, U.S. routes 58 West, 17 North, 60 West, 460 West and 10 West.
On the Eastern Shore, residents should use Route 13 North. The Chesapeake Bay Bridge-Tunnel is not an evacuation route.
You can find a detailed hurricane evacuation guide on VDEM’s website.
Officials recommend building an emergency kit as you can. That could include infant supplies, pet food, non-perishable food and water, cash reserves for at least a few days, warm clothing, blankets, battery-powered radio, backup cell phone chargers, local maps, toilet paper, hand sanitizer and irreplaceable sentimental items.
Many emergency preparedness products are eligible for Virginia’s tax-free weekend. This year’s weekend starts Aug. 7.
Actions to secure your home ahead of extreme weather include: boarding up windows and storm shutters; securing doors; bringing inside lightweight items such as patio furniture and garbage cans; anchoring objects unsafe to bring inside, such as gas grills; trimming or removing damaged tree limbs close to structures; buying a portable generator to use during outages; clearing debris from rain gutters to prevent water damage; and taking photos and video of your home’s condition before a storm for insurance purposes.
Graham said people tend to think they have weeks to prepare for a storm – but often, it’s days.
Every Category 5 hurricane that has made landfall in the U.S. was at tropical storm status or less within three days prior.
A map of evacuation routes in Hampton Roads. (Graphic courtesy of Virginia Department of Emergency Management)
 You can’t buy flood insurance before a hurricane, so now’s the time

Flooding is often the deadliest aspect of a hurricane, with powerful storm surge quickly pushing large amounts of water onto land.
All that water also damages homes and businesses. A single inch of water in a home can cause more than $25,000 in damage, according to FEMA.
The best financial protection is flood insurance. Traditional homeowner’s insurance policies do not cover flooding.
The National Flood Insurance Program offers policies to homeowners, but typically has a 30-day waiting period before coverage begins. That means if a hurricane is on the horizon, it’s already too late to gain flood coverage for that particular storm.
The NFIP tends to see an uptick in people buying insurance after storms, then a decrease over time as memories of the storm fade.
 Forecasting methods are changing, including new focus on inland communities

Changing climate conditions are fueling more intense rainfall within storms, and this can happen anywhere, not just the coast.
Helene, for example, dumped record amounts of rainfall in the mountains of North Carolina and western Virginia in 2024.
NOAA officials are working to enhance forecasting and preparedness efforts in inland communities.
“I’ve seen so many cases where the inland flooding causes more fatalities than on the coast, because we’re evacuating for (storm) surge,” Graham said.
The agency has implemented a new version of its famous “cone of uncertainty” forecast graphic to include storm watches and warnings for inland areas.
Federal forecasters are also using new surveillance technology, such as uncrewed drones and marine submersibles, and experimenting with artificial intelligence.
Damage to the Route 725 bridge in Taylors Valley, Virginia, following Hurricane Helene in September 2024. (Photo courtesy of Virginia Department of Transportation)
 Recovering after a storm

After a storm passes through Hampton Roads, remember to take extra precautions when navigating roads that may be damaged and have downed electrical wires. Report downed lines and other safety hazards to Dominion Energy at 866-366-4357.
Avoid walking through floodwater or swimming in water bodies for at least a few days, because heavy rains push pollutants into waterways and contain bacteria that can make humans ill.
If using a portable generator, Graham emphasized people need to use them safely outdoors and away from windows. A majority of deaths associated with 2020’s Hurricane Laura came from improper use of generators rather than the storm itself.
If you experienced damage to your home or business, take photos and report it to your locality’s emergency management office so that officials can include it in their damage assessment.
Try to clean and disinfect anything that got wet to avoid the spread of bacteria from floodwater and the formation of mold. Air out enclosed spaces.
VDEM also recommends contacting local departments, such as social and human services, housing, public health and community services boards to access additional resources and information.
You can call 311 as a central clearinghouse for information and services, and 511 to learn about the latest road and traffic conditions.
You can track forecasted hurricane activity on the National Hurricane Center website and more local weather information from the NWS’ Wakefield office.
Editor’s note: This guide originally published in 2025. It has been updated for the 2026 season. 
SUBSCRIBE: GET THE MORNING HEADLINES DELIVERED TO YOUR INBOX.",https://virginiamercury.com/wp-content/uploads/2024/10/2024-09_HeleneLandfall_SS-1.jpg,,,2026-05-25 05:59:11.673129
,Virginia Mercury,2026-05-25 09:05:31+00:00,Virginia Mercury,Amazon celebrates opening of Virginia Beach robotics facility and more headlines,Staff Report,,,,,https://virginiamercury.com/briefs/amazon-celebrates-opening-of-virginia-beach-robotics-facility-and-more-headlines/,"• “A Black community fled a Virginia island. Reclaiming their history opened old wounds.” — The Washington Post • “Amazon celebrates opening of Virginia Beach robotics facility.” — The Virginian-Pilot • “Southwest Virginia needs to solve its housing shortage if it wants economic growth, new jobs, governor says.” — Cardinal News • “Virginia health officials [[...]","The state Capitol. (Photo by Ned Oliver/Virginia Mercury) • “A Black community fled a Virginia island. Reclaiming their history opened old wounds.” — The Washington Post
• “Amazon celebrates opening of Virginia Beach robotics facility.” — The Virginian-Pilot
• “Southwest Virginia needs to solve its housing shortage if it wants economic growth, new jobs, governor says.” — Cardinal News
• “Virginia health officials urge safe swimming pledge after 12 drownings in summer 2025.” — WSET
• “Virginia Beach Sheriff’s Office announces external review findings following death of Rolin Hill.” — WAVY
SUBSCRIBE: GET THE MORNING HEADLINES DELIVERED TO YOUR INBOX.",https://virginiamercury.com/wp-content/uploads/2024/01/NewsToKnowgraphic.png,,,2026-05-25 05:59:11.673129
,South Dakota Searchlight,2026-05-25 09:00:56+00:00,South Dakota Searchlight,Widow of Vietnam War veteran encourages more nominees for In Memory program,Joshua Haiar,,,,,https://southdakotasearchlight.com/briefs/widow-of-vietnam-war-veteran-encourages-more-nominees-for-in-memory-program/,"A South Dakota woman wants more families of Vietnam veterans to know about a national program honoring those who came home from war and later died. Bonnie Bjork’s husband, Timothy, died on March 3. She said he suffered from health problems related to Agent Orange exposure. This year, he is being honored through the Vietnam […]","Timothy Bjork served in the Army, completing two tours in Vietnam. He died in 2025 and is now being honored by the In Memory program. (Photo courtesy of Bonnie Bjork; illustration by Joshua Haiar/South Dakota Searchlight)A South Dakota woman wants more families of Vietnam veterans to know about a national program honoring those who came home from war and later died.
Bonnie Bjork’s husband, Timothy, died on March 3. She said he suffered from health problems related to Agent Orange exposure. This year, he is being honored through the Vietnam Veterans Memorial Fund’s In Memory program.
“I believe very few individuals know about this program,” Bjork told South Dakota Searchlight. “And these men deserve to be honored.” 
Plaque unveiled at South Dakota Capitol for 100-year-old Medal of Honor recipient

Agent Orange was a herbicide used by the U.S. military during the Vietnam War to remove jungle cover and destroy crops. It’s also highly toxic, and many Vietnam-era veterans later developed illnesses that the U.S. Department of Veterans Affairs now treats as connected to Agent Orange exposure, including several cancers, diabetes, Parkinson’s disease and more.  
Timothy Bjork served in the Army and completed two tours in Vietnam. He later earned a biology degree from Dakota State University, worked for the South Dakota Department of Environment and Natural Resources, and served as executive director of the South Dakota Parks and Wildlife Foundation.
The In Memory program was created in 1993. It honors veterans whose names are not inscribed on the Vietnam Veterans Memorial — having been fortunate enough to come home — but who later died. More than 7,000 veterans have been added to the online In Memory Honor Roll since the program began, including 36 South Dakotans. 
Those honorees will be recognized when The Wall That Heals, a three-quarter-scale replica of the Vietnam Veterans Memorial, comes to the Fishback Soccer Complex in Brookings June 11-14. The exhibit includes the digital photos of all In Memory honorees from the state where the exhibit is on display. Brookings is the traveling exhibit’s only South Dakota stop this year.
Having a veteran honored by the In Memory program also includes an invitation to the In Memory Weekend in Washington, D.C., and an invitation to join a Facebook group that gives family and friends an online community to connect and share their stories.
The 2026 In Memory ceremony is scheduled for June 20. The ceremony will be streamed live on the Vietnam Veterans Memorial Fund’s website.
SUBSCRIBE: GET THE MORNING HEADLINES DELIVERED TO YOUR INBOX.",https://southdakotasearchlight.com/wp-content/uploads/2026/05/army-veteran-1024x683.jpg,,,2026-05-25 05:59:11.673129
,Indiana Capital Chronicle,2026-05-25 09:00:37+00:00,Indiana Capital Chronicle,Celebrating Memorial Day: Freedom in action,Adjutant General Larry Muennich,,,,,https://indianacapitalchronicle.com/2026/05/25/freedom-in-action/,"Freedom exists because in every generation, ordinary Americans choose to do something extraordinary: they raise their right hand and swear an oath to serve something greater than themselves. On Memorial Day, we pause not only to recognize that commitment but to remember those who carried it to its fullest measure. Those who never made it […]","Originally known as Armistice Day to commemorate the end of World War I on November 11, 1918, Veterans Day was established on June 1, 1954, and replaced the word Armistice with Veterans. (Jena Ardell/Getty Images)Freedom exists because in every generation, ordinary Americans choose to do something extraordinary: they raise their right hand and swear an oath to serve something greater than themselves. On Memorial Day, we pause not only to recognize that commitment but to remember those who carried it to its fullest measure. Those who never made it home.
That commitment is on full display through operations like Epic Fury, Midnight Hammer and Absolute Resolve, missions that reflect the readiness and professionalism of America’s military forces in an increasingly complex and dangerous world. But behind every operation, every training exercise, and every display of capability is a deeper truth: the freedoms we defend have always come at a cost.
Imagine a world without those willing to answer that call. A world without the courage of men and women who volunteer, knowing full well that service may demand long separations from family, missed milestones, and, in some cases, the ultimate sacrifice.
Without those willing to stand in the breach, the freedoms we so often take for granted would be fragile at best, and fleeting at worst.
Indiana going all out to celebrate America’s 250th birthday

Memorial Day reminds us that for some, that sacrifice became permanent. It is a day to reflect on lives given in service to this nation — not in the abstract, but in the very real absence felt by families, friends and communities across America.
The nature of conflict continues to evolve. Our adversaries are more sophisticated, the battlespace more complex, and the stakes as high as they have ever been. Our global operations today are not just demonstrations of military capability; they are proof that America’s forces remain ready to meet these challenges head-on. They show that we are not merely keeping pace with the changing character of warfare; we are setting it.
Those who serve do not seek danger, but they understand a hard truth: sometimes freedom requires us to move directly toward it. Every time our nation calls, American service members answer, bringing with them unmatched skill, disciplined training, and an unwavering commitment to accomplish the mission.
On Memorial Day, we remember those who answered that call and never came home. Those who moved toward danger so others could live in peace.
They go so Americans at home can live their lives without fear. They go so that children can grow up free to dream, speak, worship, and choose their own paths.
This is the quiet contract between a free nation and those who serve it. While most Americans sleep peacefully in their homes, others stand watch in distant skies, across oceans, and on uncertain ground – carrying the weight of responsibility that freedom demands. They operate in environments where decisions are measured in seconds and consequences can last a lifetime.
And yet, across generations, others continue to step forward without hesitation.
Our modern mission sets highlight something uniquely American: the strength of our joint force and the partnerships that make it possible. Active Duty, National Guard and Reserve components, alongside our allies and interagency partners, come together with a shared purpose. It is this unity of effort that ensures not only mission success, but lasting security.
For the National Guard, this mission carries a dual meaning. Our soldiers and airmen stand ready to defend the nation abroad while remaining committed to protecting and serving their communities at home. That balance between global responsibility and local connection is a defining strength of the Guard and a critical component of our national defense.
And on Memorial Day, it is sustained by remembrance.
The price of freedom is real, and it is paid for through an unwavering belief that the American way of life is worth protecting. Every time our service members answer the call in training, or in real world operations, they reaffirm that commitment.
We honor every service member who has given their life in defense of our liberty — each one a testament to both the cost of freedom and the strength of the force that carries it forward.
We owe it to them to do more than remember. We owe it to them to live in a way worthy of their sacrifice — to understand that freedom is not guaranteed. It endures only because some are willing to stand, to go, and, if necessary, to sacrifice everything so the rest of us may live free.
SUBSCRIBE: GET THE MORNING HEADLINES DELIVERED TO YOUR INBOX.",https://indianacapitalchronicle.com/wp-content/uploads/2023/11/GettyImages-1467414617-1024x683.jpg,,,2026-05-25 05:59:11.673129
,Ohio Capital Journal,2026-05-25 09:00:23+00:00,Ohio Capital Journal,Another lawsuit filed over treatment of ICE detainee at Ohio jail,Marty Schladen,,,,,https://ohiocapitaljournal.com/2026/05/25/another-lawsuit-filed-over-treatment-of-ice-detainee-at-ohio-jail/,"The Butler County Sheriff’s office has again been accused of mistreating an immigrant it was holding for the federal government. The lawsuit, filed in U.S. district court in Cincinnati, alleges that a jailer used racial slurs against an Ecuadoran man, Luis Tenelanda, as he punched Tenelanda so hard that the detainee ended up in the […]","Security fencing surrounds a county jail. (Photo by Joe Raedle/Getty Images)

The Butler County Sheriff’s office has again been accused of mistreating an immigrant it was holding for the federal government.
The lawsuit, filed in U.S. district court in Cincinnati, alleges that a jailer used racial slurs against an Ecuadoran man, Luis Tenelanda, as he punched Tenelanda so hard that the detainee ended up in the hospital. 
In a written statement, the sheriff’s office said it couldn’t comment on the allegations because they’re part of pending litigation. But it said it ran a safe, professional operation.
“The Butler County Sheriff’s Office remains committed to the safe, secure, and professional operation of the Butler County Jail,” it said. “Sheriff (Richard) Jones continues to stand behind the men and women of the Sheriff’s Office who perform a difficult and demanding job each day while maintaining the professionalism and integrity expected by the citizens of Butler County.”
However, the plaintiff, his lawyers and an immigrant-support organization said there was a culture of mistreating immigrant detainees at the jail.
So much so, that in addition to asking for monetary damages, the suit asks the court to declare that Jones habitually fails in his duty to train and supervise jail staff. It also asks the judge to declare that the staff violated Tenelanda’s constitutional rights and caused him severe suffering in the process.
Lynn Tramonte, founder of the Ohio Immigrant Alliance, said the officer accused of attacking Tenelanda was given an oral reprimand for not filing an incident report. But the sheriff’s office decided that the jailer had not used excessive force even though Tenelanda had to go to the hospital, she said. 
“This didn’t need to happen,” Tramonte said during a virtual press conference. “Mr. Tenelanda had been in this country for decades. He has adult children. He was a construction worker who built fire stations, police stations and schools. He was very proud of his work in this country.”
Immigrant-rights advocates said the incident was part of a pattern at the Butler County Jail. Located in Hamilton, the jail has housed immigration detainees under contract with the federal government during both Trump administrations.
“This is about more than just one sergeant’s actions,” said Gabriel Davis of the Ohio Justice and Policy Center, which, along with the Norris Law Group, filed the case. “It’s about a culture of abuse and inhumane treatment.”
According to the complaint, the incident occurred on June 8, 2025.
Tramonte said that immigration detainees were typically kept in their cells for 22 hours a day. 
SUBSCRIBE: GET THE MORNING HEADLINES DELIVERED TO YOUR INBOX.When they were abruptly told that Sunday evening they wouldn’t get out at all that day, some began banging on their doors and shouting for what they called their “break.” Tenelanda joined in, the lawsuit said.
Sgt. Corneal Rowe called Tenelanda and his cellmate such things as “illegals,” “Mexican son of a bitch,” and “savages,” according to other detainees quoted in the lawsuit. 
Then Rowe entered Tenelanda’s cell and punched him in the stomach so hard that Tenelanda fell back against his metal bed frame, hitting his head and body so hard it caused him to pass out, the suit said.
After being checked by jail medical personnel, Tenelanda returned to his cell, but woke in the middle of the night and vomited blood, the suit said. He continued to feel dizzy, vomited more and had severe pain in his arm later that day, it said.
Two days after the incident, Tenelanda was taken to the hospital for lab work and X-rays. He “was told that his arm was fine and that he had an inflamed stomach,” the suit said.
The hospital gave Tenelanda his medical reports, but a sheriff’s deputy took them and then refused to hand them over, the detainee’s lawyers said. They were forced to get another copy from the hospital after Tenelanda had been deported to Ecuador, they said.
It wasn’t the first time jailers in Butler County have been accused of mistreating immigration detainees.
Men born in Cameroon and Somalia sued, alleging that in 2020 they were repeatedly beaten. They also accused guards of taking a prayer rug from one detainee, a Muslim, and putting it in the toilet.
The case is pending and lawyers for Butler County are fighting the allegations. 
Tremonte pointed out that immigration detainees are locked in their cells almost constantly in Butler County even though they’re being held on civil — not criminal — detainers. 
Tenelanda’s treatment rankled him after spending 30 years in the United States, according to a letter that Tramonte read. He has children who are citizens, including one in law school.
“We Hispanics are not criminals like they call us and treat us,” it said. “I was working for a very prestigious company in Dayton, Ohio, building schools, buildings for police and firemen and hotels. I worked in all of those places until my last day — paying my taxes every year — and it’s not fair that they treat us like this.”
Tenelanda had been supporting his children. Now he’s back in Ecuador with an injured shoulder that prevents him from working, his letter said.
Tramonte said Tenelanda’s family “was impacted tremendously” by his deportation.
“There’s a lot of breakdown in families psychologically after deportation because they don’t know who to blame,” she said. “It’s hard. It’s stressful. It’s a very difficult time.”
SUPPORT: YOU MAKE OUR WORK POSSIBLE",https://ohiocapitaljournal.com/wp-content/uploads/2025/08/GettyImages-1631600976-768x512-1.jpg,,,2026-05-25 05:59:11.673129
,Maryland Matters,2026-05-25 09:00:21+00:00,Maryland Matters,Newly formed early child care coalition aims to drive home importance of work,William J. Ford,,,,,https://marylandmatters.org/2026/05/25/newly-formed-early-child-care-coalition-aims-to-drive-home-importance-of-work/,"Providers of early childhood education know that what they do is important, even it others don't. Now, a newly established statewide coalition focused on early childhood education plans to push and ensure the profession gets more respect and resources.","Lukas Wiley-Vanderputten, 5, points to a block placed on top of a castle at Journey Preschool in Montgomery County on May 21. Lukas is playing with Sam Young, 5. (Photo by William J. Ford/Maryland Matters)Alex Edwards kneeled on the carpet to calm down Zuri Kafuko, 3, by twisting part of her hair back in place. About a minute later, Edwards was sitting beside Sebi Lewis, 4, as he played with letters that could be transformed into small robots.
It’s just a snippet of Edwards’ daily work as an early childhood teacher at Journey Preschool, a family child care program operated at the Montgomery County home of Jenn Nicholls.
“If early childhood education was a respected, valued field, everything else would fall into place. Wages for the workforce, career pathway for the workforce, affordability for parents,” Nicholls said Thursday sitting at a small table before the students did yoga exercises.
“Early childhood education has always been left on the back burner because it’s women’s work, right? It’s just babysitting,” she said. “Early childhood education matters.”
A newly formed statewide group hopes to drive home that point.
The Maryland Early Care and Education Coalition’s “call to action” plan includes development of a statewide early care and education workforce registry, and coordination with the Governor’s Workforce Development Board to help with strategies to grow the early childhood workforce. It also recommended a “career lattice,” a nontraditional structure that lets employees work in various roles and learn other skills, as opposed to a career ladder where they follow a vertical path in a certain position or department to senior-level positions.
Jenn Nicholls, lead teacher and owner of Journey Preschool in Montgomery County, helps students make dragonflies during a May 21 art lesson. (Photo by William J. Ford/Maryland Matters)
Chris Swanson, executive director of a nonprofit organization called C-Impact, that will serve as the backbone of the coalition, said one of the main goals is to “increase collaboration over competition.”
“Maryland has lagged behind, certainly post-pandemic, in terms of our [education] recovery, and investing in our early childhood infrastructure enables that,” Swanson said in an interview this month. “The coalition is the first time that Maryland’s major advocacy and implementation organizations have formally come together to create stronger alignment and coordination and overall strengthened implementation of Maryland’s childhood system.”
Beside C-Impact, other organizations that will serve in the coalition’s leadership include the Maryland Family Network, the Maryland State Child Care Association and the Latino Child Care Association of Maryland.
Invest in early care
The three recommendations stem from work by Montgomery Moving Forward, a 13-year-old organization that will dissolve this summer. The group started to strictly focus on uniting business and community leaders to boost Montgomery County. It expanded its outreach in 2024 for a statewide initiative to improve early childhood workforce.
Among the data in a report it released last year:

About 430,000 children aged 5 and younger live in Maryland, with 71% of those in households where parents work outside the household;
Since 2020, more than 1,000 child care programs have closed in the state;
St. Mary’s and Calvert counties have experienced a 27% and 18% decrease, respectively, in early childhood educators.

Sharon Friedman, executive director of Montgomery Moving Forward, said Maryland is one of four states without an early care and education workforce registry.
SUPPORT: YOU MAKE OUR WORK POSSIBLE
“We realized that in order to affect real system change, you needed to work at the state level,” she said in an interview Wednesday. “I hope they [state lawmakers] would invest in what I call the foundational system-building elements of an early care and education system.”
Early child care advocates are still thankful for some legislation approved this year by the General Assembly, such funding for the state’s popular child care scholarship program. Those bills are scheduled to be signed into law by Gov. Wes Moore on Tuesday.
Lawmakers also passed House Bill 1441 in 2024, part of which requires the state Department of Education to create a career ladder for teachers and assistant teachers employed by eligible private providers. It also said that, by July 1, 2027, early childhood teaching assistants must earn and maintain a child development associate certification or hold an associate degree in early childhood education or child development, or have documented experience in early childhood education of at least 15 years.
That’s why Swanson and others are working to possibly get legislation approved next year for early care workers who work with children up to 5 years old.
“We are hopeful that we’ll be able to see a birth-to-5 career lattice implemented within the state,” said Swanson, a former professor who also created education initiatives at Johns Hopkins University.
‘This is fun’
Back at Journey Preschool, students helped to lay down mats to prepare for yoga time.
Rowan Echeverria, left, leads yoga poses May 21 with students at Journey Preschool in Montgomery County. (Photo by William J. Ford/Maryland Matters)
Rowan Echeverria, a Montgomery College student who is one of four teachers at the preschool, led stretches, poses and other exercises for the students who included a smiling Rayan Hossain, 4. Nicholls said Rayan arrived as a nonverbal student. He’s diagnosed with a form of autism.
But Rayan still followed most of the directions as he laid down on his stomach, cradled on the mat and of course, jumped up and down. He even yelled and hugged Echeverria and said, “Look.”
Echeverria did and hugged him back.
As the students transitioned from yoga to art, Rayan handed Echeverria his mat. After one of the children yelled, “This is fun,” Rayan laughed.
Edwards, 20, one of the preschool teachers, led the art lesson for children to make dragonflies. She walked back and forth to the two small tables passing out wings, stickers and other materials for the art project.
She acknowledged it requires “lots of patience” to work with young children, but she’s gaining work experience being at Journey for at least two years. She also attends Montgomery College and then plans to attend the University of Maryland, College Park, to study child psychology.
As Edwards continues her college career to become a child psychologist, she said Journey Preschool remains a major influence.
“By coming here and learning how children work and all their behaviors, I’ll be able to further back up how those behaviors are connected to mental health,” she said. “It’s just a lot easier in just being able to transfer all my knowledge to psychology. Psychology is connected to everything. I’ve understood children better as a whole being here.”",https://marylandmatters.org/wp-content/uploads/2026/05/Journey-Preschool-boys-playing-with-blocks-5-21-2026-1024x739.jpg,,,2026-05-25 05:59:11.673129
,New Hampshire Bulletin,2026-05-25 09:00:17+00:00,New Hampshire Bulletin,"Campus carry, kratom, and classroom clinics: the graveyard of Republican bills killed by Republicans","Ethan DeWitt, Molly Rains, William Skipworth",,,,,https://newhampshirebulletin.com/2026/05/25/campus-carry-kratom-and-classroom-clinics-the-graveyard-of-republican-bills-killed-by-republicans/,"Shortly after the New Hampshire Senate moved to water down the House’s “campus carry” bill that would allow college students to carry firearms, Rep. Sam Farrington, the bill’s sponsor, declared the fight wasn’t over. “We still have some time to work this out,” Farrington, a Rochester Republican, wrote on social media earlier this month, vowing […]","Members of the New Hampshire House of Representatives on Thursday, May 21. (Photo by Molly Rains/New Hampshire Bulletin)Shortly after the New Hampshire Senate moved to water down the House’s “campus carry” bill that would allow college students to carry firearms, Rep. Sam Farrington, the bill’s sponsor, declared the fight wasn’t over. “We still have some time to work this out,” Farrington, a Rochester Republican, wrote on social media earlier this month, vowing to press his case in negotiations with the Senate. “It ain’t over till it’s over.”
Those negotiations never happened. Last week, the Senate refused to entertain the House’s request, dashing any final hopes of cooperation. 
It was not the only example. New Hampshire’s Republican-controlled House and Senate have mostly agreed on legislation this year. But on some of the most contentious issues, the single-party control of the Legislature and governor’s office has not translated to automatic alignment. On Thursday, one of the final voting days of the year, the two chambers clashed over some major policies, sending many of them to further negotiations in a committee of conference.
And in a handful of cases, the chambers ditched negotiations entirely.
Here is the graveyard of bills that died after the House and Senate abandoned even the idea of negotiating common ground.
Campus carry
The fate of House Bill 1793, the campus carry bill, was driven by a disagreement over half measures. 
As passed by the House, the bill would have allowed students at state-funded colleges and universities the right to carry firearms, and would prohibit any rules against those firearms or other non-lethal weapons such as pepper spray and TASERs. But a backlash to the idea led by police chiefs and university officials over the safety implications dampened support in the Senate, and a number of Senate Republicans raised concerns.
The Senate’s compromise proposal: changing the bill to allow faculty members to be armed and create a commission to study whether to eventually allow the same for students.
For the bill’s House Republican supporters, the Senate proposal could have been a bird in the hand — something rather than nothing. But to Farrington and others, the compromise missed the point of the bill, which was rooted in the concept that the right for students to bear arms is inalienable. Those disagreements sealed the bill’s fate; after the House requested a committee of conference, the Senate rejected the request, dooming the bill. 
The CHARLIE Act
Deep disagreements between the two chambers ended another hot-button bill: House Bill 1792. That bill, originally dubbed the Countering Hate and Revolutionary Leftist Indoctrination in Education Act, or CHARLIE Act, aimed at curbing certain teaching methods that endorsed Marxism, “LGBTQ+ ideology,” and other topics. It was named after Charlie Kirk, the right-wing influencer who was assassinated in September.
The Senate passed a dramatic overhaul of the bill, stripping out most of its provisions and replacing it with a new version of the 2021 law known as “divisive concepts” that the U.S. District Court of New Hampshire struck down as unconstitutional in 2024. The state has appealed that decision to the 1st Circuit Court of Appeals, which has yet to issue its ruling.
Though the 2021 law passed both chambers via that year’s budget bill, on Thursday, the House rejected the Senate’s attempts to bring back the law. 
Vaccine clinics at schools
House Bill 1449 sought to prohibit public and charter schools from holding vaccine clinics on their campuses during school hours. Both chambers approved the bill, but senators added exceptions for flu vaccine clinics and for clinics held during a public health emergency. When HB 1449 returned to the House, representatives rejected the watered-down version. They didn’t request a committee of conference to negotiate a compromise, which killed the bill.
Artificial intelligence oversight
As passed by the Senate in March, Senate Bill 657 would have created a study commission to track the effects of artificial intelligence on commerce and politics in New Hampshire, including by monitoring its impacts on education, health care, wages and the job market, consumer protection, the spread of misinformation, and campaigning.
A replace-all House amendment did not create a new commission but rather added artificial intelligence deployment and oversight to the purview of the New Hampshire Information Technology Council. It also sought to add terms to an existing requirement that the Department of Information Technology submit an annual report on the use of artificial intelligence by state agencies. The Senate refused to concur with these changes.
Two kratom bans
House Bill 1423 originally sought to make it a class B felony to threaten violence or harm against family members of public officials with the goal of coercing or influencing their official decisions. The law previously punished people only for threatening the public officials themselves. However, after the House approved it, senators tacked on an unrelated amendment that would outlaw the manufacture, distribution, sale, or possession of kratom. Kratom is a drug available at convenience stores and smoke shops that doctors say can be dangerous and addictive, and regulation has yet to catch up with the speed at which it was brought into the market. After the Senate approved its version of the bill, the House rejected the amendment. 
A separate bill, Senate Bill 557, also sought to ban kratom. However, the bill failed in a similar fashion. After the Senate approved it as a kratom ban (though earlier versions banned it only for people under 21), the House added a provision reshaping the way towns change their form of governance. The Senate rejected the bill with the House’s amendment.
Neither chamber requested a committee of conference on HB 1423 or SB 557.
Becoming a ‘technology-first’ state
House Bill 1685 attempted to create a committee to study whether and how New Hampshire could become a “technology-first” state for disability services. Technology-first is a framework developed by disability rights advocates designed to address a common issue within state services for people with disabilities: the perennial shortage of professional disability caregivers. Becoming a technology-first state would mean prioritizing new technologies (like automatic medication dispensers) that might be able to mitigate the need for hard-to-come-by caregivers. The Senate softened the bill language, removing the term “technology first” in favor of “assistive technology.” Some advocates worried this change would result in a less comprehensive system-wide approach. When the bill returned to the House, it rejected the new language and asked the Senate for a committee of conference to attempt compromise. The Senate declined.
Competing visions for Renewable Energy Fund dollars
As introduced, House Bill 1542 sought to eliminate the requirement that electricity providers pay penalties if they do not meet New Hampshire’s renewable energy goals in their power mix. The bill was amended before passing the House, becoming a proposal to use the state’s Renewable Energy Fund — funded through those payments — for ratepayer rebates, rather than funding investments in renewable energy projects.
In the Senate, the bill was converted into a study committee proposal to evaluate the performance of the New Hampshire Renewable Portfolio Standard and the Renewable Energy Fund. That would have included an assessment of whether it would be more beneficial to ratepayers to disburse the fund as rebates or as continued investment in energy projects. (Other bills have taken aim at the Renewable Energy Fund in this and prior sessions.)
The House refused to concur with the Senate’s amended version of HB 1542.
Creating a Granite State ‘court of chancery’
One bill that did not survive the end-of-session reconciliation would have studied making New Hampshire look a lot more like Delaware.
House Bill 1419 would have created a study commission to explore whether to create a specialized business court modeled after the Delaware Court of Chancery, which adjudicates corporate disputes. That court has recently overseen legal challenges to Tesla CEO Elon Musk’s $56 billion compensation package, as well as investor challenges to Musk’s acquisition of Twitter in 2022.
The New Hampshire commission would be tasked with looking into how to change the state’s corporate statutes to present the state as an alternative destination to Delaware for resolving business disputes. It would have brought together representatives of the New Hampshire Supreme Court, the University of New Hampshire Franklin Pierce School of Law, the Department of Business and Economic Affairs, and others. 
But the Senate proposed shrinking the size and ambitions of the commission and converting it into a committee consisting of just three House representatives and no senators or other members. The Senate’s version also would have shortened the length of the study from two years to one. The House rejected that suggestion.
Free parking for veterans 
As passed by the House, House Bill 1768 would have allowed state-resident veterans to park for free at state parks, provided they have a veteran license plate on their vehicle. The bill would have also raised the threshold for gifts and donations that the New Hampshire Department of Natural and Cultural Resources could accept without Governor and Executive Council approval from $2,500 to $50,000 — according to the bill, in order to offset revenue losses from the free parking program — and allowed the department to solicit donations.
A Senate amendment removed the free veteran parking program. The House refused to concur with that change.",https://newhampshirebulletin.com/wp-content/uploads/2026/05/P5210876-1024x768.jpg,,,2026-05-25 05:59:11.673129
,Kansas Reflector,2026-05-25 08:33:21+00:00,Kansas Reflector,"Special courts helps veterans stay out of jail, but staff losses and cuts are threatening their work",Jamie Rowen,,,,,https://kansasreflector.com/2026/05/25/special-courts-helps-veterans-stay-out-of-jail-but-staff-losses-and-cuts-are-threatening-their-work/,"Memorial Day is an apt time to reflect on the long-term consequences of war. Among them are substance use, mental health problems, homelessness and jail time for those who served in the military. About 8% of all Americans in prisons or jails are veterans, according to the Council on Criminal Justice, a nonpartisan think tank. Veterans end up […]","Veterans from past wars and those returning from ongoing wars will need the country’s continued support. (Photo by SDI Productions/E+ via Getty Images)Memorial Day is an apt time to reflect on the long-term consequences of war. Among them are substance use, mental health problems, homelessness and jail time for those who served in the military.
About 8% of all Americans in prisons or jails are veterans, according to the Council on Criminal Justice, a nonpartisan think tank. Veterans end up incarcerated largely because of substance use and mental health disorders, both of which also contribute to homelessness.
For more than 15 years, one tool for helping veterans break out of addiction has been Veterans Treatment Courts. These programs help veterans accused or convicted of crimes address the challenges driving their involvement in the criminal legal system.
Veterans Treatment Courts require a dedicated clinician and need to provide access to counseling, housing support and other social services to meet veterans’ needs. For this, they must have funding from the government. As a legal scholar studying the use of criminal law to aid veterans, my research shows that these programs, which exist in every state except Connecticut and Vermont, can be very effective. But they only work when they have the staffing and the resources to support veterans’ complex needs.
However, since 2025, massive staffing losses at the Department of Veteran Affairs as well as cuts to publicly funded healthcare such as Medicaid and Medicare, which are widely used by veterans, are making it harder for veterans to access healthcare.
 
What are Veterans Treatment Courts?
Veterans Treatment Courts are a subset of the drug treatment courts that were created by judges and criminal legal reformers beginning in 1988. These courts are an alternative to jail for people arrested or convicted for crimes that may be related to substance use disorders.
The idea was to allow courts to address the root causes of criminal behavior rather than simply punish people who committed crimes. Specialized treatment courts were soon developed to provide support for specific issues, such as mental health, or to groups accused of specific crimes, such as sex work.
In 2008, a judge in Buffalo recognized that veterans in his drug treatment court would benefit from support from other veterans and the comprehensive services from the VA. So he launched a distinct program just for veterans that soon received national media attention. Veterans Treatment Courts now operate in over 745 courthouses.
Eligibility varies across courts, but typically requires that the person have served in the military and that the crime they committed is not considered so serious that it deserves incarceration. While these programs are funded through a variety of sources, such as local and state governments, the federal government offers tens of millions of dollars every year for local courthouses to set up Veterans Treatment Courts.
Veterans Treatment Courts have a variety of requirements for participants. Once admitted to the program, participants must attend a hearing where they talk to the judge about how they are doing. They must also take drug tests and attend therapy appointments. They may also have to show that they have stable housing and employment and that they have performed community service or engaged in other activities that indicate they are connected to their communities and therefore at lower risk for substance use or criminal behavior.
If participants meet program requirements, they graduate. Graduation usually means some sort of legal benefit, such as dropped charges and fines or the termination of probation.
 
Resources are key to success
Advocates suggest that Veterans Treatment Courts are more effective than jail or prison in preventing people from committing new crimes, and that treatment courts in general cost less than incarceration. But studies on whether they help veterans more than alternatives such as drug treatment courts or a regular criminal court have been inconclusive.
My research shows that treatment courts, in general, are most effective if they have dedicated staff and access to services to address substance use as well as housing insecurity. That level of support is exactly what the VA provides.
Veterans with VA benefits not only receive outpatient and inpatient substance use treatment, but they are able to access federally funded education and housing support unavailable to most U.S. citizens. Even Veterans Treatment Court participants who are ineligible for VA healthcare benefit from the unique levels of public support and state-funded programs for veterans in the U.S.
All this gives Veterans Treatment Courts the resources to help their participants more than other treatment courts or regular criminal courts can.
 
A program under threat
Recognizing the connection between veteran homelessness and incarceration, the federal government has put millions of dollars into the VA to help veterans in the criminal legal system. Congress annually authorizes tens of millions of dollars to support VA clinicians working in Veterans Treatment Courts. In January 2026, Congress even created a new center dedicated to this goal.
However, despite this support, cuts to healthcare that is delivered by VA providers, as well as to publicly funded healthcare such as Medicaid and Medicare, present numerous challenges for Veterans Treatment Courts. Tens of thousands of VA employees have left the agency since President Donald Trump took office. This has lead to staffing shortages that undermine care for all veterans.
Staff stability is especially important for these programs’ viability and success. My research shows that funding cuts lead to high turnover and low morale. When the Department of Health and Human Services sent a notice canceling US$2 billion worth of funding in January 2026, treatment courts were scrambling to figure out how they could staff their programs. Though this money was restored, the cancellation showed treatment court staff that their work could end without warning.
Given that the country’s criminal legal system is already overburdened, enabling Veterans Treatment Courts to do their vital work does more than help veterans. In my view, this program also models how comprehensive social services can help people struggling with substance use disorders, mental health problems, housing insecurity and other challenges.
As people recover from past wars and return from ongoing conflicts, they will need the country’s continued investment to reintegrate and thrive.
This article is republished from The Conversation under a Creative Commons license. Read the original article.
Jamie Rowen is an associate professor of legal studies and political science at UMass Amherst. Through its opinion section, Kansas Reflector works to amplify the voices of people who are affected by public policies or excluded from public debate. Find information, including how to submit your own commentary, here.",https://kansasreflector.com/wp-content/uploads/2026/05/file-20260518-83-g3deue-1024x683.jpg,,,2026-05-25 04:56:37.345043
,Nebraska Examiner,2026-05-25 08:00:31+00:00,Nebraska Examiner,OPINION: New Nebraska law correctly keeps books,George Ayoub,,,,,https://nebraskaexaminer.com/2026/05/25/new-nebraska-law-correctly-keeps-books/,"When author Alex Haley’s “Roots: The Saga of an American Family” became part of the American psyche in 1976, first as a best selling book, then as a beloved television miniseries, it sent scores of Black Americans in search of their own family’s genealogical history. “Roots” also changed the conversation about race in America, serving […]","A wave of book bans have hit school libraries in the last few years. (Getty Images)When author Alex Haley’s “Roots: The Saga of an American Family” became part of the American psyche in 1976, first as a best selling book, then as a beloved television miniseries, it sent scores of Black Americans in search of their own family’s genealogical history. “Roots” also changed the conversation about race in America, serving primarily as an entry to such discussions.
The response to Haley’s work gave hope to the notion that the “Roots” phenomenon would be a seminal moment in understanding not simply the brutality, violence and horrors of our nation’s history of slavery, but an opportunity to move “race relations” forward, away from poll taxes, Little Rock and the racist distemper that underpinned subsequent stories such as “Mississippi Burning” and later “Selma.”
Clearly, racial progress for Black Americans has indeed happened. Still, even if six justices of the Supreme Court think otherwise, the metaphorical level playing field remains elusive. We’ve yet to achieve some sort of color blindness or race neutrality, a place where we can recognize, even celebrate a people’s ethnicity without diminishing an individual within that group’s worth or opportunity. 
For details, see redistricting under the guise of partisanship currently afoot in the South, the wholesale elimination of DEI programs and earlier angst over the non-issue of CRT, critical race theory.
By some reckoning, however, we’ve regressed. “Roots,” Haley’s Pulitzer Prize winning masterpiece has been banned in the Knox County Schools in Nashville, Tennessee, where, ironically, Haley lived for a time. Henning, east of Nashville, is home to a statue of Haley.
The usual criticisms followed the banning, said to fall under the state guidelines of something called the “Age-Appropriate Materials Act.” One offending passage, as is often the case, means high school students are denied the chance to learn about the nation’s history as told through the lens of one enslaved family’s experience.
Nebraskans have had their share of book bans or attempts at book bans in school districts and on the floor of the Nebraska Legislature. And although it’s not a book ban, at the beginning of the 2026-2027 school year, the state’s school districts will be required to implement Legislative Bill 390 by creating a catalog of all books in a school district’s library, making it accessible to parents and organizing it by school building. Districts must also give parents the “opportunity” to be notified when their child checks out a book, including the book’s title, author and due date.
Even though some of the same voices who were ready to ban books from “The 1619 Project” to “Harry Potter” supported LB 390, compared to banning a book, the new law is tame, more an administrative and clerical hurdle for librarians. School libraries already have card catalogs. Add to that the use of student IDs for almost everything and notifying those parents opting in should be doable without much technological torment.
No one is arguing that Third Graders should study the “Kama Sutra” or that high schoolers should research back issues of “Hustler.” Still, several points give one pause in any discussion of controlling available subject matter and ideas. 
SUPPORT: YOU MAKE OUR WORK POSSIBLE
First, we raise independent, informed and “critical” thinkers, not by homogenizing thought but rather by offering a wide variety of perspectives for student consumption. Narrowing the lens in turn narrows how students will see the world. Journalist Walter Lippmann famously said that where everyone thinks alike, no one thinks very much. We must resist any undue political, religious or cultural pressure or influence on — or from — school boards, legislatures and others in the policy or lawmaking business.
Nor should we underestimate the power of a good story. Students can study drawings, memorize dates and know some factual history of the slave trade. Kunta Kinte’s narrative in “Roots,” however, from his kidnapping in Gambia, the brutal voyage across the Middle Passage to North America where he was sold into the nightmare of slavery and his life beyond add perspective, relevance and real humanity to the subject. 
Before we ban a book or put conditions on subject matter in our schools, we should always weigh what would be lost in our children’s growth if one is removed from school library shelves and the other is deemed unsuitable. 
Nor do we need to look very far for the results of such conditioning. According to NPR, 35 states have passed or introduced legislation that limits classroom discussion about slavery, American history and race. Some states have passed strange and wholly unserious laws that have come to be known as “Divisive Concept Laws,” designed to diminish students’ feelings of guilt they may feel because of their race. As this space has said before, the study of the nation’s enslavement of humans should engender a sense of discomfort.
Libraries, either down the street or a school hallway, are the original data centers. One positive thing about LB 390 is that it keeps fully available their books — and, in turn, the ideas contained in them. 
SUBSCRIBE: GET THE MORNING HEADLINES DELIVERED TO YOUR INBOX.",https://nebraskaexaminer.com/wp-content/uploads/2024/06/library-books-3.jpeg,,,2026-05-25 04:56:37.345043
,Georgia Recorder,2026-05-25 08:00:26+00:00,Georgia Recorder,Twelve Georgia legislative races advance to runoffs,Maya Homan,,,,,https://georgiarecorder.com/2026/05/25/twelve-georgia-legislative-races-advance-to-runoffs/,Voters across the state will head back to the polls next month after a number of state legislative candidates failed to reach the majority vote needed to avoid a runoff election. Candidates in five state Senate seats are hoping to fill seats vacated by senators who had eyes for higher office. Three of the races […],"Candidates in five state Senate districts and seven state House districts will advance to runoffs to replace lawmakers who are retiring, have resigned or are seeking statewide office. Aaleah McConnell/Georgia RecorderVoters across the state will head back to the polls next month after a number of state legislative candidates failed to reach the majority vote needed to avoid a runoff election.
Candidates in five state Senate seats are hoping to fill seats vacated by senators who had eyes for higher office. Three of the races will be held on the Democratic ticket, and the remaining two races will be on the Republican ballot.
Take two: These Democratic, Republican statewide races are headed to June runoffs

On the House side, candidates across seven districts will compete to replace representatives who are retiring, have resigned or are seeking statewide office. One incumbent candidate is also fighting to hold onto her seat in the face of a competitive primary challenge. Democrats will face off in six races, while two Republicans will seek a rematch in one House runoff.
The runoffs will be held June 16, with at least one week of early voting. Voters who selected one party’s ballot in the May primary election will have to stick with that party for the runoff, but anyone who did not vote in the primary can pick the runoff ballot of their choice. Voters who selected a nonpartisan ballot in the primary can also choose which runoff they would like to vote in.
Here’s a look at the legislative candidates who advanced to a runoff.
Senate District 7
Voters in Senate District 7 will have two races to settle in the runoff. 
Republican Air Force veteran and small business owner Aizaz Shahbaz Shaikh and Democrat Adrienne White, who works in finance, will see each other again in a special election to finish former state Sen. Nabilah Parkes’ term after she resigned from her seat to run for lieutenant governor. The district includes a western portion of Gwinnett County.
In the Democratic primary to choose the district’s next senator longer term, state Rep. Ruwa Romman and civil rights attorney Rahul Garabadu are also headed to a runoff after neither managed to secure a majority in a three-way race. According to unofficial results from the secretary of state’s office, Romman came in the lead with 38% of the vote, and Garabadu was in second place with 33%. The winner will later face Shaikh, who ran unopposed in the GOP primary.
Senate District 10
Georgia voters pick likely future congresswoman, send other hopefuls to runoffs

Democrats Larry Johnson, a former DeKalb County commissioner, and Gabrielle Rogers, the founder of a consulting firm, are vying for a seat that spans portions of DeKalb and Henry counties. Johnson received 48% of the vote in a four-way primary, while Rogers came in second place with 27%.
The district is currently represented by Democratic Sen. Emanuel Jones of Decatur, who recently lost a six-way primary for the 13th Congressional District.
Senate District 14
Democrats Kevin Abel, a consultant, and Nathalie J. Kanani, an attorney, will face off again over a northern Fulton County district currently represented by state senator and lieutenant governor candidate Josh McLaurin. Abel received 37% of the vote in a three-way primary, while Kanani received roughly 33%. The winner will face Republican real estate broker Mike Dvorscak in the general election.
Senate District 46
Republicans Marc McMain, an entrepreneur, and Doug McKillip, a lawyer, will compete to represent Senate District 46, which spans Oconee County and portions of Barrow, Clarke, Gwinnett and Walton counties. McMain received 43% of the vote in a three-way contest, while McKillip came in second place with 35%. 
Incumbent Sen. Bill Cowsert, an Athens Republican, ran for attorney general but lost the Republican primary to fellow state Sen. Brian Strickland of McDonough.
Senate District 51
State Rep. Will Wade of Dawsonville and attorney Philip Milam are headed to a runoff in the Republican primary to replace former Senate Majority Leader Steve Gooch, a Dahlonega state senator who lost his bid for lieutenant governor. The district encompasses Dawson, Fannin, Gilmer, Lumpkin, Pickens and Union counties, as well as a portion of White County. According to unofficial results from the secretary of state’s office, Wade was in the lead with roughly 43% of the vote, while Milam came in second place with 41%.
House District 47
Jack Miller, a financial planner, and Brian Cochran, a software engineer, will compete to replace outgoing Rep. Jan Jones of Milton after neither candidate secured a majority in Tuesday’s election. The metro Atlanta district encompasses part of Fulton and Cherokee counties. Miller came just shy of securing a majority at 49% of the vote, while Cochran received 37%.
Jones, who serves as the House Speaker Pro Tem, announced her retirement earlier this year.
The winner will run against Lindsay Defranco, who was unopposed in the Democratic primary. 
House District 58
Nonprofit director Demetria Henderson will face software engineer Mathewos Samson in the runoff for the Democratic primary runoff for a metro Atlanta seat. Henderson finished first in a four-way contest with about 39% of the vote. Samson, a Democratic Socialist, came in second place with 29% of the vote.
The winner will face Republican Torrey Balam in November. The seat is currently held by Democrat Rep. Park Cannon of Atlanta, who announced earlier this year that she will not be seeking re-election.
House District 62
Nonprofit founder Kenn Collier and consultant KaVon Arnold will compete to fill a seat previously held by Minority Caucus Chair Tanya Miller, who is now the Democratic nominee for attorney general. Collier received 38% of the vote, while Arnold received 32% in a four-way contest.
No Republican candidate qualified in the 62nd House district, meaning whoever wins the runoff election will represent the district starting next year.
House District 68
Retired law enforcement officer Mark Baker will face maternal health advocate Timoria McQueen Saba in the Democratic runoff election for a district that includes portions of Fulton and Fayette counties. Incumbent Democratic Rep. Derrick Jackson of Tyrone launched an unsuccessful bid for governor.
Baker received nearly 30% of the vote, according to unofficial results from the secretary of state’s office. Saba came second in a six-way contest with 18% of the vote.
House District 94
Three new lawmakers elected to fill vacant state House, Senate seats in Tuesday runoffs

Democrat Venola Mason, a DeKalb County education consultant, is set for a rematch with fellow Democrat Kelly Kautz after defeating her earlier this year during a special election for a district that spans portions of Gwinnett and DeKalb counties. 
The seat was vacated in January by former state Rep. Karen Bennett, a Stone Mountain Democrat who resigned shortly before pleading guilty to pandemic-era unemployment fraud.
Mason received 48% of the vote in a four-way contest Tuesday, and Kautz took second place with roughly 20%.
House District 117
Democrat Kim Thomas Smith came close to unseating incumbent Rep. Mary Ann Santos of McDonough, finishing first in a five-way contest with roughly 30% of the vote. Santos, who received 26% of the vote, was first elected in 2024. The district includes portions of Henry and Spalding counties.
House District 177
South Georgia lawmaker pleads guilty to unemployment fraud

Family nurse practitioner Elsie Cason Napier and former Valdosta Mayor Pro Tem Alvin Payton Jr. will compete in a Lowndes County district previously represented by Democratic Valdosta Rep. Dexter Sharper, who resigned from office shortly before pleading guilty to federal fraud charges. Napier came in first place with nearly 30% of the vote in a five-way contest, while Payton came in second place with roughly 26%.
Payton is also running in a special election to fill the remainder of Sharper’s term. He will face former Valdosta City Council member Eric Howard in the special election runoff on June 9.",https://georgiarecorder.com/wp-content/uploads/2023/04/IMG_3048-1024x768-1.jpg,,,2026-05-25 04:56:37.345043
,Mississippi Today,2026-05-25 06:00:00+00:00,Mississippi Today,Protecting what you’ve built: Why business owners should think about their succession plan,digitalops360,,,,,https://mississippitoday.org/2026/05/25/protecting-what-youve-built-why-business-owners-should-think-about-their-succession-plan/,"By J.P. Morgan Wealth Management Business owners often have a million things to juggle with day-to-day operations. Have you taken the time to slow down and think about what you can be doing now to prepare yourself and your business for later in life? If the answer is no, you aren’t alone. Although 76% of […]","Audio recording is automated for accessibility. Humans wrote and edited the story.
By J.P. Morgan Wealth Management
Business owners often have a million things to juggle with day-to-day operations. Have you taken the time to slow down and think about what you can be doing now to prepare yourself and your business for later in life? If the answer is no, you aren’t alone. Although 76% of business owners plan to transition over the next 10 years, only 35% of businesses have a formalized succession plan in place.
You’ve worked hard to grow your business, so it’s important to think about what will happen when you want to move on from the company – whether that’s retirement, selling the business or trying something new. Thoughtful planning in advance can help give business owners peace of mind knowing that both you and your business will be cared for in retirement. A plan can also ensure your employees are cared for and, if you choose, allow your business to continue serving the local community.
Here are some tips for business owners to consider:
Having a plan is key
Planning ahead can help give you peace of mind and avoid unnecessary stress in the future. Everyone’s situation is unique, so make sure your plan incorporates your personal needs and desires. A financial advisor can be a helpful partner in putting together your plan. They can also identify how you can work towards your personal and retirement goals, separate from equity you may have in your business.
Also consider working with an estate planning attorney to help incorporate your business into your estate plan. A basic estate plan for most business owners should include: a revocable trust, a will, a financial power of attorney, a health care power of attorney and beneficiary designations. Make sure to review these documents periodically with your attorney to ensure they still reflect your wishes.
Build a trusted team
Assembling a team of trusted professionals can play a big role in making sure your preferences are honored after you transition away from the business. They can also help evaluate the value of your business, which can be important to know in the succession planning process.
Consider including your financial advisor, certified public accountant, business and estate planning attorney, insurance advisors, business valuation professional, investment bankers and/or business brokers. Spending time, effort and money now to build a team of people you trust can help drive more favorable outcomes in the end.  
Don’t forget about your own retirement
When it comes to investing for retirement, the sooner the better – whether you are a business owner or not. Starting with investing now can give your money more time to potentially grow.
If you don’t have a company-funded 401(k), there are other retirement planning options for business owners to consider, like an IRA or solo 401(k). Make sure to consult your tax advisor, as they can help you understand the tax implications of each option and identify which one may be right for you.
Securing your legacy
Taking the time now to thoughtfully plan for your retirement as a business owner may seem daunting, but it can help ensure peace of mind later in life. There’s a lot to consider, so staying informed is key. If you’re looking for more resources in your financial journey as a business owner, visit our library of free educational content at chase.com/theknow.  
JPMorgan Chase & Co., its affiliates, and employees do not provide tax, legal or accounting advice. You should consult your own tax, legal and accounting advisors before engaging in any financial transaction.  
J.P. Morgan Wealth Management is a business of JPMorgan Chase & Co., which offers investment products and services through J.P. Morgan Securities LLC (JPMS), a registered broker-dealer and investment adviser, member FINRA and SIPC.",https://cdn.mississippitoday.org/wp-content/uploads/2026/05/24183420/Image-1.jpeg,,,2026-05-25 02:57:39.402170
,Connecticut Mirror,2026-05-25 04:01:52+00:00,CT Mirror,CT’s silent health disparity: Lack of adult dental coverage,Andja Demiraj,,,,,https://ctmirror.org/2026/05/25/connecticuts-silent-health-disparity-lack-of-adult-dental-coverage-andja/,"Oral health is not separate from overall health, but foundational to it. Yet policy continues to treat it as separate or optional.","Every 14 seconds, an American ends up in the emergency room for a dental problem that might have been prevented. These visits are painful for patients and costly for the healthcare system, yet they persist because routine dental care remains out of reach for millions, including many in Connecticut.
The state’s Medicaid program provides only limited dental coverage for adults, leaving low-income residents without access to basic preventive and restorative services. The result is predictable: untreated caries progress into infections, manageable conditions escalate into emergencies, and patients turn to hospital emergency departments for relief. There, they often receive only temporary solutions like antibiotics or pain medication rather than definitive care. This is not just a coverage gap. It is a system failure.

Andja Demiraj

Across the United States, dental-related emergency department visits cost roughly $2.4 billion each year. These visits are far more expensive than routine dental care and do little to resolve the underlying issue. By delaying treatment until it becomes urgent, the system creates higher costs and worse outcomes, a pattern Connecticut continues to replicate.
The burden falls disproportionately on those who can least afford it. Medicaid enrollees experience higher rates of untreated decay and periodontal disease, conditions that are not only painful but also closely linked to chronic illnesses such as diabetes, cardiovascular disease, and Alzheimer’s disease down the line. Oral health is not separate from overall health, but foundational to it. Yet policy continues to treat it as separate or optional.
Expanding adult Medicaid dental benefits would address both the inequity and the inefficiency. When coverage is expanded, preventive care increases. The conditions are identified earlier, treated more effectively and at lower cost, and far less likely to result in emergency visits. In other words, the state can spend less in the long run by investing more upfront.
With that said, coverage alone will not solve the problem.
A major barrier in Connecticut is provider participation. Medicaid reimbursement rates for dental services have historically lagged behind, discouraging providers from accepting Medicaid patients. Without addressing this constraint, expanded coverage risks becoming an empty promise of benefits that exist on paper but not in practice. A more effective approach would pair expanded coverage with targeted strategies to strengthen provider participation. This includes increasing reimbursement for high-need services, reducing administrative burdens, and offering incentives such as loan repayment for providers serving Medicaid populations (regardless of dental specialty) would help ensure that access expands alongside coverage.
The state should also take a phased approach. Prioritizing preventive and basic restorative services like exams, cleanings, fillings and extractions would target the most common and preventable conditions while managing costs. To add, beginning with high-need communities would allow Connecticut to monitor utilization, assess provider response, and refine the program before scaling it statewide.
Critics will point to the upfront costs, particularly in a constrained fiscal environment. They are not wrong: addressing years of unmet need will require investment. However, focusing only on short-term spending misses the larger reality. Preventive care reduces long-term costs by avoiding expensive hospital visits and advanced treatments. The question is not whether Connecticut will pay, but whether it will pay more later for worse outcomes.
For too long, oral health has been treated as separate from the rest of healthcare. That separation has consequences: higher costs, poorer outcomes and deepening inequities. Hospitals, community health centers, and patients all stand to benefit from a policy adjustment and investment into more preventative dental care. Connecticut has the opportunity to take a more efficient and equitable path forward.
Andja Demiraj attends Yale University and lives in Middlebury.",https://ctmirror.org/wp-content/uploads/2026/05/Mission-of-Mercy-clinic.jpg,,,2026-05-25 00:56:52.053388
,Connecticut Mirror,2026-05-25 04:01:00+00:00,CT Mirror,"22,581 days of the Voting Rights Act",Adrienne Billings-Smith,,,,,https://ctmirror.org/2026/05/25/22-581-days-of-the-voting-rights-act/,"For many Black Americans, the right to vote is sacred in a democracy, and when those entrusted to protect it undermine it, the betrayal cuts deeply.","For 22,581 days, the United States claimed equality through the Voting Rights Act. The vote of a Black person and the vote of a white person were supposed to carry the same value, like the quarter slipped into a jukebox for the chance to hear a song.  
But the feel of a Black quarter and a white quarter were never truly the same. 
The Black quarter carried scratches that looked like scars. Its silver was stained with blood and felt heavier, as though it carried the weight of every hand that touched it. Yet when it entered the jukebox, the Blues poured from the speakers — rhythms rooted in histories that predate 1619. The beat of the djembe, the twang of the akonting, the voices of descendants of faraway kings. That quarter represented resilience, survival, and power. 
The Black vote gave us the chance to hear our song. It allowed voices once silenced to echo through halls built by our ancestors’ labor. Ballots became prayers slipped through narrow slots, carrying the fingerprints of generations who endured slavery, lynching, segregation, and disenfranchisement. Every vote crossed the Edmund Pettus Bridge carrying the sound of freedom songs behind it. Those ballots were proof that we were here; fully human, fully American, and holders of democracy itself. 
Then came April 29, 2026.
For many Black Americans, it felt like the sting of old wounds reopening. The right to vote is sacred in a democracy, and when those entrusted to protect it undermine it, the betrayal cuts deeply. Black Americans recognized the pattern immediately because history has taught us to. Oppression does not disappear; it adapts. 
Connecticut is not exempt from that history. Black communities remain underfunded, underrepresented, and too often ignored in this state. Connecticut was the last New England state to abolish slavery and the first to require literacy tests for voting. Until recently, our access to the ballot was one of the most restrictive in the nation (i.e. early voting and no-excuse absentee voting) and we still haven’t quite figured it out. Though often hidden beneath northern liberalism, many of the same oppressive systems associated with the South have existed here for generations.  
Yet surrender is not an option. 
More than 250,000 Black residents of voting age live in Connecticut, including over 150,000 Black women. Black women have long stood at the intersection of attacks on voting rights, reproductive rights, and race equality. Their existence has continually been scrutinized and diminished, yet they remain among democracy’s strongest defenders. 
Black women understand something essential: as long as the jukebox still recognizes the quarter, the song can still be played. 
The voices and brilliance of Fannie Lou Hamer, Ella Baker, Pauli Murray and Shirley Chisholm still guide the work ahead; organizing, educating, and speaking truth to power. Black women have always understood that this day could come, which is why they never let go of their quarters. 
That is one of the reasons Black Catalyst PAC was created. Our mission is to build and sustain the political power of Black women in Connecticut by investing in leadership, educating voters, and supporting organizations and activists already driving change. 
The time is NOW! We must continue to organize, invest and act. Black women prioritize Democracy and now it’s time for Democracy to prioritize us.  
Adrienne Billings-Smith of West Hartford is Chair of the Black Catalysts PAC .",https://ctmirror.org/wp-content/uploads/2026/05/ap-voting-rights-signing.jpg,,,2026-05-25 00:56:52.053388
,Connecticut Mirror,2026-05-25 04:01:00+00:00,CT Mirror,Who said crime doesn’t pay?,Thomas Cangelosi,,,,,https://ctmirror.org/2026/05/25/who-said-crime-doesnt-pay-thomas/,"When the FBI adopted the motto, “Crime doesn’t pay,” it had never seen the likes of Donald Trump.","“Crime doesn’t pay” was once a popular slogan adopted by the FBI that under the Trump administration has become laughable.
In his latest attempt to turn justice upon its head and to dress corruption in legal clothing, Trump and his personal lawyers settled a lawsuit against the IRS that not only creates a government $1.8 billion slush fund to pay restitution to Trump loyalists convicted of crimes and punished by the courts, but also says the IRS is “FOREVER BARRED and PRECLUDED from prosecuting or pursuing” tax irregularities against the Trump family and businesses. 
Trump may not know American history, but he’s well versed on the history of organized crime, including the Bureau of Internal Revenue’s prosecution of Al Capone for tax evasion.  He’s a thief with a “get out of jail” card.
Trump’s Acting Attorney General, Todd Blanche said his department would “make right the wrongs” of a previous administration that Blanche claimed had “weaponized” the government against the current President and his supporters.  But this so-called “Anti-Weaponization” of government not only rewards lawbreakers, but attacks law defenders.  
Perversely, it would make “wrong the rights” achieved by defenders of the Constitution who have investigated and prosecuted the crimes and corruption of The Trump administration.  Those pillars of justice, like Special Prosecutor, Jack Smith; Former FBI Director, James Comey; New York Attorney General, Letitia James; Senator Mark Kelly; and Senator Adam Schiff have been harassed, prosecuted, and threatened by precisely the “lawfare” and government “weaponization” that Attorney General Blanche claimed he opposed. The hypocrisy of this settlement staggers the mind.
Consider, that among those eligible for monetary payment under this settlement are the January 6 insurrectionists who violently attacked the Capitol police, threatened to hang Vice President Mike Pence for following the law, and interfered with a fair and honest election process.  
Like a Mafia Don, Trump pays his goons for their loyalty.  So, rather than serving out their prison sentences, these rioting insurrectionists were not only released from prison but their court-ordered $2 billion fines and restitution for victims and taxpayers were forgiven.  In other words, Trump’s innocent victims have paid the price of his corruption, and the violent offenders may be rewarded.  When it comes to the manipulation of history, reality and the mind, Orwell’s Big Brother has nothing on Trump.
And while innocent victims have paid the price for defending the law of the land, Trump cronies, like former national security advisor, Michael Flynn, received over a million dollars in his lawsuit settlement with Trump’s Justice Department.  That’s right; the Department of Justice paid Flynn for his self-admitted crime of lying to the FBI about his communications with a Russian diplomat.
There’s also Trump’s pay-for-pardons justice system.  Paul Walczak, who defrauded his employees of $10 million, received a pardon after his mother donated $1 million to Trump at a fundraiser. The President also pardoned Julio Herrera Velutini, a banker who contributed $3.5 million to a super PAC; and Trevor Milton, convicted of securities fraud, donated almost $2 million to Trump’s political committees before his pardon.
After Trump family’s World Liberty Financial $2 billion  investment in Binance, a cryptocurrency exchange, the President pardoned Binance founder Changpeng Zhao, convicted of money-laundering.  And Trump’s claim that he has nothing to do with the family business amounts to a legal fig leaf that in no way obscures obvious conflicts of interest and corruption.
Meanwhile, under the President’s pay-to-play administration, the Department of Justice has halted or ended investigations into Meta, Tesla, and Google, whose CEOs were all front and center celebrating the President’s Second Inauguration, to which they had all handsomely contributed.  Including the money they spent on his Presidential campaign, these Masters of the Universe had collectively given Trump over a billion dollars.  
“To Big Tech corporations, this sends the message there is little risk in breaking the law in pursuit of profit—especially if you are an ally of the administration.” (Rick Claypool, a research director for Public Citizen, a nonprofit consumer advocacy organization)
Trump also has flaunted conflicts of interest between his personal business and his political office.  The President and his family have made trades in corporate stocks, including Nvidia, Apple, and Amazon, all of which have profited from government policies.  The administration’s deregulation of crypto currency businesses serves to increase profits of his family business, run in name only by his two sons.
Conducting criminal activity so brazenly, Trump seems to have normalized institutional crime.  Despite the Constitution’s Foreign Emoluments Clause that prohibits federal officials from accepting gifts or payments from foreign governments without congressional approval; Trump enthusiastically accepted a luxury jetliner worth $400 million as a gift from Qatar.  Indeed, he brazenly wears his corruption like a badge of honor.
When the FBI adopted the motto, “Crime doesn’t pay,” it had never seen the likes of Donald Trump.  And as former FBI Director James Comey said of Trump’s slush fund, “It just can’t be the way we operate.  We can’t set up a multi-million-dollar ATM at Mar-a Lago for people who’ve committed crimes.”    
But I’d like to know if there’s anyone left in our government who will stop it.
Thomas Cangelosi is a retired teacher from Avon.",https://ctmirror.org/wp-content/uploads/2026/05/AP-Todd-Blanche.jpg,,,2026-05-25 00:56:52.053388
,Florida Phoenix,2026-05-25 01:19:55+00:00,Florida Phoenix,Eleventh hour budget deal includes $4M compensation for ‘Groveland Four’,Christine Sexton,,,,,https://floridaphoenix.com/2026/05/24/eleventh-hour-budget-deal-includes-4m-compensation-for-groveland-four/,Florida legislators gathered Sunday to put the finishing touches on a roughly $115 billion state budget that will affect everyone from AIDS patients seeking crucial drugs to the families of four Black men wrongly accused of rape in 1949. The House and Senate budget chairs met late into the evening Friday and again Sunday with […],"Chief legislative budget negotiators Rep. Lawrence McClure (L) and Sen. Ed Hooper (R) talk to the media Sunday afternoon after they announced some of the spending agreements in the state fiscal year 2026-27 budget that would take effect July 1.  (Photo: Christine Sexton/Florida Phoenix)Florida legislators gathered Sunday to put the finishing touches on a roughly $115 billion state budget that will affect everyone from AIDS patients seeking crucial drugs to the families of four Black men wrongly accused of rape in 1949.
The House and Senate budget chairs met late into the evening Friday and again Sunday with an array of offers covering all elements of a spending blueprint for fiscal year 2026-27, which spans July 1 through June 30, 2027. 
It was anticipated that many of the final offers, including a tax relief package, will be accepted sometime late Sunday night. 
Comments from top Republicans indicated they were preparing to lock the budget down ahead of a final vote, likely on Friday.
“In January, we had enormously more differences of opinion than we do today, so this has really been a situation where we have compromised, we have adjusted again,” said Sen. Ed Hooper, the top budget negotiator in his chamber. “Neither of us leave real happy. It’s probably a good deal.”
It appeared the two sides reached an accord on environmental funds, including setting aside more than $500 million for Everglades restoration. That’s below what Gov. Ron DeSantis initially asked but higher than what the House proposed in its initial budget earlier this year.
The House and Senate have settled on $425 million for the state’s rural and land conservation easement program while putting in roughly $60 million-plus for the main land buying program identified as Florida Forever.










In January, we had enormously more differences of opinion than we do today, so this has really been a situation where we have compromised, we have adjusted again. Neither of us leave real happy. It’s probably a good deal.


– Sen. Ed Hooper


The chambers also have agreed to spend $75 million in to keep a drug program for people with AIDS operational.
The state Department of Health unilaterally made drastic reductions to the program without passing the requisite rules, purporting a $120 million deficit. After legal wrangling with the AIDS Healthcare Foundation and lobbying efforts spearheaded by Ft. Lauderdale community activist Michael Rajner, the Legislature earlier this year unanimously approved about $31 million for the ADAP program to keep it operational through June 30.
Done deal: $31M headed to AIDS drug program after DeSantis signs new law

The budget agreement reached Sunday keeps income eligibility for the program at 400% of the federal poverty level. Rajner said the budget agreement reached over the weekend nixes restrictions the DeSantis administration placed on the program and also the drugs clients could access.
“It’s my hope that DOH begins to serve the needs of the HIV-community rather than continue to find new barriers to erect,” Rajner told the Phoenix in a text Sunday.
‘Groveland Four’
An 11th hour budget item agreed to Sunday includes a $4 million appropriation for the so-called “Groveland Four,” with budget instructions to divide the money equally among the surviving families.
During the 2026 regular session, the Florida Senate approved a bill to compensate the families of Charles Greenlee, Walter Irvin, Samuel Shepherd, and Ernest Thomas. The men were wrongly accused of raping a 17-year-old white woman in 1949 in Groveland in Lake County.
The Florida Legislature in 2017 passed a concurrent resolution apologizing and acknowledging that the men “were the victims of gross injustices and that their abhorrent treatment by the criminal justice system is a shameful chapter in this state’s history.” Two years later, the governor issued full pardons and in 2021 a court in Lake County entered a final order dismissing their indictments.
Although the Senate passed the bill unanimously, the House never considered it during the regular session. 
Two times in two years
The Legislature considers hundreds of bills every session but is required to pass only one: the General Appropriations Act, or the budget.
For the second time in as many years, the Legislature went into overtime to pass the budget, with the extra working hours borne by Florida taxpayers.
2025 extended session cost Florida taxpayers more than $259K

Lawmakers convened for a budget special session earlier this month and, after a spate of budget subcommittee meetings, most lawmakers left town. Hooper and his House counterpart, Republican Lawrence McClure of Dover, spent most of last week in closed meetings trying to hammer out agreements.
On Friday, they announced an agreement to spend $50 million for improvements to a Hillsborough College that will help the Tampa Bay Rays build a new stadium and to place $250 million into an emergency fund overseen by Gov. Ron DeSantis that has been used for immigration enforcement.
Legislators nixed plans for an across-the-board pay raise for state workers, opting instead to give out pay raises to select groups such as park rangers, correctional officers, and state law enforcement agents.",https://floridaphoenix.com/wp-content/uploads/2026/05/IMG_7208-1024x768.jpg,,,2026-05-24 21:56:50.191770
,Delaware,2026-05-24 21:27:17+00:00,Delaware LIVE News,"Photo Gallery: 2026 DIAA Boys Lacrosse Quarterfinals, Smyrna vs Wilmington Friends",Ryan Colasanti,,,,,https://delawarelive.com/photo-gallery-2026-diaa-boys-lacrosse-quarterfinals-smyrna-vs-wilmington-friends/,"Smyrna boys lacrosse defeated Wilmington Friends, 7-5, Saturday night, advancing to the semifinal round of the 2026 DIAA Boys Lacrosse State Tournament. Smyrna’s win is the program’s first in the second round and it will be the program’s first appearance in the semifinal round. All photos courtesy of Dave Reeder.","Smyrna boys lacrosse defeated Wilmington Friends, 7-5, Saturday night, advancing to the semifinal round of the 2026 DIAA Boys Lacrosse State Tournament. Smyrna’s win is the program’s first in the second round and it will be the program’s first appearance in the semifinal round.
Smyrna junior Elijah Mann (40) and Friends sophomore Kyle Sullivan (5) get ready for a faceoff to start their second round matchup.
Friends junior Nash Maheshwari (24) looks upfield as Friends transitions to the offensive end.
Maheshwari (24) defended by Sebastian (14) as Friends searches for a go-ahead goal.
Smyrna junior Boe Evans (35) makes a save on a Friends shot. Eventually Wilmington Friends found the back of the net and took a 1-0 lead.
Smyrna senior Reed Schultz (12) carries the Eagle possession into the offensive end.
Smyrna junior Grayson Judy (34) tries to get passed the Friends defender.
Smyrna senior Michael Sebastian (14) ties the game at 1-1 as time expires in the 1st quarter.
Michael Sebastian celebrates his game tying goal.
Judy (34) shoots and scores with a left-handed shot.
Judy (34) celebrates the score with a leap in the air.
Smyrna junior Maximus Justice (5) clears the ball while Friends sophomore Evan Van Sickle (55) comes to defend.
Friends Goalie Ethan Lukach (35) starts a Friends’ offensive possession after making a save. He had 11 saves throughout the game.
Justice (5) goes over the head of Maheshwari (24) trying to stop a Friends goal. Friends scored five goals throughout the game.
Smyrna junior Drew Marks (9) shoots and scores. Marks’ scored one of the Eagles’ seven goals in the game.
Justice (5) and senior Jake Supinski (18) pose for a picture to celebrate their victory.
Supinski (18), senior Timothy Pepeta (20), junior Christopher Nacrelli (4) and sophomore Alec Elwood (32) celebrate the win as rain comes down as it did during the game.
All photos courtesy of Dave Reeder.",https://delawarelive.com/wp-content/uploads/2026/05/BFR00761-124x124.jpg,,,2026-05-24 17:57:25.923553
,Kansas Reflector,2026-05-24 21:21:53+00:00,Kansas Reflector,President Donald Trump endorses Kansas Senate president in GOP campaign for governor,Tim Carpenter,,,,,https://kansasreflector.com/2026/05/24/president-donald-trump-endorses-kansas-senate-president-in-gop-campaign-for-governor/,"Kansas Senate President Ty Masterson, a member of the Kansas Legislature for 20 years, is endorsed in GOP gubernatorial race by President Donald Trump.","Kansas Senate President Ty Masterson, R-Andover, lands Republican gubernatorial endorsement of President Donald Trump to boost prospects of prevailing in August GOP primary. This image is of Masterson in the Capitol on March 26, 2025 (Photo by Grace Hills/Kansas Reflector)TOPEKA  — President Donald Trump endorsed Senate President Ty Masterson on Sunday in the Republican primary for Kansas governor.
Trump posted to Truth Social the 20-year member of the Kansas Legislature was a “fantastic candidate” and would perform well in the state Trump carried in 2016, 2020 and 2024.
“Ty Masterson has my complete and total endorsement to be the next governor of Kansas,” Trump said.
Masterson lavished praised on Trump in a statement and expressed how honored he was to receive the president’s blessing given a crowded field of Republican candidates for governor.
“President Trump transformed our country by fighting for secure borders, lower taxes, American energy dominance and putting working families first,” Masterson said. “In Kansas, I’ve taken that same approach — leading the fight to cut taxes, stand up to the left’s agenda and defend our values.”
There is a presumption the Trump endorsement would provide leverage for Masterson heading into the Aug. 4 primary.
Competition for the recommendation had been at the center of the 2026 GOP campaign for governor as Masterson worked to curry favor with the president along with former Gov. Jeff Colyer, Secretary of State Scott Schwab and others.
In 2018, Trump endorsed then-Secretary of State Kris Kobach, who narrowly defeated Colyer in that GOP primary. However, Kobach lost the general election to Democratic Gov. Laura Kelly, who went on to win reelection in 2022.
In the 2026 campaign for governor, Colyer has pointed to Trump’s praise for him eight years ago during a campaign stop in Topeka intended to elevate Kobach’s campaign for governor. In that speech, Trump declared Colyer a “man of incredible integrity and class” and a “great guy.”
Others in this year’s GOP field of gubernatorial candidates are Insurance Commissioner Vicki Schmidt, businessman Philip Sarnecki as well as Charlotte O’Hara, Joy Eakins and Stacy Rogers.
The top Democratic Party candidates seeking the Democratic nomination for governor are state Sens. Ethan Corson and Cindy Holscher, both of Johnson County.
In response to the Trump decision, Corson spokesperson Glynnis Harvey said Corson had devoted his campaign to issues Kansas voters cared about while Masterson and other Republicans “spent last year auditioning for Donald Trump.”
Corson’s campaign is about lowering consumer costs, protecting abortion rights and making certain Kansans have access to quality healthcare, she said.
“Trump’s policies have made life harder on Kansans across our state, from driving up costs on farmers, healthcare and at the gas pump,” Harvey said.",https://kansasreflector.com/wp-content/uploads/2025/03/Masterson-3-Senate-3.26.25-1024x576.jpg,,,2026-05-24 17:57:25.923553
,Mississippi Today,2026-05-24 18:00:00+00:00,Mississippi Today,New law creates grant program that covers some college costs,Candice Wilder,,,,,https://mississippitoday.org/2026/05/24/upskill-college-scholarship-jobs/,"Current and potential students attend Hinds Community Colleges's nursing and allied health showcase in Jackson, Miss., Thursday, September 8, 2022.","Audio recording is automated for accessibility. Humans wrote and edited the story.
Mississippi residents who want to earn an associate degree or professional credential at one of the state’s community colleges could get some financial help through a new program. 
In April, Gov. Tate Reeves signed into law House Bill 562, which establishes the UPSKILL (Upgrading Priority Skills for Key Industry Learning and Labor) Mississippi Grant program. The program, which would start as a pilot, will provide last-dollar scholarships to eligible adults who are 24 or older and seeking job training to earn a living wage. 
The state Financial Aid Office will oversee the grants, which will cover the remaining balance after a student’s other financial aid and scholarships are applied. To participate in the program, students must be Mississippi residents for at least two years. 
UPSKILL would also provide eligible students with a $500 annual stipend for books and other materials. 
Additional details of the program’s costs and funding source are still being ironed out, said Courtney Taylor, executive director of AccelerateMS, the state’s workforce agency. The aim is to launch in January. 
The Legislature also approved other money to launch a separate pilot program for residents who are in recovery from opioid addiction. The state has allocated $1 million in opioid settlement funds for the program, which is set to launch this summer. It presents an opportunity for people in recovery to find a holistic program with wraparound services, not just providing community college courses, Taylor said. 
Sen. Nicole Boyd, R-Oxford, speaks during a Senate Education Committee meeting on Wednesday, Feb. 25, 2026, at the Capitol in Jackson. Credit: Eric Shelton/Mississippi Today
The average costs of tuition for community colleges vary across the state. For example, Hinds Community College tuition and fees can range between $3,700 to $4,300, according to the college’s website. At Mississippi Gulf Coast Community College, tuition and fees start at $4,200, according to the college’s cost of attendance website. 
The UPSKILL program is a state workforce investment to help meet the demand for high-priority careers and industries, said Sen. Nicole Boyd, a Republican from Oxford who authored and championed the bill. The program also creates an opportunity for residents who have few resources or outside support to return to college or earn a degree, Boyd said. 
“It truly puts people on a real path to a high-skill, high-paying job and limits the debt they have to get there,” said Boyd, who is also chairwoman of the Senate Universities and Colleges Committee. The program is “targeted, it’s accountable and ties directly to jobs that Mississippi employers are trying to fill right now.” 
The bill’s passage stems from a months-long effort from lawmakers and higher education officials to encourage more Mississippians to earn a college degree or career credential to boost the state’s workforce and economy. About 12% of Mississippi residents have some college experience but no degree, according to the National Student Clearing House Research Center.
AccelerateMS is set to fund the pilot program from its operating budget and determine what academic programs and courses are eligible based on identified priority occupations. These courses will tie to careers or industries that pay at least $20 an hour, Taylor said. 
It is unclear what those programs will be and how much money will be needed to launch this program, Taylor said.
The pilot program will also offer support services, or a one-stop shop for students to work with an adviser or success coach at the community colleges. The coaches will help students navigate the program’s course enrollment process and apply for financial aid and will support them with career planning. 
UPSKILL seems designed to ensure students complete the program and succeed in landing a job, said Michelle Miller-Adams, a senior researcher at the UpJohn Institute who studies tuition-free college programs. Having career coaches or “navigators” is a best practice for supporting students and families, Miller-Adams said. 
Such provisions are “not always necessarily included in the final legislation for statewide promise programs,” Miller-Adams said. “So good job, whoever wrote it.” 
Students eligible for UPSKILL could also receive a $250 emergency aid stipend each semester for things like childcare stipends, bus vouchers  or gas cards. While not a lot of money, the stipends are important for people who have other financial barriers and challenges to completing their degree, Miller-Adams said. 
Requiring specific courses for scholarship eligibility may pose a challenge for students and colleges, Miller-Adams said. Those restrictions could also make it difficult to track data when a student switches careers or courses of study, creating administrative burdens. 
“I think the big lessons officials can apply are that simplicity will help you get people into the program,” Miller-Adams said, “and the support elements will help you ensure that the people in the program are successful.”",https://cdn.mississippitoday.org/wp-content/uploads/2022/09/06144157/3X0A4506-scaled.jpg,,,2026-05-24 14:57:50.121434
,Iowa Capital Dispatch,2026-05-24 16:57:45+00:00,Iowa Capital Dispatch,Waterloo Iwo Jima Marine gets final ‘Oorah!’,Patrick Kinney,,,,,https://iowacapitaldispatch.com/2026/05/24/waterloo-iwo-jima-marine-gets-final-oorah/,"WATERLOO — David Greene almost didn’t live to see his 20th birthday, let alone his 101st. He died April 17. It could have happened 81 years earlier. A artillery shell blast buried him and a fellow Marine buddy alive on Feb. 19, 1945 in the black volcanic sand of a little Pacific island named Iwo […]","David Greene of Waterloo, shown here in 2012, waves the American flag standing on top of Mount Suribachi in the island of Iwo Jima, where he fought as a U.S Marine on the beach below in 1945. (Photo courtesy of Paul Greene)WATERLOO — David Greene almost didn’t live to see his 20th birthday, let alone his 101st.
He died April 17. It could have happened 81 years earlier.
A artillery shell blast buried him and a fellow Marine buddy alive on Feb. 19, 1945 in the black volcanic sand of a little Pacific island named Iwo Jima.
It was a good thing Greene had his helmet strapped around his chin.
David Greene as Marine in 1943. (Photo courtesy of Paul Greene)
Instead of flying off his head in the blast, his “steel pot” slid down around his face. It provided enough of an air pocket for him and his buddy to dig each other out.
He made it to his birthday on March 8. Thousands there never saw another. More than 6,800 of Greene’s fellow Marines and soldiers and almost 18,000 of the opposing Japanese died. The fighting raged on for five weeks. It was one of the costliest battles of World War II.
Greene carried that with him the rest of his life.
He made the most of every moment after he clawed out of that shell hole, until he passed away April 17, at age 101 — in his career, his community and perhaps most notably, as an ambassador for peace with his one-time Japanese foes.
His life will be celebrated at a reception with military honors May 27 at the Sullivan Brothers Iowa Veterans Museum, part of the Grout Museum District, where Greene served many years as a board member. The reception will begin following a 3 p.m. service at the adjacent First Congregational Church across South Street from the museum.

The Grout Museum District and Sullivan Brothers Iowa Veterans Museum in Waterloo is offering free admission and extended hours Wednesday, May 27 in honor of David Greene and courtesy of his family.

He was, quite literally, one of the last men standing from Iwo Jima.
An April 1, 2024 article by the Stars and Stripes military organization reported that, according to a Marine Corps source, there may have been as few as three or four survivors of the battle still living at that time.
Greene, a 1943 graduate of Waterloo West High School, served as a radio operator in the Third Battalion, 26th Regiment of the Fifth Marine Division at Iwo Jima.
“February 19, 1945. They let us off on the beach at nine o’clock in the morning,” Greene said at his 100th birthday reception in 2025. He was far down the beach from the dormant volcano Mount Suribachi when, on the morning of Feb. 23, “all the ships started tooting their horns,” he said. He looked up and saw his fellow Marines raising an American flag atop Suribachi, an iconic image captured by Associated Press photographer Joe Rosenthal.
But “The fight wasn’t over,” Greene said. The Americans finally secured the island March 26. Excerpts from an oral history he gave the Grout Museum District in 2006 can be viewed by clicking on the link here.
Greene served three years in the Marines, and decades more as a warrior for peace.
He and his wife of 71 years, Marian, who passed away in 2021, hosted a number of Japanese foreign exchange students and, on a trip to Japan, were able to return the ancestral battle flag of a Japanese soldier who had fallen at Iwo Jima to his family.
David and Marian Greene. (Photo courtesy of Paul Greene)
David and Marian wed in 1947. He worked as an engineer for the city of Waterloo while still earning his degree through correspondence courses.
He was then recruited by Jens Olesen & Sons Co., which later became Prairie Construction. He spent 36 years at the company before retiring. He also was very active in Scouting and a recipient of the Silver Beaver Award, the highest possible Scouting recognition for an adult volunteer.
In 2021, Greene’s family established the Tyler Greene Foundation at the Community Foundation of Northeast Iowa. It’s named for David’s grandson, a disability rights advocate with cerebral palsy who was killed in a traffic accident that year. The foundation promotes disability awareness and inclusion. Information about that fund, including how to donate, may be found here.
David Greene gave a number of talks on his service and experiences at Iwo Jima, as well as his thoughts on peace and reconciliation with one-time enemies.
David Greene, left, is greeted by a well-wisher at his 100th birthday party at Friendship Village retirement community in Waterloo in 2025 (Photo by Pat Kinney photo)
In 2012, Greene returned to Iwo Jima and also saw the Pacific battleground islands of Guam, Saipan and Tinian, with a handful of fellow World War II veterans and students from Ohio State University. The trip was courtesy of the Greatest Generations Foundation, a Colorado-based organization sponsoring veteran trips to World War II battlefields.
Retired longtime Grout executive director Billie Bailey said she got to know Greene in 1989 when he was working on a major renovation at the Grout for Prairie Construction as she assumed the directorship.
“When David joined the Grout Board, I got to see more of him and learned more about his life story. What a remarkable man!” Bailey said. “He and Marian attended many events at the Grout, and it was always fun to be seated at their table.”
When Greene made a major donation to a Grout renovation project in 2021, Bailey, her staff and Greene and his son Paul agreed that it would be only appropriate to name a bar in the museum “mess hall” reception area for the old Marine.
Since he often signed his correspondence “Dave Greene, The Old Marine,” the area was dubbed “Ye Olde Marine Tavern.”
That’s where his family and friends will deliver a final “Oorah!” to a Marine who made the most of every one of his 81 years of “borrowed time” after being buried alive on Iwo Jima.



				This column was originally published in the Waterloo-Cedar Falls Courier and Patrick Kinney’s blog, View from the Cedar Valley, on Substack. It is republished  through the Iowa Writers’ Collaborative.
Editor’s note: Please consider subscribing to the collaborative and the authors’ blogs to support their work.",https://iowacapitaldispatch.com/wp-content/uploads/2026/05/David-Greene-of-Waterloo-Mount-Suribachi-Iwo-Jima-_-courtesy-Paul-Greene-crop-DO-NOT-REUSE-1024x702.jpg,,,2026-05-24 12:57:59.842860
,South Carolina Daily Gazette,2026-05-24 16:00:30+00:00,SC Daily Gazette,A Statehouse parody of the nation’s ideals commemorated on Memorial Day,Lynn Teague,,,,,https://scdailygazette.com/2026/05/24/a-statehouse-parody-of-the-democratic-ideals-we-commemorate-on-memorial-day/,"This is a more personal message than I usually write, as a national holiday and my own family history intersect with events at the Statehouse. On Saturday of Memorial Day weekend, the General Assembly was in special session to debate further gerrymandering our congressional maps, even though primary election voting is well underway. Memorial Day […]","Flags provide a backdrop news conference held on the first floor of the Statehouse in Columbia, South Carolina, on Monday, Jan. 13, 2025. (File photo by Travis Bell/STATEHOUSE CAROLINA/Special to the SC Daily Gazette)This is a more personal message than I usually write, as a national holiday and my own family history intersect with events at the Statehouse.
On Saturday of Memorial Day weekend, the General Assembly was in special session to debate further gerrymandering our congressional maps, even though primary election voting is well underway.
Rembert Dukes of Vance, South Carolina, died in the Allied invasion of Sicily, Italy, in summer 1943. (Photo courtesy of Lynn Teague)
Memorial Day always reminds me of an uncle I never met: Rembert Dukes of Vance, S.C.
I didn’t meet him because he died before his 18th birthday in the World War II invasion of Sicily.
Although he was so very young, he insisted on volunteering when his older brother and sister did. They survived. He did not. He has no grave in the family plot at a small Methodist church outside Vance.
There was no body to bury; he rests forever in the Strait of Messina.
We often say that the people we commemorate on Memorial Day risked everything for our highest ideals.
I am certain that neither my uncle nor the people who grieved losing him for the rest of their lives would have felt that he died so that those who already hold power could silence everyone who disagrees with them in a winner-take-all parody of representative democracy.
His sacrifice cannot have been in aid of such a pathetic show as our current redistricting nightmare.
This is an attempt to pass H.5683, a bill developed in Washington, D.C. and designed to predetermine the outcome of our state’s congressional elections in favor of a 7 Republican and 0 Democrat delegation.
This plan is designed give more than 40% of the state’s people no voice in Washington.
The legislative process around this unusual mid-term redistricting effort has been convoluted and difficult.
There has been no time for the usual hearings around the state to obtain citizen input. The process at the Statehouse has been compressed to the breaking point and beyond.
There has been a complex interplay of House and Senate rules as the General Assembly attempts to do in several weeks what normally takes several years.
The House passed the legislation on May 20.
Now, the Senate has the bill and on Saturday gave it a favorable second reading. However, under Senate rules the necessary third and final vote cannot occur before Tuesday. We will not know until then, or even the day after, whether the bill has passed.
If it does, there will be court challenges, forcing election workers, candidates, and voters to proceed with no certainty of whether the change will survive court challenges.
This brings us to the effect on the election process itself. Under this bill all other primaries will occur as currently scheduled.
However, the congressional primary election date would become Aug. 18, pushing earlier election stages (candidate filing, absentee voting, early voting) earlier.
To make this happen, state and county election workers would have to conduct an unexpected election on short notice, something that the very experienced and capable director of the State Election Commission acknowledges will be very difficult.
All of this is in aid of adopting a map that is deeply flawed in intention and in execution.
Redistricting is supposed to respect communities that share social and economic interests, whenever possible also adhering to political boundaries. It should reflect the richness and diversity of our state’s people so that their voices can be heard clearly in Washington.
The map presented in this bill does none of this. It is designed only with the intention of allowing one party to win all seven congressional seats in our state.
Even that is done incompetently.
This map employs precinct boundaries that have changed over the years, so that some of the precincts that define it are not properly defined and some no longer exist.
All of this disruption, confusion, and cost is in the service of something that should never happen in a representative democracy.
This is an attempt to determine election outcomes in favor of only part of our state’s people before anyone casts a vote.
That is a betrayal of the highest ideals of our state and nation.
We should reflect on that while we celebrate this most sober of national holidays.",https://scdailygazette.com/wp-content/uploads/2026/03/flags-usa-and-palmetto-state-1024x683.jpg,,,2026-05-24 12:57:59.842860
,VTDigger,2026-05-24 13:39:00+00:00,VTDigger,Artificial intelligence is ruining education,Ada Breese,,,,,https://vtdigger.org/2026/05/24/opinion-artificial-intelligence-is-ruining-education/,"
AI-generated lesson plans don't just shortchange students. They undermine the very teachers who use them.
Read the story on VTDigger here:  Artificial intelligence is ruining education.","Dear Editor,
As a high school junior in central Vermont, I am increasingly concerned about teachers who supplement or even rely entirely on artificial intelligence tools to deliver their curriculum, and the future implications this has for today’s youth. 
While I’m conscious of the difficulties that come with teaching as a career, I believe that the use of AI completely defeats the purpose of being in the classroom. My school prides itself on teaching students how to research and present information with credible, valued sources. Teachers’ using AI as a resource seems contradictory to the values and expectations to which students are held. 
I feel that teachers who regularly integrate AI into their classes are undermining faculty who take the time to plan and create classes with manual effort. It doesn’t seem fair when one teacher spends valuable time making something for their class, while another lets artificial intelligence do it for them. I understand that teachers have busy and complicated lives outside of their jobs, but using AI will not fix the issues that the education system brings upon teachers. In fact, I believe it will only further the harm. Teachers are not just figures who teach subjects in which they are well-versed. They are role models, and they are people who inspire youth to be curious, pursue their interests and communicate with the world around them. This cannot be achieved with artificial intelligence. We need real words and truths from real people to understand the complexity of our world. 
Some argue that an AI-generated test or worksheet is harmless, but I think that’s shortsighted. The danger lies in where it leads. If more classes begin to use AI to create assignments, even if they are formative, school will turn into a monotonous environment. This is not education. Education should provide the gateway to pursuing greater knowledge, and not be something that can be completed and set aside in a matter of seconds. I’m sure artificial intelligence benefits many complex and large-scale scientific and governmental projects, but this is high school, not NASA. High schoolers do not benefit from lesson plans that lack human thought. Even just knowing that someone took the time to create an assignment makes me feel more motivated to complete the assignment. I don’t want to learn when the work I’m given is generated thoughtlessly; that defeats the purpose of going to a school. I’m not saying that every teacher needs to perfectly hand-craft every assignment, but it’s hard to appreciate the difficult jobs of teachers when it seems like they don’t put effort into what they’re giving us. Even if a teacher doesn’t have the time to create an assignment, the internet has resources with examples and worksheets that are confirmed to be reliable. 

READ MORE

In order to prevent harm, I think it’d be best to take action as early as possible. If the use of AI in teaching methods becomes normalized, we’re only going to hurt the purpose of teachers. It’s almost as if teachers who use AI are unconsciously sabotaging their own careers. Some adults might be unbothered by their use of AI because they won’t live to see a world that is governed by algorithms, but this is not their future — it’s ours. 
I don’t want to be an adult with a child who can’t empathize with others or think independently because their AI teacher-bots all sound the same and don’t know what a curious, passionate human mind looks like. This is what people of my age and generation are forced to consider. What may seem far-fetched right now could very well become our reality if we do not take the initiative, and I believe that starts with our education system.
Ada BreeseStrafford, Vt.
Read the story on VTDigger here:  Artificial intelligence is ruining education.",https://vtdigger.org/wp-content/uploads/2025/02/Letters-to-the-editor_featured-image-25.png,,,2026-05-24 09:58:22.747107
,VTDigger,2026-05-24 13:37:00+00:00,VTDigger,"In rural Vermont, a pioneer of beaver coexistence continues his life’s work",Emma Green,,,,,https://vtdigger.org/2026/05/24/in-rural-vermont-a-pioneer-of-beaver-coexistence-continues-his-lifes-work/,"
Skip Lisle has spent decades trying to convince Vermonters that beavers are worth living with.
Read the story on VTDigger here:  In rural Vermont, a pioneer of beaver coexistence continues his life’s work.","Skip Lisle constructs a beaver deceiver, also known as a high-quality flow device, before installing it on a beaver pond and dam in Morristown on Monday, May 11, 2026. Photo by Glenn Russell/VTDigger
MORRISTOWN — Skip Lisle stands atop a beaver dam, grabbing sticks and tossing them over his shoulder. In chest-high waders, he slowly opens a hole in the middle of the dam, and water rushes through.
Lisle might just be the biggest beaver-lover in the state. And despite appearances, he’s not destroying this dam. He’s working to help it stay.
For more than three decades, Lisle, now 67, has devoted his life to helping humans coexist with beavers, pioneering the use of “flow devices,” contraptions of wood, wire and PVC tubing designed to stop beavers from flooding roads and clogging culverts.
“I’ve never been a beaver before. That’s a real disadvantage,” Lisle said. But he’s had 30 years to perfect the craft of beaver deception.
“Fortunately, beavers don’t do much deductive reasoning,” he added. “Only reason I have a chance.”
When it comes to beavers, as many Vermonters know, it’s a mixed bag. On one hand, beavers create wetlands that can slow erosion, reduce downstream flooding and create habitat for other species. But they also flood fields, chew down trees and clog culverts, sometimes causing costly damage. 
Vermonters often manage this enduring tension by trapping and killing beavers, which remains common today. Of the roughly 1,000 beavers trapped in Vermont during the 2024-25 season, about half were trapped because of conflicts with landowners, according to the Fish & Wildlife Department.
But Lisle has spent ages arguing there’s another way.
That vision recently brought him to Harriet Winter’s property in Morristown, where beavers transformed a small stream into a shallow wetland, which partly flooded a trail her family uses to reach the woods behind their home.
Winter said she appreciated the benefits beavers bring to the landscape.
“We want to find a way to share,” Winter said.
“That puts them way ahead of the average person,” Lisle interjected.
Winter called Lisle to install one of his Beaver Deceivers, a pipe-and-wire system designed to lower water levels without destroying the dam.
While the idea is simple, the installation is not. Lisle wrestled the unwieldy contraption through the water, grabbing alder saplings to stay upright as mud threatened to swallow each step. Once installed, the system quietly channels water through the dam while making it difficult for beavers to clog the pipe.
The devices can work remarkably well. In a 2008 analysis funded by the Virginia Department of Transportation, researchers found that all 33 similar devices Lisle installed at sites where beavers had caused damage still functioned more than six months later.
A lifelong fascination 
Lisle’s fascination with beavers began in Grafton, where he grew up on land crossed by a town road and a troublesome culvert.
Beavers had largely disappeared from Vermont by the early 1800s after widespread trapping and forest clearing, according to the Fish & Wildlife Department. But they gained legal protections in 1910 and were reintroduced to the state in the 1920s and 1930s. Since then, beavers have rebounded across a landscape that had spent generations developing without them.
When beavers moved onto Lisle’s family property decades ago, the animals repeatedly clogged the culvert and flooded the road.
“A guy who was on the town road crew would go out in the evenings with his gun and stand on the road to shoot beavers,” Lisle recalled.
His parents weren’t fond of the animals either. After one chewed down shrubs they had planted, they told him to shoot it.
He did.
“Even then I knew it was wrong and stupid and self-destructive,” he said. “The next time a beaver came along, I refused.”
Instead, as a teenager, Lisle built a simple fence around the culvert to stop beavers from damming it. He said they haven’t had to kill beavers on that land in 50 years.
But it would take years before beavers became his career. Lisle studied geography and played football and baseball in college before spending a decade working construction.
“I was kind of lost,” he said.
In the early 1990s, he returned to school to earn a master’s degree in wildlife conservation from the University of Maine.
The topic of his thesis?
Three guesses.
Soon after, while working for the Penobscot Nation in Maine, Lisle developed early versions of the Beaver Deceiver and Castor Master, systems designed to stop beavers from clogging culverts and washing out roads.
“They saw that killing beavers wasn’t working,” Lisle said.
Lisle’s systems worked. After leaving that job, he moved back to his family’s land in Grafton and founded Beaver Deceivers International. Since then, he estimates he has installed more than 1,000 coexistence devices.
Read the story on VTDigger here:  In rural Vermont, a pioneer of beaver coexistence continues his life’s work.",https://vtdigger.org/wp-content/uploads/2026/05/beaver-8-20260511-1024x682.jpg,,,2026-05-24 09:58:22.747107
,Louisiana Illuminator,2026-05-24 13:00:18+00:00,Louisiana Illuminator,Louisiana lawmakers shelve maternal mortality resolution despite nation-leading death rates,Alma Stewart Allen,,,,,https://lailluminator.com/2026/05/24/maternal-mortality-4/,"In a state where women die from pregnancy-related causes at more than double the national average, Louisiana lawmakers quietly sidelined a resolution last week that would have forced a deeper examination of the crisis.  House Concurrent Resolution 110, authored by Rep. C. Denise Marcelle, was voluntarily deferred in the House Health & Welfare Committee after[...]","Marko Cvetkovic/Getty ImagesIn a state where women die from pregnancy-related causes at more than double the national average, Louisiana lawmakers quietly sidelined a resolution last week that would have forced a deeper examination of the crisis. 
House Concurrent Resolution 110, authored by Rep. C. Denise Marcelle, was voluntarily deferred in the House Health & Welfare Committee after a single objection — a move that stunned advocates who have spent years pushing for better maternal health outcomes.
HCR 110 would have required the Louisiana Department of Health to conduct a sweeping review of maternal and pregnancy-associated mortality, evaluate barriers to maternal healthcare access and delivery, and provide recommendations to improve outcomes, strengthen accountability and reduce preventable deaths statewide. 
The resolution directed health officials to examine the state’s persistently high maternal death rates — 222 confirmed pregnancy-associated deaths from 2020 to 2022, with 84% deemed preventable
It also called for a look into racial disparities that leave Black mothers 2.2 times more likely to die than white mothers.
Also suggested for review were gaps in prenatal and postpartum care, including the finding that only 5.2% of pregnant Medicaid beneficiaries received a case management plan of care.
The resolution also covered the collapse of obstetric services in rural parishes, including seven parishes with no birthing hospital, no obstetric providers and drives for patients exceeding an hour to the nearest facility.
It also sought scrutiny for workforce shortages, including 24 parishes with no OB/GYN providing Medicaid services.
Finally, Marcelle’s resolution was meant to measure the effectiveness, or lack thereof, of existing state maternal care programs.
These priorities closely mirrored the findings of the March 2025 Louisiana Legislative Auditor performance audit, which found that $383.2 million in managed care Incentive payment spending on maternal health was “not always designed to achieve measurable outcomes and, in some instances, was duplicative.” 
The audit also found managed care organizations were providing case management plans to only 5.2% of pregnant Medicaid beneficiaries, that 24 of 64 parishes had no OB/GYN providing Medicaid services, and that 18.3% of listed OB/GYN providers had zero claims — providers on paper who were not seeing patients. 
Also, the state’s own Bureau of Family Health was not consulted during the development of the spending milestones, according to the audit.
The state’s most recent 2020–22 Pregnancy-Associated Mortality Review, published days before the committee hearing, reinforced these concerns. The report found that drug overdoses have been the leading cause of pregnancy-associated death since 2018 — eight consecutive years — and that its own recommendations “may not reflect existing policies of the Louisiana Department of Health.”
The resolution also mandated the development of a statewide improvement plan and submission of a Feb. 1, 2027, report to the legislature, requiring the health department to publicly account for what is working, what is failing and why Louisiana continues to lose mothers at rates far above the national average.
But Marcelle’s proposal never made it to a vote.
Rep. Stephanie Berault, R-Slidell, argued the resolution was unnecessary, claiming “the state is already doing all of this.” 
She pointed to the health department’s existing Pregnancy-Associated Mortality Review process and ongoing federal initiatives, though the 2020–22 review states its recommendations may not reflect existing state policy, and the Legislative Auditor found that 76.4% of pregnant Medicaid beneficiaries did not receive timely prenatal care.
Berault’s comments lasted only minutes, but they were enough to halt the measure. The resolution was voluntarily deferred.
The move underscores a broader trend in Louisiana’s maternal health response: Lawmakers concede the severity of the problem, but efforts to enact meaningful systemic change repeatedly stall.
Despite years of reports documenting preventable deaths, racial inequities and failures in postpartum care, Louisiana has not implemented many of the recommendations made by its own review committees. The same categories of prevention recommendations — care coordination, substance use treatment, workforce expansion, racial disparities and data infrastructure — have appeared in every PAMR report since 2017. 
In 2018, the Legislature created the Healthy Moms, Healthy Babies Advisory Council through Act 497. The council reported recommendations in 2020 and then dissolved. By the 2020–22 PAMR, the council is no longer mentioned. Its recommendations remain unimplemented.
Louisiana’s health secretary acknowledged to the Legislative Auditor that “having coverage under Medicaid does not mean that beneficiaries have access to services.”
HCR 110 would have required a more immediate, comprehensive accounting. Instead, the legislature chose to trust that existing systems are sufficient — despite the findings of its own auditor and the health department’s own mortality review committee.
Maternal health advocates reacted with frustration, saying the decision reflects a reluctance to confront the depth of the crisis.
Dismissing the resolution as “duplicative” sidesteps the central finding of both the Legislative Auditor and the Pregnancy-Associated Mortality Review: Existing efforts have not been enough.

 77% of the women who died had Medicaid coverage. 
 77.5% of deaths occurred after delivery, during the period when managed care organizations are responsible for follow-up care. 
 Only 5.2% of pregnant Medicaid beneficiaries received a care plan. 

The state’s managed care system is failing to provide care management to the population most at risk, during the period when they are most likely to die.
By shelving HCR 110, critics say lawmakers avoided a public reckoning with these failures and missed an opportunity to demand accountability from state officials and the system of care.
With the resolution deferred, no new reporting requirements or oversight mechanisms will be implemented this session. The state will continue relying on existing programs that the Legislative Auditor found were not always designed to achieve measurable outcomes and that the PAMR committee’s own recommendations may not reflect.",https://lailluminator.com/wp-content/uploads/2026/05/GettyImages-2227108740-1024x683.jpg,,,2026-05-24 09:58:22.747107
,Iowa Capital Dispatch,2026-05-24 13:00:16+00:00,Iowa Capital Dispatch,Memorial Day 20206: How Iowans can celebrate,Kadin Luhmann,,,,,https://iowacapitaldispatch.com/2026/05/24/memorial-day-20206-how-iowans-can-celebrate/,"The United States will celebrate Memorial Day on Monday, May 25, honoring U.S. military personnel who died serving the country. The annual holiday, originally known as Decoration Day, was first celebrated on May 30, 1868 to honor fallen Civil War soldiers and eventually, all soldiers who died during service after World War I. Memorial Day […]","The Iowa Veterans Cemetery in Adel, shown here on July 23, 2024, will host a Memorial Day ceremony on Monday, May 25. (Photo by Kathie Obradovich/Iowa Capital Dispatch)The United States will celebrate Memorial Day on Monday, May 25, honoring U.S. military personnel who died serving the country.
The annual holiday, originally known as Decoration Day, was first celebrated on May 30, 1868 to honor fallen Civil War soldiers and eventually, all soldiers who died during service after World War I. Memorial Day was not recognized as a national holiday by the U.S. government until 1971, when Congress passed legislation declaring that the holiday would take place on the last Monday in May.
As residents of Iowa cities and towns prepare for the holiday by placing American flags at cemeteries, organizing parades and paying tribute to fallen service members, below are some events scheduled for Memorial Day 2026.
Iowa Department of Veterans Affairs Ceremony – 8 a.m.
Iowa Veterans Cemetery, 34024 Veterans Memorial Drive, Adel.
The Iowa Department of Veterans Affairs will host its first of two Memorial Day ceremonies in Adel to honor all U.S. military members at 8 a.m.
Iowa Department of Veterans Affairs Ceremony – 10:30 a.m.
Iowa Veterans Home, 1301 Summit St., Marshalltown.
The Iowa Department of Veterans Affairs will host its second Memorial Day ceremony at 10:30 a.m. in Marshalltown. Both events are free and open to the public.
Ames Memorial Day Parade and Program – 10:15 a.m.
City Hall, 515 Clark Ave., Ames.
The Ames Patriotic Council is hosting a Memorial Day parade and ceremony, beginning at Ames City Hall at 10:15 a.m. Retired U.S. Army Col. Reggie Richardson, an Ames resident and Iowa State University graduate, will be the keynote speaker for the ceremony, which will start at 11 a.m. at the Ames Municipal Cemetery on 310 E. Ninth St. 
The Metro Veterans Council Program – 10:30 a.m.
Veterans Memorial Building, 50 Second Ave. Bridge, Cedar Rapids.
The Metro Veterans Council is hosting a ceremony inside the Cedar Rapids Veterans Memorial Building starting at 10:30 a.m. The event will feature an opening prayer, live music and guest speakers.
Iowa Gold Star Military Museum Memorial Day Celebration – 5 a.m. 
Camp Dodge, 7105 N.W. 70th Ave., Johnston.
The Iowa Gold Star Military Museum will host a ceremony from 5 a.m. to noon, featuring a free military-style breakfast, live entertainment and a blood drive. 
The Marine Corps League’s Larry Nehring Detachment Memorial Day Event – 10 a.m.
Iowa State Capitol, 1007 East Grand Ave., Des Moines.
The Marine Corps League’s Larry Nehring Detachment will hold their annual Memorial Day commemoration on the south side of the Iowa State Capitol at 10 a.m. The keynote speaker is Roger Blanchfield, a Vietnam Army veteran.
Waterloo Parade and Program – 10 a.m.
Veterans Memorial Hall and Soldiers/Sailors Park, 655 Cedar St., Waterloo.
The City of Waterloo is hosting a Memorial Day parade starting at 10 a.m. Parade route details can be found on the Black Hawk County website.
Dubuque Parade and Ceremony – Noon
Greyhound Park Drive, Dubuque.
The Tri-State Women Warriors, Veterans Freedom Center, Dubuque County Veteran Services and American Legion will host a parade starting at noon on Greyhound Park Drive. A ceremony will follow the parade at the Veterans Memorial Plaza.
Fort Dodge and Webster County Memorial Day Ceremony – 10 a.m.
Terry Moehnke Veterans Memorial Park, 1386 National Ave., Fort Dodge.
The Fort Dodge and Webster County Memorial Day Ceremony will begin at 10 a.m. with live music from the Karl King Municipal Band. Visitors are encouraged to park at The Community Orchard on 2237 160th St. and take a free bus to Terry Moehnke Veterans Memorial Park due to limited venue parking.
Bettendorf Memorial Day Ceremony – 2 p.m.
Veterans Memorial Park, 1645 23rd St., Bettendorf.
The City of Bettendorf will host a ceremony at 2 p.m. at Veterans Memorial Park. The event will include multiple guest speakers, including U.S. Rep. Mariannette Miller-Meeks and Col. William Joe Parker.
Fleet Farm Salutes Taps Across America – 3 p.m.
Fleet Farm, 5858 Sunnybrook Drive, Sioux City.
A live bugler will perform at the Fleet Farm store in Sioux City at 3 p.m. on Memorial Day as part of the company’s nationwide tribute to fallen service members.
The Wall That Heals
Lewis Central High School, 3504 Harry Langdon Blvd., Council Bluffs.
Although it is not a single-day commemoration, The Wall That Heals, a three-quarter-scale replica of the Vietnam Veterans Memorial, will be on display at Lewis Central High School from May 22 through May 25 and is open 24 hours a day.",https://iowacapitaldispatch.com/wp-content/uploads/2026/05/Iowa-Veterans-Cemetery-7.23.24-_-Kathie-Obradovich-1024x768.jpg,,,2026-05-24 09:58:22.747107
,VTDigger,2026-05-24 12:07:00+00:00,VTDigger,Young Writers Project: ‘AI: The Worst Part’,Young Writers Project,,,,,https://vtdigger.org/2026/05/24/young-writers-project-ai-the-worst-part/,"
This week’s Young Writers Project entry is “AI: The Worst Part” by Sophia Brooks, 15, of Westford. Photo is “Spring Dew,” by Lila Crowley, 15, North Middlesex.
Read the story on VTDigger here:  Young Writers Project: ‘AI: The Worst Part’.","“Spring Dew,” by Lila Crowley, 15, North Middlesex.

Young Writers Project is a creative, online community of teen writers and visual artists that started in Burlington in 2006. Each week, VTDigger publishes the writing and art of young Vermonters who post their work on youngwritersproject.org, a free, interactive website for youth, ages 13-19. To find out more, please go to youngwritersproject.org or contact Executive Director Susan Reid at sreid@youngwritersproject.org; (802) 324-9538.

 


AI: The Worst Part
Sophia Brooks, 15, Westford
The worst partis everything’s fake.I don’t know what’s really real anymore …Art used to be about your emotions, now it’s about who’s best.Writing used to be about expressing yourself through your words, now it’s about who can write using the biggest words.Photography used to be about capturing a precious moment in your life, and now it’s about what looks the best.School used to be about learning, now it’s just about grades.We use AI, not to learn, not to get better, but to pretend we are the best.We are smart enough to create AI, but dumb enough to depend on it.
Read the story on VTDigger here:  Young Writers Project: ‘AI: The Worst Part’.",https://vtdigger.org/wp-content/uploads/2026/05/YWP-May-24-2026-1024x1024.png,,,2026-05-24 08:56:43.626700
,Alabama Reflector,2026-05-24 12:01:19+00:00,Alabama Reflector,"Alabama coal ash lawsuit can continue, appeals court rules","Dennis Pillion, Inside Climate News",,,,,https://alabamareflector.com/2026/05/24/alabama-coal-ash-lawsuit-can-continue-appeals-court-rules/,"This article originally appeared on Inside Climate News, a nonprofit, non-partisan news organization that covers climate, energy and the environment. Sign up for their newsletter here. A yearslong court battle over the 21.7 million tons of coal ash sitting in one of Alabama’s most ecologically sensitive areas will continue after an appeals court ruling hande[...]","An aerial view of the nearly 600-acre coal ash pond at Alabama Power’s James M. Barry Electric Generating Plant. The U.S. 11th Circuit Court of Appeals ruled Monday that a lawsuit by Alabama-based environmental group Mobile Baykeeper challenging Alabama Power’s plans to leave the coal ash in place can proceed, overturning the decision of a lower court that had dismissed the complaint. (Lee Hedgepeth/Inside Climate News)This article originally appeared on Inside Climate News, a nonprofit, non-partisan news organization that covers climate, energy and the environment. Sign up for their newsletter here.
A yearslong court battle over the 21.7 million tons of coal ash sitting in one of Alabama’s most ecologically sensitive areas will continue after an appeals court ruling handed down Monday.
The U.S. 11th Circuit Court of Appeals ruled that a lawsuit by Alabama-based environmental group Mobile Baykeeper challenging Alabama Power’s plans to leave the coal ash in place can proceed, overturning the decision of a lower court that had dismissed the complaint.
Mobile Baykeeper’s lawsuit argues that the nearly 600-acre coal ash pond at Alabama Power’s James M. Barry Electric Generating Plant, near Mobile, violates the Environmental Protection Agency’s coal ash rules, largely because much of the coal ash remains saturated with groundwater.
Baykeeper’s Cade Kistler told Inside Climate News he hopes the ruling will spur Alabama Power to agree to remove the coal ash rather than continue to fight to leave toxic waste from the coal-fired power plant in the impoundment pond.
“We certainly feel vindicated, but more importantly, I think it feels like an opportunity here for Alabama Power to see that there’s a different way forward than battling this,” Kistler said.
Alabama Power, through a spokesperson, said its coal ash ponds were in compliance with the law.
“Alabama Power continues to be in compliance with all applicable federal and state environmental laws and regulations,” the company’s response said. “We will continue to follow any final court or agency decisions. Because litigation related to Plant Barry coal ash plans is ongoing, we are unable to comment further at this time.”
Coal ash, or coal combustion residuals, is the solid material leftover from burning coal. It often contains substances like arsenic, mercury, lead and heavy metals that can cause human health problems, including cancer. At large coal plants like Barry, this ash material was flushed into wet, unlined impoundments or ponds for decades, building up massive volumes of toxic substances and often significantly polluting groundwater in the area.
New EPA coal ash rules enacted in 2015 required utilities to close most unlined coal ash ponds either by moving the ash to lined landfills or by covering the ash in place, provided the utilities could prove contaminants from the ash were not polluting groundwater.
Alabama Power quickly announced plans to cover all of its ash ponds in place, and has remained committed to those plans, despite significant pushback, especially around Plant Barry. The ash pond at Barry is located on the banks of the Mobile River, just upstream from the Mobile-Tensaw Delta.
The Delta is a largely undeveloped tangle of streams, bayous and swamps that flows south toward Mobile Bay and the Gulf of Mexico. It is one of the most biodiverse places in North America, and has been dubbed “America’s Amazon” for the remarkable variety of plant and animal species found there.
In 2018, Alabama Power was fined $1.25 million for groundwater pollution violations around its coal ash ponds, and received another $250,000 fine in 2019.
In 2023, the EPA issued Alabama Power a notice of potential violations over the coal ash at Plant Barry, stating that the company had “potentially failed to meet the criteria for conducting the closure of the Plant Barry Ash Pond.”
The EPA, under then-Administrator Michael Regan, took the position that coal ash ponds could not meet legal requirements if the ash remained in contact with groundwater.
Monday’s ruling said the courts were the appropriate venue to decide that issue.
“First, the straightforward issue at the heart of this case is whether federal law allows for an impoundment to be capped in place with coal ash still in contact with groundwater,” the ruling said. “Federal courts can answer that question.”
Originally, the Baykeeper lawsuit was dismissed largely on procedural grounds.
The U.S. District Court for the Southern District of Alabama had granted Alabama Power’s motion to dismiss the case in 2024, agreeing with the company’s arguments that Mobile Baykeeper lacked standing to bring the suit and that its claims were not ripe for review, because of the changing landscape of coal ash regulation across the country.
On Monday, the appeals court ruling said, “[w]e disagree on both points,” in a ruling that remanded the case back to the district court for trial.
Mobile Baykeeper is represented by the Southern Environmental Law Center in the case.
“I am grateful the Court of Appeals saw past Alabama Power’s meritless arguments and delay tactics and is ordering this case to move forward,” Barry Brock, a senior attorney and director of Southern Environmental Law Center’s Alabama office, said in a news release. “This case is about holding Alabama Power accountable. The company’s reckless plan at Plant Barry is a danger to communities surrounding the Delta and Mobile Bay.”
Alabama Power has already announced plans to recycle more of its coal ash at Plant Barry, but it is not clear how much will or can be recycled.
The Alabama Power spokesperson said an on-site recycling plant is under construction and expected to go online later this year. The company plans to leave whatever material is not recycled covered in place.
Kistler said the company should commit to recycling or removing all the ash at Plant Barry.
“Nobody in coastal Alabama wants this coal ash here, and now is a great opportunity for Alabama Power to figure out how to solve this problem that leaves everybody coming out feeling a little bit better,“ he said.",https://alabamareflector.com/wp-content/uploads/2026/01/Berry-Plant-for-Jan-7-2025-story-1024x625.jpg,,,2026-05-24 08:56:43.626700
,South Dakota Searchlight,2026-05-24 12:00:20+00:00,South Dakota Searchlight,"Standing Rock anniversary event to include music, speakers, celebrity visitors",John Hult,,,,,https://southdakotasearchlight.com/2026/05/24/standing-rock-anniversary-event-to-include-music-speakers-celebrity-visitors/,"Climate activists and Indigenous and cultural leaders will join A-list celebrities and musicians for a festival and conference Sept. 16-18 on the Standing Rock Reservation to mark the 10th anniversary of the Dakota Access Pipeline protests. “People of the Sun” is a ticketed celebration organizers aim to hold each year near Cannonball, North Dakota, the […]","An anti-pipeline camp near Cannonball, North Dakota, in 2016. (Courtesy of Indigenized Energy)Climate activists and Indigenous and cultural leaders will join A-list celebrities and musicians for a festival and conference Sept. 16-18 on the Standing Rock Reservation to mark the 10th anniversary of the Dakota Access Pipeline protests.
“People of the Sun” is a ticketed celebration organizers aim to hold each year near Cannonball, North Dakota, the site of what became a massive encampment of opponents to the pipeline. The camp drew visitors from across the globe and inspired a host of environmental and community activism in the years that followed.
The protesters opposed the crude oil pipeline over concerns about possible leaks and water supply contamination.
The phrase “water is life,” popularized by the protest, has become shorthand for environmental concerns by those opposed to natural resource extraction projects in and outside of South Dakota. 
On Tuesday, opponents to a Black Hills uranium exploration project placed a sign that read “water is life” on a chair in the venue of a Hot Springs permit hearing. 
The lineup for the inaugural “People of the Sun” event includes actors Mark Ruffalo and Shailene Woodley, the latter of whom was arrested at the protest camp in 2016, as well as the band Mumford and Sons, and Taboo, of the Black Eyed Peas.
‘What comes next’
The event is a presentation of Indigenized Energy – a Native American-led, nonprofit solar energy company that got its start in 2017, in the wake of the protests. Its founder, Cody Two Bears, was the elected representative for Cannonball on the Standing Rock Sioux Tribal Council at the time of the protests. 
“After No DAPL happened, people went out there and started taking those seeds from the movement and planting them in different parts of the world,” Two Bears said. “You’re starting to see a lot of great things flourishing out there now.”
SUBSCRIBE: GET THE MORNING HEADLINES DELIVERED TO YOUR INBOX.
On the conference side, the event will include awards for energy sovereignty to a tribe that’s led the way in its pursuit of clean energy, Two Bears said, as well as individual awards for teaching, workforce development and mentorship.
The idea is to celebrate “what we’ve been doing, but also what comes next,” he said, and to “realign” the various groups involved initially or spawned since the protests with the values that animated them.
Picking up the pieces after funding cancellation
Indigenized Energy was chosen in 2024 to guide $135.6 million in funding awarded to the Northern Plains Tribal Coalition by the Biden administration for solar energy. The Trump administration canceled that funding, but Two Bears said the tribes involved have largely continued to pursue the projects through philanthropy, albeit at a smaller scale.
“It’s at the scale of trying to pick up the pieces to preserve what we can,” said Two Bears, whose company finished a solar project for the Chippewa Cree Tribe in Montana and a home solar project in Porcupine, South Dakota, before the federal funding stream stopped.
Cancellation of solar energy grants is ‘another broken promise’ for tribes, recipient says

The company also completed, without Biden administration funding, an off-grid solar energy project for the Northern Cheyenne Tribe of Montana that powers a buffalo processing facility on the same land that hosts the tribe’s buffalo herd.
Part of the goal for the gathering in September, Two Bears said, is to generate interest and connect energy sovereignty backers with philanthropists and funders to “enjoy some high-level speakers” and entertainment.
Attendees of People of the Sun, he said, will be invited to see the in-progress installation of a solar system at Standing Rock, and to learn how such infrastructure can serve more than one purpose.
“That’s going to be a buffalo sorting unit, which is also going to provide, at some point, buffalo processing of their meat,” he said. “But most importantly, it’s a big solar array for when they kind of corral them up that provides shade for those buffalo.”
Ticket prices have yet to be set, and Two Bears said the lineup could grow in the weeks and months ahead. 
‘Can’t get our heads down’
In late 2016, the Obama administration denied a permit for Energy Transfer Partners, the company that controls the Dakota Access Pipeline. President Donald Trump reversed that decision and cleared a path for completion of the now-operational pipeline shortly after taking office for his first term. The Standing Rock Sioux Tribe has continued legal challenges, but the pipeline company has withstood them, earning a permit Thursday to continue operations from the U.S. Army Corps of Engineers.
That the Dakota Access Pipeline is operational remains a disappointment for those who opposed it, Two Bears said, but “there’s a lot of great things that have happened.” 
Lawsuits and protests shrouded Pete Lien and Sons’ exploratory drilling for graphite, used in electric vehicle batteries, lubricants and pencils, in a Black Hills area considered sacred by Lakota people known as Pe’ Sla. 
A judge granted a temporary restraining order against the project earlier this month, in response to lawsuits filed by nine Native American tribes and a coalition of nonprofits. The company sent a letter to the Forest Service on May 7 announcing it had halted the project.
“We can’t put our heads down because of one particular thing,” Two Bears said. “Maybe there’s 20 other different things that have happened.”",https://southdakotasearchlight.com/wp-content/uploads/2026/05/NoDAPL-Camp-e1779488689426-1024x687.jpg,,,2026-05-24 08:56:43.626700
,VTDigger,2026-05-24 11:46:00+00:00,VTDigger,Solar array gone awry: Vermont probes solar development owner about broken solar panels in Shaftsbury,Greta Solsaa,,,,,https://vtdigger.org/2026/05/24/solar-array-gone-awry-vermont-probes-solar-development-owner-about-broken-solar-panels-in-shaftsbury/,"
Agriculture agency says it is “working to learn more.” 
Read the story on VTDigger here:  Solar array gone awry: Vermont probes solar development owner about broken solar panels in Shaftsbury.","Broken panels at ER Waite Cemetery Solar Site in Shaftsbury on March, 24, 2026. Photo courtesy of Vermonters for a Clean Environment.
High winds in October and March blew down a large number of solar panels in a field in Shaftsbury, and now regulators are looking into the potential environmental impact from the damaged panels.
This is one of the first times in Vermont that large swaths of damaged panels, which contain lead and silver, have raised the specter of potential environmental contamination and caused the state to examine the issue. In this case, concerns grew partly because the fallen panels weren’t immediately cleaned up, state officials said in a recent filing, causing regulators to investigate potential environmental impacts. 
In a recent filing to the Public Utility Commission, an Agency of Agriculture, Food and Markets staff attorney wrote the agency is looking into options for testing the soil to determine if contamination is a concern. 
“In general, it is important to protect agricultural soils,” an agency spokesman, Trevor Audet, wrote in a statement. “We are not aware of broken solar panels being a common issue in Vermont, but our knowledge is imperfect under the current reporting framework and we are working to learn more about any potential impacts.” 
The damaged panels have caught the attention of environmentalists in the area. Among what they are seeking is pre-testing of soil near solar developments so there will be a baseline to measure against for possible contamination.  
Shaftsbury resident and farmer Jesse McDougall wrote to the Public Utility Commission expressing concern about whether Vermont’s acidic, low pH rain, winter snowmelt and spring showers could compound environmental contamination onsite. McDougall also alleged there were two fires after the October blow down event.
“I want to see the right steps taken,” McDougall said in an interview. “There were hundreds of panels down, many of them smashed and broken, and on the ground for six months through a Vermont winter and two giant wind events and two fires.” 
The solar array is near another controversial planned solar site in Shaftesbury approved by the commission last October, though neighbors to the project appealed the decision to the Vermont Supreme Court.
Approved by the Public Utility Commission in 2022, the broken solar array, called ER Waite Cemetery Solar LLC, is licensed for 2.2 megawatts, the largest energy development allowed under a state program that facilitates long-term contracts and sets rates for renewable energy developments in Vermont. 
Encore Renewable Energy planned and received a permit for the solar project, which Fusion Renewable then purchased. Fusion Renewable is now responsible for remediation at the site, wrote Jeffrey Polubinski, attorney for ER Waite Cemetery Solar.
The owner said the delay in site cleanup was due to the lag time in insurance approval. Then Fusion Renewable needed to pause any project work until April due to a deer wintering area near the site, according to a May 8 filing by the Department of Public Service. 
The regulatory filing raised questions about work on the site, and the Department of Public Service filing included requests for information about the damage and remediation to see if there is more work to be done, if the owner violated terms of the contract or if there were impacts to rate payers. 
An Agency of Natural Resources filing to the commission stated that the owner must dispose of panels as hazardous materials given the silver and lead inside them. 
In addition, the Agency of Agriculture, Food and Markets said it is investigating options for agricultural soil testing in areas the state has designated as important farmland, according to a recent filing to the commission. In his statement, Audet wrote that the remediation method will depend on the scope and type of potential contamination found. 
Meanwhile, some research on the environmental impact of damaged solar panels says that the impacts likely are minimal, but stronger standards and practices for solar developments may be necessary. 
Annick Anctil, a Michigan State University civil and environmental engineering professor, said in an interview that pre-testing soil before construction can help sort out if broken solar panels caused increased levels of heavy metals in soil.
Annette Smith, executive director of Vermonters for a Clean Environment, said that along with pre-testing soil, she wants more state tracking of solar array failures to prevent this type of situation from happening in the future. 
“We could have all of the solar projects in Vermont fail, and I don’t know that there would be any ramifications,” Smith said. 
For the solar owner’s part, Polubinski wrote that the owner is working with the state to dispose of the solar panels, and they plan to detail the damage, the current and future remediation of impacts from the wind damage and subsequent fires.
Peter Sterling, executive director of the trade association Renewable Energy Vermont, maintains that the state has more than 100 solar arrays, and solar array failure is a rare occurrence. Still, Sterling said the state’s examination of the issue shows “the process is working, which is good.”
Read the story on VTDigger here:  Solar array gone awry: Vermont probes solar development owner about broken solar panels in Shaftsbury.",https://vtdigger.org/wp-content/uploads/2026/05/ruined-solar-panels-shaftsbury-1024x768.jpeg,,,2026-05-24 07:57:45.138218
,Utah News Dispatch,2026-05-24 11:05:35+00:00,Utah News Dispatch,"Visiting EPA administrator throws support behind Great Salt Lake, punts on controversial data center",Will Ruzanski,,,,,https://utahnewsdispatch.com/2026/05/24/epa-administrator-lee-zeldin-visits-great-salt-lake/,"Before discussing the $1 billion allotment in President Donald Trump’s proposed federal budget to help save Utah’s ailing Great Salt Lake, the head of the Environmental Protection Agency took a tour on an airboat.  Saturday’s event at Farmington Bay was just one stop during EPA Administrator Lee Zeldin’s time in the Beehive State, where he […]","Environmental Protection Agency Administrator Lee Zeldin, in blue, tours the Great Salt Lake at Farmington Bay on Saturday, May 23, 2026. (Pool photo by Trent Nelson/The Salt Lake Tribune) Before discussing the $1 billion allotment in President Donald Trump’s proposed federal budget to help save Utah’s ailing Great Salt Lake, the head of the Environmental Protection Agency took a tour on an airboat. 



This article is published through the Great Salt Lake Collaborative, a solutions journalism initiative that partners news, education and media organizations to help inform people about the plight of the Great Salt Lake — and what can be done to make a difference before it is too late.


Saturday’s event at Farmington Bay was just one stop during EPA Administrator Lee Zeldin’s time in the Beehive State, where he was joined by members of Utah’s congressional delegation, state lawmakers and local environmental officials. 
Zeldin said the tour added “many new dimensions” to his understanding of the Great Salt Lake’s plight, emphasizing “we must tackle this very important issue with the local community, the region, the state, and the country.”
Massive data center proposal raises lake concerns
At the same time as Zeldin’s tour, hundreds of Utahns flocked to the state’s Capitol Hill in protest of the Stratos Project, a 40,000 acre proposal to build one of the world’s largest data centers along the north shores of the Great Salt Lake. 
Backed by celebrity investor Kevin O’Leary, the proposal has garnered nationwide attention, sparking controversy over its massive footprint and plans for large-scale energy production — twice as much energy as the entire state uses annually. 
When reporters asked Zeldin about the proposed hyperscale data center in Box Elder County, the EPA administrator deferred to state regulators. 
“As far as our role with these data centers, EPA isn’t stepping all over the toes of that process,” Zeldin said. “In many cases, with states and local municipalities, the state has primacy for the air permitting. They are the ones doing the permitting, they have the oversight.”
Over the past year, the EPA has loosened restrictions on building new data center projects, making it easier for developers to expedite construction. A new EPA proposal would allow data center projects to begin construction on the non-emitting parts of their development without first receiving air quality permits. 
‘Protect the water, the air, the land’: Hundreds demand halt on Box Elder data center plan

Zeldin said the EPA offers guidance, not oversight, pointing to the Water Reuse Action Plan 2.0, an EPA initiative for advancing water reuse. 
“We respect the state and local leadership as knowing what is best for Utah’s land, air, and water,” Zeldin said. 
Local regulation and licensure
In January, Salt Lake City had the worst air quality in the nation — and the proposed data center could increase Utah’s carbon emissions by over 50%. 
“We can’t issue a permit if (a project) causes or contributes to a violation of the national air quality standard,” said Bryce Bird, director of the Utah Department of Environmental Quality’s Division of Air Quality, the body responsible for reviewing air quality permit applications.
Bird told Utah News Dispatch he guarantees the Stratos Data Center in Box Elder County will not worsen the airshed along the Wasatch Front, but he also said “carbon (dioxide) is not regulated” in the state.
“In the state of Utah, we don’t have a carbon emission regulatory process; we do encourage it, we track it over time, but we don’t directly regulate those emissions,” he added. 
Bird said carbon emissions won’t play into the division’s decision on whether to grant the data center in Box Elder County an air quality permit. Instead, he emphasized they will look at the “direct health impact of these ozone, carbon monoxide, oxides of nitrogen, volatile organic compounds,” and other air pollutants included in the Clean Air Act. 
At right, Tim Davis, Utah Department of Environmental Quality commissioner, briefs U.S. Sen. John Curtis and Environmental Protection Agency Administrator Lee Zeldin during a tour of the Great Salt Lake at Farmington Bay on Saturday, May 23, 2026. (Pool photo by Trent Nelson/The Salt Lake Tribune)
Tim Davis, commissioner of Utah DEQ, said they “haven’t even received an air quality permit yet, or even had the pre-application meeting,” 
“There’ll be plenty of process, there will be opportunities for public comment, engagement, once we begin those reviews.” Davis said. “We welcome sitting down and going through — figuring out — how a data center can move forward in a way that doesn’t undermine our air quality, consume our airsheds, and complies with the Clean Air Act.”
Joel Ferry, the executive director of Utah’s Department of Natural Resources, oversees Utah’s Division of Water Rights. He referenced “a historic use of water on that ranch” where the data center is planned to be built
“We can ensure that it will not take any additional water than has historically (been) taken from that ranch site,” Ferry said. “The law is, it cannot have an increased detrimental impact on a downstream user, on the Great Salt Lake, on the environment, on anything else.”
Utah Senate President Stuart Adams, right, speaks to Environmental Protection Agency Administrator Lee Zeldin at a news conference following a boat tour of the Great Salt Lake on Saturday, May 23, 2026. (Photo by Will Ruzanski for Utah News Dispatch)
Federal Great Salt Lake assistance
In April, President Donald Trump requested $1 billion from Congress to aid the Great Salt Lake. The proposal must pass a divided Congress before Utah receives any assistance, but Zeldin said “there’s a whole lot of momentum,” emphasizing he is “confident that we will be able to put on far more than a dent at tackling what requires an urgent solution.”
Zeldin broke down the president’s $1 billion request from Congress:

$300 million “for agricultural water leasing and acquisition to increase flows to the lake.”
$100 million “for ecosystem restoration and removal of non-native invasive plant species.”
$244 million “for municipal water conservation.”
$66 million “for settling the Bear River migratory bird refuge land dispute.”
$100 million “for habitat management to protect migratory birds and other potentially imperiled species.”
$190 million “for major engineering solutions.”

“It’s hard to be hundreds of miles away, inside of an office, talking about a $1 billion ask and how agencies need to do their part if Congress finalizes it,” Zeldin said, emphasizing the importance of his hands-on visit to the Great Salt Lake. 
Utah Republicans chime in
Prominent Utah officials spoke during the event, including Republican congressional representatives running for reelection and Utah’s Senate president.
Rep. Blake Moore, a Republican representing Utah’s 4th Congressional District, described the state and federal partnership as “crucial.”
“Every federal dollar that comes to Utah is handled with absolute respect, transparency and effectiveness … the resources and money can make a material impact on what we’re doing out here to improve the Great Salt Lake,” Moore said. “This will be managed extremely well and properly, and there will be no waste. I can guarantee you from our state leaders to be able to implement it in the right way, because money can have a material effect.”Utah Senate President Stuart Adams also chimed in, emphasizing that saving the Great Salt Lake “doesn’t happen just by Utah.”
“I’ve been told it’s impossible to save the Great Salt Lake, I don’t believe that,” said Adams, R-Layton. “The Northwest needs a lot of energy, we can trade electrons for water, and we can try to work with the other states around the region to be able to do some great kind of innovative things.
U.S. Rep. Blake Moore speaks at a news conference following a boat tour of the Great Salt Lake on Saturday, May 23, 2026. (Photo by Will Ruzanski for Utah News Dispatch)A sign welcomes Environmental Protection Agency Administrator Lee Zeldin for a tour of the Great Salt Lake on Saturday, May 23, 2026. (Photo by Will Ruzanski for Utah News Dispatch)
“It’s become an international issue, people ask about the Great Salt Lake everywhere I go,” said Utah Republican Sen. John Curtis. “We’re grateful for everybody’s help, but the answers to this lie with the astute men and women here in Utah.”
Rep. Celeste Maloy, who represents Utah’s 2nd District, expressed gratitude for the Trump administration, saying “we need federal help to solve the problems bigger than what the state can handle alone.”
“My mission is to protect and improve Utah’s air, land and water while supporting communities and growth statewide, we couldn’t do that alone,” Davis said. “We have to do that together, and getting the lake back to a healthy level by 2034 will take all of us.”",https://utahnewsdispatch.com/wp-content/uploads/2026/05/20260523-tn-23-tn-8224-1024x683.jpg,,,2026-05-24 07:57:45.138218
,Rhode Island Current,2026-05-24 11:00:07+00:00,Rhode Island Current,Small town life informs Little Compton teen’s acclaimed essay on patriotism and hope,Janine L. Weisman,,,,,https://rhodeislandcurrent.com/2026/05/24/small-town-life-informs-little-compton-teens-acclaimed-essay-on-patriotism-and-hope/,Inequality. Bigotry. Poverty. They continue to challenge and divide the nation. They test Marjorie Leary too. But the Portsmouth High School junior won’t let America’s problems overshadow its values. She sees them as motivation to fight for freedom and progress in her prize-winning Voice of Democracy audio-essay titled “In Order to Form a More Perfect […],"Portsmouth High School junior Marjorie Leary represented Rhode Island as the state winner of the VFW Voice of Democracy audio-essay contest. (Photo by Katharine Leary)Inequality. Bigotry. Poverty. They continue to challenge and divide the nation.
They test Marjorie Leary too. But the Portsmouth High School junior won’t let America’s problems overshadow its values. She sees them as motivation to fight for freedom and progress in her prize-winning Voice of Democracy audio-essay titled “In Order to Form a More Perfect Union.”
Leary, 17, of Little Compton, is the Rhode Island winner in the national competition organized by the Veterans of Foreign Wars (VFW). She will read her essay as the keynote speaker for the state’s annual Memorial Day Ceremony Monday at the Rhode Island Veterans Memorial Cemetery in Exeter. 


The Rhode Island Office of Veterans Services hosts the state’s 52nd Annual Memorial Day Ceremony at 1 p.m. on Monday, May 25, 2026, at the Rhode Island Veterans Memorial Cemetery, 301 South County Trail, Exeter.

The essay was a mandatory assignment in her Advanced Placement (AP) Language Arts class last October. Its prompt: How are you showing patriotism and support for your country? 
So Leary decided to zoom in on her experience living in a small town and her curiosity about a Vietnam veteran known as “Turtle” who lives a couple miles away from her. When she was growing up, her mother would encourage her to wave at him if they saw him sitting outside smoking a cigar when they drove by.
“I thought I’d just go into my community, because my community is a part of America, and that’s something that I really care about,” Leary said in an interview. “I’ve lived there my whole life. I know so many people there, and so many people know me. It’s quiet, it’s safe, and it’s always giving back, to me especially. I really love Little Compton. It’s so perfect, and everyone’s so kind to me, and everyone’s so supportive, and…I don’t know, that’s something to be patriotic about, for sure.”
Her teacher, Kaylin Johnson, said Leary’s essay stood out among the nearly 50 essays produced by Portsmouth High School students, which were split between VFW Post 237 in Bristol and VFW Post 5390 in Common Fence Point for initial judging.
“It was one of the best I’ve read in a very long time,” Johnson said. “Marjorie is a thinker, and she is a beautiful writer.”
Leary admits to feelings of disillusionment amid the political tensions and economic fallout gripping the United States and asks, “How do I show support for a country that has let me and so many others down?”
But then she pivots to hope, finding it in the juxtaposition of an American flag and a pride flag on display where she pumps gasoline and in the frank discussions she has with the people she loves, including those who don’t always agree with her. And she finds it in the power of a gesture as simple as a wave to connect to another human being.
Visitors pay their respects during the annual Memorial Day Commemoration at the Rhode Island Veterans Memorial Cemetery in Exeter in 2025. (Photo courtesy of Rhode Island Office of Veterans Services)
‘Hope: The key word’
When she passes by Turtle, who relies on the care of his health aides, she thinks of his service and sacrifice to the country, she writes. She feels compelled to do what she can “to create a country that he recognizes again.” 
“It just choked me up,” Wally Coelho, an Army veteran of Vietnam who is the president of the Bristol Veterans Council and a member of VFW Post 237 in Bristol, said of Leary’s eloquent writing. “She’s hopeful. I think it was the word. She used the word hope. To me, that’s the key word.”
In April, Leary attended the national awards ceremony in Philadelphia, where she joined winners from other states for four days of mock congressional debates, free enterprise challenges and educational activities, and visiting Valley Forge National Historical Park. Her roommate was the Maine winner, Olivia Drewniak of Bath, Maine, who went on to win the national award with a top prize of a $35,000 scholarship.
Leary, the daughter of Katharine and John Leary, received a $3,000 scholarship from the national VFW and additional awards for winning the district and state level competition.
To Leary, showing patriotism goes deeper than saying the Pledge of Allegiance or flying a U.S. flag.
“Being a patriot is about defending the fundamental parts of one’s country and home that are central to our identity and safety,” she told Rhode Island Current. “Where our country fails us is the place we should show patriotism the strongest, because it is in those vulnerable areas that the people’s will and resolve is needed to heal and improve as a whole. To put it more simply, patriotism is showing up for each other when our country can’t, and never giving up on what we know our country can be.”
Monday’s ceremony to honor the men and women who have died while in military service at the Exeter veterans cemetery begins at 1 p.m. 
Gov. Dan McKee, Lt. Gov. Sabina Matos, Secretary of State Gregg Amore and General Treasurer James Diossa and U.S. Sens. Jack Reed and Sheldon Whitehouse and U.S. Reps Seth Magaziner and Gabe Amo are scheduled to attend.
You can hear Leary read her essay here.



In Order to Form a More Perfect Union
By Marjorie Leary
Everybody calls him Turtle. 
I do not know the origin nor the significance, but everybody calls him Turtle and so to me, any other title is thoroughly inconsiderable. 
I remember as a child waving to him every time I passed his house, where he sat on a plastic lawn chair smoking a cigar. Wave to Turtle! my mother would say, and I’d grin and frantically shake both my arms as we drove by. And oh, what a glorious day it was when Turtle would wave back! 
He is senescent and rough and never sits straight in his plastic throne; whether these are reflections of his time in Vietnam, I know not. As is the case of most veterans in my town, his experience and undefinably great sacrifice are shrouded behind silent strength. I often wonder what he thinks of the country he lives in now, in so many ways different from the one he fought for then. I wonder if he even recognizes it anymore. 
I don’t. 
I don’t, because the lessons I was taught about this country’s origin, its quest for freedom, its bloodied and remarkable victory, its ripe opportunities and steadfast democracy, seem to have been swept away in these passing years – kissing me boyishly on the cheek before racing away into the milky stillness of my memories. Whither America? How do I summon the same pride I was raised with, pride that felt immutable, and embrace what my country has become? How do I show support for a country that is no longer defined by its democracy, but instead its division? 
How do I show support for a country that terrorizes people who look like my boyfriend, because somehow the color of his skin spells gang membership, illegal citizenship, drug smuggling?
How do I show support for a country that has let me and so many others down? How do I show patriotism and support when all I see is this country’s lack of it for many of the millions who live here? 
These fears and uncertainties wrestle with me, and I have courted them and their ugliness many a night, burning the midnight oil until something else was illuminated. 
Something a bit like hope. 
Hope, fragile and cloying, compelling me to redefine what patriotism means to me. If my country has turned its back on me, then as a patriot I must place a steady hand on its shoulder until it faces me again. I have found that shoulder within my town. My home. I fill my car with gasoline from George’s, where an American flag and a pride flag are displayed high above the tiny shop. 
I discuss intimate beliefs, political stances, morality and religion, with those I love. Not simply those who agree with me, for there is no core value more fundamental to this country than diversity, in thought and much more. When my friends and I gather to gossip and muse upon our differences, I feel the bruised and tender scar of division begin to heal. 
It is only human to desire to be heard, be noticed, be respected. Recognizing these core sensibilities within the community I am a part of is where patriotism starts. So, whenever I pass Turtle in his plastic chair, I think of him and his service and I wave. I want to create a country that he recognizes again. 
This begins with me recognizing him.



SUBSCRIBE: GET THE MORNING HEADLINES DELIVERED TO YOUR INBOX.",https://rhodeislandcurrent.com/wp-content/uploads/2026/05/marjorie-leary-1024x700.jpg,,,2026-05-24 07:57:45.138218
,Mississippi Today,2026-05-24 11:00:00+00:00,Mississippi Today,Obsession with Bennie Thompson leads to cases of TDS for Mississippi politicians,Bobby Harrison,,,,,https://mississippitoday.org/2026/05/24/bennie-thompson-mississippi-redistricting/,"U.S. Rep. Bennie Thompson speaks during a voting rights rally at the Jackson Convention Center, Wednesday, May 20, 2026, in Jackson.","Audio recording is automated for accessibility. Humans wrote and edited the story.
Many Mississippi politicians have been afflicted in recent days with TDS – not Trump Derangement Syndrome, as President Donald Trump accuses his own critics of having, but a special Mississippi condition that can be called Thompson Derangement Syndrome.
Many seem obsessed with 2nd District U.S. Rep. Bennie Thompson, the lone Democrat and only Black member of the state’s congressional delegation.
The Mississippi politicians seem  particularly obsessed with removing Thompson from office and believe they have the opportunity to do so thanks to the U.S. Supreme Court’s recent Louisiana v. Callais decision that gutted the 1965 Voting Rights Act. Many Southern states’ politicians are interpreting the Callais ruling as giving them permission to gerrymander political districts to prevent majority-Black districts. Thus far, the courts are saying that interpretation is all right.
Classic TDS symptoms
The most apparent symptom of TDS is the extensive use of social media to talk about Thompson, who served as Bolton mayor and Hinds County supervisor before winning a congressional seat in 1993.
State Auditor Shad White displays many of the classic TDS symptoms.
On social media, White, who presumably is busy as state auditor, has posted more than 20 times in recent days about how the Mississippi Legislature should eliminate Thompson’s district.
“Every Republican statewide and member of Congress in Mississippi — not just me, alone — should be calling to end the district gerrymandered to protect Bennie Thompson. We should all be singing from the same hymnal,” White wrote in one post.
White and others want to ensure that not a single one of the four Mississippi congressional districts has a Black majority even though the African American population of the state is nearly 40%, according to the 2020 U.S. Census, and is likely to be higher in the next official count in 2030.
Another apparent sufferer of TDS is state Sen. Kevin Blackwell of DeSoto County. He also is fond of talking about Thompson and does so often.
Blackwell posted on social media, “The J6 chairman can scream and fight all he wants, but the days of his liberal agenda and revenge tour against President Trump are coming to an end. It’s time to red-pill Mississippi and wipe out that gerrymandered seat once and for all.”
TDS sufferers  seem particularly agitated by the fact that Thompson chaired a special House Committee looking into the Jan. 6, 2021, assault on the nation’s Capitol that included violence against police officers, destruction of property, the threat to hang Vice President Mike Pence and multiple other infractions such as smearing human waste in Capitol offices. Thompson was appointed to chair the special panel because he headed up the powerful House Homeland Security Committee.
Often TDS sufferers are upset by social media photographs of rocks in the sand (86, 47), such as those displayed by former FBI Director James Comey and University of Mississippi sociology professor James “J.T.” Thomas advocating, they say, that President Donald Trump be removed from office. But the TDS suffers are OK with threats against the vice president made as a hangman’s noose dangled in the background. 
TDS is spreading across the nation. Even the president has TDS and has threatened not only to erase Thompson’s district, but also to throw him in jail.
Perhaps the most notable sufferer of TDS is Mississippi Gov. Tate Reeves. He has a bad case.
A reign of terror?
The governor wrote, that Thompson’s “reign of terror on MS-2 (congressional district)  is over. It’s not a question of if. It’s a question of when.” 
Democratic U.S. Rep. Bennie Thompson and Republican Gov. Tate Reeves look at remnants of homes destroyed by tornado, Sunday, March 23, 2023, in Rolling Fork, Miss.  Credit: AP Photo/Rogelio V. Solis
Regardless of what one thinks of Thompson, he has been elected and reelected for decades by a clear majority of the 2nd District that comprises  one quarter of the state’s population. The people in the district have the right to vote for whomever they want just as all Americans, regardless of race, have that right.
How does the democratic election of Thompson constitute a reign of terror?
Has he imposed physical violence on his constituents?
Were his constituents not allowed to vote for the candidate of their choice?
Are Thompson’s constituents cowering in their homes because of his reign of terror? The governor should explain, or perhaps he deserves a little grace because of his Thompson Derangement Syndrome.
Thompson, like the politicians afflicted with TDS, is a lifelong Mississippian. He has lived through terrible racism as a young man in the ’60s. He fought for civil rights and his own rights when the white power structure refused to seat him after he won a post in the city government of Bolton.
Yet, he still lives in Mississippi where he hunts, goes to church and is part of the community.
Thompson, after all, is limited in his power. He is one of 435 members of the U.S. House and a member of the minority party from the poorest state in the country.
Yet, he apparently has the ability to create a derangement syndrome that impacts many Mississippi politicians.",https://cdn.mississippitoday.org/wp-content/uploads/2026/05/20172503/Rally-for-Voting-Rights-2.jpg,,,2026-05-24 07:57:45.138218
,VTDigger,2026-05-24 10:23:00+00:00,VTDigger,Hard feelings over Randolph Fourth of July parade route,White River Valley Herald,,,,,https://vtdigger.org/2026/05/24/hard-feelings-over-randolph-fourth-of-july-parade-route/,"
White River Valley Chamber of Commerce stands by its decision, while the police chief cites understaffing and says he has considered quitting.
Read the story on VTDigger here:  Hard feelings over Randolph Fourth of July parade route.","Randolph Police Chief Scott Clouatre speaks during town meeting in 2025. Photo by Tim Calabro/ White River Valley Herald

This story by Maryellen Apelquist was first published in The White River Valley Herald on May 21, 2026.
With just about six weeks remaining before Randolph’s Fourth of July parade, host White River Valley Chamber of Commerce is sticking with a changed route that’s drawn the ire of community members — many of whom blame police Chief Scott Clouatre for his role in the chamber’s parade permit.
Chamber President Karen Laroque told The Herald on May 18 that “we are standing by our decision to go straight” down Main Street.
“We’ve backed up the start of the parade, which in turn opens up lots of available viewing opportunities,” Laroque said, referring to the parade’s start beside the Gifford Auxiliary Thrift Shop on South Main Street, before the Gifford Green.
The new path, permitted in April, notably bypasses a long popular viewing area in the residential neighborhood Hospital Hill. The area includes Highland Avenue and Maple Street, from where it’s been estimated that each year several hundred to 1,000 community members have viewed the annual parade from front lawns for as long as many local residents can remember.
“This is about safety, and we respect our local law enforcement and their decision” to bypass the neighborhood, said Laroque.
Clouatre, after weeks of pushback from community members and in the wake of a contentious public comment period during the May 14 selectboard meeting, told The Herald that he has considered resigning his position as police chief.
He also said his push for the revised parade route was in the interest of public safety and that he stands by it, but acknowledged community members’ disappointment.
“Does it suck? Absolutely,” the chief said. “Do I like this plan? Absolutely not. But it is the only way that we can swing this in order to have a parade.”
During an interview May 15 at the police department, Clouatre reviewed a map of the permitted parade route, including where he plans to station law enforcement officers. There are five of them, including two from South Royalton.
Per the chief’s plan, he’ll have an officer with cruiser on each end of the road closure, at Main and Prince streets and at Route 12 and Beanville Road; an officer with cruiser at Pleasant Street and Main Street, to maintain the detour (on Beanville and Pleasant) and prevent motor vehicle traffic from coming into the Main Street area; and an officer at Main and Maple streets, in the event an ambulance needs to enter or depart Gifford Medical Center, or if the DHART helicopter needs to land during the parade.
“That leaves one officer on foot in the downtown area, and this area is overcrowded with people,” said Clouatre.
“Usually we do this detail with eight to 10” officers, he added.
The police department is short-staffed overall, with one officer on military deployment for the next year and another on medical leave.
Last year, the chief said, he had seven officers working the parade, and they weren’t enough.
“We were overrun. I couldn’t even get an ambulance for a medical call to Salisbury Street because of this throng of people,” he said, pointing on the map to the Main-and-Salisbury intersection, close to the railroad tracks, where large crowds gather during the parade.
“And when I say that we were overrun, we couldn’t clear the roadway for EMS to get to a medical patient.
“That is the only reason why it is this route — it’s more for this support in this downtown area. This area is my most contentious piece.”
This year’s revised route eases access for law enforcement in case of emergency, the chief explained.
“By having this open, this allows first responders to gain access to anywhere downtown. If the parade was going to be on here, I can’t get there because the parade will be in full motion. These roadways [would] be blocked out.”
“Now they have unrestricted access through the Hospital [Hill] area to get to that hospital” or downtown, said Clouatre.
In previous years, the chief said, there was more law enforcement on hand to help, including “from the Orange County Sheriff days.”
“I had a bigger pool to draw from. From a roster of 28 in the sheriff’s department, we could pull those deputies to fulfill the 10 to 12 officers needed for this event,” he said.
The Randolph chief said he reached out to other agencies, such as area sheriff’s departments and Vermont State Police, as well as other town managers statewide, for assistance.
“Neighboring agencies have declined due to their own staffing issues, or they’re already committed to events,” he said.
The chief made another round of calls for assistance recently, to no avail, after an anonymous community member told him “‘money is no object. Find the officers and we will pay for them.’”
Several dozen community members attended the May 14 selectboard meeting, both in person and online. Chamber leadership wasn’t present — the parade wasn’t on the agenda — while Clouatre was online but remained quiet.
Some people questioned the basis for the police chief’s role in the chamber’s permitted route, a decision that also included input from outgoing Town Manager Trevor Lashua. They also questioned the exclusion of community involvement in problem-solving around the decision, as well as perceived lack of transparency in the permitting process.
Highland Avenue resident Guy Waldo said that having “no input from the public that is directly affected … to be ignored as we are now, is totally ridiculous.”
“We pay the wages for the police department, and we’re not getting what we pay for,” Waldo said.
Local business leader Paul Rea noted that it’s “disappointing how things are being treated around this community” but remained solution-focused.
“Let’s pull this off and get it done,” he said.
Selectboard members several times told those at the meeting that the permit belongs to the Chamber of Commerce and that the parade is a volunteer-run chamber event.
“It’s really up to the chamber,” said selectboard chair Larry Satcowitz. “If the chamber wants to come back to the selectboard with a new permit, they can do that.”
Tamara Morgan told the selectboard, “I just wish that you had interrogated that permit and put it off a little bit.”
There is one remaining selectboard meeting, on June 11, between now and the Fourth of July.
Randolph vs. Montpelier
Some Randolph community members have made comparisons to Montpelier’s July 3 parade, which draws an estimated 20,000 spectators and participants. They assert that Randolph, with its smaller scale of closer to 5,000 spectators, should be able to pull off its parade without changing the route from previous years.
Just as Randolph’s assembly permit application includes approval sign-off from the police and fire departments as well as public works and the health officer, Montpelier requires permit applications “be reviewed and approved by the police department, public works, the fire department, city manager’s office and Montpelier Alive.”
The Herald spoke with officials in Montpelier, which has 17 full-time police officers. One of the officers takes the lead on planning public safety for the parade.
Katie Trautz, executive director for Montpelier Alive, the independent nonprofit that hosts the parade, said that “Montpelier police, fire, county sheriffs, and Capitol complex grounds staff all help with security measures.”
Montpelier Alive also “usually” hires 10 security people from a company like Chocolate Thunder or Green Mountain Concert Services to help with crowd control during the parade, Trautz said.
Like Montpelier, Clouatre also tried to “hire out … but at the time of the permit we were working in the restraints of what the chamber could pay, which was nothing,” he said, and now no one is available.
Trautz said Montpelier utilizes 15 to 20 volunteers for setup, to work an information table, and cleanup — not in public safety or security roles.
In terms of enlisting volunteers locally, the Randolph chief said, “I cannot in good conscience ask volunteers to help with crowd control because they don’t have the ability at all to help with pushing people back, asking people to move, or if an event took place, be able to hold people back from an incident or hopefully not go hands-on, where an officer can. Asking volunteers to fill those roles and to be yelled at and to be screamed at and to be spit on, or all the above, is not fair.”
Chamber president Laroque previously told The Herald that finding volunteers to help with the parade — ideally two people to stand at every intersection in addition to walkers to move alongside the parade — has long been a challenge.
“We never have enough volunteers,” she said. “Everybody wants to volunteer until it comes time to volunteer.”
The Montpelier parade route, which travels down Main and State streets, has one turn. The previous Randolph parade route, to include Hospital Hill, has five turns.
Navigating those turns, the Randolph chief said, is problematic.
“This corner, from Maple to Earle [streets], and Earle to Highland, is the most contentious, because it’s a narrow, narrow street. And the larger the floats, the harder these turns are. So the bigger the floats, you know, they come into where the people stand.”
Rich tradition
Randolph’s Fourth of July festivities — there’s record of an 1807 “procession” for Independence Day — have long drawn visitors from across the White River Valley.
The American Legion previously and for many years presented the parade and other activities, pulling it all together through the work of several committees of volunteers.
In 1925, “5,000 Came” for the “Largest and Best Parade Ever Seen in Valley.”
Herald articles note a few different parade routes over the years, and other changes, too. The American Legion, in October 1963, announced that its members had unanimously voted “to postpone 4th of July plans for 1964,” citing significant investments of time and increased expenses.
“Hundreds of people in the area have taken it for granted that the show would always continue in Randolph on that holiday,” The Herald reported at the time, and welcomed letters “offering solutions to the problem.”
Read the story on VTDigger here:  Hard feelings over Randolph Fourth of July parade route.",https://vtdigger.org/wp-content/uploads/2026/05/Randolph-Police-Department-WRV_Herald-1024x683.jpg,,,2026-05-24 06:58:27.780023
,Honolulu Civil Beat,2026-05-24 10:01:00+00:00,Honolulu Civil Beat,Will Caron: The Entwining,"""Will Caron""",,,,,https://www.civilbeat.org/2026/05/will-caron-the-entwining/,"Politics, policy and public affairs as seen through the eyes of our political cartoonist.","Politics, policy and public affairs as seen through the eyes of our political cartoonist.",,,,2026-05-24 06:58:27.780023
,Honolulu Civil Beat,2026-05-24 10:01:00+00:00,Honolulu Civil Beat,"Honolulu Needs Wastewater Compliance, Not Blind Spending","""Amarjit Singh"",""Heather Madsen""",,,,,https://www.civilbeat.org/2026/05/honolulu-needs-wastewater-compliance-not-blind-spending/,"The city must choose a path that can satisfy federal law, the consent decree and environmental protection requirements.","The city must choose a path that can satisfy federal law, the consent decree and environmental protection requirements.",,,,2026-05-24 06:58:27.780023
,Honolulu Civil Beat,2026-05-24 10:01:00+00:00,Honolulu Civil Beat,The Sunshine Blog: Keith Kaneshiro Wants The City To Pay Up,"""The Sunshine Blog""",,,,,https://www.civilbeat.org/2026/05/the-sunshine-blog-keith-kaneshiro-wants-the-city-to-pay-up/,"Short takes, outtakes, our takes and other stuff you should know about public information, government accountability and ethical leadership in Hawai‘i.","Short takes, outtakes, our takes and other stuff you should know about public information, government accountability and ethical leadership in Hawai‘i.",,,,2026-05-24 06:58:27.780023
,Honolulu Civil Beat,2026-05-24 10:01:00+00:00,Honolulu Civil Beat,The Sunshine Interview: Political Pundits Pontificate On The 2026 Elections,"""The Civil Beat Staff""",,,,,https://www.civilbeat.org/2026/05/the-sunshine-interview-political-pundits-pontificate-on-the-2026-elections/,Get in the swing of this year's elections with these thoughts from three of our most quotable political experts.,Get in the swing of this year's elections with these thoughts from three of our most quotable political experts.,,,,2026-05-24 06:58:27.780023
,Honolulu Civil Beat,2026-05-24 10:01:00+00:00,Honolulu Civil Beat,Beth Fukumoto: Hawaiʻi’s New ‘Millionaires Tax’ Is Good Politics,"""Beth Fukumoto""",,,,,https://www.civilbeat.org/2026/05/beth-fukumoto-hawai%ca%bbis-new-millionaires-tax-is-good-politics/,"People are angry about the economy, and they know the policies of the past haven't delivered for them.","People are angry about the economy, and they know the policies of the past haven't delivered for them.",,,,2026-05-24 06:58:27.780023
,Honolulu Civil Beat,2026-05-24 10:01:00+00:00,Honolulu Civil Beat,Leadership Turmoil And Staffing Shortfalls Plague Child Welfare System,"""Kevin Dayton""",,,,,https://www.civilbeat.org/2026/05/leadership-turmoil-and-staffing-shortfalls-plague-child-welfare-system/,Former Hawaiʻi Department of Human Services Director Ryan Yamane is not the only top child welfare official departing the agency as lawmakers made some efforts this year to improve the system.,Former Hawaiʻi Department of Human Services Director Ryan Yamane is not the only top child welfare official departing the agency as lawmakers made some efforts this year to improve the system.,,,,2026-05-24 06:58:27.780023
,Honolulu Civil Beat,2026-05-24 10:01:00+00:00,Honolulu Civil Beat,Mini Crossword: May 24,"""The Civil Beat Staff""",,,,,https://www.civilbeat.org/2026/05/mini-crossword-may-24/,This brain teaser will brighten up your Sunday.,This brain teaser will brighten up your Sunday.,,,,2026-05-24 06:58:27.780023
,Arkansas Advocate,2026-05-24 10:00:48+00:00,Arkansas Advocate,Arkansas’ data center fights boil down to trust and transparency,Andrew DeMillo,,,,,https://arkansasadvocate.com/2026/05/24/arkansas-data-center-fights-boil-down-to-trust-and-transparency/,"Secrecy may be standard operating procedure when it comes to economic development. But it makes for bad politics and potentially even worse policy, as the fight over data centers in Arkansas makes abundantly clear. Pulaski County has become the latest front in the war over data centers, with opponents stepping up pressure for a moratorium […]","An aerial view shows an Amazon data center last year in Ashburn, Va. (Photo by Nathan Howard/Getty Images)Secrecy may be standard operating procedure when it comes to economic development. But it makes for bad politics and potentially even worse policy, as the fight over data centers in Arkansas makes abundantly clear.
Pulaski County has become the latest front in the war over data centers, with opponents stepping up pressure for a moratorium on new data centers so local-level restrictions can be considered. It’s a debate that’s playing out across the country, as more communities are pushing back against the facilities, citing concerns about water use, utility rates and other quality-of-life issues.
Pulaski County has two centers coming, one from Google, the other by Connecticut-based AVAIO Digital. Supporters say the projects will bring much-needed tax revenue and jobs to the area. 
There’s a growing push for Arkansas’ most populous county to tap the brakes on the centers, which house advanced computer servers that power artificial intelligence. 
Wendell Griffen, the Democratic nominee for the county’s top elected administrator, has been calling for more county-level regulation of the centers. Little Rock Mayor Frank Scott, meanwhile, is also calling for city regulation.
The efforts are a preview of what Arkansas lawmakers can expect in the legislative session next year, as polling shows increasing resistance and trepidation in communities across the country. 
One recent poll from Gallup showed more opposition among respondents to data centers being located in their area than nuclear power plants.
Concerns about the centers’ impact on energy and water usage isn’t limited to red or blue states. The push for more restrictions and transparency is happening at the state level in nearly a dozen states, from South Carolina to Vermont. In Ohio, lawmakers formed a bipartisan committee focused solely on the issue. 
Adding to trepidation about the centers is the secrecy that accompanies the projects and the lack of input from members of the public.
The concerns aren’t just limited to Pulaski County. The same day Pulaski County’s quorum court heard concerns about the two planned data centers, more than 100 people attended a meeting in Conway about a data center planned there that also has faced protests.
As Arkansas Democrat-Gazette reporting this month showed, data center projects are bound by broad nondisclosure agreements that make basic details difficult — if not impossible — for the public to find. 
Secrecy surrounding economic development deals is nothing new. State officials have long argued confidentiality is needed to help the state better compete for business. That argument was why lawmakers approved up to $300 million in incentives in the hopes of luring an unnamed project to West Memphis.
But the local backlash to data centers demonstrates the dangers of that playbook. Data centers are growing rapidly across the nation at a time when fears are growing about the impact of AI on multiple sectors of the economy, when commencement speakers are learning the hard way that mentioning AI is the best way to earn boos from graduates.
Supporters showed they know about the public image problem, with supporters of Pulaski County’s planned centers unveiling a website last week to address what they call “misinformation” about the projects. 
There’s a valid debate over data centers, including whether the economic benefits they’re projected to bring outweigh any of the potential dangers. And it’s a debate Arkansas is likely to face more in the coming years, with two-thirds of the planned centers in the U.S. heading to rural areas.
But it’s hard to have that debate without the public’s trust. And earning that trust is even harder without transparency.",https://arkansasadvocate.com/wp-content/uploads/2025/11/GettyImages-2161851139.jpg,,,2026-05-24 06:58:27.780023
,Kentucky Lantern,2026-05-24 09:00:32+00:00,Kentucky Lantern,"Protect REAP, a federal program rural Kentucky can’t afford to lose",Josh Bills,,,,,https://kentuckylantern.com/2026/05/24/protect-reap-a-federal-program-rural-kentucky-cant-afford-to-lose/,"Over the past several decades, rural Kentucky has faced significant changes. In Eastern Kentucky, a shrinking tax base, population loss, and the decline of long-standing industries has made resilience an ever-changing challenge. Through it all, our communities have adapted and searched for new ways to build a stronger, more diverse economy. Increasingly, a n[...]","A worker installs a solar panel on a roof. (Getty Images)Over the past several decades, rural Kentucky has faced significant changes. In Eastern Kentucky, a shrinking tax base, population loss, and the decline of long-standing industries has made resilience an ever-changing challenge. Through it all, our communities have adapted and searched for new ways to build a stronger, more diverse economy.
Increasingly, a new crisis has emerged: the soaring cost of keeping the lights on. For small businesses and farms that are essential to our local economy, electric rates for commercial facilities have more than doubled over the last 20 years. When you layer in historic inflation, the math becomes overwhelming. Overhead costs eat away at already thin margins, forcing owners to choose between a new hire, a new piece of equipment, or simply paying the utility bill.
At Mountain Association, we have been supporting small businesses since 1976 and saw this energy crisis coming early. In 2008, as costs began their steep climb, we launched an energy savings program. Through this work we continually see one of the biggest challenges facing businesses is upfront capital.
That’s where the Rural Energy for America Program—REAP, for short—comes in. REAP is a federal program administered by the U.S. Department of Agriculture that provides guaranteed loan financing and grant funding to agricultural producers and rural small businesses for renewable energy systems or energy efficiency improvements. For a rural small business owner, that means a grant can cover up to 25 percent of the cost of solar, a more efficient HVAC system, LED lighting, or better insulation. These are the kinds of upgrades that pay for themselves in a short time, reducing overhead and improving the bottom line. But for many, the upfront cost is simply out of reach.
At Mountain Association, we have been packaging REAP grants for our clients since 2009. To date, our team has secured more than 60 REAP grants for small businesses and farms across Eastern Kentucky, totaling over $2.5 million for our clients. These energy savings projects keep rural businesses open and competitive. As a bonus, many of the projects are completed by local contractors, allowing those federal investments to go even further in supporting Eastern Kentucky’s economy. Without support from programs like REAP, some of the businesses and farms we work with simply won’t make it as costs continue to rise.
Mike Long is the general manager of Long’s Pic Pac in Pineville, a town of about 1,630 people in Southeastern Kentucky. His father started the business in 1964 with a $3,500 loan. Today, Mike is fighting to keep it the grocery store of choice for a community where the median household income is just $27,159. Grocery stores typically run on a razor-thin 2.2% profit margin. One bad year or one season of sky-high demand charges and a rural store can vanish.
For Long’s Pic Pac, a REAP grant funded 40% of a project to install solar panels on the store’s roof and a 60-kW battery. The battery can store excess solar energy and vastly reduce the punishing “demand charges” that make up more than half of the grocery’s monthly power bill. The result is an estimated cost savings of at least $15,000 per year—money that can go to staffing the deli, offsetting delivery costs, or simply keeping prices stable for families in Pineville. Long expects to pay back the entire cost of the project in just four years.
The need for this program has never been more urgent. With each devastating flood or winter storm, utility companies are forced to make expensive repairs to aging infrastructure. Businesses and ratepayers pay for those repairs through higher rates. As the frequency and intensity of these storms increase, utilities will continue passing those recovery costs back to us. For a business like Long’s Pic Pac living on a 2.2% margin, this compounding cycle of damage, recovery, and rate hikes is a threat to its existence.
REAP is a proven, efficient tool that uses modest federal investment to unlock private capital and lower operating costs. But it only works if it is funded and protected. It isn’t just an energy policy. It is the difference between closing the doors and keeping the lights on.
Josh Bills is the Senior Energy Analyst at the Mountain Association. He can be reached at josh@mtassociation.org.",https://kentuckylantern.com/wp-content/uploads/2025/06/solarpanelworker2025-1024x683.jpg,,,2026-05-24 05:56:28.582197
,Connecticut Mirror,2026-05-24 09:00:00+00:00,CT Mirror,"On gun regulation, Connecticut moms don’t all speak with one voice",Emilia Otte,,,,,https://ctmirror.org/2026/05/24/ct-moms-firearms-safety/,"After Sandy Hook, what some CT women came to see as a threat to children’s safety, others view as a means of protecting them.","On a bustling March day at the Capitol, Elizabeth Miller sat in front of a microphone to testify against the “Glock switch” bill, a bill banning the sale of certain types of pistols manufactured after October 2026.
The bill, which passed, was designed to incentivize the gun’s manufacturers to redesign their product to make it more difficult to convert into an automatic pistol. 
For Miller, this bill was concerning. Although the bill won’t force people to give up guns they already own, the new ban will affect the availability of Glock pistols — Miller’s preferred choice of weapon. 
“I have carried a Glock since I was 21 years old, so for over 17 years now. As a woman, I rely on Glocks to protect myself and my three kids,” she said.  
Miller went on to say that, although a physically small person, she could conceal a smaller model with relative ease. They are reliable, affordable and user-friendly, she said. 
“I can’t stress the fact enough, as a woman, that some guns can be intimidating,” she said. 
Miller’s concerns were echoed multiple times in the hearing that day by members of a group that often doesn’t get the spotlight during discussions about firearms and the Second Amendment: women and mothers. Yet women make up a growing percentage of gun owners in the U.S. 
According to a Gallup poll from 2024, the percentage of American women who own guns increased by 5% between the years 2007-2012 and 2019-2024. The rise was largely driven by women who identified as Republican. A 2023 Pew Center Survey found that one in four women own a gun. 
Women who spoke with the Connecticut Mirror said having access to a firearm gave them a sense of confidence in their ability to defend themselves and their children from potential threats.
Holly Sullivan, the president of the Connecticut Citizens Defense League, and a single mom of a 10-year-old daughter, said she sees firearms as a means of female empowerment. 
“ We don’t necessarily need to depend on a husband or whatever for a variety of different things — and self-defense is just another one of those things,” Sullivan said.
Silvana Apicella, a West Haven resident, said she purchased a firearm after the 2007 Cheshire home invasion, when two men entered the home of the Petit family, murdered Jennifer Hawke-Petit and her two daughters and severely injured her husband William Petit. 
“I was a single mom, and that scared the bejesus out of me. That really scared me, someone being followed home from the grocery store at night,” Apicella said.
Living with Apicella is her 22-year-old son, a niece who recently left an abusive relationship, her niece’s two children — both under the age of 2 — and a second 17-year-old niece for whom Apicella has custody. She described herself as a “mama bear,” protecting everyone in her house. 
“It makes me feel strong that I can do that. That I know that, at the end of the day, I can help my family. If anything ever happened, I’m right there,” she said. 
Elizabeth Ruocco said that as a petite woman with a disability, she has worried about being a target. Before becoming pregnant with her now 3-month-old son, she obtained a permit and purchased a firearm. 
“I practiced with it, unloaded for a while. It was just a paperweight that I carried on me because I wanted to learn how to safely carry it and feel comfortable with it before there was ammunition in it,” Ruocco said.
Ruocco said she specifically chose to purchase a Glock because she can fire it with one hand, and because she can clean it without help. 
Part of the reason she chose to own a firearm, Ruocco said, was an experience of being sexually assaulted as a teenager. “I didn’t want that to ever happen again, whether it was with someone that I knew or a stranger,” Ruocco said.
Sullivan and Apicella both said they live in areas where police response times are slow. Sullivan, who lives in a rural area, said cell phone service isn’t reliable either.
“Having a firearm in the home, safely stored, has been a lifeline for me to know that I can take care of my daughter and I don’t need anybody else to be able to do it,” Sullivan said. 
For Rebecca Dolly, the state director of Women for Gun Rights, having access to a firearm helped calm the fears she felt after giving birth to her daughter. 
“She’s my first child, and I remember being postpartum with her, and I had this immense anxiety about leaving the house with her,” she said. “I don’t know where it came from, but I was just absolutely terrified, and the only thing that helped ease that anxiety … was having my firearm on me. It just gave me the sense of security and confidence, being able to protect her out in public.” 
But the female gunowners who spoke with CT Mirror said they felt there were misunderstandings about guns and the danger they pose. They also felt that, as women, they were sometimes looked at askance for their position on firearms. 
“We tend to be very quiet… As a gun owner, there’s a lot of stigmas,” Sullivan said. She added that she was once thrown out of a Mommy-and-Me group she and her daughter were part of, which she attributed to the group’s feelings about her views on guns. 
Sullivan’s daughter was born a year after the 2012 mass shooting at Sandy Hook Elementary School, she said, and the tragedy escalated the gun debate. The problem, Sullivan said, was that people rarely had genuine conversations about it. 
“I live in Southbury, the next town over to Sandy Hook, and it’s a very hot topic, but I think when we avoid talking about it, it only makes it worse,” Sullivan said. “ That’s exactly what’s happening with the gun debate here in Connecticut. We’re not having open and honest discussions.”

Mary Ann Jacobs, a member of the group Connecticut Against Gun Violence and a former library clerk at Sandy Hook Elementary School, lobbies at the Capitol for a bill that would ban certain types of pistols from being sold in Connecticut.  Credit: Emilia Otte / CT Mirror

‘This could change things in an instant’
Perhaps no one event has influenced Connecticut’s view on firearms more than the shooting at Sandy Hook in Newtown. It has contributed to a paradox — that what some moms view as a means of protecting their children, other moms see as a threat to their children’s safety. 
Carly Corrigan, a member of Moms Demand Action and a mom of two teenagers, said the shooting was what shaped her views on the topic. At the time, she said, she was pregnant with her second child. 
“ Having a very young child and thinking about when they would be in school and putting myself in those parents’ shoes just was really, really, really tough,” Corrigan said. 
Corrigan started paying more attention to gun laws. She said she knows that firearms are the leading cause of death for children and teens under 18 in the U.S.
In 2022, about 2,500 children died by firearm, the vast majority between ages 15 and 17. Two-thirds of those deaths were homicides, and about a quarter were suicides. 
Corrigan said that when she thinks about threats to her children, her image goes to someone who has a gun in a public place — schools, shopping malls, theaters — and is intent on causing harm. “ It’s the things that you can’t control. Which, I mean, that’s life and that’s being a parent. And when they go out in the world, you just never know,” she said. 
Corrigan said she’s not “anti-gun” and that she respects the constitutional rights of people who want to own them. She said she wants “sensible” laws that keep guns out of the hands of people who shouldn’t have them. She said if some moms feel safer owning a gun, that’s their choice, as long as the guns are stored safely when not in use. 
“I am a single mom myself, so I can certainly put myself in their shoes,” she said. “We all are doing the best we can. We have to make the best decisions that we can for ourselves and our families.” 
Mary Ann Jacobs, a member of the group Connecticut Against Gun Violence, and a former library clerk at Sandy Hook Elementary, remembers hiding in a closet with a group of 9-year-old children for several hours on the day the shooting took place in 2012. 
“These guns that are able to shoot multiple rounds very quickly are responsible for the 26 deaths at Sandy Hook School, very specifically,” Jacobs said. “ I believe in the Second Amendment and having guns for sport and hunting, but you don’t need to shoot 152 rounds in three minutes to do those activities.”  
Jacobs said her husband owns guns and that her children shoot skeet. She said her husband made sure their children were trained in gun safety. 
For Joanna Whitney, also a member of Moms Demand Action, what drove her to advocating for gun safety was slightly different. A decade ago, when she was living in Texas, she briefly left her then 2-year-old children with a neighbor while she went to grab something from her house. On her way across the yard, she realized that the neighbor, a hunter, had guns, and she had no idea how they were stored. She ran back. 
The guns were safely stored. But the experience stayed with her.
“ That was just sort of the thing that made me think, ‘Oh my gosh, this could change things in an instant,’” she said.  
After moving to Connecticut in 2017, Whitney became involved in Moms Demand Action, particularly its campaign around gun storage. “It’s kind of one of the ways that everyone comes together and agrees on. We’ve yet to have conversations with folks and find someone who thinks that yes, 2-year-olds should have unfettered access to loaded firearms out on the kitchen table,” Whitney said.
Common ground
Women who opposed stricter gun legislation also emphasized the importance of safe storage.
“Responsible gun owners don’t mess around. We make sure everything is locked up. Nobody can get it unless you know it’s needed,” Apicella said.
Several women who spoke with CT Mirror said they felt the key to lowering the rate of gun violence was more education in schools around firearm safety and use. In 2019, Connecticut’s State Department of Education was tasked with creating a guide to develop firearm safety curricula.
But Sullivan said towns have to choose to adopt it. “With the correct training and exposure, you can raise responsible gun owners. The generations of Americans before us had firearms readily accessible and did not have the mass casualty incidents that we have today,” Sullivan said.

Rebecca Dolly, the CT state director for Women for Gun Rights, teaches pistol permit classes at Vantage Point Training Center in Salem.  Credit: Emilia Otte / CT Mirror

Dolly said she began to teach her daughter about gun safety when she was very small. 
“Before she could talk, [she] would point to a trigger on a Nerf gun and say, ‘No, no, no.’” Dolly said. “Children are very, very smart, and if we teach them from a young age about firearms and what to do if we encounter one, we are going to see a massive decrease in incidents, accidents and violence, I believe.” 
Jacobs, whose husband owns guns, said that he took her sons for gun safety education. 
She said she thought having more universal gun laws, rather than each state making its own laws, would make it easier to stop people from trafficking guns illegally across state borders. 
Whitney said she’d like to see people who come out in opposition to bills regulating firearms to bring forward their own proposals for addressing gun violence. She said she doesn’t know what modifications to current bills or entirely new legislation people who favor less regulation on guns would support. 
“ I think we can agree that doing nothing isn’t the answer. I think that that is something that we would all agree — that there is too much gun violence. So what are the things that might be supported that aren’t just the status quo?” she said. 
Whitney said there were many things that people who generally opposed laws limiting gun ownership and groups like hers could find agreement on — everything from background checks to keep guns out of the hands of people who might be a risk to public safety, to safe storage laws, to keeping automatic weapons off the streets.
“ I think we can agree that doing nothing isn’t the answer.”Joanna Whitney, Moms Demand Action
Apicella said she doesn’t think the solution to gun violence is to make more laws restricting guns; Instead, states should boost efforts to pursue criminals, she said. Apicella said much of the crime she reads about involves extended capacity magazines, which are already illegal in Connecticut.
“Mental health also is a big issue in the state … Drugs are a big issue here in the state, and [state officials] always take funding away from those things, and that’s what the people need the most,” Apicella said. “We don’t need to be told what to do in our own homes or what we can’t carry as far as how we’re choosing to protect ourselves.” 
Jacobs added that in a setting like the Capitol, where people tend to stick with their own groups, it’s difficult to look for agreement. But one-on-one conversations are different. 
“I’ve spoken at events where all the gun guys show up and I’ve sat down at a table with them, and we talked about stuff and … they’re like, ‘Oh yeah, people with dangerous criminal backgrounds shouldn’t have guns.’ I’m like, ‘Look at that — we just found common ground.’”
Sullivan agreed that there were plenty of places of agreement that women with different opinions on gun legislation can reach. The key is to actually have the conversations. 
“We are still women. We’re still moms. We are still members of the same communities,” she said. “This is so taboo in Connecticut. It exists in a vacuum where the two groups just don’t talk to each other. But yes, I think it’s entirely possible. I think that we all share a very common goal of wanting our families and our communities to be safe.”",https://ctmirror.org/wp-content/uploads/2026/05/WOMEN-GUNS-02-1024x683.jpg,,,2026-05-24 05:56:28.582197
,Connecticut Mirror,2026-05-24 08:58:00+00:00,CT Mirror,"PAID POST: When Every Dollar Counts, Even Entertainment Gets Reimagined",Branded Storytelling,,,,,https://ctmirror.org/2026/05/24/paid-post-when-every-dollar-counts-even-entertainment-gets-reimagined/,"As rising costs strain Connecticut households, many families are rethinking how they watch TV, and what counts as essential entertainment.","For many Connecticut families, the past few years have felt like a long, unrelenting recalibration. The price of groceries in West Hartford. The heating bill in Torrington. The rent in Stamford. The property taxes in Hamden. Even the cost of a simple night out, a movie in Manchester or dinner in New Haven, now requires a moment of pause.
Connecticut has always been a state of contrasts: affluent shoreline towns alongside rural communities where budgets stretch thin; high‑earning professionals living just miles from families working multiple jobs to stay afloat. But lately, the squeeze has become a shared experience. Across income levels, residents are asking the same question: Where can we cut back without losing the things that make life feel normal.
And increasingly, that question is landing in the living room.
The New Reality of “Staying In”
Entertainment has long been one of the few affordable comforts for Connecticut households. When winter settles in and the sun sets before 5 p.m., families across the state rely on their TVs for warmth and routine, a cooking show humming in the background, a familiar drama to unwind with, a live news broadcast to stay connected.

VOD multimedia TV streaming concept with hand holding remote control. Credit: Canva

But as inflation continues to ripple through the state, even the cost of staying in has become part of the budgeting conversation. Cable packages that once felt like a given now feel like a luxury. Streaming services that once promised savings have multiplied into a patchwork of monthly fees. What used to be a simple decision, turn on the TV, has become a small but persistent calculation.
This isn’t just a national trend. It’s a Connecticut story.
A State Where Costs Shape Habits
Connecticut’s cost of living consistently ranks among the highest in the country. That reality shapes everything, including how people unwind at the end of the day.
In Fairfield County, where housing costs rival major cities, young families are trimming non‑essential expenses to offset rising childcare and commuting costs. In the Quiet Corner, where broadband access varies from town to town, residents are choosing entertainment options that work reliably on the infrastructure they have. Along the shoreline, retirees on fixed incomes are reassessing monthly bills with a sharper eye than ever before.
Across these communities, one theme keeps emerging: people want entertainment that feels familiar, simple, and affordable, without the clutter or cost of traditional cable and without the overwhelm of juggling multiple apps.
The Return of “Just Turn It On”
For years, streaming was marketed as the antidote to cable: more choice, more control, more freedom. And for a while, that was true. But as the number of apps ballooned, so did the complexity. Connecticut residents now talk about “choice fatigue” the way they once talked about channel flipping.
A teacher in Meriden might spend 20 minutes scrolling through apps after a long day, only to settle on the same home‑renovation show she always watches. A couple in Granby might subscribe to three different services just to keep up with their favorite genres. A family in Manchester might find themselves paying nearly as much as they did for cable, without the convenience of a single guide.

Couple is relaxing at home. They are watching TV. Credit: Canva

That’s why many households are gravitating back toward something that feels more streamlined: live channels, curated content, and a simple interface that doesn’t require decision‑making as a prerequisite for relaxation.
It’s not nostalgia. It’s practicality.
A Shift Toward “Enough” Entertainment
What’s emerging in Connecticut is not a rejection of streaming, but a recalibration of it. Residents aren’t looking for endless options. They’re looking for enough – enough channels to feel connected, enough variety to unwind, enough flexibility to watch on the go, and enough affordability to justify keeping it in the budget.
This shift reflects a broader truth about life in Connecticut right now: people are prioritizing what feels grounding, not what feels excessive. They’re choosing simplicity over abundance, familiarity over novelty, and value over volume.
And in that landscape, new models of entertainment, ones that blend the ease of live TV with the flexibility of streaming, are finding their place.
Why This Moment Matters for Connecticut
Entertainment may seem like a small thing compared to the larger economic pressures facing the state. But the way people watch TV reveals something deeper about how they’re coping, adapting, and finding comfort in uncertain times.
It shows:

how families negotiate what to keep and what to cut
how residents seek connection when going out becomes too expensive
how technology shapes daily life in a state with diverse infrastructure
how people find small pockets of normalcy when everything else feels unpredictable

In a high‑cost state like Connecticut, even entertainment becomes a reflection of resilience.

Watching TV Together at Home Credit: Canva

A New Kind of Living Room Routine
As Connecticut households continue to navigate rising costs, shifting work patterns, and the ongoing evolution of digital life, the living room remains one of the few places where people can reliably unwind. But the way they do it is changing.
They’re choosing:

Services that fit their budgets.
Simplicity over complexity.
Comfort over clutter.
What feels sustainable.

And in that choice, they’re redefining what entertainment means, not as a luxury, but as a small, steady source of ease in a state where every dollar counts. As these habits shift, new pared‑down TV options are emerging to meet Connecticut viewers where they are. Services like Cox TV Lite, which offer a curated mix of familiar live channels without the bulk or cost of traditional cable, reflect this move toward simplicity. They’re part of a growing category designed for households that want the ease of a channel guide and the flexibility of streaming, without juggling multiple apps or paying for content they rarely use. For many residents, it’s less about chasing the newest platform and more about finding something that fits comfortably into a budget already stretched by the realities of living in Connecticut.",https://ctmirror.org/wp-content/uploads/2026/05/Feature-woman-sitting-on-couch-watching-tv-with-contour-tv-on-the-screen.jpg,,,2026-05-24 05:56:28.582197
,Kansas Reflector,2026-05-24 08:33:41+00:00,Kansas Reflector,A Kansas memorial lists 15 Black soldiers killed during the Civil War. Their lives are a mystery.,Max McCoy,,,,,https://kansasreflector.com/2026/05/24/a-kansas-memorial-lists-15-black-soldiers-killed-during-the-civil-war-their-lives-are-a-mystery/,"FORT SCOTT — At the national cemetery there is peace. There is no news to report, no current affairs to parse, no urgent interview requests awaiting any of the 8,000 inhabitants. All the battles have been fought, the costs tallied, the names and the dates etched into marble stones 13 inches wide and 4 inches […]","This memorial at Fort Scott National Cemetery commemorates the 15 Black soldiers killed in May 1863 near Sherwood, Missouri. (Photo by Max McCoy/Kansas Reflector)FORT SCOTT — At the national cemetery there is peace.
There is no news to report, no current affairs to parse, no urgent interview requests awaiting any of the 8,000 inhabitants. All the battles have been fought, the costs tallied, the names and the dates etched into marble stones 13 inches wide and 4 inches thick. The stones stand in regimented rows across the cemetery’s 28 acres of rolling hills.
On this afternoon in May, the scudded sky seems particularly broad and the hills unusually green. The only sound is the wind whispering through the trees and animating the flag at half-staff on the cemetery’s highest point.
Officially designated as National Cemetery No. 1 and established Nov. 15, 1862, it was the first among the 14 cemeteries designated by Abraham Lincoln to accommodate the grim harvest of the Civil War. Like many other national cemeteries, including the one at Gettysburg, the Fort Scott site is administered by the U.S. Department of Veterans Affairs.
The first military burials were of those who died of accident or disease at the federal military post that gave this town in southeastern Kansas its name. In addition to the fort, there was also a two-story military prison here, so some of the early occupants were Confederates who died as prisoners. It wasn’t a national cemetery to begin with, but the “Presbyterian Graveyard” at the edge of town, and the first graves were marked with wooden boards and stakes, according to its National Register of Historic Places registration.
Only a few hundred of those interred here died in combat, as the vast majority of plots are those of veterans and their spouses, from the Civil War era to the present day. The most famous grave, if there can be fame in death, is not marked by a flat white standing stone, but by a red sandstone boulder.
The boulder marks the grave of Eugene F. Ware, a name most Kansans won’t know today. His wife, Jeannette, is buried with him.
Ware was an officer in an Iowa cavalry regiment who, in 1864, participated in the “Indian War” with the plains nations across the West. He settled in Kansas in 1867 and pursued a number of occupations: farmer, saddle shop proprietor, and editor of the Fort Scott Monitor. He joined a law practice after being admitted to the bar and was later elected to the Kansas Senate. He wrote books about water rights law and military history.
But Ware was most famous as a poet.
Under the pseudonym “Ironquill,” Ware turned out popular verse that relied on easy rhymes and heavy sentimentality. An early poem, and considered by many his best, was “The Washerwoman’s Song,” in which an agnostic narrator watches with some longing while a working woman scrubs clothes while singing a consoling hymn.
Ware died in 1911.
The sandstone boulder has been so robbed of significance by the passage of time and taste that it now seems as cryptic as the ruins in “Ozymandias.” It is difficult to find any contemporary value in Ware’s work. His racist views about Native Americans, whom he considered inferior to whites, is disturbing, but unsurprising for the time.
Some of the cemetery’s original inhabitants are 17 indigenous soldiers from the Civil War. All were refugees who fled Indian Territory to Kansas in 1861 and 1862 and were organized as private soldiers into state home guard units. Most of these 17 died at the post hospital, according to the national register, and little is known about them other than their names — Deer-in-Water, Set-Them-Up — and the maladies that killed them, including pneumonia and typhoid fever.
Every individual interred in this country of the dead, whether poet or private, left behind a life written not in stone but in flesh and blood with the sky as witness. The clouds do not pass judgment. All are equal here.
But there are 15 names on a stone monument in a shoulder of the cemetery that stand as a testament to the struggle for a living equality. These individuals are not buried here, because their bodies were literally consumed by the fire of war. They were soldiers of the First Kansas Colored Infantry, and they died on a Missouri farm about 60 miles to the southeast.
Their story is that of the first Black soldiers to fight in the Civil War.
The 1989 Edward Zwick film “Glory” depicts the 54th Massachusetts Infantry, a regiment of Black enlisted men and white officers, and its true-life assault on Fort Wagner, South Carolina. That battle took place in July 1863, and the movie has shaped the popular conception of Black troops in the Civil War.
But the First Kansas Colored Infantry engaged Confederate forces on Oct. 29, 1862, at the Battle of Island Mound in Bates County, Missouri. It was a fight near the Marais des Cygnes River between 240 Kansas soldiers and perhaps 400 pro-slavery guerillas. The Kansans had established a fortified position, called “Fort Africa,” that was assaulted by mounted guerillas, known regionally as “bushwhackers.” The fight, which was more of a skirmish than a battle, resulted in the deaths of eight Kansas soldiers and an unknown number of rebels. It was nearly lost in the historic record, overshadowed by battles involving thousands of troops, but its significance transcends its numbers.
Island Mound took place months before any Black units were federalized following Lincoln’s Emancipation Proclamation of Jan. 1, 1863. The First Kansas Colored were serving as a state guard unit, not yet as part of the regular army.
The regiment had been organized by Jim Lane, a U.S. senator from Kansas, a radical Republican, and the “grim chieftain” of Jayhawker irregulars in the years immediately before the war. Lane was not authorized to form a Black regiment, but he did so anyway. Leavenworth was the headquarters for the recruiting effort, but the First Colored Kansas was composed of free men and formerly enslaved individuals from a wide area.
In his 2021 book, “Soldiers in the Army of Freedom,” historian Ian Michael Spurgeon recounts that 40% of the men who joined the regiment in 1862 listed Missouri as their place of residence.
“They were from Independence, Lexington, Lafayette, Pleasantville, St. Louis, and other cities,” Spurgeon writes. “They came from farms in Clay, Howard, Buchanan, Randolph, Platte, Morgan, Henry, and other counties. After Missouri, most recruits that fall claimed Kentucky as their home state. It is not known how many traveled directly from Kentucky to Kansas on their own or had been brought to Missouri by their owners.”
The men who had formerly been enslaved were officially designated as “contraband.” Although the war was being fought to end slavery and preserve the Union, Black recruits were generally regarded with suspicion and even hostility. Some in the regular army were resentful, believing that Black soldiers were inferior and unsuited for combat. Even those who were sympathetic suggested that such units be given supporting roles, such as contributing the hard labor for a telegraph line across eastern Kansas. Even Lane, who was in charge of recruiting, once suggested that every white soldier be assigned a Black servant.
But the First Colored Kansas was recruited to fight.
In the beginning, they didn’t even have the blue uniforms that were standard for Union troops or reliable weapons with in which to fight. Their uniforms were the older, pre-war gray uniforms, and their weapons were inferior to the Springfield rifles carried by most white soldiers.
“By all accounts, the men of the First Kansas Colored Infantry found themselves holding virtually worthless weapons,” Spurgeon writes. The guns were likely cheap imported muskets purchased earlier in the war, and not one in five would discharge reliably.
The Black troops received less than half the pay of white soldiers — just $7 a month. At least, that was what they were supposed to get. The First Kansas Colored went unpaid for all of their state service and for months after it was federalized. Desertion was a common problem in the early months of the regiment.
So was insubordination.
Private Henry Aggleston was sentenced to 20 days of hard labor for “mutinous conduct and contentious language” to a superior officer, as well as insubordination and unsoldier-like conduct in camp.
Eventually, the regiment was dispatched to Fort Lincoln, Kansas, about 15 miles northwest of Fort Scott. It was given the assignment to march into Missouri and harass Confederate guerillas, leading to the fight at Island Mound.
The regiment was mustered into federal service Jan. 13, 1863, at Fort Scott. A rousing speech was given by Capt. William Mathews, a free black man and commander of Company D.
“Now is our time to strike,” Mathews exhorted. “Our own exertions and our own muscle must make us men. If we fight we shall be respected. I see that a well-licked man respects the one who thrashes him.”
Unfortunately for Mathews, he was not allowed to carry his rank into federal service. Only white officers would be allowed. Later, an order would be discovered that restored Mathews to captain, but it is unclear whether that instruction was never delivered or simply ignored.
In May 1863, the regiment was ordered to Baxter Springs, in extreme southeastern Kansas. A foraging party of about 25 ventured into Missouri and stopped at the home of Andrew Rader near Sherwood, in Jasper County. While tossing corn from an attic into wagons below, the Black soldiers were attacked by a mounted guerilla force led by Thomas Livingston. The 67 men under Livingston’s command were armed with braces of revolvers and other weapons. The Kansas infantry had stacked their muskets in the yard, out of reach from the attic.
The federal officers and some mounted artillery soldiers rode away, leaving the Black soldiers to face the guerillas alone. Thirteen were killed on the spot and their bodies mutilated. Two were taken prisoner, and both were later executed when a prisoner exchange failed.
Private Henry Aggleston was among the dead. He was about 22, according to military records.
Upon returning to Sherwood, the Union forces discovered the atrocity. Finding no shovels with which to bury the dead, they set fire to the Rader home, cremating the bodies of the Black infantrymen inside. They then burned the town of Sherwood in retaliation, effectively erasing it from the map.
For the First Colored Kansas, there would be many more bloody fights, from Cabin Creek in what is now Oklahoma to Poison Spring, Arkansas. At Poison Spring, dozens of Black infantrymen taken prisoner were executed by Confederates. Their bodies were mutilated, as had happened at Sherwood, but an element of the macabre was introduced at Poison Spring — the bodies of the dead were placed in absurd positions and skulls were crushed for sport beneath wagon wheels.
“Where is the First (N-word) now?” was a taunt hurled during the atrocity, Spurgeon writes. “All cut to pieces and gone to hell by bad management.”
The First Colored Kansas suffered unusually high losses, Spurgeon notes, with an attrition rate of more than 60%. More of its soldiers died in battle than of disease, unusual for a Civil War unit. Of the 1,505 men who served, only 521 were left when the regiment was mustered out Oct. 1, 1865, at Pine Bluff, Arkansas.
Researching the story of the regiment was made difficult, Spurgeon recounts, by the scarcity of personal histories. While it was a tradition among white Civil War soldiers and civilians to meticulously document their lives through letters and official correspondence, Black troops did not leave copious personal accounts for later historians to rely upon. Until recently the Civil War has been largely treated by scholars as a white man’s war, even though the object of the war was ending the enslavement of Blacks.
Lane, the Kansas senator and former Jayhawker who organized the regiment, died in 1866, after shooting himself in the head on a Lawrence Street. At war’s end he had switched allegiances from the Radical Republicans to President Andrew Johnson, a War Democrat, and found himself in political chaos and financial turmoil. He is buried at Oak Hill Cemetery at Lawrence.
The stories of Henry Aggleston and the 14 other Black soldiers who perished at Sherwood remain ciphers under the American sky, even though their names are etched in stone on a monument at the national cemetery at Fort Scott. Historians like Spurgeon have justly teased the end of their stories from the official record, but their lives remain largely undiscovered.
To seek these stories is to confer in death a measure of the equality they fought for in life.",https://kansasreflector.com/wp-content/uploads/2026/05/Memorial-1024x576.jpg,,,2026-05-24 04:57:11.869564
,Connecticut Mirror,2026-05-24 08:30:00+00:00,CT Mirror,"Wheels welcome on board, but know the rules",Jim Cameron | Columnist,,,,,https://ctmirror.org/2026/05/24/wheel-welcome-but-know-the-rules/,"You can bring your own bike, e-bike or scooter on the bus or train, but you should learn the rules first.","Now that summer is unofficially underway, let’s revisit a recent column of interest to bikers…
Taking mass transit is great. But when you step off your train or bus, what do you do to get to your final destination?  Increasingly, that means BYO wheels: a bike, e-bike or scooter.
The problem is the rules for bringing your “wheels” are much different depending on your carrier.



METRO-NORTH: You can bring your non-electric-powered bike on the train anytime except rush-hour.  Some cars include wall-mounted racks; check TrainTime for bike-friendly trains and car markings.  If you have a folding bike that can stow in the overhead rack, you can bring it anytime.
But if your bike or scooter is powered, the rules are quite different.
First, you can’t ride your e-whatever at the station, on the platform or in the train. You can only bring your wheels on the train if it folds up, weighs less than 100 pounds and is your property, i.e. not a CitiBike, VEO etc.
You cannot charge your e-bike on the train.  It must have UL-certified batteries and be stored in an area so it doesn’t block other passengers.  Whatever the rules may be, the train conductor or railroad staffer always has the final say and can stop you and your bike from being on the train.
Remember… if your final destination is Grand Central Terminal there are any number of Citi Bike stations just outside on the street. At New Haven there are bike-shares available through Ride New Haven.
SHORE LINE EAST and HARTFORD LINE: The e-bike rules here are quite similar.  Unlike on Metro-North, regular (non-electric) bicycles are welcome anytime.  On the Harford Line, CT Rail trains welcome bikes anytime for free.  But Amtrak Hartford Line trains accept bikes only with a reservation and a charge of $20.  All e-bikes with lithium-ion batteries are banned on all trains on the line.
At Hartford’s Union Station you can rent a scooter (but no bikes) through VEO.  Bikes may be added in the future.
CT TRANSIT BUSES: Connecticut’s buses were pioneers in allowing bikes… not on the bus, but on racks mounted on the front of the bus.  The racks only hold two bikes, and its first-come, first-carried.


Only standard non-motorized bikes are allowed on racks; e-bikes, scooters, and motorized vehicles are not permitted, regardless of weight.
OTHER BUSES IN CONNECTICUT: All GBTA (Greater Bridgeport) buses are equipped to carry your bicycle… two-bike maximum, first-come first-served.  Norwalk Transit rules aren’t crystal clear.  You might want to consult your carrier’s website or ask the driver before trying to transport your device.
PORT JEFFERSON FERRY: The Port Jefferson Ferry allows bicycles and e-bikes onboard, but according to company policy, they are considered luggage and must be kept with the rider at all times.  Cyclists are required to carry their bikes as well as any baggage up and down staircases to the passenger decks.  If there’s room you can use the elevator.
Whatever your destination, always BYO (and wear) a helmet when operating on two wheels.  And remember:  E-bikes and scooters should use UL-certified batteries and never be charged aboard any vehicle or station.",https://ctmirror.org/wp-content/uploads/2025/10/loading-bike-on-bus.jpg,,,2026-05-24 04:57:11.869564
,Utah News Dispatch,2026-05-24 03:06:19+00:00,Utah News Dispatch,"‘Protect the water, the air, the land’: Hundreds demand halt on Box Elder data center plan",Georgia Metcalf,,,,,https://utahnewsdispatch.com/2026/05/23/hundreds-demand-halt-on-box-elder-data-center-plan/,"Hundreds of Utahns gathered on the Capitol steps Saturday afternoon, demanding a halt to the development of the Stratos Project, a controversial 40,000 acre data center campus set to be built in Box Elder County along the north shore of the Great Salt Lake.  The demonstration follows Box Elder County commissioners’ decision to allow the […]","Protesters demonstrate against a proposed Box Elder County data center at the Utah Capitol on Saturday, May 23, 2026. (Georgia Metcalf for Utah News Dispatch)Hundreds of Utahns gathered on the Capitol steps Saturday afternoon, demanding a halt to the development of the Stratos Project, a controversial 40,000 acre data center campus set to be built in Box Elder County along the north shore of the Great Salt Lake. 
The demonstration follows Box Elder County commissioners’ decision to allow the project to move forward, despite backlash from citizens and environmental groups. Speakers warned that the project could negatively impact air quality, increase greenhouse gas emissions and exacerbate the state’s water supply struggles. 
Chants like “data center dollars don’t trickle down, Kevin O’Leary get out of our town,” a reference to the project’s billionaire investor, and “Air, water and land, we’ll keep on fighting and take a stand,” echoed through the crowd. 
SUBSCRIBE: GET THE MORNING HEADLINES DELIVERED TO YOUR INBOX.
“These data centers carry consequences that extend far beyond even their enormous footprints,” Patrick Belmont, a professor in the Watershed Sciences department at Utah State University, told protesters. 
He said technical issues like the size of the project — with the land set aside for it adding up to twice the size of Manhattan — are a major concern, but deeper problems “aren’t just technical.” 
“When decisions this large move forward without transparency and independent review and when communities are handed the risks,” he added, “that is not progress, it’s a warning sign.”
Belmont emphasized tech companies “build AI infrastructure in ways that compound the very harms we need to reduce.” 
Rep. John Arthur, D-Holladay, echoed Belmont’s sentiment. 
“We have all agreed that we’re in a state of emergency when it comes to water. A data center like this exacts a terrible toll in our air, our water and our landscape,” he said in an interview with Utah News Dispatch. 
Protesters demonstrate against a proposed Box Elder County data center at the Utah Capitol on Saturday, May 23, 2026. (Georgia Metcalf for Utah News Dispatch)
The rally 
Speakers at the rally, a mix of activists and Democratic legislators, urged protesters to take environmental action. 
Speaker Shannon Barton, a resident of Brigham City in Box Elder County, formed BEAR, or the Box Elder Accountability Referendum, an organization aiming to put the project’s fate in the hands of voters. The decision to form the organization came after commissioners denied public comment when the large crowd grew unruly at the meeting where they cast the final vote to greenlight the project.  
Barton said she left the meeting “devastated.” 
Renderings show vision for massive data center proposed in Utah, but permits could take years

“I sat next to hundreds of Box Elder residents concerned about having the ‘largest data center in the world’ right in our backyard,” she said, pointing to O’Leary’s claims about the project’s size. 
“I do not need to make arguments about why a data center is bad,” she said. “We have action things to do.” 
Bains continued Barton’s call to action. 
“We’re tired of being treated like afterthoughts. This is a democracy. We have national tension marking this moment in history. We’re going to keep momentum, and we’re going to defend the protection of clean air, water, and a livable Utah,” she said. 
Research on data center impact a key issue
A key theme for speakers was a lack of research on the impact of data centers. House Minority Leader Angela Romero, D-Salt Lake City, addressed protesters carrying signs with slogans reading “you can’t drink data” and “people over profit.” 
In her speech, she referenced a recently proposed bill that would open up a study on the environmental impacts of data centers in Utah. Sponsored by Sen. Doug Owens, D-Millcreek, the bill would examine these centers’ potential consequences. 
Romero, a self-described “action representative,” said a study alone “isn’t good enough.” 
Protesters demonstrate against a proposed Box Elder County data center at the Utah Capitol on Saturday, May 23, 2026. (Georgia Metcalf for Utah News Dispatch)Protesters demonstrate against a proposed Box Elder County data center at the Utah Capitol on Saturday, May 23, 2026. (Georgia Metcalf for Utah News Dispatch)Protesters demonstrate against a proposed Box Elder County data center at the Utah Capitol on Saturday, May 23, 2026. (Georgia Metcalf for Utah News Dispatch)
Belmont is also worried by the research gap. 
“As a water scientist myself, show me the data. I’m not just going to take your word for it,” he told Utah News Dispatch. 
Belmont urged lawmakers to enact policy change “deliberately,” referencing Gov. Spencer Cox’s comments at a news conference last month, where he said that taking time on ambitious projects does not “make things better or safer.” 
He said “this notion that we can’t build anything anymore, that’s the governor panicking, and that’s not what we need right now. We need somebody looking at things thoughtfully.”
Arthur further echoed concerns about lack of scientific study. A sixth grade teacher, he said a piece of advice he gives his students is to “think before you move.”
“We need to find out before we commit ourselves to spending our precious air, water, land, and our children’s future on this development project,” Arthur said. 
“We need to study (the environmental effects) further, but until we do, we need to put a halt on any big projects that can have a lasting impact on Utah.”",https://utahnewsdispatch.com/wp-content/uploads/2026/05/Data-center-protest-4-1024x683.jpg,,,2026-05-23 23:57:42.676809
,CommonWealth Beacon,2026-05-23 21:52:28+00:00,CommonWealth Beacon,The answer to the school desegregation lawsuit? Revive urban communities.,Ben Forman,,,,,https://commonwealthbeacon.org/opinion/the-answer-to-the-school-desegregation-lawsuit-revive-urban-communities/,This long-overdue school desegregation lawsuit may provide the push we need to change the conversation from cross-district enrollment to place-based revitalization of urban neighborhoods.,"ON WEDNESDAY, a team of litigators filed a lawsuit on behalf of students from Boston and several Gateway Cities arguing that the stark segregation of schools by race and income violates the Massachusetts Constitution’s guarantee of an adequate public education for all students. 
The first school desegregation case in a generation caught many by surprise, though it should not have—Massachusetts has some of the highest income segregation in the nation along with the largest and fastest-growing achievement gaps in the US.  
There is overwhelming evidence that concentrating low-income students in high-poverty schools is the leading driver of socioeconomic disparities in educational outcomes. Still, some may question whether now is the right time to pursue what could become a divisive and lengthy court battle. This hesitancy assumes the only viable solution will be zero-sum: busing urban and suburban students into better- and worse-performing schools.  
To be clear, the plaintiffs have not proposed this kind of two-way busing as the primary remedy. They are mostly calling for more vocational schools and regional magnet schools that will voluntarily bring students together across district lines. This approach has merit for high school students, who have much to gain from traveling beyond the borders of their neighborhoods. At this crucial stage of identity formation, they can develop independence, mix with peers from other backgrounds, and attend larger schools with more to offer.  
However, moving students out of their neighborhoods is not the solution for the roughly 150,000 low-income Massachusetts students in segregated K-8 schools. Primary schools are crucial “social infrastructure.” They are where we form relationships that are pivotal to both individual and community growth and resilience. Proximity is particularly important if we want parents to have the ability to engage and contribute fully to their schools.  
That argues for a very different approach to deep-seated segregation than the various cross-district enrollment proposals that have been raised. First and foremost, Massachusetts should focus its desegregation efforts on making urban neighborhoods with high-poverty schools great places for families from all economic backgrounds to raise children. Not only will this approach give children from low-income backgrounds the opportunities they need to develop to their full potential, it will also put Massachusetts in a far better position to retain middle-class families, who are exiting the state in droves, mainly because of our exorbitant housing costs.  
For years, the MassINC Policy Center has sought to draw attention to the costs of school segregation, both in terms of lost human potential, as well as lost opportunity to build more housing in vibrant urban centers with the infrastructure to accommodate growth efficiently, and in a manner that preserves quality of life. 
Up until now, making this case felt like screaming into the wind. State education leaders simply ignored us, focusing their attention instead on “school turnaround” and other policies that repeatedly failed to produce meaningful reductions in educational disparities.  
State housing leaders have done more to acknowledge the Commonwealth’s school segregation and its direct connection to residential segregation in recent years. However, they have focused almost exclusively on helping affordable housing developers build more rental housing in the suburbs—an approach that will never succeed at scale—as opposed to working with urban communities to create more mixed-income neighborhoods.  
This long-overdue school desegregation lawsuit may provide the push we need to change the conversation. Fortuitously, it coincides with fresh state leadership. 
The Healey administration has brought in a new state education commissioner and secretary of education with deep experience working in urban districts. They both understand the harm segregated schooling imposes and the fallacy that high-poverty schools can do just as well for children if educators just worked harder and believed in their students more.  
Meanwhile, last month, the governor appointed Juana Matias to serve as secretary of housing and livable communities. A product of Haverhill and Lawrence who showed a deep interest in education while serving in the Legislature, she is uniquely suited to elevate the “livable communities” portion of her secretariat. Finally, assuming the state does the right thing and works to settle the case, Attorney General Andrea Campbell will bring valuable perspective to the lead negotiator role. She grew up in a Boston marked by concentrated poverty and desegregation gone wrong, and she has long argued for an approach to education reform centered around high-quality schools for every neighborhood. 
These leaders should negotiate a two-pronged settlement that will mitigate the harm to students today, while steadily building the schools and communities that will make Massachusetts far stronger in the future. 
The interim approach is clear. As the complaint documents, students in high-poverty schools are much more likely to be taught by inexperienced educators. Educator quality is by far the most important school input when it comes to student achievement. The only solution to this problem is to pay teachers significantly more for the more difficult task of working in high-need schools.  
Texas is taking this approach and it is clearly having a very positive effect. There are certainly other steps we could take to attempt to mitigate the impact of concentrated poverty, such as providing students with high-dosage tutoring, but with teacher shortages intensifying, reinforcing the educator workforce should be priority number one.  
The longer-term solution will take far more commitment and ingenuity, but the spark is already there. Earlier this month, Springfield’s leaders organized a tour of Mason Square to showcase what we call school-centered neighborhood development can look like.  
This historic middle-class African American neighborhood has endured decades of disinvestment following redlining. In the past few years, the state has put hundreds of millions of dollars into a new school and new affordable housing developments, but so far there has been no coordinated effort to link these investments to further economic integration. Springfield leaders are now taking a hard look at how they can combine neighborhood planning, housing, and community development efforts with education policies constructed explicitly to create a mixed-income neighborhood and school. 
To successfully pursue this coordinated and comprehensive approach, they need a creative and committed state partner. Efforts to get the state to engage in this way got a boost earlier this month when Geoffrey Canada and his leadership team from the widely acclaimed Harlem Children’s Zone came to Beacon Hill and stood with Sen. Sal DiDomenico, Rep. Antonio Cabral, Rep. Kate Lipper-Garabedian, and a host of others advocating for the ENOUGH Act. Modeled on legislation to reduce concentrated poverty in Maryland, the bill would provide resources to place-based initiatives that empower residents and give them the tools they need to build wealth, while working together to improve their neighborhoods and schools.  
This long-term approach is the only way to heal neighborhoods and reverse the historic legacy of redlining and other discriminatory policies that produced the segregation we grapple with today. Yes, it will require significant public investment, but in the end, this spending will produce much better returns for Massachusetts taxpayers than the hundreds of millions of dollars sent to urban communities year after year through the state education funding formula based on their low-income enrollment. This state aid does little to mitigate the impact of concentrated poverty and its toll on human capital, and it certainly isn’t creating more great neighborhoods with good public schools that provide everyone with more options.  
This last point is key: In past desegregation efforts, battle lines were drawn across communities and the fight was one of “us” versus “them.” We must not let this happen again. Young households are struggling mightily to build a life here because of our high cost of living. An approach focused on making Massachusetts Gateway Cities, with their lower housing costs, great places to raise children for families from all backgrounds could bridge divides. 
This is not to say that the integration of these communities will come by importing young adults who were raised in their suburbs. The primary path to creating mixed-income Gateway Cities is ensuring that those raised in these communities choose to stay when they climb the economic ladder. Without generational wealth to help them get started, these are the middle-class households Massachusetts is most at risk of losing. To be sure, there are plenty of young adults from suburban middle-class households also struggling to afford homes in our state, and many will also be drawn to Gateway City neighborhoods that have everything to offer, but we have tools to plan for growth in a manner that can make room for everyone without displacement.  
If we follow this blueprint and develop complete communities in our dense urban areas, not only will households save on the items that our latest research on the middle class shows are the big budget busters—housing, taxes, and transportation—families will also save time traveling between jobs, shopping, child care, and schools, a commodity that our research suggests has become just as precious to middle-class households as money.  
Savvy political leaders can take advantage of this new litigation to help us all see that school integration is not only a legal — and moral — imperative if we are to meet our constitutional obligation to provide quality education to all, but also a cornerstone in the larger battle for a healthy and growing middle class in our Commonwealth. 
Ben Forman is director of the MassINC Policy Center.",https://i0.wp.com/commonwealthbeacon.org/wp-content/uploads/2017/09/desks-school.jpg?fit=600%2C450&amp;ssl=1,,,2026-05-23 17:59:19.020243
,Iowa Capital Dispatch,2026-05-23 21:30:47+00:00,Iowa Capital Dispatch,"Sen. Zach Wahls, Rep. Josh Turek call for voters support ahead of primary",Robin Opsahl,,,,,https://iowacapitaldispatch.com/2026/05/23/sen-zach-wahls-rep-josh-turek-call-for-voters-support-ahead-of-primary/,"State Sen. Zach Wahls and Rep. Josh Turek both worked to make their case to voters Saturday around the Des Moines area on why their campaign is the best shot at winning back the U.S. Senate seat for Democrats in November. Both candidates made rounds at the Des Moines Farmer’s Market Saturday morning, with more […]","Iowa Rep. Josh Turek, D-Council Bluffs, spoke with Iowans at the Des Moines Farmers Market May 23, 2026 ahead of the 2026 primary election as he runs to become the Democratic nominee for Iowa's U.S. Senate seat in 2026. (Photo by Robin Opsahl/Iowa Capital Dispatch)State Sen. Zach Wahls and Rep. Josh Turek both worked to make their case to voters Saturday around the Des Moines area on why their campaign is the best shot at winning back the U.S. Senate seat for Democrats in November.
Both candidates made rounds at the Des Moines Farmer’s Market Saturday morning, with more events scheduled through Memorial Day weekend. In the final days ahead of the June 2 primary, both candidates answered questions from voters about their priorities as a candidate and why they are in the strongest position to flip Iowa’s U.S. Senate seat currently held by U.S. Sen. Joni Ernst, a Republican.
As Ernst is not seeking reelection, the Democratic nominee will face the winner of the Republican primary between U.S. Rep. Ashley Hinson and former Republican state senator Jim Carlin.
SUBSCRIBE: GET THE MORNING HEADLINES DELIVERED TO YOUR INBOX.
Iowans at the farmer’s market stopped to mingle with candidates, take photos and ask them about issues. Ann Robinson, who ran a stand at the farmer’s market selling paintings, said she does not have a problem with Wahls, but said, “I think Josh has got the character and the honesty to, you know, move forward with what he believes” when faced with Republicans and President Donald Trump.
Republicans have won significant victories in Iowa in recent election cycles. Iowa’s federal delegation is fully Republican. As Wahls and Turek campaign to become the Democratic nominee, the candidates spoke both about why they are the best choice for Democrats — and why they are the best suited candidate to win over independents and Republicans during the general election.
Turek has argued at campaign events and in primary debates that he is the best candidate to win back the seat, as he is the candidate who the “reddest district” won by a Democrat in the 2024 general election in his state legislative seat. In an statement provided to the Iowa Capital Dispatch Saturday, Turek said he has heard regularly from Republicans who are “fed up and ready for a change.”
“A registered Republican came to our Cedar Rapids house party last weekend, took a yard sign, and told me he’s pushing the rest of his family to support me,” Turek said. “This morning at the farmers market, another Republican came up to me, shook my hand, and told me he was voting for me because he’s tired of seeing working folks get crushed. Those are always stand-out moments for me because it reminds me of how I won my very first race. Every day, rain or shine, I knocked on Republican and Independent doors because the math was not going to work any other way. And that’s exactly what we are going to do from now until November.”
Analese Irlmeier, who also said she plans to vote for Turek, said while she supports “a more progressive approach,” she believes Turek’s campaign is more moderate and has a better chance of winning in the general election.
“I think that’s kind of where we’re at as Iowans,” Irlmeier said. “If we’re going to flip Iowa over, (Turek) emulates more of where I see Iowa kind of going, and I really appreciate his slightly more laid-back approach to things.”
Wahls is making his case to Iowa voters as someone who would be willing to stand up to both Republicans and other Democrats — and as someone who could win rural areas. Wahls said while he lives in Coralville, the district he was first elected to includes rural Johnson County, Cedar County and parts of Muscatine County, saying, “I know how to win in these small towns and rural communities, because I’ve done it before.”
Martin O’Malley stumps for Wahls
Wahls’ trip to the farmer’s market was followed by a discussion with former Social Security commissioner Martin O’Malley at Confluence Brewing Company in Des Moines, who spoke in support of his campaign. O’Malley, who came to Iowa often when he ran as a Democratic candidate for president during the 2016 election cycle, said “one of the things that I’ve always loved about your state is that you all make up your own mind.”
Former Social Security commissioner Martin O’Malley, left, speaks May 23, 2026 at Confluence Brewing Company in Des Moines in support of Zach Wahls’ campaign for U.S. Senate. (Photo by Robin Opsahl/Iowa Capital Dispatch)
O’Malley said he was asked by Social Security Works, a national advocacy organization, to come to Iowa to hold events with Wahls ahead of the primary. He said he was happy to support the campaign, saying he believed Wahls was “one of the most articulate and forward-looking candidates with a policy on Social Security.” O’Malley said the issue became his focus “after having led the agency under President Biden, and watched Donald Trump, Elon Musk, and DOGE tear it apart.”
The former Social Security commissioner, who also came to Iowa to speak against cuts to Social Security in 2025, said he supported Wahls’ proposed “Keep the Promise Act,” which he would plan to introduce if elected, The proposal would roll back Trump administration cuts to Social Security in addition to removing a cap on paying Social Security taxes after the first $160,000 in earnings.
“Sadly, a lot of Democrats don’t even talk about it, but this guy does,” O’Malley said in an interview. “And for winning in the fall against likely Ashley Hinson, the contrast on Social Security between Zach Wahls and what he’s articulated and what Ashley Hinson has voted for, which is an almost half-billion-dollar cut to an agency already completed to a 50-year low — that, gets me fired up about the longer-term fix for Social Security, because when he beats her on that issue in the fall, it’s going to send a message all across the country.”
Lane Hensley, a retired Episcopal priest, said he came to the event with Wahls and O’Malley because he had questions for both U.S. Senate candidates following the May 14 debate. He said he was concerned about the “electability” of candidates in the general election, but also said he was concerned about what a Democratic senator could do if elected.
“Aside from voting with the party, what can and should any senator be doing to solve the major problems that we have?” Hensley asked. “I’m concerned that if we just flip the House, flip the Senate, that’s insufficient to go after the deeper systemic problems.”
Wahls said he was the best Democratic candidate to address these deeper issues if elected. He brought up points discussed during debates between him and Turek as key policy differences that primary voters should pay attention to ahead of the primary. He pointed to a vote his opponent took in support of Senate File 2340 in 2024, a law designating illegal immigration a state crime, and which allowed state entities to carry out certain immigration law enforcement actions.
At the Saturday event, he spoke about one of the plaintiffs named in a lawsuit challenging this measure, which is blocked from enforcement,  identified only as Jane Doe, a 68-year-old who lives in Garnavillo. The plaintiff had lived with her husband and children in the U.S. since 2000, according to court documents, but was was detained and issued an order of removal in 2005 when trying to return to the U.S. from Mexico after she went to the country following her mother’s death.
She gained legal permanent resident status in the U.S. as of 2022, after her husband passed away — but argued in the lawsuit that despite having a green card, the state law would allow state law enforcement to seek to deport her because of the previous removal order.

“That is a point of some real distinction between Rep. Turek,” Wahls said. “And I actually expected during the debate that he would acknowledge that that was not a good vote, that he’s learned some stuff. And the fact that he doubled down in trying to make basically the same argument that Brenna Bird has been making in federal court, to me, is unacceptable.”
Turek had argued during the debate that he had voted in support of the law when President Joe Biden was in office, and specified the measure only applies to people who first entered the country illegally and have faced a deportation order. His campaign did not respond directly to a request for comment on Wahls’ statement Saturday.
Wahls said in an interview he rejected this argument, saying lawmakers should not be weighing measures based on who is currently in office.
“Laws exist in perpetuity,” Wahls said. “… When you’re voting on laws, it is not just a question of who is in the White House, who is the governor today, right? You have to be looking to the future as well.”
SUPPORT: YOU MAKE OUR WORK POSSIBLE",https://iowacapitaldispatch.com/wp-content/uploads/2026/05/turek.farmersmarket.1-1024x768.jpg,,,2026-05-23 17:59:19.020243
,Washington State Standard,2026-05-23 20:40:45+00:00,Washington State Standard,WA lawmaker’s attempt to get ethics charges dismissed is rejected,Jerry Cornfield,,,,,https://washingtonstatestandard.com/briefs/wa-lawmakers-attempt-to-get-ethics-charges-dismissed-is-rejected/,"A state ethics board has declined to dismiss an ethics complaint against Washington state Rep. Tarra Simmons, setting the stage for the wide-ranging allegations to be contested in a public hearing next month. Simmons, a Democrat, had filed a motion asking the Legislative Ethics Board to dismiss the complaint. She contended at a hearing Wednesday […]","State Rep. Tarra Simmons, D-Bremerton, sought to have an ethics complaint dismissed this week. The Legislative Ethics Board denied her request and will hold a public hearing on the allegations next month. (Photo courtesy of Legislative Support Services)A state ethics board has declined to dismiss an ethics complaint against Washington state Rep. Tarra Simmons, setting the stage for the wide-ranging allegations to be contested in a public hearing next month.
Simmons, a Democrat, had filed a motion asking the Legislative Ethics Board to dismiss the complaint. She contended at a hearing Wednesday that the conflict of interest charges arising from her interactions with two nonprofits were unsubstantiated.
In a one-line ruling released Saturday, the board denied the motion. 
The board will proceed with a formal trial-like hearing on June 8 and 9. If Simmons is found to have breached ethics rules, she could be fined up to $5,000 per violation and ordered to pay the state’s costs.
Such hearings before the ethics board are rare. The last occurred a decade ago, and involved a House member’s posting of state-produced photos and videos on her campaign Facebook page.
Simmons, of Bremerton, won a House seat in 2020 and has been re-elected twice. She represents the 23rd Legislative District in Kitsap County that includes the communities of Hansville, Kingston, Poulsbo, Bremerton and Bainbridge Island.
The complaint that incited the ethics investigation was filed in February 2025.
On Oct. 15, the board concluded reasonable cause existed that Simmons violated the Ethics Act. Simmons and the board discussed a possible settlement throughout the fall, but the lawmaker declined to sign a proposed stipulated agreement. She said she objected because the agreement contained mistruths.
Allegations stem from Simmons’ interactions with two nonprofit organizations, the American Equity and Justice Group and the Equity in Education Coalition.
She is said to have improperly leveraged her position as a lawmaker and a $10,000 donation of surplus campaign funds to help get a friend a job with the American Equity and Justice Group. 
According to the investigation, the leader of the justice group said Simmons provided the money to hire her friend. Simmons denied putting any conditions on use of the donation.
Another charge arises from Simmons’ role in securing state grant funding in 2024 to support an expansion of a public dashboard of criminal justice data created by the American Equity and Justice Group. 
As part of the grant, a subcontract was issued to the Equity in Education Coalition, where Simmons worked at the time, to compile information on factors affecting education outcomes in disadvantaged communities. Simmons is accused of improperly using her legislative position to influence how the money would be used by her employer.
Doug McKinley, Simmons’ attorney, argued that because the legislator did not benefit directly from any of those actions, there was no violation of conflict of interest and special privilege statutes.
The board, in its past opinions and advice to members, has said, “it is okay to fund your employer. What’s not okay is to do so in a way that benefits you,” McKinley said Wednesday. If the board now finds Simmons guilty of doing that, it’s not fair, he added.
“You’re changing the rules in the middle of the game and you are holding Representative  Simmons accountable in a way that no legislator has ever been held accountable for merely providing funding for your employer,” McKinley said.
Assistant Attorney General Julia Eisentrout countered at the hearing that because of her involvement with the coalition, Simmons “had an interest, financial or otherwise, direct or indirect, that was in conflict with the proper discharge of her duties.”
Eisentrout argued the board should reject the motion to dismiss the complaint and proceed with next month’s hearing because “there are disputed issues of material facts.”
SUBSCRIBE: GET THE MORNING HEADLINES DELIVERED TO YOUR INBOX.",https://washingtonstatestandard.com/wp-content/uploads/2024/01/Floor-speech_5-1-1536x1024-1-1024x683.jpg,,,2026-05-23 16:58:08.142132
,Iowa Capital Dispatch,2026-05-23 20:16:32+00:00,Iowa Capital Dispatch,"Iowa Down Ballot podcast:  GOP governor debate, MAHA in Iowa",Kathie Obradovich,,,,,https://iowacapitaldispatch.com/2026/05/23/iowa-down-ballot-gop-governor-debate-maha-in-iowa/,"Iowa Down Ballot with Dave Price 5-23-26 by Iowa Writers Collaborative Laura Belin of Bleeding Heartland and Kathie Obradovich of Iowa Capital Dispatch are here to recap the Republican gubernatorial debate, for which Dave had a front-row seat. Read on Substack Dave Price shares behind-the-scenes details and we discuss impressions of the KCCI/Gray Media debat[...]","Republican gubernatorial candidates, from left, state Rep. Eddie Andrews, former state Rep. Brad Sherman, businessman Zach Lahn and former Iowa Department of Administrative Services Director Adam Steen faced off for a debate hosted by KCCI, which was broadcast May 19, 2026. (Screenshot via KCCI/Gray Media)
Iowa Down Ballot with Dave Price 5-23-26 by Iowa Writers Collaborative
Laura Belin of Bleeding Heartland and Kathie Obradovich of Iowa Capital Dispatch are here to recap the Republican gubernatorial debate, for which Dave had a front-row seat.
Read on Substack

Dave Price shares behind-the-scenes details and we discuss impressions of the KCCI/Gray Media debate with four of the five GOP candidates for governor. We also delve into U.S. Health and Human Services Secretary Robert F. Kennedy Jr.’s visit to Iowa as Gov. Kim Reynolds signed her “MAHA” legislation. Listen here.



The Iowa Down Ballot Podcast with Dave Price is a production of the Iowa Writers’ Collaborative. Please consider a paid subscription today to help us cover production costs, or moving up to the benefactor level — or sending a gift subscription to a friend — if you’re already a paid subscriber. And please spread the word to friends who might enjoy the podcast. Thanks!",https://iowacapitaldispatch.com/wp-content/uploads/2026/05/Screenshot-2026-05-19-at-6.32.04-PM-1024x468.png,,,2026-05-23 16:58:08.142132
,Wisconsin Examiner,2026-05-23 20:00:55+00:00,Wisconsin Examiner,"When a president settles his own lawsuit to create a fund for allies, fundamental questions arise",Austin Sarat | The Conversation,,,,,https://wisconsinexaminer.com/2026/05/23/when-a-president-settles-his-own-lawsuit-to-create-a-fund-for-allies-fundamental-questions-arise/,"Thomas Hobbes took a very dim view of rebels and insurrectionists. He believed that insurrectionists relinquish their status as citizens the moment they seek to overthrow the government and should never be rewarded for doing so. Hobbes, one of the finest political theorists of his time, said this in his great political treatise, “Leviathan,” published […]","A banner showing President Donald Trump hangs from the U.S. Department of Justice on Feb. 20, 2026. (Photo by Shauneen Miranda/States Newsroom)
Thomas Hobbes took a very dim view of rebels and insurrectionists. He believed that insurrectionists relinquish their status as citizens the moment they seek to overthrow the government and should never be rewarded for doing so.
Hobbes, one of the finest political theorists of his time, said this in his great political treatise, “Leviathan,” published in 1651 during a civil war in England and Scotland.
Hobbes would likely also take a dim view of a major development announced by the Trump administration on May 20, 2026.
The U.S. Department of Justice has established a US$1.776 billion “Anti-Weaponization Fund,” to be used, the AP reports, to “allow people who believe they were targeted for prosecution for political purposes, including by the Biden administration Justice Department, to apply for payouts.”
The fund, Acting Attorney General Todd Blanche said, offers “a lawful process for victims of lawfare and weaponization to be heard and seek redress.”
Critics immediately charged that it might be used to compensate people involved in – some even convicted for – the Jan. 6, 2021, attack on the Capitol. Blanche has not ruled out that possibility.
The establishment of the fund is part of a settlement agreement, in response to which President Donald Trump dropped his $10 billion lawsuit against the Internal Revenue Service for damages stemming from the leak of his tax returns. Those leaks, the lawsuit alleged, “caused Plaintiffs reputational and financial harm, public embarrassment, unfairly tarnished their business reputations, portrayed them in a false light, and negatively affected President Trump.”
A DOJ press release indicates the fund will provide “formal apologies and monetary relief” to those who file claims and will cease processing claims “no later than” Dec. 1, 2028. It will be run by a five-person board appointed by the attorney general, and the president will also have the power to remove board members.
Whether or not Jan. 6 participants benefit, some believe that this situation creates an unavoidable appearance of self-dealing and favoritism. As a student of American law and political morality, I think there are important moral and constitutional issues implicated by the president’s suit against the IRS and the creation of the Anti-Weaponization Fund.
Some of them are straightforward; others are less so.

Acting U.S. Attorney General Todd Blanche testified about the compensation fund during a Senate Committee on May 19, 2026, in Washington, D.C. (Photo by Anna Moneymaker/Getty Images)
A judge in their own cause
An obvious question is: Should taxpayer funds be given to Trump allies, in a settlement reached by the Trump-controlled DOJ as compensation for a Trump family lawsuit?
As far back as ancient Greece, philosophers like Aristotle have worried about what happens when people are called on to make judgments in cases where they are involved. Aristotle thought that the natural instinct for self-preservation meant that they would always favor themselves.
From that concern emerged what was then, and remains, an uncontroversial, bedrock moral principle.
In the Roman world, the Latin phrase “Nemo iudex in causa sua” meant “no one should be a judge in their own cause.” It recognized that anyone having a personal interest should not get to decide matters in which they are involved.
In the Englsh-speaking world, Hobbes himself reiterated that phrase as he explained some of the advantages of living in an organized society, which could supply impartial judges to resolve disputes. And in 1787, James Madison wrote, “No man is allowed to be a judge in his own cause, because his interest would certainly bias his judgment, and, not improbably, corrupt his integrity.”
Commentators reacting to the Justice Department’s decision to establish an Anti-Weaponization Fund to settle the president’s claims against the IRS have drawn on these longstanding principles to criticize it, including how the DOJ, which is part of the executive branch controlled by Trump, negotiated with him to reach this settlement.
The conservative lawyer and activist Ed Whelan said, “There is a glaring conflict of interest with Trump being on both sides of the claim.” Whelan added, “It is outrageous that he and those answering to him would be deciding how the government responds to these extravagant claims.”
In testimony on May 19, 2026, before the Senate Appropriations Committee, Blanche offered a different view. He said the settlement fund was not unprecedented and likened it to a different fund, established by the Obama administration, to settle discrimination claims brought by Native American and Black farmers.
“It’s not limited to Republicans. It’s not limited to Democrats,” Blanche added. “It’s not limited to January 6th defendants. It’s limited only by the term weaponization.” Blanche promised that payments from the fund will be publicly disclosed.
Negotiating with himself
In April, Kathleen Williams, the Florida federal judge who was presiding over Trump’s lawsuit, reframed the moral issue of self-dealing as a legal one. She questioned whether the case could go on, noting “President Trump’s own remarks about this matter acknowledge the unique dynamic of this litigation.”
The remarks she referenced occurred when the president talked about the lawsuit and the prospect of negotiating with himself. “And they do say that, you know, it’s never been a case like this. Donald Trump sues the United States of America. Donald Trump becomes president, and now Donald Trump has to settle the suit.”
Williams, the judge, wrote that “it is unclear to this Court whether the Parties are sufficiently adverse to each other so as to satisfy Article III’s case or controversy requirement.” That requirement means that a court can only rule when there is a real dispute before it.
That rule is designed to prevent so-called collusive lawsuits, in which “the parties are not actually in disagreement but are cooperating” to achieve a result. Judge Williams was scheduled to hear arguments on that question on May 20, 2026. But the settlement announcement was made two days before, and, in light of it, she dismissed the case.
Back to Hobbes
Beyond the case and controversy question, the Justice Department’s actions may implicate constitutional issues.
One is whether, under the constitutional separation of powers, the executive branch has the authority to create a victim compensation fund, or whether that authority rests with Congress.
Another is whether the fund violates the Constitution’s Emoluments Clause, which prohibits the president from receiving any “Emolument from the United States” other than his salary.
While the new fund may not make direct payments to Trump, he may benefit from payments to family members, business associates and others who will claim to have been victimized by the Biden administration, including people prosecuted and convicted of crimes committed on Jan. 6.
Democratic Congressman Jamie Raskin, a former professor of constitutional law, also contends that what the Justice Department has done violates Section 4 of the 14th Amendment, part of which states: “neither the United States nor any State shall assume or pay any debt or obligation incurred in aid of insurrection or rebellion against the United States.”
Referring to the president, Raskin argues hypothetically, “So, to the extent that he wants to give a million dollars to each of 1,600 pardoned rioters and insurrectionists, we think that that’s an unconstitutional use of money.”
That section of the 14th Amendment was designed to ensure that Confederate rebels would not receive compensation for the value of their emancipated slaves. However, in Perry v. United States, a 1935 case, the Supreme Court stated that Section 4’s “language indicates a broader connotation” beyond its Civil War context.
It seems clear that courts will soon be asked to decide whether Raskin and other legal critics are right in their assertions of a host of legal problems with the Anti-Weaponization Fund. How they will do so remains to be seen.
But, in a democracy, deciding whether the creation of the fund violates the moral maxim that no one can be a judge in his or her own cause ultimately will be up to the people.
Austin Sarat is theWilliam Nelson Cromwell Professor of Jurisprudence and Political Science at Amherst College
This article is republished from The Conversation under a Creative Commons license. Read the original article.",https://wisconsinexaminer.com/wp-content/uploads/2026/05/trumpdojbannertwo-1024x768.jpg,,,2026-05-23 16:58:08.142132
,Delaware,2026-05-23 17:50:24+00:00,Delaware LIVE News,Salesianum Boys Volleyball Wins Third Straight DIAA Championship,Ryan Colasanti,,,,,https://delawarelive.com/salesianum-boys-volleyball-wins-third-straight-diaa-championship/,"The Salesianum boys volleyball team defeated Cape Henlopen, 3-2, on May 21 to win their third straight DIAA boys volleyball championship.    SMYRNA — Salesianum senior Andrew Mahoney waited on the left side of the court, his eyes on the action in the middle. Cape Henlopen, trailing by a point in the fifth set, tried to tie the score with ... Read More","The Salesianum boys volleyball team poses with the state championship banner after their win Thursday night. Photo Credit: Ryan Colasanti
The Salesianum boys volleyball team defeated Cape Henlopen, 3-2, on May 21 to win their third straight DIAA boys volleyball championship. 
 
SMYRNA — Salesianum senior Andrew Mahoney waited on the left side of the court, his eyes on the action in the middle. Cape Henlopen, trailing by a point in the fifth set, tried to tie the score with a quick hit toward the middle of the court. Sallies junior Sawyer Valle recognized the quick strike and lunged to his left intercepting the ball before it could reach the ground. 
Valle’s volley went right to senior John Peters. Peters set the ball up perfectly for Mahoney on the left side. The senior outside hitter rose into the air and fired off a powerful shot. The ball found the hands of a pair of Viking defenders at the net, but their block went out of bounds, resulting in a championship winning kill for Salesianum.
“In our huddle we talked about how it was starting at 0-0 all over again and we had to be the first to come out and score and gain momentum,” Mahoney said. “[Cape Henlopen’s] a great team, we knew it was going to be tough and we had a lot of fun tonight.”
Mahoney’s game-winning kill completed the program’s second undefeated season and third straight DIAA championship win since the sport was officially sanctioned by the DIAA in 2023.
“It was very exciting,” Sallies head coach Jeff Gricol said postgame. “These guys worked so hard all year and they deserve every bit of this. They busted their butts in practice every day, they’re very dedicated and I couldn’t be happier for them.”
The fifth set provided nervous moments for everyone in the Smyrna gym. Points were traded back and forth throughout the overtime period and the lead changed hands multiple times.
The Vikings led the early portion of the set and an ace by Cape Henlopen junior Jacob Panyko put the Vikings ahead by two, 10-8, and just five points away from a win. Sallies stormed back to tie the game at 11 and a kill from senior Maximus Gruszka put them ahead by one. 
The Vikings answered by scoring four of the next six points earning a one-point lead over the Sals, 15-14. The teams traded points on the next three possessions, but on the fourth possession Sallies scored its second straight point and took the lead, 17-16. The score set up Mahoney to be the hero with the final kill of his high school career.
“Probably that last point, you know, with my teammates,” Mahoney said after the game about his greatest memory from this season. “It’s the last time we’re getting to wear the Sallies jersey and just enjoying the moment from here on out.” 
The fifth set was a perfect encapsulation of the action throughout the night. Sallies won the first set, 25-20, but the Vikings answered with a second set victory, 25-23. Salesianum won the third set 25-18 and seemed poised to win the fourth, but key scores from senior Lawson Whaley down the stretch helped the Vikings earn a comeback win, 25-22, forcing the fifth set overtime. Whaley finished as the team’s leading scorer with 22 kills. 
Cape Henlopen finished the regular season with an 8-5 record earning the 11th seed in the state tournament. The team earned an upset win over No. 6 Odessa in the first round and then swept No. 14 Appoquinimink in the second round. The Vikings defeated No. 2 Charter School of Wilmington in five sets to earn their first championship bid since they won the inaugural DIAA championship in 2023.  
The Vikings were the only team this season to win multiple sets against the Sals, earning two in the championship game and one during their matchup in the regular season. Sallies only lost five sets all year en route to their second undefeated season in the last three years. 
“Our goal was to come back here,” Griscoll said. “The way we accomplished that was very, very good practices every single day and that was very important.”
“Our coaches push us to the fullest and sometimes we go harder in practice and come out in games and it’s easier for us to come out here and score,” Mahoney said.
Sallies defeated No. 16 Smyrna, No. 8 Caesar Rodney and No. 5 Odyssey Charter to advance to the state championship game. Sallies finished the season 18-0.",https://delawarelive.com/wp-content/uploads/2026/05/Sallies_Chip-124x124.jpg,,,2026-05-23 13:59:03.175063
,New York Focus,2026-05-23 17:45:00+00:00,New York Focus,Trump Administration Fires Two More New York City Immigration Judges as New Hires Take the Bench,Isabelle Taft,,,,,https://nysfocus.com/2026/05/23/trump-fires-two-nyc-immigration-judges-sponzo-dandelet,The Department of Justice has terminated more than 100 immigration judges since last year as it has pressured courts to order more deportations.,"President Donald Trump’s Department of Homeland Security has carried out a recruitment campaign urging legal professionals to apply to become “deportation judges."" / Photo and illustration: New York Focus",,,,2026-05-23 13:59:03.175063
,South Carolina Daily Gazette,2026-05-23 16:38:44+00:00,SC Daily Gazette,Redistricting fight prompts something new for SC legislators: meeting on a Sunday,Seanna Adcox,,,,,https://scdailygazette.com/2026/05/23/redistricting-fight-prompts-something-new-for-sc-legislators-meeting-on-a-sunday/,COLUMBIA — The South Carolina Senate voted to meet on a Sunday — a first in at least four decades — as Republicans continue a push to approve a White House-backed congressional map aimed at flipping the state’s only blue seat. GOP leaders who oppose rushing through the map contend it won’t survive a guaranteed […],"Sen. Darrell Jackson, D-Hopkins, and Sen. Luke Rankin, R- Myrtle Beach, pictured on Tuesday, Jan. 13, 2026. (File photo by Jessica Holdman/SC Daily Gazette)COLUMBIA — The South Carolina Senate voted to meet on a Sunday — a first in at least four decades — as Republicans continue a push to approve a White House-backed congressional map aimed at flipping the state’s only blue seat.
GOP leaders who oppose rushing through the map contend it won’t survive a guaranteed legal challenge even if it does become law.
Sen. Chip Campsen, who helped draw the state’s existing map, asked his fellow senators not to throw away what’s been upheld by the U.S. and state supreme courts for a map that will put 2 million South Carolinians in a new congressional district with no input from South Carolinians.
Senate vote shows a new SC congressional map can’t become law before early voting starts

He read from the opinion last September from South Carolina’s chief justice, warning about “excessive partisan gerrymandering.” 
“Why am I convinced the state Supreme Court will strike this down? It will be the process,” said Campsen, R-Isle of Palms, who is among five Republicans who’ve consistently opposed the push.
“We have signed, sealed, delivered, unassailable congressional districts and we’re about to pass something the most assailable, most egregious because there’s nothing to it. I don’t even know who drew these maps,” he said, noting he spent six months working on the existing map. “We’re going to throw it away, and we’re going to lose.
“This will blow up in our face,” he added.
A 28-15 vote to come back Sunday afternoon was the first vote of Saturday’s session, just three days before early voting opens.
Sen. Darrell Jackson, a pastor, chastised his colleagues, who often cite their Christian faith in debates, for choosing to do something that hasn’t happened in his 33 years in the chamber: Disrespecting the Lord’s Day.
“I need someone to help me understand why such a hyper-partisan situation” is worthy of disrupting worship and family time, said Jackson, noting he’s scheduled to preach three services Sunday. His third service as a visiting pastor coincides with the scheduled 2 p.m. start in the chamber.
He rattled off emergencies that didn’t bring the Senate in on a Sunday, including the Great Recession, historic flooding, and the 2015 massacre of nine people at a Charleston church.
“I hope you guys can live with yourself,” said Jackson, D-Hopkins.
Sen. Richard Cash, who has consistently voted for redistricting, agreed with him.
“We’re not in a state of emergency,” said the Anderson County Republican. “I certainly agree with you Sunday is a day set apart for the worship of God.”
Sen. Deon Tedder, D-North Charleston, noted the special session doesn’t just disrupt senators’ plans, but also keeps legislative staff in chambers over the Memorial Day weekend.
Senators acknowledged it won’t be possible for a new map to become law before voters go to polls Tuesday as early voting starts. Thousands of mailed absentee ballots have already been returned.
The effort to redraw South Carolina’s lines to create seven Republican seats followed a U.S. Supreme Court ruling that threw out Louisiana’s congressional map. Justices struck down a majority-Black congressional district as an unconstitutional racial gerrymander.
Supporters say it’s now necessary to “un-gerrymander” the 6th District, held by Democrat U.S. Rep. Jim Clyburn since voters first elected him in 1992.
But opponents contend the Louisiana ruling doesn’t apply to South Carolina’s map.
The U.S. Supreme Court upheld South Carolina’s voting lines in 2024, ruling the gerrymandering between the 1st and 6th districts was done for partisan, not racial, reasons.
Basically, justices ruled it was OK for the GOP-ruled Legislature to draw lines that gave Republicans the advantage in the coastal 1st District. They did that by moving Democrat-heavy precincts into the 6th District, keeping that seat reliably blue.
Senate Majority Leader Shane Massey has repeatedly warned that the attempt to create an all-Republican congressional delegation will actually make several districts competitive for Democrats.",https://scdailygazette.com/wp-content/uploads/2026/01/IMG_3888-1024x683.jpg,,,2026-05-23 13:00:12.493958
,New Jersey Monitor,2026-05-23 15:50:55+00:00,New Jersey Monitor,FIFA to New Jersey: Drop dead,Terrence T. McDonald,,,,,https://newjerseymonitor.com/2026/05/23/fifa-world-cup-new-jersey/,"New Jersey has sent tens of millions to the host committee organizing the World Cup, which is now giving 1,000 New Yorkers discounted tickets. Unacceptable.","New Jersey has sent tens of millions to the host committee organizing the World Cup, which is now giving 1,000 New Yorkers discounted tickets. Unacceptable. (Photo by Anne-Marie Caruso/New Jersey Monitor)New Jersey taxpayers have been extremely generous when it comes to the World Cup. In exchange, the World Cup organizers have told us to kick rocks.
The latest indignity came Thursday when the nonprofit host committee helping FIFA oversee New Jersey’s World Cup matches joined New York City Mayor Zohran Mamdani to announce that 1,000 tickets to the World Cup matches at MetLife Stadium would be given to New York residents at a cost of just $50, including bus transportation.
That’s a major discount. Tickets for the first match at MetLife in the 300s section are no cheaper than $1,858.78 on Ticketmaster.
Alex Lasry, the committee’s CEO, praised Mamdani for working with FIFA to secure cheap tickets for 1,000 New Yorkers.
“From the beginning, even before he took office, him and I spoke about the need to make sure that this World Cup was affordable and accessible to all New Yorkers. And today, the mayor is delivering on that promise, and we are excited to be a part of this and stand with him uh as he makes sure that all New Yorkers are able to experience the game that we love,” Lasry said.
For those paying attention to World Cup drama, Lasry’s comments were a not-so-subtle dig at Gov. Mikie Sherrill, who took office in January and has been less of a FIFA fangirl than her predecessor, Phil Murphy.
So why are New Yorkers getting discounted tickets to the World Cup while we’re getting stiffed here in New Jersey, where taxpayers have given the host committee a $15 million loan and another $15 million grant in addition to the hundreds of millions we’ve spent preparing and promoting the damn thing?
I wish I had an answer, but the Sherrill administration and the host committee are dodging that specific issue. Sherrill spokesman Steve Sigmund used the opportunity to take a shot at FIFA, saying “FIFA not caring about costs for New Jersey residents isn’t new,” while a statement from host committee spokeswoman Natalie Hamilton, a former Murphy staffer at the Statehouse, is a tap-dance, touting the host committee’s “$3.6 million transit investment to support New Jersey commuters,” among other things.
Very nice of the host committee to lavish so much on New Jersey with money we’ve given it!
New Jerseyans have every right to be angry that FIFA decided its unprecedented gift of discounted World Cup tickets should go to residents across the Hudson River instead of us. I don’t care if Mamdani bent the knee and Sherrill didn’t. New Jersey taxpayers are spending a lot on the World Cup, and we deserve more in return than first billing on one of the World Cup signs at MetLife.
I talked to Assemblyman Mike Inganamort (R-Morris) about this. Inganamort has been on a tear about New Jersey playing second fiddle to New York for the soccer tournament.
“The humiliation continues,” he told me. “First it was the name of the stadium, then it was going to New Jersey taxpayers to pay for the whole darn thing, now it’s subsidized tickets to New Yorkers. It is unacceptable for New Jersey taxpayers to subsidize access for another state’s residents while families in New Jersey are just priced out of attending events in their own backyard.”
SUBSCRIBE: GET THE MORNING HEADLINES DELIVERED TO YOUR INBOX.",https://newjerseymonitor.com/wp-content/uploads/2026/05/042026_StadiumSignage_001-1024x683.jpg,,,2026-05-23 11:58:34.328533
,Louisiana Illuminator,2026-05-23 15:00:50+00:00,Louisiana Illuminator,"Utilities balk at industrial customers generating their own power, selling excess on the grid",Wesley Muller,,,,,https://lailluminator.com/2026/05/23/private-power-grid/,"A proposal to allow industrial facilities to build private power plants and grids that could compete with utilities appears to have stalled in the Louisiana Senate, despite gaining late support from earlier opponents.  Senate Bill 490, sponsored by Sen. Bob Hensgens, R-Abbeville, would allow large-scale power users to build their own private electricity netw[...]","An energy transmission tower carries electricity outside of LaPlace, La., on July 1, 2024. (Photo credit: Wes Muller/Louisiana Illuminator)A proposal to allow industrial facilities to build private power plants and grids that could compete with utilities appears to have stalled in the Louisiana Senate, despite gaining late support from earlier opponents. 
Senate Bill 490, sponsored by Sen. Bob Hensgens, R-Abbeville, would allow large-scale power users to build their own private electricity networks and sell up to 50% of power they generate without being regulated as a utility. 
The bill awaits a Senate floor vote Hensgens has delayed for weeks. Even if it were approved, time is running out in the legislative session for the measure to advance through the House of Representatives. Lawmakers must finish their work and adjourn by June 1.  
Hensgens declined multiple in-person requests for comment on why he hasn’t moved the bill. 
The state’s largest utilities, Entergy and Cleco, oppose the measure.
“SB 490, as written, and amended, would shift power costs from large industrial users onto residential customers, which we believe to be unfair,” Entergy Louisiana spokesman Brandon Scardigli said in an email. “Recent data shows Louisiana already enjoys some of the lowest power rates in the country … making this bill unnecessary.”
State Sen. Bob Hensgens on the floor of the Louisiana Senate on May 14, 2026. (Photo: Wes Muller/LAI)
The Alliance for Affordable Energy originally opposed the proposal, but some late-stage amendments led the consumer advocacy group to change its stance. Groups representing companies most likely to build their own power networks, including the Louisiana Midcontinent Oil & Gas Association and Louisiana Energy Users Group, also support the bill. 
The Alliance for Affordable Energy sees Hensgens’ proposal as a step toward utility deregulation, opening the door to alternative power sources for Louisiana customers with only one choice of electric utility, said Jackson Voss, government affairs and policy coordinator. 
Large industrial facilities in Louisiana with the capacity to generate enough electricity to provide some of it to the broader grid need approval from the Louisiana Public Service Commission to do so. Hensgens’ bill would bypass many of the approval requirements for this additional power supply to be made available.
“The traditional utility approval process can take years and creates uncertainty that risks sending these high-paying [industrial] jobs and billions in capital to other states,” Hensgens told the Senate Commerce Committee at an April 15 hearing on his bill.
The initial version of Hensgens’ legislation primarily benefitted large industrial power users, such as data centers. He amended it Monday to be applicable to any electricity users, which could allow residents or small businesses to also build their own power grids.  
Louisiana’s largest industries tired of waiting for renewable energy

Another amendment provided some Public Service Commission oversight if regulators determine a private grid negatively impacts other ratepayers.
This was not enough to win support from Public Service Commissioner Davante Lewis, D-Baton Rouge. Large industrial users simply want to act like public utilities without the regulation, he said.
Hensgens said his bill would protect ratepayers from cost spikes connected to data centers. He pointed to Entergy’s recent deal to build power plants for Meta’s Hyperion data center in Northeast Louisiana, which includes a 15-year contract to buy electricity from the utility. 
The average natural gas-powered plant has a 30-year lifespan, so Hensgens and critics of the Meta-Entergy deal have questioned whether residential customers could get stuck with any costs from those plants becoming stranded assets if Meta doesn’t renew its contract after 15 years. 
“This is a better way to move faster than Entergy can move, and this is a better way for us to protect the residential payers because this bill says that the microgrid is 100% paid for by the microgrid [users],” Hensgens said. 
The Louisiana Legislature has generally avoided creating laws on utility issues the Public Service Commission regulates, and its Republican majority is typically amenable to proposals that benefit the oil and gas industry. But in debate over Hensgens’ bill, lawmakers seemed intent on keeping the two sectors separate and distinct.   
“This is not self-generation,” Sen. Stewart Cathey Jr., R-Monroe, told oil and gas lobbyists at the April 15 committee hearing. “This is you trying to sell power. I mean that’s ultimately what you’re trying to do … So I think that’s a little misleading to say this is just another aspect of self-generation.”
To Cathey’s point, the proposal would likely hurt the profit margins of utility companies if their large industrial customers could suddenly generate their own power and sell their supply to the public. Industrial customers consume roughly 70% of the energy generated in Louisiana, according to a federal government analysis.
Without their industrial customers, utilities might have to shut down some of their power plants, resulting in the same kinds of stranded assets Hensgens envisions could come from the data center deals.  
Hensgens and Voss both said the latest revisions to the bill prevent that scenario by allowing the Public Service Commission to limit any industrial power supplier that negatively impacts the public grid and threatens a utility’s financial viability.
The Senate Commerce Committee advanced Hensgens’ amended bill without objection, but it has less than a calendar week to cover the rest of its path to gain legislative approval. That path would normally include a hearing in the House Commerce Committee, which is not scheduled to meet again this session.
SUBSCRIBE: GET THE MORNING HEADLINES DELIVERED TO YOUR INBOX.",https://lailluminator.com/wp-content/uploads/2024/07/IMG_5996-1024x711.jpg,,,2026-05-23 11:58:34.328533
,Iowa Capital Dispatch,2026-05-23 13:00:35+00:00,Iowa Capital Dispatch,"Coralville Lake visitor center reopens after 4 years, but no money for exhibits",Erin Jordan,,,,,https://iowacapitaldispatch.com/2026/05/23/coralville-lake-visitor-center-reopens-after-4-years-but-no-money-for-exhibits/,"CORALVILLE – Just in time for the busy summer season, the Coralville Lake Visitor Center reopened May 1 after being closed for nearly four years for repairs and renovation. There are new restrooms, a volunteer kiosk and a few temporary displays, but the $6 million renovation did not include money for permanent or interactive exhibits […]","Meilina Xiong (left) and Olivia Xiong, both of North Liberty, and 7-year-old lab Diesel, walk at the Devonian Fossil Gorge near the Coralville Lake on May 11, 2026. (Photo by Erin Jordan for Iowa Capital Dispatch)CORALVILLE – Just in time for the busy summer season, the Coralville Lake Visitor Center reopened May 1 after being closed for nearly four years for repairs and renovation.
Exterior view of the Coralville Lake Visitor Center May 11, 2026. (Photo by Erin Jordan for Iowa Capital Dispatch)
There are new restrooms, a volunteer kiosk and a few temporary displays, but the $6 million renovation did not include money for permanent or interactive exhibits to highlight the area’s marquee attraction – the Devonian Fossil Gorge.
“Right now, our goal was to get back into the building,” said Doug Vogel, Coralville Lake manager for the U.S. Army Corps of Engineers. “We’ll be switching gears to that long-term planning.”
Coralville Lake sees more than 1 million visitors a year, for camping, fishing, mountain biking, disc golf and fossil viewing.
Slabs of limestone near the lake show exposed fossils of animals and plants that lived in a shallow sea that covered much of the Midwest during the Devonian period more than 380 million years ago. Most of the fossils are tiny – coral, shellfish and stemmed echinoderms – but scientists also found a bony plate from an armored fish the size of a school bus.
The Dunkleosteus fossil is back at the visitor center following the renovation. There also is a stuffed golden eagle, wings outstretched, some geodes in a display case and a few recycled signs from before the renovation.
A fossil of a bony plate of the Dunkleosteus, a prehistoric fish the size of a school bus, sits in a display box at the renovated Coralville Lake Visitor Center May 11, 2026. After the flood of 1993, researchers found the fossil near the lake. The $6 million Visitor Center renovation project did not include money for exhibit development. (Photo by Erin Jordan for Iowa Capital Dispatch)
“Interpretive development was not part of the contract,” Vogel said of the renovation project, which started in 2024. “We are going to have to develop and produce them.”
Exhibit development is costly – one display can cost thousands of dollars – especially for exhibits with interactive components. The visitor center was renovated with generic display space rather than designed with or around interactive exhibits, Vogel said.
“We’ll have to fit the displays around the space,” he said.
Coralville Lake park rangers hope to tap into local resources, such as the University of Iowa or other agencies, for help creating exhibits and educational materials, he said. Vogel would like to have some interactive exhibits available by next summer.
The $6 million renovation of the Coralville Lake Visitor Center did not include money for developing and installing exhibits, so park rangers have repurposed some materials from before the renovation. (Photo by Erin Jordan for Iowa Capital Dispatch)
Lake Red Rock, a Corps-owned site near Pella, is getting a new $11 million visitor center. That project’s scope of work includes exhibit development, which means professional exhibit creators will design the interactive elements and the building will be constructed around the displays.
Dee Goldman, who served as park manager at Coralville Lake 13 years before retiring last June, said the Visitor Center was a hub for school field trips before it closed for renovation.
“In April and May, we would have 100 school kids almost every day or two days out there,” he said.
In June 2022, a heavy rain leaked into the building as the roof was being replaced. The Corps did mold and asbestos remediation before beginning renovations in 2024. The Visitor Center has been closed ot the public since 2022.
Hiring freeze
The Corps initially was among federal agencies targeted with lease terminations and budget cuts after President Donald Trump took office in January 2025. Some of the cuts were reversed, but the agency still is under a hiring freeze, confirmed Allen Marshall, spokesman for the Corps’ Rock Island District, which oversees Coralville Lake, Saylorville Lake and Red Rock Lake in Iowa.
“The hiring freeze is still in effect,” Marshall said in a May 6 email.
This means two vacant ranger positions at Coralville Lake, which has nine ranger positions, can’t be filled unless they can hire from within the Corps, Vogel said.
“It won’t be ideal for the lake we’re taking them from,” he said.
Like the Iowa Department of Natural Resources, which manages Iowa’s state parks, the Corps has contracts with law enforcement agencies near their parks to help with patrols and emergency response calls from the beaches, campgrounds and other spaces.
Park rangers, who are not sworn law enforcement officers and do not carry firearms, have the option to call the Johnson County Sheriff’s Office for specific issues in addition to the deputies’ contracted patrols.
“Our coverage will be the same as in the past,” Vogel said.
Coralville Lake water quality plan
The Coralville Dam was completed in 1958 so the Corps could control the flow of water through the Iowa River during times of flooding.
The lake’s purpose is flood control, but lake users generate an estimated $70 million to $80 million a year for things like boat rentals, camping fees and restaurant tabs at the popular Bobbers Grill.
But the lake is filling in with sand and silt from farms upstream.
That sediment is causing the lake, in places, to be too shallow for motorboats. Warm, shallow water is more susceptible to harmful algae and bacteria that can harm human health.
“I believe there are ways of managing upstream lands that could significantly improve water quality at the lake,” said Ken Leo, who lives near the lake and serves on the Friends of Coralville Lake board of directors.
The Middle Iowa Watershed Management Authority released a water quality plan this spring for the watershed that starts north of Marshalltown and ends at the lake. Among recommendations, the plan calls for reducing sediment loading by 10%, or about 5,701 tons per year, by implementing conservation practices upstream.
The Iowa Department of Natural Resources helped pay for the $221,000 plan, but the local watershed management board now has to raise money to implement it.
“With the Coralville Res, the whole sediment issue is a beast to take on,” said Kasey Hutchinson, environmental regulations coordinator for Johnson County, an authority member county. “Of course, you could dredge the lake, but that’s not a long-term solution. You’re trying to get at the sources of the issues and address those as opposed to a Band-aid approach.”
Hutchinson anticipates using future grant money to help farmers install prairie strips, bioreactors or other edge-of-field practices that reduce fertilizer runoff and keep soil in place.",https://iowacapitaldispatch.com/wp-content/uploads/2026/05/Diesel-and-owners-1-1024x768.jpg,,,2026-05-23 09:57:36.917161
,South Dakota Searchlight,2026-05-23 12:30:42+00:00,South Dakota Searchlight,Board of Regents ‘leaning in’ to AI while planning to regulate its use at South Dakota universities,Makenzie Huber,,,,,https://southdakotasearchlight.com/2026/05/23/board-regents-leaning-artificial-intelligence-regulate-use-south-dakota-universities/,"South Dakota universities are “leaning in” to artificial intelligence, state Board of Regents President Jeff Partridge said at a Wednesday meeting in Custer. The system that oversees the state’s public universities plans to formulate regulations for AI use throughout 2026 and 2027, focusing on how the technology should be governed; how to teach students, fac[...]","South Dakota Board of Regents member Jeff Partridge participates in a meeting in December 2023 at Brookings. (Makenzie Huber/South Dakota Searchlight)South Dakota universities are “leaning in” to artificial intelligence, state Board of Regents President Jeff Partridge said at a Wednesday meeting in Custer.
The system that oversees the state’s public universities plans to formulate regulations for AI use throughout 2026 and 2027, focusing on how the technology should be governed; how to teach students, faculty and staff to use it; and how to implement it into curriculum and research.
Board members said the plan will help prepare students to use AI ethically and effectively once they graduate.
“We want to lead in this area with our students,” Partridge said. “We’re excited for them to be career-ready, AI prepared and technology prepared.”
South Dakota public university tuition rising at least 2.4%, with some steeper hikes

Starting this summer, the Board of Regents plans to implement a “systemwide strategy” to use AI, spokeswoman Shuree Mortenson said in an emailed statement.
The board’s information technology team will work with a committee to select “a systemwide technology solution to be implemented and utilized across the system,” according to the document presented on Wednesday. 
AI is already being used at the campus level within the system, Mortenson added. South Dakota State University launched an AI center this spring. President Barry Dunn said during a town hall last month that different approaches to AI use by universities could create educational disparities in the state.
The systemwide strategy isn’t about “taking over” the work that specific schools have done, Mortenson said, but rather “making it work together better over time.”
“As part of this plan, the system will look at where using shared tools or solutions would be a good idea, especially when there are advantages in terms of how much it costs, how secure it is, or how consistent it is,” Mortenson said.
The system plans to build the underlying infrastructure this summer — such as security, data management and design — and roll out tools to users in the fall. No final decisions have been made, Mortenson said.
The plan also calls for a pilot program this fall using “agentic AI” — technology that can act independently, such as with scheduling and processing forms — to reduce administrative workload.


Let us know what you think...


 

Rules governing AI use across the system — covering data privacy, ethical guardrails and alignment with the university system’s mission — will be recommended to the board by its October meeting.
Each campus will use its existing teaching support center to train faculty on using AI in the classroom and handling students’ AI use in coursework. AI is expected to be integrated into curriculum by fall 2027, based on recommendations from the system’s academic affairs council at the Board’s December meeting.
Board members acknowledged hesitancy among faculty and students. No one spoke against the plan at the meeting, though Partridge acknowledged the use of AI “in some areas” makes board members “uncomfortable” as well.
“You just kind of want to do it right and you want to be very engaged, but at the same time we’re moving forward,” Partridge said.",https://southdakotasearchlight.com/wp-content/uploads/2023/12/591A0906-1024x683.jpg,,,2026-05-23 08:57:58.709448
,South Dakota Searchlight,2026-05-23 12:00:11+00:00,South Dakota Searchlight,South Dakota’s water quality reports grow more polished and less honest,Brad Johnson,,,,,https://southdakotasearchlight.com/2026/05/23/south-dakotas-water-quality-reports-grow-more-polished-and-less-honest/,"South Dakota didn’t stop polluting its water. It stopped talking honestly about what’s polluting it. In 2018, the state’s own water quality report plainly identified the causes fouling South Dakota rivers and lakes: livestock waste, manure runoff, cropland erosion, nutrient loading and failing septic systems. Agriculture was identified as the primary source[...]","A shallow area near the shore of Lake Mitchell on May 4, 2024. (Photo by Seth Tupper/South Dakota Searchlight)South Dakota didn’t stop polluting its water. It stopped talking honestly about what’s polluting it.
In 2018, the state’s own water quality report plainly identified the causes fouling South Dakota rivers and lakes: livestock waste, manure runoff, cropland erosion, nutrient loading and failing septic systems. Agriculture was identified as the primary source of surface water pollution, and the report said so directly.
That wasn’t partisan. It wasn’t controversial. It was the state’s own science.
By 2026, the pollution remains. But plainspoken honesty has steadily disappeared.
Across the 2018, 2022, and 2026 reports, one thing changes: the language. The pollutants remain. The impaired waters remain. What disappears is the state’s willingness to say what’s causing the damage.
Praise for simplicity, concern about brevity greet new format for South Dakota water quality report

The turning point came on Jan. 19, 2021, when the Department of Agriculture absorbed the Department of Environment and Natural Resources under then-Gov. Kristi Noem’s government reorganization.
The merger was sold as efficiency — a “one-stop shop” for producers. Then-Lt. Gov. Larry Rhoden said it would “unleash the next generation of agriculture.”
What it created was an agency responsible both for promoting agriculture and communicating with the public about pollution tied to it. That is not a minor administrative tweak. It is a built-in conflict of interest — one that determines what gets highlighted, what gets buried, and what quietly disappears from public view.
The reports themselves tell the story.
In 2018, DENR’s final report spoke plainly. It described nonpoint source pollution as the state’s “most serious and pervasive water quality problem” and directly connected impaired streams and rivers to livestock waste, manure runoff, cropland erosion, nutrient loading and failing septic systems.
The state treated residents like adults: Here is what’s in the water, here are the sources, here is what we’re doing about it.
By 2022, the tone shifted. Pollutants remained, but discussion of their causes slid deeper into the document. Executive messaging shifted toward Environmental Protection Agency “Vision” priorities, scheduling of total maximum daily loads (known as TMDLs, which are the amounts of pollutants waterbodies can receive and still meet safe standards for designated uses), and bureaucratic process. Agriculture’s role was still present but no longer clear and no longer emphasized.
The report read increasingly like something written to minimize political friction, not inform the public.
This year, much of the plain language is gone.
SUBSCRIBE: GET THE MORNING HEADLINES DELIVERED TO YOUR INBOX.
The report tells us 77% of assessed stream miles and 73% of assessed lake acres fail to meet standards. It lists pollutants such as E. coli and mercury. But the discussion of the sources driving those impairments is now far harder for the public to find — and in many cases, simply not there.
Language once describing nonpoint pollution as the state’s dominant water quality threat is gone. References to livestock waste, cropland erosion, nutrient loading and failing septic systems — long understood as central challenges in South Dakota water quality — have been quietly removed from public emphasis.
The water didn’t get cleaner. The reporting got safer for the people in charge.
Some call this modernization: dashboards, graphics, interactive tools, “user-friendly” design. But when public reporting becomes more polished while growing less candid about cause and responsibility, that is not modernization. It is political risk-management disguised as transparency.
South Dakotans deserve better than percentages stripped of explanation.
Communities living with algae-choked lakes, E. coli advisories, beach closures, and rivers that run brown after every storm do not need curated graphics to tell them something is wrong. Producers investing in better grazing systems, manure management and conservation practices know it, too.
Plain reporting does not attack agriculture. It acknowledges reality and respects the people already trying to improve it.
But truth becomes politically inconvenient when the agency authoring the report is institutionally aligned with the very industry contributing most heavily to the pollution.
That is not modernization. It is a retreat from public trust, and a deliberate narrowing of what the public is encouraged to notice.










... When public reporting becomes more polished while growing less candid about cause and responsibility, that is not modernization. It is political risk-management disguised as transparency.


We see what happens after hard rains and spring floods. We see creeks turn the color of soil and lakes bloom green. The land speaks plainly. The water speaks plainly. Government reporting should, too.
The next governor will inherit a system that has grown more polished and less honest. The next governor should not be allowed to dodge the question: Will South Dakota return to clear, independent reporting about the sources of water pollution, or will the state continue managing the issue through euphemism, omission and politically convenient silence?
This is no longer just about water quality. It is about whether residents are being told the truth about the condition of the state they call home, or whether political considerations shape public communications.
Clean water policy begins with direct public accounting. Without that, accountability disappears long before the pollution does.
Pollution doesn’t vanish when the reporting does, and no amount of political messaging can clean a river or a lake.
South Dakotans can manage the truth about their water. The question is whether their government — and the next administration — will choose transparency over political comfort.",https://southdakotasearchlight.com/wp-content/uploads/2024/05/IMG_1020-1024x683.jpg,,,2026-05-23 08:57:58.709448
,Mississippi Today,2026-05-23 12:00:00+00:00,Mississippi Today,National Memorial Day Concert to feature North Mississippi World War II  POW,Simeon Gates,,,,,https://mississippitoday.org/2026/05/23/memorial-day-concert-pow-world-war-ii/,"Members of the 3d U.S. Infantry Regiment place U.S. flags at each headstone during the Annual Flags-In Ceremony at Arlington National Cemetery in preparation for Memorial Day, Thursday, May 21, 2026, in Arlington, Va.","Audio recording is automated for accessibility. Humans wrote and edited the story.
Olin Pickens, 104, recalled one of the worst moments of his time as a prisoner of war during World War II.
Pickens said his company lost 75 men in what he called a “suicide mission” to establish forward positions to slow down the Germans’ advance in north Africa. Throughout the night, German soldiers fired flares trying to locate American soldiers. 
Pickens crawled through the flares using his uniform as camouflage in the sand until he found a slit trench. He covered himself in a cactus brush and hid there until a local Arabic man found him the next morning. The man motioned for Pickens to stay down and left.
“My heart calmed down,” he said. 
“I thought, ‘Well, he’s going to bring me water and food and tonight I’m going to get up and go again.’”
Instead, the man returned with a squad of German soldiers, their rifles drawn. 
One of them made Pickens stand up. He motioned for Pickens to take his gun and asked in English whether Pickens wanted to  shoot him or the Arabic man. Pickens grabbed the rifle, wanting to kill the man who turned him in, but gave up when the other German soldiers pointed their guns at him. 
Pickens spent the next 26 months as a prisoner of war.
On Sunday, the National Memorial Day Concert in Washington, D.C., will honor Pickens and several other veterans on stage. He shared his story of survival recently with Mississippi Today.
Before the war, Pickens lived with his family in Blue Mountain, a small town in Tippah County in North Mississippi. He volunteered for the Army in 1942. He was assigned to the communications section as a rifleman in the 805th Tank Destroyer Battalion in North Africa. 
His time as German prisoner
Upon his capture, German soldiers forced Pickens and other POWs to walk to Tunis. If they fell out of line or tried to escape, they’d be shot and killed. They would walk for four hours and take 10 minute breaks. 
The walk lasted from Tuesday until Saturday, and in that time the POWs drank water only three times and ate only one cup of sauerkraut soup. During the march Pickens had another traumatic experience.
“One of the boys in front of me just fell flat on his face. I reached down and called his name and tried to pick him up, and I said, ‘Let’s go, they’ll shoot you.’” he recalled. 
“He was out. He was completely out. This German on the right, one of the guards, pointed his gun at us and motioned with it ‘go on.’ And I had to turn him loose, and that bothers me today.”
Olin Pickens, 104, of Blue Mountain in north Mississippi, is being honored Sunday during the National Memorial Day Concert from Washington, D.C. Credit: Courtesy photo
When they reached Tunis, the 16 POWs had to share one loaf of bread and about a pound of corned beef hash. They also gorged themselves on water from a horse trough. They slept in horse stables.
After a few days, their captors transported them to a prison camp in Naples, then they were shipped by train to a prison camp in Nazi Germany. They all went to different places, and Pickens went to Stalag 3B.
By this time, Pickens had been in captivity for 30 days and lost a third of his body weight. He chose to go to a labor camp for the promise of better food and light work, even though he knew it was a lie. The work was near-constant and grueling, and he lived on a starvation diet.
After about a year, Pickens and a fellow prisoner escaped.
“If we die, if we got caught down the line somewhere when we were escaping, it wouldn’t be any worse than dying in that slave camp,” he said.
They made it to Czechoslovakia, but were quickly recaptured. The escapees were interrogated, stripped down to their underwear and put into a smokehouse with metal bars for a few days. At night, they took turns sitting in each other’s laps and draping over each other to stay warm. 
The next morning, a woman who lived nearby brought them food and clothes, and her son brought them water. Some women from the village came by. Pickens said they were very friendly and asked them questions about life in the United States.
“The first question they’d always, always ask, ‘is everybody in the United States gangsters?’” he said. He told them no.
A guard took Pickens and his comrade out of town. After an interrogation, they were placed in solitary confinement. 
“He thought he was putting me in there by myself, but I wasn’t in there by myself,” he said. 
“Jesus went in right ahead of me, and he was with me at all times and still is.”
Pickens said the Devil tried to convince him to lay down and die, but Jesus reminded him that he promised his parents he would come back home. He said the Devil left after that and didn’t return. 
Pickens used an aluminum pitcher to scratch marks on the wall for each day — 21 days total. After he got out, some of his fellow prisoners shared their bread with him until he regained his strength.
His return home
In January, they were forced to move to a different prison camp to outrun the Russian Red Army. Despite this, Russian forces liberated the camp on April 9. Pickens finally left on April 21, 1945. 
He was flown to Camp Lucky Strike in La Harve, France. He and other POWs were covered in lice from sleeping on straw. He had to shower in DDT, an insecticide, and his old uniform was burned and replaced.
Before the Army sent him home, they put him on a 30-day eggnog diet to gain weight. After 30 days, he went from weighing 120 pounds to 150 pounds.
On his journey home, he saw the lit up Statue of Liberty in New York Harbor. He claims the statue spoke a unique message to every person on the ship. 
“‘Welcome home son, well done.’ That’s what it said to me,” he said.
When he made it back to Blue Mountain, neighbors swarmed the bus he was on, praising him and offering him rides home. He chose to walk home with a neighbor. The neighbor had lost a son in the Battle of the Bulge. 
Pickens finally made it home. As he tearfully embraced his family, he glanced over and saw the neighbor crying over his own son.
He told his mother, “As bad as it was, Jesus never let me suffer more than I could stand.” 
“And as bad as it was, we would do it again for our freedom.”
Pickens was told he didn’t have enough points to be discharged. Instead, the Army sent him to Miami Beach for “R&R” and then to Fort Lewis, Washington. He and the 65 other former POWs sent there refused to work and wrote to a U.S. senator for help. The Army finally discharged them after the senator reached out.
After his service, Pickens took advantage of the GI Bill. He owned a service station, worked in a factory and drove a freight car. He also got help from a psychiatrist for post-traumatic stress disorder.
After retiring, he enjoyed hobbies such as traveling with his wife, who passed away in 2005. He has two sons, a grandson and a great grandson. 
Pickens began sharing his story with audiences in the 1980s. He said he’s told his story about 116 times across the South, and leaves a DVD with his story at each place he speaks. 
He is part of an interactive oral history exhibit at the National World War II Museum called Voices from the Front.
“Whatever situation you’re in, accept it if you can’t fix it,” he said. It’s advice he says has helped him throughout his life since returning home.",https://cdn.mississippitoday.org/wp-content/uploads/2026/05/21152248/AP26141540321127.jpg,,,2026-05-23 08:57:58.709448
,Mississippi Today,2026-05-23 11:37:45+00:00,Mississippi Today,Embattled DNC Chair Ken Martin tells Mississippi Democrats ‘better days are ahead’,Michael Goldberg,,,,,https://mississippitoday.org/2026/05/23/ken-martin-mississippi-democrats-dnc/,"DNC Chairman Ken Martin speaks at the Two Mississippi Museums in Jackson, Miss. on Friday, May 22, 2026.","Democratic National Committee Chairman Ken Martin said Republicans are trying to turn back the clock on voting rights in Mississippi and vowed that the national party won’t write off the red state as he headlined a fundraiser in Jackson on Friday.
Martin’s appearance in Jackson comes one day after he released the DNC’s 2024 election autopsy, a move that came after months of pressure. Martin has faced intense backlash for his handling of the autopsy, with some Democratic members of Congress calling for his resignation.
There was no mention of the autopsy in Martin’s remarks, as he instead drew attention to the U.S. Supreme Court’s recent ruling gutting the Voting Rights Act and efforts by Republicans across the South to redraw electoral districts to weaken Black voting strength.
“We’re in a moment right now in this country, thanks to the Callais decision brought forward by Republicans, brought forward by the conservative movement which has been fighting tooth and nail ever since President Johnson signed the Voting Rights Act into law to dismantle civil rights, to dismantle voting rights, to take us back to the Jim Crow era,” Martin said. “When you elect bad people into office, here we are in this moment right now.” 
Martin was in Jackson for the Hamer-Winter Dinner, an annual gathering honoring the legacy of former Democratic governor William Winter and Civil Rights leader Fannie Lou Hamer. The event brings together Democratic activists, elected officials, donors and community leaders from across the state, party leaders said.
Martin was joined by DNC Vice Chair Malcolm Kenyatta, a former Pennsylvania state lawmaker, who said national party leaders would not ignore Mississippi despite the Republican dominance of the state’s government.
“There are a lot of people, particularly in the Beltway, who don’t understand why the chair and vice chair of the Democratic Party are in Mississippi,” Kenyatta said. “We’re going to continue to be a party that doesn’t just talk about the South, but shows up in the South.”
The event was hosted by social media personality Brett “Papa Mississippi” Kenyon and Comedian Rita Brent, who in January interviewed Kamala Harris at the Jackson stop of the former vice president’s book tour. State party leaders said the appearance of the national Democratic leaders underscores a message that no state is written off, even bright-red Mississippi, as Democrats aim to find new pockets of support ahead of the federal midterm elections this fall.
“People didn’t believe that Mississippi needed investment,” said state Rep. Cheikh Taylor, chairman of the Mississippi Democratic Party. “But Chairman Ken Martin did, and he sent out marching orders to the rest of the DNC to invest in Mississippi.”
The Callais ruling places Mississippi and other Southern states at the center of a national partisan and racial  battle over redistricting, a fight that will unfold as the DNC aims to help Democrats reclaim majorities in Congress in November’s midterm election.
On Wednesday, thousands of people gathered in Jackson to protest those efforts and mobilize people to vote in November.
Democrats hold only one of six seats in the state’s congressional delegation. Republicans have left little doubt that they intend at some point in the coming years to redraw Mississippi’s congressional district maps to oust Rep. Bennie Thompson, the state’s lone Democrat and lone Black member of Congress.
Thompson was in attendance on Friday night, seated at Martin’s table. 
Thompson, 78, reflected on his long tenure and referenced a famous line in “The Godfather,” as he promised to make Democrats “an offer they can’t refuse” to beat Republicans this November.
“It’s been a long journey, and I’ve seen a lot,” Thompson said. “At some point, you make folks mad. This state didn’t get on the bottom by itself. We had leaders who just did not give a tinker’s damn about the majority of the people in this state. So we have to do better. I’m in it to win it. I don’t care what it is. I was called a terrorist two weeks ago, and now I’m a godfather.”
In a radio interview last week, Mississippi Republican Gov. Tate Reeves said Thompson’s “reign of terror” was coming to an end. 
Other Democratic power players in the room included Patrick Gaspard, who served as U.S. Ambassador to South Africa during the Obama administration, Jackson Mayor John Horhn and state legislative Democratic Leaders Rep. Robert Johnson and Sen. Derrick Simmons.
Horhn said he met with Martin earlier that day, and they discussed the need to increase voter turnout in Mississippi and craft a message that went beyond bashing Republicans. State Rep. Justis Gibbs of Jackson, who introduced some of the party’s congressional nominees, said running campaigns that inspire younger voters was key to Democrats’ future.
Scott Colom, the party’s nominee for this year’s U.S. Senate race, delivered remarks, as did three of the party’s nominees for U.S. House: Cliff Johnson, Michael Chiaradio and Jeffrey Hulum. They criticized President Trump’s agenda and said its unpopularity would make it easier for them to win.
In his remarks, Martin said the national Democratic Party needed to do a better job of delivering on its campaign promises and showing up in places such as Mississippi more than every two years during federal elections.
“I want to tell you right now that the reason I’m here, I love this Democratic Party, but the reason I ran for this position was not to keep doing the same thing over and over again and expecting a different result, but to make sure that we actually stand up, use the power we have when we have it, to do the things we say we’re going to do to make a difference in people’s lives,” Martin said. 
As Martin mingled with Mississippi Democratic officials on Friday evening at the Two Mississippi Museums, the backlash to his handling of the autopsy was still a major topic online.
Martin commissioned the autopsy report after he was elected DNC chair in early 2025 following President Donald Trump’s return to the White House. But after he received the report, Martin refused for months to release it to the public, citing his desire to avoid “dwelling on 2024.”
When Martin finally released the unredacted report on Thursday, it contained a bright red disclaimer at the top stating that the DNC was not “provided with the underlying sourcing, interviews, or supporting data for many of the assertions contained” in the document. It also contained annotations showing the autopsy was riddled with factual errors — notes such as “Public reporting and data contradict several claims” were scattered throughout the document.
In a Substack post accompanying the release of the autopsy, he said the report didn’t meet his standards and apologized for his handling of the matter.
“In short, I didn’t want to create a distraction,” Martin wrote. “Ironically, in doing so, I ended up creating an even bigger distraction. And for that, I sincerely apologize.”
Martin, who led Minnesota’s Democratic–Farmer–Labor Party before winning the DNC Chairmanship after Trump’s re-election in 2024, has promised to strengthen Democratic infrastructure across the country as the party contends with internal struggles over fundraising and messaging.
In a statement before the dinner, Mississippi Republican Party Chairman Mike Hurst said the event shows Mississippi Democrats are out of touch with most voters in the state. 
“It’s a sad time for Mississippi Democrats, as they have become so desperate that they are now importing national liberal leaders into our state, despite their failed policies and scandals which are driving voters away from their party across the country,”  Hurst said. “Before Chairman Ken Martin and Vice Chairman Malcolm Kenyatta come asking for money from Mississippians, they need to answer for the extreme agenda they advocate for and represent.”
Martin said the Republican Party’s agenda was bad for Mississippi and that he plans to build a party that improves people’s lives even in places Democrats don’t control.
“We’re going to give people in this state and around the nation hope that their better days are ahead of them,” Martin said.",https://cdn.mississippitoday.org/wp-content/uploads/2026/05/22203204/IMG_0104.jpg,,,2026-05-23 07:56:49.855945
,VTDigger,2026-05-23 11:17:00+00:00,VTDigger,"Vermont, 24 other states sue Trump’s Education Department over loan caps",NOTUS,,,,,https://vtdigger.org/2026/05/23/vermont-24-other-states-sue-trumps-education-department-over-loan-caps/,"
The suit claims that the department’s exclusion of certain degree programs, like nursing, will burden the healthcare system. 
Read the story on VTDigger here:  Vermont, 24 other states sue Trump’s Education Department over loan caps.","The complaint argues that the Education Department, led by Education Secretary Linda McMahon, is not acknowledging or including all programs and professional degrees. AP Photo/Manuel Balce Ceneta
This story by Adora Brown was first published by NOTUS on May 19, 2026.
Dozens of states, including Vermont, sued the Education Department on Tuesday over the agency’s finalized loan caps that would limit the federal funds available to professional degree-seekers.
The limits officially go into effect July 1. For borrowers going to medical school, law school, dentistry school, pharmacy school or other programs that the Education Department categorizes as “professional,” students would face a $200,000 aggregate limit for their time in that program and a lifetime limit of $257,000 for any federal student loan.
The complaint from 25 states and the District of Columbia argues that the Education Department is not acknowledging or including all programs and professional degrees. The lawsuit cites several degrees, including nursing, speech language pathology, physician assistant and physical therapy as programs the agency is overlooking.
The Washington Post reported on Tuesday that these gaps in particular could weaken the healthcare industry even further. By excluding certain degrees from the “professional” category, those students would face a tighter $100,000 limit intended for graduate students. Someone pursuing an advanced practice nursing degree, for example, would be limited to $20,500 annually.
A bipartisan pair of senators, Jeff Merkley of Oregon and Mississippi’s Roger Wicker, introduced a bill Tuesday to overturn the Education Department’s removal of nursing from the list of professional degrees.
“This legislation would make nursing a more achievable profession by expanding the loan limits for nursing students. Classifying post-baccalaureate nursing degrees as professional degrees would give these students more financial freedom after graduation,” Wicker said in a press release.
A study by Philadelphia’s Federal Reserve Bank found that 28% of students in graduate or professional programs borrow more than the limits the agency is implementing.
The lawsuit called the agency’s distinction of professional degrees “arbitrary and capricious.” The states also questioned the blanket loan cap for all degrees in just two categories, rather than creating caps based on the price of the program.
But the Education Department previously said its goal with capping loans was to cut the price of these degree programs by forcing the hand of institutions. What remains unclear is whether institutions will large-scale lower costs as a response, or if the loan limits will create a greater burden for borrowers who may need to lean into the private loan system instead.
“For years, Democrats parroted illegal student loan forgiveness to ‘end the debt crisis’ and buy votes, and now the same people are fighting against the Trump Administration’s legal efforts to drive down the cost of college,” Nicholas Kent, the undersecretary of education, told NOTUS in a statement. “After decades of unchecked student loan borrowing that gave schools no reason to control costs, these commonsense loan caps — created by Congress — are already incentivizing colleges and universities to lower tuition.”
A spokesperson for the Education Department also cited a few examples of institutions lowering costs after the loan caps were made public. The University of California at Irvine cut its tuition by 20% and the University of Santa Clara Law School created a $16,000 scholarship designed to “cover the cost of tuition for Santa Clara Law within new federal loan limits.”
The loan limits are part of the “Working Families Tax Cuts” that President Donald Trump signed into law in July 2025. It’s been a long-stated goal of the administration to cut the bureaucracy within the Education Department, and Education Secretary Linda McMahon has furthered that agenda by reassigning programs and grants to other agencies instead of dissolving the department, which would require congressional approval.
The agency remained steadfastly behind the policy in its response to the lawsuit.
“Clearly, these Democratic governors and attorneys general are more concerned about institutions’ bottom-line rather than American students and families’ ability to access affordable postsecondary education,” Kent said.
The lawsuit primarily includes states with Democratic leadership, but Vermont, Nevada, Kentucky and Pennsylvania have a Republican governor or attorney general.
Read the story on VTDigger here:  Vermont, 24 other states sue Trump’s Education Department over loan caps.",https://vtdigger.org/wp-content/uploads/2026/05/AP25196583596083-1024x683.jpg,,,2026-05-23 07:56:49.855945
,Utah News Dispatch,2026-05-23 11:02:11+00:00,Utah News Dispatch,Utah boaters and paddleboarders have homework to finish before they go out to play,Annie Knox,,,,,https://utahnewsdispatch.com/briefs/utah-boaters-and-paddleboarders-quagga-mussels-requirement/,"Before they head out for a day on Utah reservoirs this summer, there’s an assignment to finish for boaters, paddle boarders and kayakers.","Boats leaving Lake Powell are required to undergo an exit inspection and a separate decontamination or cleaning process this summer after quagga mussels were detected. (Utah Division of Wildlife Resources)Before they head out for a day on Utah reservoirs this summer, boaters, paddleboarders and kayakers alike have an assignment to complete. 
The Utah Department of Natural Resources is reminding anyone planning to launch watercraft in the state this summer that they must first take a free course on how to stop the spread of invasive species like quagga mussels, sometimes referred to as the “STD of the sea.” Then they need to keep the certificate with them as proof when they head to the lake. 
The requirement came about under a 2023 state law. Previously, only boaters from outside the state had to take the class. 
Those with motorized boats also have to pay an additional fee under the aquatic invasive species program, at a cost of $20 for Utah residents and $25 for visitors from out of state. The money helps the state pay for new tanks used to decontaminate boats and staff hours to do inspections in places without tanks, according to the department. 
The quagga mussel, first discovered in the United States in 1989, is an invasive species that alters the food web by filtering water and removing plankton, according to the U.S. Geological Survey. (Amy Benson/U.S. Geological Survey)
There are still more factors to consider while making summer plans. Lake Powell on the Arizona border is forecast to hit historic lows this summer after decades of drought and rerouting of the river’s water — mostly for agriculture but also for cities and other uses. 
As a result, owners of Bullfrog Marina are moving it to deeper water across the lake. They expect the relocation to happen by mid-June and plan to shuttle customers to the new location in a small boat. By car, the site is more than a two-hour drive away. 
Additionally, Lake Powell is already confirmed to have quagga mussels, so all boats, kayaks, canoes and paddleboards are required to undergo an exit inspection and a separate decontamination or cleaning process.
Invasive Eurasian watermilfoil is pictured in this undated photo. (Utah Division of Wildlife Resources)
The mussels are more than just an eyesore. They can clog water delivery pipes at reservoirs, harm fish by reducing plankton in the water and cause engine damage to boats by getting into the engine cooling system. But they’re not the only invasive species to worry about.
A nonnative plant, Eurasian watermilfoil, spreads easily and can entangle boat propellers and crowd out other plants, wreaking havoc on the ecosystem. It has cropped up this year in more than a dozen bodies of water, including Bear Lake, Panguitch Lake and Strawberry Reservoir. 
Boaters heading to northern Utah’s Pineview Reservoir should also take note of changes there due to construction. Road and ramp projects are canceling boat decontaminations there this summer and closing off access to its Port Ramp Marina and Windsurfer Beach. 
For more information about quagga mussels, visit stdofthesea.utah.gov or call the Division of Wildlife Resources at (801) 538-4700. 
SUPPORT: YOU MAKE OUR WORK POSSIBLE",https://utahnewsdispatch.com/wp-content/uploads/2026/05/Copy-of-19__2592-1024x683.jpg,,,2026-05-23 07:56:49.855945
,Maryland Matters,2026-05-23 10:00:13+00:00,Maryland Matters,"In Allegany County, flood recovery pushes forward a year later",Bryan P. Sears,,,,,https://marylandmatters.org/2026/05/23/in-allegany-county-flood-recovery-pushes-forward-a-year-later/,"A year after historic flooding damaged hundreds of buildings and businesses in Western Maryland, the slow, steady recovery effort can be seen in the temporary Westernport Library and heard in the laughter of children in the halls of Westernport Elementary.","Gov. Wes Moore speaks to children inside the gym/auditorium that serves as the cafeteria at Westernport Elementary School while work continues on a renovated space that was damaged in 2025 flood. (Photo Bryan P. Sears/Maryland Matters)Historic flooding undercut the foundation of Westernport’s town library a year ago and buried its books in mud. Two blocks away, the town’s recovery is pressing ahead.
A building that was once home to a beloved local medical clinic is the temporary home of the Westernport branch of the Allegany County library, offering a few thousand books and a seed bank to local residents.
Library staff turned the entrance and waiting area of the former clinic into a reading room. On either side, four rooms that were once examination rooms are now nooks filled with books including two comfortable rooms for children.
Shelving — institutional metal and some heavy-duty oak — were reclaimed from the nearby Luke Paper Mill as it closed.
Gov. Wes Moore speaks to Allegany Library System Director Lisa McKenney at the temporary branch in Westernport. (Photo Bryan P. Sears/Maryland Matters)
“We’re repurposing a building that has a lot of sentimental value for the community,” said Lisa McKenney, director of the Allegany County Library System.
While the old library held more than 10,000 books, there are about 3,000 titles in the temporary space. Staff regularly rotate the library’s offerings.
Despite the challenges, the library is open three days a week and even draws users from Keyser, West Virginia, less than 10 miles away.
McKenney and her team are thinking about the future.
“We have a dream of a new library outside the floodplain,” she said. “One that would be sustainable for future generations.”
Recovery presses ahead here, a year after a slow-moving storm dumped 3.5 – 5.5 inches of rain in areas of western Allegany County on May 13, 2025.
“The beautiful thing is that there was a Plan A. There was no Plan B, and I like that,” said Gov. Wes Moore (D), who toured the area Friday. “What it means is Plan A is going to happen.”
A year ago, Georges Creek reached major flood stage. The surge — more than 14 feet of water — exceeded a September 1996 flood.
There were no reported injuries or fatalities in last year’s flooding, but it damaged businesses and as many as 300 homes. Roads, bridges, utilities and government buildings between Frostburg, Midland, Lonaconing and Westernport were also damaged.
Gov. Wes Moore tours Westernport Elementary’s cafeteria and kitchen area, still under construction. Children currently eat in a makeshift cafeteria in the second-floor gym and auditorium. (Photo Bryan P. Sears/Maryland Matters)
Moore, who toured the area immediately after the flooding, has returned several times since.
On Friday, Moore started his latest tour in Frostburg and worked south to Westernport, marking the anniversary of the flood and the recovery of communities tied to the state’s small coal mining industry.
The area is slated to receive $12 million in state aid — a fraction of the $33.7 million in damages caused by the flood. The Federal Emergency Management Agency has repeatedly rejected Moore administration requests for federal aid, leaving state and local officials on their own.
Included in the state aid is $5.5 million for utility and infrastructure repair and replacement. Another $1 million is earmarked for a new library.
“There were about 10,000 books that are just ruined,” Moore said of his visit to the library last May. “Honestly … if you did not tell me that was a library, I would not have known that. You walk through it now, it is a library.”
Rep. April McClain Delaney (D-6th), who joined Moore on Friday’s tour, said she is working to add another $1 million in federal grant money to the library project. In the meantime, she said, she’s been rounding up books from the Library of Congress to help replace what was lost.
McClain Delaney also donated a copy of “Goodnight Moon.” She said she was moved to make the donation — and a similar one to Westernport Elementary — after finding a copy of the children’s book in the post-flood mud and muck.
Rep. April McClain Delaney (D-6th) speaks at a Westernport event marking the anniversary of a flood that damaged towns in Western Maryland. (Photo Bryan P. Sears/Maryland Matters)
“I read that story to my own daughters … and to me it was kind of the foundation of parenting, but also of love and security,” she told a gathering at the volunteer fire station. “So, the road back is not easy, and it’s been difficult days, but we saw the best in you all.”
The flood pushed tons of mud into Westernport’s Main Street, swamping businesses and destabilizing the town’s public library.
“It washed away the substrata,” said Renee Mason, a library spokesperson. “We have no idea how bad it is so we’re not sure we would want to rebuild there.”
The town showed up in the aftermath with shovels to dig out Main Street. While the mud is gone, some scars remain.
The library, which sits across the street from the Potomac Volunteer Fire Co., remains boarded up. The search and rescue X’s marked on the building remain visible to passersby.
Not far from the library, the town’s elementary school that serves about 200 children, is also getting back to normal.
The flash flood cut off Westernport Elementary. Rescue crews from Maryland and West Virginia evacuated students and staff by boat.
“It took boats to save them,” said Moore, who walked the halls Friday of a rebuilding school, high-fiving students along the way.
Moore remarked at the effort it took to restore a school to a place where he could walk the halls and “hear the sounds of children laughing.”
SUPPORT: YOU MAKE OUR WORK POSSIBLE
When children returned to classes at Westernport Elementary last fall, after finishing out the previous school year in Frostburg State University space, the first floor was still so damaged that all classes were moved to the second floor.
The cafeteria was a complete loss. A nearby school prepares meals and brings them to Westernport Elementary, where students eat in a makeshift lunch room set up in the gym. Behind the curtains on the stage are temporary offices.
Westernport Mayor Judy Hamilton said it was important to get the children back into the building after last year’s relocation to Frostburg State.
“We wanted to get the kids back into as much normalcy as we could,” Hamilton said. “Shipping them up the creek to another school wasn’t going to do that. So the school board and the school worked so hard to make sure that, come September, these kids were back in their home school.”
Westernport Mayor Judy Hamilton. (Photo Bryan P. Sears/Maryland Matters)
The school, which is more than 100 years old, sits along the North Branch Potomac River.
It opened its doors in 1924 as Bruce High School. Thirty-four years later those students moved to a new high school and the building was reborn as Westernport Elementary.
It has flooded twice since then, once in 1996 and again in May 2025, a flood that some worried would finally close the school.
Hamilton, who is finishing her career in public office this year, credited Moore and McClain Delaney with helping return a sense of normalcy to the lives of the schoolchildren.
“I think the kids were successful because of the help we got from these guys,” Hamilton said. “The federal government left us hanging. That’s the bottom line.”",https://marylandmatters.org/wp-content/uploads/2026/05/DSC_6409-1024x681.jpeg,,,2026-05-23 06:57:20.690999
,Louisiana Illuminator,2026-05-23 10:00:03+00:00,Louisiana Illuminator,Louisiana’s tough-on-crime policies stand to cost taxpayers millions more for years to come,"Richard A. Webster, Verite, Charles Maldonado, Verite",,,,,https://lailluminator.com/2026/05/23/louisiana-criminal-justice/,"This article was produced for ProPublica’s Local Reporting Network in partnership with Verite News. Sign up for Dispatches to get stories like this one as soon as they are published. The day after a shooting last month killed a teenager and injured five people at the Mall of Louisiana, Gov. Jeff Landry blasted what he […]","New Orleans jail inmates line up during a mock evacuation drill June 15, 2023. (Nigell Moses/Verite)This article was produced for ProPublica’s Local Reporting Network in partnership with Verite News. Sign up for Dispatches to get stories like this one as soon as they are published.
The day after a shooting last month killed a teenager and injured five people at the Mall of Louisiana, Gov. Jeff Landry blasted what he referred to as “hug-a-thug” policies — reforms put in place prior to his tenure when the state was trying to shed its reputation as the nation’s incarceration capital. He also demanded harsher penalties for violent minors.
“I’m done with them. It doesn’t matter how old they are,” Landry, a Republican, said during a news conference in Baton Rouge. “We’ve got 18,000 acres at Angola — if it was up to me, I would send them all there for the rest of their lives.”’
Landry’s push for harsher punishments that would keep people in prison longer came as little surprise. Soon after his 2024 inauguration, he won a package of tough-on-crime bills that drastically changed the state’s sentencing laws. A Landry spokesperson at the time brushed off concerns from civil rights groups and incarceration experts that it would swell the prison population and plunge the state into financial disaster, insisting that “less crime means greater economic opportunity for everyone.”
Two years later, the governor wants to add hundreds more beds in Louisiana’s largest prison and spend more on medical costs as prisoners stay longer behind bars. His proposed $798 million corrections budget, which the Republican-controlled legislature is expected to pass by June 1, represents a 9% increase from the inflation-adjusted total spent in fiscal year 2024, the last budget passed before his tenure. The increased budget is the first indication that the rising inmate population resulting from Landry’s policies is costing Louisiana taxpayers.
ProPublica and Verite News have spent more than two years investigating how Landry’s policies have impacted Louisiana’s criminal justice system. The number of prisoners paroled under Landry has plummeted to its lowest point in 20 years, due in part to a law he signed that cedes much of the power of the parole board to a computerized algorithm. And the prison population as a whole is expected to become older and sicker since Landry and the legislature eliminated medical parole.
Landry also ushered in a law that lowered the age at which the justice system must treat defendants as adults from 18 to 17 years old to combat what he characterized as an epidemic of violent crime committed by minors. But an investigation by ProPublica and Verite News found that 69% of 17-year-olds in three of the state’s largest parishes were arrested for offenses that Louisiana law does not consider violent crimes.
Many experts say the full impact of these changes won’t be felt for at least another decade. The Crime and Justice Institute, a Boston-based nonpartisan public-safety research organization, predicts that by 2034, Landry’s rollback of inmates’ ability to shave time off their sentences through good behavior will double the size of the state’s prison population, double the number of nonviolent offenders being held and cost an estimated $2 billion for new prisons to accommodate the population.
Here is how Landry’s policies have already begun to impact Louisiana’s prisons and budget.
Prison population change
In the two years after Landry took office, the number of state prisoners has increased by about 8%, and Landry’s budget indicates that number will continue to rise. The governor is asking for an additional 688 beds at the state’s largest prison, the Louisiana State Penitentiary at Angola, which will require the hiring of 150 correctional officers.
A corrections department spokesperson said the increased capacity is necessary because under the previous administration, “beds were significantly decreased, correctional officer positions were cut, facilities closed, and funding [was] eliminated.”
In 2017, a bipartisan coalition of Louisiana legislators had passed an ambitious package of bills designed to reduce the number of nonviolent offenders behind bars — and with it the state’s nation-leading prison population.
By 2021, the number of nonviolent offenders in state prisons and jails dropped by 55% and the overall prison population by 26%, according to the U.S. Department of Justice.

But in early 2024, Landry signed a series of bills that repealed most of those reforms. The governor and his allies in the legislature eliminated parole for anyone convicted of a crime committed after Aug. 1, 2024, and required prisoners to serve at least 85% of their sentences before they can reduce their time through good behavior. The elimination of parole also got rid of medical parole and put additional restrictions on medical furlough — both of which had been offered to severely ill or injured inmates.
The rising number of prisoners has applied additional pressure on overcrowded local jails, where more than half of Louisiana’s inmates are held instead of state-run prisons. Landry is asking the legislature for an additional $17 million to increase the rate paid to local sheriffs to house state inmates by $3 per day, from $26 to $29.

Some lawmakers and prison reform advocates say there are indications that the Department of Corrections is seeing the need for a shift in strategy.
State Rep. Mandie Landry (no relation), a Democrat from New Orleans, said corrections department officials asked her to sponsor a bill that allows prisoners who earn an associate’s degree to shave 90 days off their sentences. And while that might not seem like much, she said, it’s a move in the right direction. “I think they’re realizing that what the legislature did a few years ago is going to explode into a nightmare in prison,” she said.
The legislature passed the bipartisan bill in April.
A corrections department spokesperson declined to respond to questions concerning the impact of Landry’s policies on the prison population and corrections budget, how those policies are impacting inmate medical care and if the department is seeking to gradually reverse any of Landry’s policies. Landry’s spokesperson did not respond to requests for comment.
Rising corrections budget
Landry is asking for an additional $82 million for next year’s corrections budget — 11% more than currently allotted. Over the past decade, the amount of state tax dollars spent on correctional services has fluctuated, especially during the coronavirus pandemic, when federal aid temporarily supplemented the corrections budget. But Landry’s policies will ensure the need for additional funds, said James Austin, a national corrections policy expert.

While overall state spending during Gov. Landry’s tenure is projected to drop by 2% when adjusted for inflation, corrections spending will increase by 9% if the governor’s proposed budget passes.
“There’s no indication that the need for more beds and more staff is going to flatten out. And I don’t think this governor will talk about increasing taxes,” Austin said. “All that’s left is to cut programs in other areas.”
A new report by the Center on Budget and Policy Priorities in Washington, D.C., determined that the proposed increase in corrections spending would come at the expense of education. Gov. Landry has proposed cutting $165 million in education funding, including $40 million for state colleges and universities and $125 million for K-12 education, including teacher pay. (The governor backed a measure that would have paid for teacher raises by liquidating three education trust funds, but voters rejected the proposal in the May 16 election.)
“They have made the decision to boost the funding for prisons while deprioritizing the investments in teachers,” said Michael Mitchell, author of the report.
The state is forced to make cuts because Landry and the Republican-controlled legislature pushed through their 2024 criminal justice bills in less than two weeks without the typical debate over costs, said Sarah Omojola, director of the Louisiana office of the Vera Institute of Justice, a nonprofit focused on criminal justice reform.
“These rollbacks were very partisan and not supported by research, data or even fiscally sound policy,” Omojola said. “They just approved the bills before the legislative staff even computed what the full expenses were.”
A Landry spokesperson did not respond to requests for comment.
Rep. Debbie Villio, a Republican from Kenner who sponsored the 2024 bills that eliminated parole and significantly reduced the ability of prisoners to reduce their sentences through good behavior, did not respond to a request for comment.
“It is my position that this legislation will not ramp up prison population and costs,” Villio texted the Times-Picayune at the time the bills were passed.
An older, sicker prison population
The need for additional healthcare funds is yet another indicator of the costs associated with Landry’s changes to the state’s sentencing laws, said Bruce Reilly, deputy director of Voice of the Experienced, a New Orleans nonprofit that advocates for the rights of incarcerated people. Without the benefit of parole or the ability to reduce their sentences through good behavior, inmates will spend more time behind bars. That extra time will create an older and sicker population, Reilly said.
The number of older prisoners was already on the rise prior to Landry due, in part, to lengthy sentences secured in the 1980s to 2000s by previous New Orleans district attorneys.
Landry has asked for an increase of $14.3 million to pay for medical care in prisons for the next fiscal year, which begins in July. The administration is also asking for an additional $33 million for the current fiscal year to pay for medical care, overtime and supplies.

A 2024 investigation by Verite News and ProPublica detailed allegations of unconstitutional medical care provided to inmates being held in Angola’s medical ward. Austin, the corrections expert, said that a medical system that for decades has struggled to care for its most vulnerable will “only worsen” under the strain of a rapidly expanding and aging population.
In March, a federal appeals court threw out a lower-court order to have a court-appointed team oversee medical care at Angola, calling the proposed remedy “micromanagement” that violated the federal Prison Litigation Reform Act. The case has been sent back to the lower court.
For years, as both attorney general and governor, Landry has defended Angola’s healthcare system, claiming that inmates are entitled to only “adequate” medical care — not specialized care or the best care possible.
The legislature proposed two healthcare bills this year that would reduce medical costs. One that would restore medical parole and medical furlough as exceptions to the elimination of parole recently passed. Another, which would expand the time an inmate can be released into hospice, is still being considered.
Current law allows prison officials to release terminally ill prisoners two months prior to their expected death, which is the shortest hospice-release window in the country, according to Families Against Mandatory Minimums, a nonprofit focused on criminal justice reform. The proposed bill would double that time to four months, which would still be the shortest by a wide margin. Alabama, South Carolina and Tennessee have the next shortest window, at six months.
“These people are on their death bed. Some of these people don’t even realize they’re in prison,” said corrections secretary Gary Westcott at a March hearing on the proposed bill. And the costs associated with caring for these inmates can be extraordinarily high, Westcott said.
“We’re talking about changing diapers, feeding them. Most of them cannot do anything on their own,” he said, noting that once they are transferred to a hospital, those costs are picked up by Medicaid.
This article first appeared on Verite News New Orleans and is republished here under a Creative Commons Attribution-NoDerivatives 4.0 International License.",https://lailluminator.com/wp-content/uploads/2025/05/IMG_4671-2048x1365-2-1024x683.jpg,,,2026-05-23 06:57:20.690999
,The Texas Tribune,2026-05-23 10:00:00+00:00,The Texas Tribune,"House Democratic runoff heats up in the Rio Grande Valley, where the party hopes to reverse GOP gains",Alejandro Serrano,,,,,https://feeds.texastribune.org/link/16799/17346909/texas-house-district-41-primary-runoffs-salinas-haddad,"Texas House District 41 was opened by the retirement of Rep. Bobby Guerra, a Democrat. Donald Trump carried the district with 50.3% of the vote in 2024.","Top row, from left: Democrats Victor ""Seby"" Haddad and Julio Salinas. Bottom row: Republicans Gary Groves and Sergio Sanchez. The four are vying in their respective parties' runoffs for Texas state House District 41. HD-41 is in the Rio Grande Valley and includes much of McAllen and some of Edinburg.",,,,2026-05-23 06:57:20.690999
,The Texas Tribune,2026-05-23 10:00:00+00:00,The Texas Tribune,"Rallies, ad blitzes and a Trump endorsement: inside the final days of the Cornyn-Paxton runoff",By Gabby Birenbaum,,,,,https://feeds.texastribune.org/link/16799/17346910/texas-us-senate-gop-runoff-john-cornyn-ken-paxton-final-week-closing-arguments-trump,"Nearly 14 months and $135 million later, Texas’ blockbuster Republican Senate primary will finally be decided Tuesday.","From left: U.S. Sen. John Cornyn speaks to supporters in Corpus Christi on May 22, 2026. Texas Attorney General Paxton attends a rally in San Antonio on May 21, 2026.",,,,2026-05-23 06:57:20.690999
,Maryland Matters,2026-05-23 09:18:12+00:00,Maryland Matters,"Biden’s back, Buckel’s upset, Moore signs a baseball — or a crystal ball? — in notes","Bryan P. Sears, Danielle J. Brown, William J. Ford",,,,,https://marylandmatters.org/2026/05/23/bidens-back-buckels-upset-moore-signs-a-baseball-or-a-crystal-ball-in-notes/,"In political notes, Joe Biden is back to keynote for Maryland Democrats, House Minority Leader Jason Buckel (R-Allegany)is upset that people outside District 1B are donating to his challenger, and Gov. Wes Moore will find out, if you sign it, will they vote?","Gov. Wes Moore (D) signs a baseball for Kathy Murphy, manager of the Westernport Branch of the Allegany County Library, who said she had only one other politician sign a baseball for her -- Bill Clinton -- and he became president. (Photo Bryan P. Sears/Maryland Matters) Forget prediction markets. 
When it comes to Wes Moore’s chances of becoming president (he insists he’s not running), Kathy Murphy may have the inside track. 
Murphy, manager of the Westernport Branch of the Allegany Library System, has a so-far — it’s a sample of one — can’t lose system: Signed baseballs. We’ll explain.
Moore encountered Murphy during a visit Friday to the temporary space that serves as the library branch after a 2025 flood damaged the former site just down the street. 
Murphy produced the baseball and a pen and asked Moore for a favor. 
“The last person I had sign a baseball for me became president,” Murphy said as she held out the ball and asked for his autograph. 
Moore obliged but noted perhaps she should sign the ball instead. He insists he is not running for president in 2028. 
“Don’t forget ‘governor,'”Murphy reminded Moore to ensure he included his title. 
“You’ll have to remember to come back and add ‘president,’” she said. 
Murphy, speaking to a reporter after, fessed up to the identity of her other presidential autograph: Bill Clinton. 
Take that, prediction markets. 
Buckel bucks Trone’s big bucks
House Minority Leader Jason C. Buckel (R-Allegany) bemoans what he sees as “growing outside influence” in his District 1B race, claiming that former U.S. Rep. David Trone has “heavily funded” Rhiannon Brown, the Democrat candidate running the Allegany County district.
House Minority Leader Jason Buckel (R- Allegany) during a floor session on March 17, 2026. (Photo by Christine Condon/ Maryland Matters)
“Western Maryland deserves representatives who understand our communities, our values, and the challenges facing working families here at home,” said Buckel said in the written statement Thursday. “The left-wing politics being imported into this race by David Trone, [Gov.] Wes Moore, and their political allies do not reflect Cumberland, Allegany County, or Western Maryland.”
Buckel neglects to mention that little of the $148,305 he has raised, according to campaign finance reports filed this week, came from “Cumberland, Allegany County or Western Maryland,” but from all over the state and country.
Brown, the owner of Queen City Scoop Shop in Cumberland, has raised a total of $8,253.10, which includes a $6,000 donation earlier this month from Trone, who is running for the congressional 6th District seat that includes Allegany County. Brown also got $967.27 last month from U.S. Rep. April McClain Delaney (D-6th), whom Trone is trying to unseat.
Trone, the millionaire founder of Total Wine, has thrown over $300,000 of mostly his own money, into in-state campaigns this election cycle. McClain Delaney has given more than $50,000 of her own and her campaign’s money to state and local candidates.
Trone had a blunt replay to Buckel’s claim that Trone is “heavily funding” Brown. “Damn right I’m fighting to send a MAGA Republican packing,” Trone said in a written statement Thursday.
Neither Brown nor Buckel has primary opponents, meaning they will meet in the general election.
Joe? Is that you?
One day after the Democratic National Committee released its “autopsy report” on the 2024 loss of former Vice President Kamala Harris (D) to President Donald Trump (R), the Maryland Democratic Party said Friday that Harris’ former boss is coming to the state next month.



Need to get in touch?
Have a news tip?


CONTACT US



	Former President Joe Biden, who stepped back from his own bid to make way for Harris in 2024, will be the keynote speaker at the state party’s “Fight Back & Win Gala” on June 27 at Maryland Live! in Anne Arundel County.
“I’ve always believed that democracy isn’t a spectator sport, and the men and women of the Maryland Democratic Party are doing the work that matters,” Biden said in a statement. ‘Knocking on doors, making phone calls, and putting in the time nobody sees but everyone benefits from. It’s going to be a special night, and I’m honored to spend it with the folks who are fighting to move Maryland – and this country – forward.”
The state party framed the event as a response to the current political climate in Washington, D.C., and as a boost for Democratic nominees who won their June 23 primaries for local, state and federal offices. Price of admission to the gala, which will follow a daylong summit on topics such as lobbying and advocacy, building a coalition and connecting with diverse communities, starts at $100 and runs to $10,000 for a top-tier table.
Statements from Gov. Wes Moore and state Party Chair Steuart Pittman credited Biden’s one term in office with helping almost 250,000 Marylanders get health insurance through the Affordable Care Act, cancel $3.6 billion in student loan debt for about 57,000 people in the state and land $2.8 billion in private sector investment.
“Those results in Maryland don’t happen without President Biden, and we couldn’t be more thrilled to welcome him as our keynote speaker,” Pittman said.
The DNC’s 192-page “autopsy” of the 2024 campaign was criticized by many in the party, which tried to distance itself from many of the findings. Among them, that voter “registration is a priority for Republicans, and it must again be so for Democrats,” and that Biden’s White House “did not position or prepare” Harris when Biden stepped aside and she became the party’s presidential nominee.
“Had the White House explored and evaluated ways to leverage Kamala Harris earlier in the administration, perhaps it would have improved the President’s standing, and it certainly could have helped prepare her to lead the ticket,” the report said.
SUBSCRIBE: GET THE MORNING HEADLINES DELIVERED TO YOUR INBOX.",https://marylandmatters.org/wp-content/uploads/2026/05/IMG_3113-1024x683.jpeg,,,2026-05-23 05:57:38.098746
